order_id,user_id,product_id,rating,rated_at
O000003,U471,100,4,2025-10-01 07:20:00
O000006,U046,49,4,2025-10-01 08:47:00
O000005,U247,2,4,2025-10-01 08:57:00
O000002,U238,8,3,2025-10-01 08:58:00
O000019,U453,10,4,2025-10-01 09:03:00
O000011,U445,101,4,2025-10-01 09:09:00
O000020,U286,32,4,2025-10-01 09:17:00
O000007,U149,2,3,2025-10-01 09:49:00
O000020,U286,102,5,2025-10-01 10:02:00
O000013,U072,101,4,2025-10-01 10:10:00
O000025,U055,5,3,2025-10-01 10:23:00
O000024,U213,48,3,2025-10-01 10:39:00
O000015,U324,56,4,2025-10-01 10:41:00
O000011,U445,73,4,2025-10-01 10:43:00
O000032,U037,45,3,2025-10-01 10:53:00
O000029,U023,33,4,2025-10-01 11:01:00
O000020,U286,37,5,2025-10-01 11:19:00
O000041,U178,94,3,2025-10-01 11:58:00
O000038,U278,89,3,2025-10-01 12:08:00
O000029,U023,28,3,2025-10-01 12:37:00
O000049,U328,10,3,2025-10-01 13:37:00
O000044,U242,54,5,2025-10-01 13:49:00
O000048,U324,72,5,2025-10-01 13:52:00
O000045,U229,68,5,2025-10-01 14:05:00
O000060,U289,100,4,2025-10-01 14:27:00
O000061,U301,23,5,2025-10-01 14:34:00
O000063,U495,101,3,2025-10-01 15:26:00
O000060,U289,13,3,2025-10-01 15:28:00
O000056,U466,22,5,2025-10-01 15:35:00
O000059,U089,98,4,2025-10-01 15:48:00
O000053,U289,1,4,2025-10-01 15:56:00
O000059,U089,16,4,2025-10-01 16:09:00
O000064,U312,15,4,2025-10-01 16:35:00
O000054,U183,82,5,2025-10-01 16:38:00
O000055,U351,11,4,2025-10-01 16:51:00
O000075,U471,63,5,2025-10-01 16:51:00
O000065,U168,37,4,2025-10-01 17:34:00
O000064,U312,19,5,2025-10-01 17:35:00
O000072,U165,73,4,2025-10-01 17:59:00
O000067,U192,79,4,2025-10-01 18:06:00
O000082,U377,58,5,2025-10-01 18:12:00
O000073,U064,94,3,2025-10-01 18:39:00
O000086,U356,41,4,2025-10-01 18:47:00
O000073,U064,9,3,2025-10-01 18:56:00
O000082,U377,17,3,2025-10-01 18:56:00
O000084,U064,6,4,2025-10-01 19:20:00
O000077,U420,41,4,2025-10-01 19:20:00
O000098,U292,102,5,2025-10-01 19:53:00
O000089,U494,15,5,2025-10-01 20:13:00
O000092,U254,7,4,2025-10-01 20:20:00
O000099,U299,6,5,2025-10-01 20:32:00
O000101,U049,84,3,2025-10-01 21:20:00
O000108,U354,91,2,2025-10-01 23:39:00
O000109,U018,95,4,2025-10-01 23:52:00
O000106,U026,91,4,2025-10-02 00:17:00
O000108,U354,102,5,2025-10-02 00:30:00
O000111,U273,7,5,2025-10-02 08:06:00
O000129,U034,16,3,2025-10-02 08:46:00
O000134,U479,4,2,2025-10-02 08:47:00
O000110,U429,1,5,2025-10-02 08:58:00
O000135,U286,42,4,2025-10-02 09:07:00
O000132,U455,98,4,2025-10-02 09:15:00
O000118,U238,1,3,2025-10-02 09:26:00
O000140,U104,34,3,2025-10-02 09:27:00
O000121,U086,22,4,2025-10-02 09:38:00
O000121,U086,101,3,2025-10-02 09:41:00
O000113,U086,17,3,2025-10-02 09:46:00
O000117,U352,101,5,2025-10-02 09:58:00
O000139,U483,76,3,2025-10-02 10:02:00
O000119,U234,13,2,2025-10-02 10:14:00
O000117,U352,1,5,2025-10-02 10:17:00
O000125,U043,27,5,2025-10-02 10:19:00
O000132,U455,16,4,2025-10-02 10:51:00
O000132,U455,13,4,2025-10-02 10:54:00
O000153,U169,32,3,2025-10-02 11:14:00
O000142,U221,69,4,2025-10-02 11:24:00
O000144,U466,19,5,2025-10-02 11:25:00
O000158,U055,13,3,2025-10-02 13:00:00
O000154,U061,100,4,2025-10-02 13:17:00
O000159,U226,81,2,2025-10-02 13:38:00
O000157,U464,32,5,2025-10-02 13:39:00
O000161,U294,9,2,2025-10-02 14:11:00
O000164,U275,16,3,2025-10-02 14:19:00
O000168,U409,4,2,2025-10-02 14:45:00
O000178,U186,100,4,2025-10-02 15:27:00
O000168,U409,99,4,2025-10-02 15:33:00
O000168,U409,14,3,2025-10-02 16:01:00
O000181,U438,53,3,2025-10-02 16:10:00
O000173,U435,92,3,2025-10-02 16:11:00
O000182,U221,76,4,2025-10-02 16:20:00
O000179,U071,102,4,2025-10-02 16:38:00
O000171,U111,36,3,2025-10-02 16:43:00
O000175,U489,100,2,2025-10-02 17:09:00
O000181,U438,83,3,2025-10-02 17:11:00
O000180,U176,43,3,2025-10-02 17:16:00
O000173,U435,43,4,2025-10-02 17:26:00
O000177,U003,70,3,2025-10-02 17:27:00
O000176,U245,15,2,2025-10-02 17:42:00
O000178,U186,90,3,2025-10-02 17:56:00
O000191,U035,97,3,2025-10-02 18:02:00
O000192,U111,89,3,2025-10-02 18:16:00
O000191,U035,39,5,2025-10-02 18:16:00
O000184,U333,26,4,2025-10-02 18:17:00
O000196,U095,100,4,2025-10-02 18:29:00
O000198,U286,49,5,2025-10-02 18:55:00
O000196,U095,27,4,2025-10-02 20:11:00
O000205,U383,71,3,2025-10-02 20:41:00
O000204,U159,43,4,2025-10-02 20:52:00
O000205,U383,100,3,2025-10-02 21:18:00
O000206,U446,48,5,2025-10-02 21:21:00
O000208,U350,100,3,2025-10-02 21:38:00
O000209,U347,18,5,2025-10-02 22:20:00
O000210,U116,13,4,2025-10-02 23:19:00
O000213,U422,87,3,2025-10-02 23:48:00
O000221,U377,44,3,2025-10-03 07:52:00
O000218,U120,53,2,2025-10-03 08:00:00
O000217,U089,82,3,2025-10-03 08:18:00
O000215,U041,75,4,2025-10-03 08:31:00
O000221,U377,34,3,2025-10-03 09:01:00
O000227,U479,2,4,2025-10-03 09:22:00
O000224,U117,18,5,2025-10-03 09:40:00
O000229,U165,101,4,2025-10-03 09:45:00
O000232,U122,30,3,2025-10-03 10:02:00
O000221,U377,17,4,2025-10-03 10:15:00
O000234,U093,45,4,2025-10-03 10:42:00
O000230,U273,5,4,2025-10-03 11:02:00
O000231,U064,6,5,2025-10-03 11:07:00
O000226,U016,37,3,2025-10-03 11:34:00
O000238,U102,101,4,2025-10-03 12:16:00
O000234,U093,100,4,2025-10-03 12:33:00
O000244,U275,13,4,2025-10-03 13:00:00
O000240,U212,16,4,2025-10-03 13:05:00
O000237,U411,102,5,2025-10-03 13:33:00
O000247,U275,101,3,2025-10-03 13:56:00
O000247,U275,1,4,2025-10-03 14:03:00
O000245,U322,23,4,2025-10-03 14:05:00
O000256,U298,2,5,2025-10-03 14:33:00
O000245,U322,32,3,2025-10-03 14:39:00
O000264,U247,45,2,2025-10-03 15:55:00
O000258,U274,50,4,2025-10-03 16:16:00
O000270,U071,85,4,2025-10-03 17:16:00
O000275,U202,81,2,2025-10-03 17:20:00
O000262,U056,100,3,2025-10-03 17:27:00
O000266,U443,95,3,2025-10-03 17:33:00
O000286,U466,19,5,2025-10-03 17:46:00
O000265,U111,77,5,2025-10-03 18:16:00
O000285,U043,37,3,2025-10-03 18:21:00
O000273,U412,100,4,2025-10-03 18:40:00
O000284,U479,5,5,2025-10-03 18:54:00
O000292,U070,99,3,2025-10-03 19:03:00
O000294,U064,83,3,2025-10-03 19:22:00
O000297,U379,47,3,2025-10-03 19:42:00
O000300,U041,74,4,2025-10-03 20:08:00
O000298,U494,73,4,2025-10-03 20:11:00
O000299,U434,95,5,2025-10-03 20:26:00
O000289,U017,37,3,2025-10-03 20:36:00
O000292,U070,78,3,2025-10-03 21:02:00
O000302,U443,80,3,2025-10-03 21:25:00
O000294,U064,9,4,2025-10-03 21:31:00
O000295,U242,56,4,2025-10-03 21:50:00
O000296,U333,39,3,2025-10-03 22:01:00
O000297,U379,74,4,2025-10-03 22:21:00
O000309,U137,101,4,2025-10-04 06:26:00
O000309,U137,7,5,2025-10-04 06:37:00
O000315,U035,39,4,2025-10-04 09:40:00
O000316,U274,64,3,2025-10-04 10:22:00
O000315,U035,99,3,2025-10-04 10:57:00
O000324,U436,10,5,2025-10-04 10:57:00
O000327,U457,96,4,2025-10-04 11:48:00
O000330,U207,73,3,2025-10-04 11:49:00
O000315,U035,41,5,2025-10-04 12:13:00
O000335,U286,42,4,2025-10-04 12:14:00
O000322,U275,60,4,2025-10-04 12:17:00
O000334,U493,19,4,2025-10-04 12:21:00
O000325,U351,22,4,2025-10-04 12:58:00
O000329,U402,3,4,2025-10-04 13:02:00
O000330,U207,63,3,2025-10-04 13:19:00
O000335,U286,100,4,2025-10-04 13:53:00
O000337,U198,100,4,2025-10-04 14:03:00
O000344,U121,71,3,2025-10-04 14:13:00
O000338,U175,82,4,2025-10-04 15:19:00
O000348,U138,50,2,2025-10-04 15:23:00
O000349,U169,28,4,2025-10-04 15:50:00
O000347,U287,51,3,2025-10-04 16:43:00
O000371,U208,14,2,2025-10-04 17:46:00
O000357,U291,78,5,2025-10-04 17:58:00
O000374,U340,100,3,2025-10-04 18:22:00
O000372,U216,79,5,2025-10-04 18:24:00
O000379,U216,81,4,2025-10-04 18:25:00
O000365,U166,58,5,2025-10-04 18:27:00
O000377,U254,68,4,2025-10-04 18:33:00
O000362,U106,95,4,2025-10-04 18:59:00
O000375,U171,74,4,2025-10-04 19:00:00
O000363,U452,102,4,2025-10-04 19:04:00
O000369,U465,40,3,2025-10-04 20:04:00
O000370,U118,33,3,2025-10-04 20:10:00
O000376,U427,74,3,2025-10-04 20:16:00
O000388,U029,54,5,2025-10-04 20:31:00
O000385,U328,101,4,2025-10-04 20:35:00
O000388,U029,98,3,2025-10-04 20:54:00
O000378,U018,40,5,2025-10-04 20:59:00
O000383,U402,64,4,2025-10-04 21:25:00
O000395,U178,27,5,2025-10-04 22:05:00
O000392,U457,14,3,2025-10-04 22:32:00
O000396,U178,94,2,2025-10-04 23:45:00
O000397,U479,70,3,2025-10-05 08:06:00
O000403,U127,90,3,2025-10-05 09:51:00
O000399,U277,14,5,2025-10-05 09:55:00
O000399,U277,101,4,2025-10-05 10:13:00
O000410,U469,12,4,2025-10-05 10:17:00
O000405,U392,101,3,2025-10-05 10:46:00
O000417,U362,3,3,2025-10-05 11:31:00
O000418,U324,30,3,2025-10-05 11:33:00
O000405,U392,7,4,2025-10-05 11:35:00
O000405,U392,5,3,2025-10-05 11:42:00
O000411,U244,26,4,2025-10-05 12:38:00
O000423,U176,43,3,2025-10-05 12:42:00
O000419,U382,101,4,2025-10-05 12:49:00
O000422,U017,101,4,2025-10-05 13:27:00
O000431,U395,62,2,2025-10-05 14:46:00
O000430,U009,86,2,2025-10-05 14:53:00
O000439,U141,83,5,2025-10-05 16:06:00
O000435,U111,77,4,2025-10-05 16:45:00
O000435,U111,69,3,2025-10-05 17:06:00
O000440,U026,59,4,2025-10-05 17:22:00
O000441,U276,28,4,2025-10-05 17:25:00
O000442,U455,15,5,2025-10-05 17:28:00
O000449,U191,102,4,2025-10-05 17:47:00
O000452,U379,54,4,2025-10-05 17:53:00
O000465,U435,38,3,2025-10-05 18:39:00
O000442,U455,5,2,2025-10-05 18:43:00
O000450,U316,101,4,2025-10-05 18:56:00
O000465,U435,100,4,2025-10-05 19:05:00
O000464,U319,4,3,2025-10-05 19:17:00
O000463,U237,47,3,2025-10-05 19:18:00
O000450,U316,46,3,2025-10-05 19:21:00
O000468,U138,65,4,2025-10-05 19:35:00
O000471,U196,27,5,2025-10-05 19:38:00
O000475,U020,64,4,2025-10-05 20:03:00
O000481,U227,37,5,2025-10-05 21:07:00
O000485,U227,71,3,2025-10-05 21:59:00
O000476,U482,27,3,2025-10-05 22:16:00
O000483,U212,19,5,2025-10-05 22:16:00
O000484,U201,12,4,2025-10-05 22:17:00
O000480,U464,102,3,2025-10-05 23:15:00
O000486,U138,65,4,2025-10-05 23:51:00
O000495,U148,83,5,2025-10-06 08:01:00
O000491,U130,4,2,2025-10-06 08:40:00
O000493,U324,72,3,2025-10-06 10:07:00
O000513,U440,26,3,2025-10-06 10:12:00
O000499,U299,102,4,2025-10-06 10:13:00
O000507,U056,100,3,2025-10-06 10:18:00
O000513,U440,6,4,2025-10-06 10:19:00
O000500,U352,99,5,2025-10-06 10:57:00
O000497,U463,89,3,2025-10-06 11:05:00
O000507,U056,81,1,2025-10-06 11:15:00
O000501,U098,54,2,2025-10-06 11:17:00
O000511,U104,98,3,2025-10-06 11:45:00
O000509,U277,100,2,2025-10-06 12:16:00
O000515,U404,101,3,2025-10-06 12:21:00
O000522,U317,92,3,2025-10-06 13:02:00
O000524,U491,101,4,2025-10-06 14:34:00
O000539,U277,15,4,2025-10-06 15:20:00
O000529,U332,8,1,2025-10-06 15:27:00
O000530,U259,39,3,2025-10-06 15:36:00
O000527,U059,26,5,2025-10-06 15:43:00
O000531,U016,44,3,2025-10-06 16:20:00
O000549,U148,84,5,2025-10-06 16:34:00
O000544,U220,50,3,2025-10-06 16:47:00
O000552,U470,6,4,2025-10-06 16:50:00
O000541,U095,54,3,2025-10-06 16:58:00
O000538,U215,98,2,2025-10-06 17:13:00
O000554,U041,74,4,2025-10-06 17:35:00
O000548,U238,101,4,2025-10-06 17:43:00
O000558,U077,98,5,2025-10-06 17:52:00
O000551,U455,74,3,2025-10-06 18:35:00
O000564,U056,69,3,2025-10-06 20:01:00
O000574,U060,36,5,2025-10-06 20:51:00
O000570,U436,56,4,2025-10-06 20:55:00
O000567,U248,98,3,2025-10-06 21:03:00
O000571,U212,19,4,2025-10-06 21:14:00
O000577,U207,59,3,2025-10-06 22:55:00
O000574,U060,100,5,2025-10-06 23:03:00
O000583,U216,79,4,2025-10-06 23:12:00
O000580,U135,52,3,2025-10-06 23:53:00
O000583,U216,100,2,2025-10-07 00:34:00
O000584,U131,36,5,2025-10-07 07:57:00
O000593,U298,11,3,2025-10-07 08:23:00
O000586,U108,7,3,2025-10-07 08:52:00
O000604,U151,26,3,2025-10-07 09:24:00
O000598,U469,101,4,2025-10-07 09:36:00
O000588,U094,71,2,2025-10-07 10:00:00
O000590,U150,95,3,2025-10-07 10:04:00
O000605,U121,73,3,2025-10-07 10:10:00
O000594,U136,101,3,2025-10-07 10:14:00
O000606,U362,33,3,2025-10-07 10:39:00
O000603,U463,46,3,2025-10-07 11:05:00
O000600,U211,98,4,2025-10-07 11:24:00
O000612,U385,6,5,2025-10-07 11:53:00
O000612,U385,7,4,2025-10-07 13:01:00
O000611,U086,61,2,2025-10-07 13:11:00
O000623,U259,69,3,2025-10-07 14:25:00
O000616,U149,6,5,2025-10-07 14:30:00
O000631,U446,43,3,2025-10-07 14:37:00
O000628,U354,60,3,2025-10-07 14:48:00
O000617,U491,93,3,2025-10-07 15:05:00
O000632,U033,100,4,2025-10-07 15:05:00
O000625,U242,58,4,2025-10-07 15:40:00
O000640,U455,5,3,2025-10-07 15:41:00
O000639,U351,71,5,2025-10-07 16:09:00
O000627,U467,89,4,2025-10-07 16:12:00
O000641,U138,35,2,2025-10-07 16:44:00
O000648,U102,102,4,2025-10-07 16:49:00
O000646,U419,100,4,2025-10-07 17:11:00
O000636,U350,22,4,2025-10-07 17:16:00
O000649,U186,79,4,2025-10-07 17:26:00
O000645,U453,34,4,2025-10-07 17:32:00
O000657,U076,34,3,2025-10-07 17:50:00
O000653,U399,85,3,2025-10-07 18:04:00
O000655,U440,98,4,2025-10-07 18:09:00
O000663,U066,5,3,2025-10-07 18:25:00
O000651,U458,60,4,2025-10-07 18:30:00
O000661,U132,9,4,2025-10-07 18:40:00
O000657,U076,53,5,2025-10-07 18:41:00
O000660,U479,101,4,2025-10-07 18:51:00
O000672,U446,102,5,2025-10-07 19:04:00
O000675,U453,10,3,2025-10-07 20:42:00
O000682,U020,98,3,2025-10-07 20:51:00
O000673,U455,5,3,2025-10-07 20:51:00
O000680,U411,36,5,2025-10-07 21:15:00
O000672,U446,95,4,2025-10-07 21:18:00
O000679,U061,28,4,2025-10-07 22:53:00
O000687,U317,48,3,2025-10-07 23:43:00
O000697,U466,100,3,2025-10-08 08:06:00
O000690,U278,33,4,2025-10-08 08:25:00
O000695,U036,9,4,2025-10-08 08:42:00
O000694,U324,72,4,2025-10-08 08:44:00
O000700,U109,6,5,2025-10-08 08:53:00
O000703,U089,39,3,2025-10-08 09:13:00
O000698,U035,79,3,2025-10-08 09:16:00
O000706,U122,69,3,2025-10-08 09:28:00
O000700,U109,93,3,2025-10-08 09:36:00
O000710,U093,83,5,2025-10-08 09:47:00
O000715,U310,83,5,2025-10-08 09:48:00
O000705,U247,100,3,2025-10-08 10:08:00
O000720,U410,63,3,2025-10-08 10:13:00
O000697,U466,13,4,2025-10-08 10:14:00
O000714,U166,62,4,2025-10-08 10:15:00
O000708,U299,6,5,2025-10-08 10:56:00
O000700,U109,101,4,2025-10-08 11:06:00
O000716,U451,101,4,2025-10-08 11:07:00
O000709,U001,101,5,2025-10-08 11:20:00
O000725,U198,54,5,2025-10-08 12:25:00
O000726,U350,22,4,2025-10-08 12:56:00
O000734,U165,89,4,2025-10-08 13:13:00
O000738,U273,8,3,2025-10-08 13:41:00
O000729,U328,6,5,2025-10-08 13:54:00
O000742,U427,83,3,2025-10-08 14:20:00
O000740,U471,84,3,2025-10-08 14:25:00
O000735,U242,100,4,2025-10-08 14:50:00
O000739,U116,101,4,2025-10-08 15:08:00
O000739,U116,43,4,2025-10-08 15:36:00
O000745,U036,76,2,2025-10-08 15:44:00
O000749,U278,72,2,2025-10-08 15:59:00
O000741,U482,28,4,2025-10-08 16:00:00
O000750,U322,84,5,2025-10-08 16:01:00
O000760,U324,72,3,2025-10-08 16:02:00
O000741,U482,27,3,2025-10-08 16:24:00
O000754,U433,76,3,2025-10-08 16:34:00
O000744,U438,50,4,2025-10-08 17:10:00
O000757,U084,9,4,2025-10-08 17:10:00
O000771,U377,34,4,2025-10-08 17:33:00
O000772,U106,48,3,2025-10-08 17:36:00
O000770,U144,96,4,2025-10-08 17:40:00
O000753,U454,79,3,2025-10-08 17:56:00
O000768,U453,36,3,2025-10-08 18:02:00
O000755,U148,85,5,2025-10-08 18:18:00
O000769,U377,58,3,2025-10-08 18:21:00
O000764,U311,20,4,2025-10-08 18:55:00
O000769,U377,17,4,2025-10-08 18:55:00
O000781,U295,54,2,2025-10-08 19:07:00
O000767,U163,57,5,2025-10-08 19:21:00
O000770,U144,92,5,2025-10-08 19:25:00
O000778,U449,80,4,2025-10-08 19:43:00
O000786,U056,76,4,2025-10-08 19:51:00
O000777,U429,84,3,2025-10-08 20:08:00
O000792,U435,102,3,2025-10-08 20:23:00
O000792,U435,99,3,2025-10-08 20:58:00
O000785,U474,19,4,2025-10-08 21:08:00
O000781,U295,96,3,2025-10-08 21:15:00
O000791,U056,51,1,2025-10-08 22:18:00
O000797,U311,50,3,2025-10-09 00:48:00
O000811,U319,9,4,2025-10-09 08:19:00
O000806,U476,78,4,2025-10-09 08:48:00
O000804,U276,45,2,2025-10-09 08:48:00
O000814,U165,73,4,2025-10-09 09:03:00
O000816,U238,6,4,2025-10-09 09:09:00
O000811,U319,101,3,2025-10-09 09:17:00
O000807,U325,97,3,2025-10-09 09:21:00
O000802,U421,37,5,2025-10-09 09:25:00
O000806,U476,10,3,2025-10-09 09:34:00
O000817,U463,100,5,2025-10-09 09:35:00
O000823,U286,42,5,2025-10-09 09:36:00
O000805,U278,33,4,2025-10-09 09:46:00
O000803,U166,62,4,2025-10-09 09:47:00
O000824,U025,2,4,2025-10-09 09:48:00
O000821,U042,90,3,2025-10-09 10:03:00
O000833,U219,1,4,2025-10-09 10:17:00
O000815,U154,50,4,2025-10-09 10:37:00
O000829,U107,101,3,2025-10-09 10:45:00
O000822,U086,22,4,2025-10-09 10:59:00
O000828,U491,92,5,2025-10-09 11:02:00
O000838,U056,20,3,2025-10-09 11:03:00
O000817,U463,89,3,2025-10-09 11:21:00
O000828,U491,2,4,2025-10-09 11:24:00
O000828,U491,95,2,2025-10-09 11:36:00
O000834,U212,13,4,2025-10-09 11:47:00
O000837,U289,101,4,2025-10-09 11:50:00
O000825,U258,48,3,2025-10-09 11:58:00
O000844,U494,22,3,2025-10-09 12:35:00
O000842,U135,60,2,2025-10-09 12:56:00
O000837,U289,13,4,2025-10-09 13:06:00
O000838,U056,99,3,2025-10-09 13:19:00
O000841,U284,6,3,2025-10-09 13:32:00
O000843,U299,6,5,2025-10-09 13:46:00
O000855,U446,53,3,2025-10-09 14:31:00
O000845,U275,13,4,2025-10-09 14:46:00
O000848,U036,33,2,2025-10-09 15:05:00
O000860,U247,2,5,2025-10-09 15:16:00
O000866,U149,6,5,2025-10-09 15:45:00
O000862,U060,67,1,2025-10-09 15:48:00
O000850,U168,67,3,2025-10-09 15:57:00
O000873,U289,1,3,2025-10-09 16:47:00
O000857,U034,8,3,2025-10-09 16:54:00
O000865,U275,60,4,2025-10-09 17:41:00
O000886,U168,36,4,2025-10-09 17:47:00
O000871,U433,57,3,2025-10-09 18:09:00
O000869,U370,9,4,2025-10-09 18:10:00
O000872,U043,60,3,2025-10-09 18:20:00
O000883,U221,41,4,2025-10-09 18:42:00
O000888,U213,91,4,2025-10-09 19:23:00
O000894,U060,67,4,2025-10-09 19:29:00
O000878,U094,1,3,2025-10-09 19:37:00
O000879,U419,56,4,2025-10-09 19:39:00
O000888,U213,80,4,2025-10-09 19:39:00
O000904,U189,94,4,2025-10-09 20:48:00
O000905,U265,73,3,2025-10-09 20:54:00
O000903,U191,40,4,2025-10-09 21:45:00
O000910,U438,93,4,2025-10-09 22:17:00
O000906,U102,22,4,2025-10-09 23:03:00
O000909,U453,58,3,2025-10-09 23:12:00
O000915,U382,5,3,2025-10-10 08:07:00
O000917,U399,26,2,2025-10-10 08:21:00
O000929,U476,67,4,2025-10-10 08:37:00
O000925,U023,27,4,2025-10-10 08:45:00
O000930,U237,99,4,2025-10-10 09:22:00
O000927,U322,98,4,2025-10-10 09:27:00
O000933,U273,101,3,2025-10-10 09:37:00
O000936,U463,45,2,2025-10-10 09:39:00
O000934,U322,84,3,2025-10-10 09:48:00
O000922,U166,12,5,2025-10-10 10:04:00
O000916,U287,8,4,2025-10-10 10:10:00
O000932,U037,22,3,2025-10-10 10:15:00
O000929,U476,10,3,2025-10-10 10:18:00
O000937,U154,83,3,2025-10-10 10:29:00
O000927,U322,102,4,2025-10-10 10:47:00
O000932,U037,101,3,2025-10-10 10:48:00
O000942,U430,27,5,2025-10-10 10:58:00
O000941,U141,33,4,2025-10-10 11:56:00
O000950,U411,63,4,2025-10-10 12:10:00
O000947,U456,70,4,2025-10-10 12:54:00
O000958,U104,100,3,2025-10-10 14:15:00
O000961,U333,99,5,2025-10-10 14:40:00
O000957,U278,72,4,2025-10-10 14:40:00
O000969,U017,93,4,2025-10-10 14:49:00
O000963,U012,56,3,2025-10-10 14:59:00
O000964,U339,4,4,2025-10-10 15:02:00
O000976,U216,79,3,2025-10-10 15:03:00
O000974,U432,68,4,2025-10-10 15:37:00
O000968,U212,13,3,2025-10-10 16:14:00
O000977,U453,34,5,2025-10-10 16:48:00
O000988,U420,36,5,2025-10-10 17:19:00
O000995,U176,41,3,2025-10-10 17:53:00
O000988,U420,102,4,2025-10-10 18:16:00
O000994,U056,51,3,2025-10-10 18:27:00
O000983,U239,102,5,2025-10-10 18:31:00
O000981,U468,19,4,2025-10-10 18:40:00
O001000,U192,102,4,2025-10-10 20:13:00
O000998,U064,4,5,2025-10-10 20:14:00
O001000,U192,15,4,2025-10-10 20:50:00
O001003,U147,18,2,2025-10-10 21:20:00
O001005,U248,5,2,2025-10-10 21:29:00
O001002,U457,46,4,2025-10-10 21:47:00
O001007,U411,2,4,2025-10-10 22:03:00
O001008,U354,63,4,2025-10-10 22:56:00
O001009,U190,35,3,2025-10-10 23:13:00
O001012,U198,53,5,2025-10-10 23:37:00
O001015,U025,2,4,2025-10-11 07:21:00
O001014,U479,37,3,2025-10-11 08:48:00
O001015,U025,8,4,2025-10-11 08:57:00
O001018,U287,1,4,2025-10-11 10:08:00
O001025,U322,50,4,2025-10-11 10:13:00
O001029,U130,42,2,2025-10-11 11:10:00
O001022,U025,102,4,2025-10-11 11:56:00
O001031,U114,64,3,2025-10-11 12:14:00
O001038,U020,100,4,2025-10-11 12:28:00
O001039,U251,54,2,2025-10-11 12:50:00
O001034,U467,89,4,2025-10-11 13:01:00
O001030,U109,7,5,2025-10-11 13:21:00
O001034,U467,86,4,2025-10-11 13:23:00
O001046,U496,56,3,2025-10-11 13:25:00
O001041,U382,9,3,2025-10-11 13:30:00
O001040,U132,95,4,2025-10-11 13:59:00
O001051,U149,6,5,2025-10-11 15:13:00
O001048,U274,90,3,2025-10-11 15:21:00
O001057,U178,56,2,2025-10-11 15:34:00
O001049,U216,81,5,2025-10-11 16:08:00
O001069,U295,43,3,2025-10-11 16:35:00
O001052,U356,47,3,2025-10-11 17:12:00
O001061,U354,100,4,2025-10-11 17:26:00
O001067,U020,28,4,2025-10-11 17:27:00
O001055,U102,20,4,2025-10-11 17:32:00
O001071,U202,81,2,2025-10-11 17:36:00
O001076,U003,26,4,2025-10-11 17:40:00
O001074,U299,101,5,2025-10-11 17:51:00
O001073,U037,22,3,2025-10-11 17:53:00
O001059,U455,94,4,2025-10-11 18:25:00
O001063,U034,78,4,2025-10-11 18:25:00
O001066,U064,8,5,2025-10-11 18:37:00
O001079,U401,64,3,2025-10-11 18:37:00
O001062,U387,101,1,2025-10-11 18:41:00
O001075,U127,70,2,2025-10-11 18:45:00
O001070,U091,76,5,2025-10-11 18:59:00
O001077,U259,12,4,2025-10-11 19:55:00
O001091,U312,14,4,2025-10-11 21:19:00
O001089,U018,92,4,2025-10-11 21:57:00
O001097,U017,36,3,2025-10-11 22:27:00
O001107,U445,38,3,2025-10-12 10:22:00
O001116,U284,102,4,2025-10-12 11:45:00
O001111,U321,66,2,2025-10-12 11:56:00
O001126,U230,50,5,2025-10-12 12:34:00
O001132,U336,70,5,2025-10-12 12:36:00
O001115,U456,81,5,2025-10-12 12:47:00
O001113,U459,15,2,2025-10-12 12:48:00
O001116,U284,36,3,2025-10-12 12:58:00
O001111,U321,89,4,2025-10-12 13:01:00
O001123,U275,15,4,2025-10-12 13:09:00
O001117,U274,102,4,2025-10-12 13:21:00
O001126,U230,102,4,2025-10-12 13:33:00
O001133,U334,15,4,2025-10-12 13:51:00
O001129,U366,101,4,2025-10-12 14:12:00
O001138,U176,41,2,2025-10-12 14:49:00
O001132,U336,75,4,2025-10-12 14:54:00
O001131,U350,59,5,2025-10-12 15:00:00
O001140,U381,101,4,2025-10-12 15:24:00
O001140,U381,38,4,2025-10-12 15:44:00
O001149,U404,7,3,2025-10-12 15:59:00
O001139,U381,94,4,2025-10-12 16:26:00
O001135,U449,80,3,2025-10-12 16:42:00
O001156,U169,17,3,2025-10-12 16:46:00
O001150,U427,37,3,2025-10-12 16:48:00
O001147,U005,5,4,2025-10-12 16:51:00
O001156,U169,98,4,2025-10-12 17:04:00
O001142,U108,7,3,2025-10-12 17:20:00
O001162,U376,80,4,2025-10-12 17:36:00
O001158,U469,68,3,2025-10-12 17:47:00
O001166,U191,40,4,2025-10-12 18:04:00
O001152,U476,50,3,2025-10-12 18:18:00
O001153,U118,59,4,2025-10-12 18:39:00
O001155,U404,6,3,2025-10-12 18:41:00
O001155,U404,1,5,2025-10-12 18:58:00
O001175,U230,93,4,2025-10-12 19:05:00
O001175,U230,52,4,2025-10-12 19:07:00
O001165,U161,92,3,2025-10-12 19:10:00
O001177,U340,89,4,2025-10-12 19:26:00
O001170,U176,96,3,2025-10-12 20:02:00
O001169,U020,5,2,2025-10-12 20:15:00
O001177,U340,98,4,2025-10-12 20:21:00
O001180,U254,102,2,2025-10-12 20:45:00
O001186,U009,6,4,2025-10-12 21:20:00
O001185,U255,42,3,2025-10-12 22:01:00
O001183,U102,75,2,2025-10-12 22:51:00
O001188,U026,59,4,2025-10-12 23:31:00
O001201,U298,30,5,2025-10-13 07:52:00
O001199,U226,85,3,2025-10-13 08:27:00
O001190,U127,33,3,2025-10-13 08:27:00
O001206,U333,49,3,2025-10-13 09:26:00
O001213,U476,86,4,2025-10-13 10:07:00
O001209,U140,101,4,2025-10-13 10:07:00
O001214,U324,99,5,2025-10-13 10:15:00
O001208,U427,101,3,2025-10-13 10:30:00
O001204,U035,41,4,2025-10-13 10:50:00
O001217,U242,59,3,2025-10-13 11:18:00
O001218,U274,42,5,2025-10-13 12:17:00
O001214,U324,72,2,2025-10-13 12:17:00
O001219,U260,101,4,2025-10-13 13:11:00
O001220,U173,49,5,2025-10-13 14:10:00
O001226,U230,51,4,2025-10-13 14:11:00
O001222,U339,9,5,2025-10-13 14:15:00
O001220,U173,53,5,2025-10-13 14:23:00
O001225,U474,57,3,2025-10-13 14:49:00
O001225,U474,61,4,2025-10-13 15:22:00
O001241,U299,6,5,2025-10-13 15:49:00
O001235,U286,40,5,2025-10-13 15:55:00
O001245,U086,22,4,2025-10-13 16:14:00
O001241,U299,101,4,2025-10-13 16:30:00
O001250,U176,99,3,2025-10-13 16:49:00
O001240,U477,32,5,2025-10-13 17:07:00
O001243,U479,5,3,2025-10-13 17:08:00
O001257,U033,99,4,2025-10-13 17:15:00
O001254,U367,18,3,2025-10-13 17:29:00
O001257,U033,4,3,2025-10-13 17:39:00
O001251,U387,102,3,2025-10-13 18:02:00
O001244,U376,101,5,2025-10-13 18:18:00
O001243,U479,98,5,2025-10-13 18:18:00
O001254,U367,100,4,2025-10-13 18:19:00
O001268,U258,48,3,2025-10-13 18:20:00
O001260,U438,46,4,2025-10-13 18:29:00
O001265,U163,65,4,2025-10-13 18:32:00
O001257,U033,95,3,2025-10-13 18:51:00
O001263,U089,98,4,2025-10-13 18:53:00
O001262,U338,15,5,2025-10-13 18:59:00
O001260,U438,56,5,2025-10-13 19:06:00
O001271,U397,45,3,2025-10-13 19:09:00
O001259,U226,77,3,2025-10-13 19:12:00
O001265,U163,101,4,2025-10-13 19:33:00
O001258,U372,68,4,2025-10-13 19:38:00
O001260,U438,100,4,2025-10-13 19:50:00
O001272,U045,86,5,2025-10-13 19:58:00
O001263,U089,16,4,2025-10-13 20:03:00
O001270,U148,52,4,2025-10-13 20:36:00
O001278,U443,54,2,2025-10-13 20:40:00
O001280,U178,64,4,2025-10-13 20:41:00
O001277,U419,65,3,2025-10-13 20:50:00
O001281,U230,30,4,2025-10-13 20:50:00
O001279,U289,13,4,2025-10-13 21:35:00
O001288,U328,6,5,2025-10-13 22:59:00
O001285,U367,66,5,2025-10-13 23:43:00
O001292,U100,22,3,2025-10-14 07:06:00
O001296,U305,75,5,2025-10-14 07:28:00
O001302,U324,101,5,2025-10-14 08:12:00
O001307,U356,47,3,2025-10-14 08:35:00
O001294,U415,2,4,2025-10-14 08:49:00
O001297,U305,33,3,2025-10-14 08:50:00
O001306,U463,90,3,2025-10-14 09:42:00
O001299,U229,10,3,2025-10-14 09:56:00
O001302,U324,72,4,2025-10-14 10:34:00
O001314,U150,101,4,2025-10-14 10:54:00
O001312,U278,15,3,2025-10-14 11:11:00
O001322,U310,47,4,2025-10-14 11:37:00
O001316,U463,89,3,2025-10-14 12:33:00
O001327,U316,98,4,2025-10-14 13:17:00
O001321,U457,6,3,2025-10-14 13:50:00
O001326,U468,42,2,2025-10-14 14:19:00
O001329,U226,81,2,2025-10-14 14:25:00
O001331,U054,42,3,2025-10-14 14:29:00
O001334,U210,93,4,2025-10-14 14:39:00
O001350,U056,39,3,2025-10-14 15:57:00
O001349,U049,60,4,2025-10-14 16:09:00
O001338,U407,100,4,2025-10-14 16:12:00
O001353,U120,34,5,2025-10-14 16:29:00
O001351,U176,37,4,2025-10-14 16:30:00
O001345,U458,100,5,2025-10-14 16:35:00
O001339,U352,38,3,2025-10-14 16:52:00
O001352,U265,69,3,2025-10-14 16:58:00
O001352,U265,101,3,2025-10-14 17:02:00
O001357,U111,19,3,2025-10-14 17:03:00
O001341,U160,49,4,2025-10-14 17:09:00
O001362,U093,45,4,2025-10-14 17:12:00
O001369,U296,45,2,2025-10-14 18:38:00
O001375,U351,83,1,2025-10-14 18:50:00
O001371,U325,91,4,2025-10-14 19:00:00
O001377,U464,100,4,2025-10-14 19:14:00
O001382,U474,65,4,2025-10-14 19:45:00
O001367,U247,93,5,2025-10-14 19:49:00
O001366,U165,76,2,2025-10-14 20:03:00
O001364,U265,73,2,2025-10-14 20:06:00
O001379,U158,99,4,2025-10-14 20:15:00
O001390,U056,81,2,2025-10-14 21:29:00
O001384,U354,56,4,2025-10-14 22:25:00
O001387,U183,82,5,2025-10-14 22:59:00
O001386,U161,100,3,2025-10-14 23:25:00
O001388,U067,53,4,2025-10-14 23:28:00
O001411,U108,7,3,2025-10-15 09:20:00
O001395,U107,5,3,2025-10-15 09:28:00
O001409,U338,15,4,2025-10-15 09:29:00
O001396,U455,5,3,2025-10-15 10:02:00
O001416,U151,32,4,2025-10-15 10:06:00
O001399,U458,101,4,2025-10-15 10:13:00
O001422,U183,26,3,2025-10-15 10:41:00
O001421,U066,52,2,2025-10-15 11:20:00
O001410,U016,42,4,2025-10-15 11:22:00
O001420,U424,52,2,2025-10-15 11:29:00
O001424,U367,53,5,2025-10-15 11:33:00
O001428,U239,15,5,2025-10-15 11:33:00
O001432,U299,7,4,2025-10-15 11:44:00
O001428,U239,22,2,2025-10-15 11:45:00
O001423,U370,22,3,2025-10-15 12:21:00
O001436,U494,73,3,2025-10-15 13:14:00
O001429,U443,77,4,2025-10-15 13:19:00
O001430,U469,17,5,2025-10-15 13:25:00
O001440,U312,101,3,2025-10-15 13:53:00
O001441,U312,15,5,2025-10-15 13:53:00
O001432,U299,99,4,2025-10-15 14:11:00
O001442,U140,59,4,2025-10-15 14:14:00
O001442,U140,63,3,2025-10-15 15:00:00
O001441,U312,101,4,2025-10-15 15:09:00
O001459,U466,9,3,2025-10-15 15:29:00
O001450,U411,78,4,2025-10-15 16:02:00
O001458,U117,15,5,2025-10-15 16:16:00
O001452,U072,61,4,2025-10-15 16:42:00
O001447,U142,7,4,2025-10-15 16:54:00
O001482,U202,70,3,2025-10-15 17:13:00
O001453,U278,72,3,2025-10-15 17:15:00
O001478,U289,13,3,2025-10-15 17:17:00
O001463,U322,52,3,2025-10-15 17:32:00
O001486,U356,81,2,2025-10-15 17:37:00
O001473,U137,2,4,2025-10-15 17:40:00
O001464,U040,83,4,2025-10-15 17:42:00
O001471,U491,93,2,2025-10-15 17:48:00
O001464,U040,78,3,2025-10-15 17:50:00
O001463,U322,36,4,2025-10-15 17:57:00
O001481,U282,23,3,2025-10-15 18:07:00
O001475,U106,48,3,2025-10-15 18:19:00
O001465,U360,8,5,2025-10-15 18:21:00
O001470,U176,6,2,2025-10-15 18:29:00
O001492,U106,48,3,2025-10-15 18:47:00
O001485,U363,57,4,2025-10-15 19:05:00
O001490,U091,101,4,2025-10-15 19:06:00
O001473,U137,46,3,2025-10-15 19:07:00
O001484,U318,61,3,2025-10-15 19:09:00
O001490,U091,76,4,2025-10-15 19:30:00
O001483,U275,60,3,2025-10-15 19:31:00
O001496,U286,49,5,2025-10-15 19:31:00
O001493,U278,48,4,2025-10-15 20:56:00
O001499,U354,101,3,2025-10-15 21:45:00
O001501,U114,64,3,2025-10-15 22:11:00
O001500,U198,102,4,2025-10-15 22:15:00
O001504,U419,66,4,2025-10-16 08:26:00
O001505,U433,54,3,2025-10-16 08:44:00
O001511,U408,41,4,2025-10-16 08:58:00
O001503,U055,80,3,2025-10-16 09:39:00
O001512,U305,101,3,2025-10-16 10:16:00
O001533,U020,19,3,2025-10-16 10:59:00
O001533,U020,64,3,2025-10-16 11:07:00
O001524,U106,48,4,2025-10-16 11:10:00
O001518,U035,96,3,2025-10-16 11:17:00
O001521,U216,63,4,2025-10-16 11:24:00
O001522,U165,37,5,2025-10-16 11:34:00
O001536,U159,101,5,2025-10-16 11:36:00
O001526,U392,95,4,2025-10-16 12:02:00
O001534,U102,18,4,2025-10-16 12:15:00
O001534,U102,79,4,2025-10-16 12:26:00
O001532,U273,67,2,2025-10-16 12:28:00
O001538,U122,56,4,2025-10-16 12:50:00
O001536,U159,16,5,2025-10-16 12:56:00
O001537,U435,100,4,2025-10-16 13:19:00
O001537,U435,92,3,2025-10-16 13:34:00
O001543,U132,2,5,2025-10-16 14:21:00
O001544,U410,78,3,2025-10-16 14:22:00
O001546,U356,20,3,2025-10-16 14:40:00
O001553,U192,15,3,2025-10-16 15:17:00
O001547,U089,82,3,2025-10-16 15:33:00
O001560,U260,78,3,2025-10-16 15:49:00
O001550,U419,100,4,2025-10-16 16:03:00
O001550,U419,53,4,2025-10-16 16:06:00
O001563,U179,17,3,2025-10-16 16:25:00
O001575,U161,32,3,2025-10-16 16:27:00
O001555,U320,5,4,2025-10-16 16:44:00
O001556,U173,97,3,2025-10-16 16:51:00
O001558,U180,101,5,2025-10-16 16:54:00
O001558,U180,65,4,2025-10-16 16:58:00
O001581,U144,20,4,2025-10-16 17:33:00
O001573,U138,66,4,2025-10-16 17:35:00
O001585,U415,102,4,2025-10-16 17:41:00
O001571,U036,9,3,2025-10-16 17:50:00
O001570,U169,101,4,2025-10-16 18:22:00
O001573,U138,56,5,2025-10-16 18:39:00
O001578,U178,64,4,2025-10-16 18:44:00
O001579,U476,86,4,2025-10-16 18:49:00
O001584,U363,100,4,2025-10-16 19:02:00
O001587,U198,28,4,2025-10-16 19:16:00
O001577,U212,101,4,2025-10-16 19:17:00
O001588,U457,6,4,2025-10-16 19:23:00
O001594,U436,100,4,2025-10-16 20:25:00
O001589,U359,91,5,2025-10-16 20:34:00
O001596,U056,81,3,2025-10-16 20:45:00
O001592,U071,85,4,2025-10-16 21:31:00
O001595,U425,87,4,2025-10-16 22:05:00
O001595,U425,102,5,2025-10-16 22:17:00
O001607,U042,92,4,2025-10-17 08:49:00
O001613,U466,100,5,2025-10-17 09:16:00
O001612,U458,60,4,2025-10-17 09:29:00
O001621,U204,101,4,2025-10-17 09:43:00
O001616,U287,82,2,2025-10-17 09:43:00
O001629,U148,70,5,2025-10-17 09:53:00
O001615,U429,10,3,2025-10-17 10:37:00
O001619,U275,101,5,2025-10-17 10:38:00
O001631,U296,4,4,2025-10-17 10:43:00
O001624,U127,3,3,2025-10-17 11:01:00
O001633,U324,72,3,2025-10-17 11:03:00
O001636,U056,101,3,2025-10-17 11:09:00
O001632,U072,8,4,2025-10-17 11:28:00
O001635,U045,96,3,2025-10-17 11:31:00
O001634,U176,102,2,2025-10-17 11:35:00
O001640,U236,19,4,2025-10-17 11:56:00
O001642,U404,99,3,2025-10-17 12:03:00
O001628,U464,26,3,2025-10-17 12:09:00
O001642,U404,7,4,2025-10-17 12:22:00
O001644,U469,17,3,2025-10-17 12:24:00
O001645,U442,63,4,2025-10-17 12:35:00
O001643,U382,99,3,2025-10-17 12:37:00
O001646,U322,49,4,2025-10-17 12:41:00
O001638,U360,4,5,2025-10-17 12:41:00
O001630,U449,4,4,2025-10-17 12:49:00
O001636,U056,22,2,2025-10-17 13:09:00
O001641,U319,8,4,2025-10-17 13:24:00
O001648,U273,68,1,2025-10-17 13:29:00
O001654,U360,102,5,2025-10-17 13:43:00
O001656,U083,8,4,2025-10-17 13:48:00
O001651,U099,98,3,2025-10-17 14:15:00
O001662,U275,1,4,2025-10-17 14:18:00
O001651,U099,15,4,2025-10-17 14:44:00
O001668,U066,87,3,2025-10-17 14:58:00
O001654,U360,8,5,2025-10-17 15:04:00
O001655,U169,3,4,2025-10-17 15:34:00
O001667,U135,52,3,2025-10-17 15:35:00
O001683,U046,49,4,2025-10-17 16:48:00
O001681,U247,101,4,2025-10-17 16:51:00
O001677,U498,53,3,2025-10-17 16:56:00
O001671,U351,94,3,2025-10-17 17:14:00
O001681,U247,15,3,2025-10-17 17:22:00
O001676,U458,16,5,2025-10-17 17:26:00
O001669,U033,98,3,2025-10-17 17:31:00
O001694,U037,45,5,2025-10-17 17:45:00
O001689,U034,100,3,2025-10-17 17:58:00
O001690,U440,28,4,2025-10-17 18:20:00
O001690,U440,30,4,2025-10-17 18:45:00
O001696,U302,5,3,2025-10-17 19:50:00
O001693,U229,10,4,2025-10-17 20:02:00
O001706,U403,84,5,2025-10-17 20:12:00
O001697,U295,96,4,2025-10-17 20:14:00
O001695,U102,82,3,2025-10-17 20:17:00
O001710,U121,100,3,2025-10-17 21:08:00
O001708,U367,66,5,2025-10-17 22:06:00
O001712,U060,36,5,2025-10-17 22:11:00
O001713,U192,15,4,2025-10-17 23:30:00
O001717,U449,5,5,2025-10-18 07:17:00
O001722,U165,37,4,2025-10-18 07:32:00
O001718,U025,6,4,2025-10-18 07:44:00
O001726,U319,101,5,2025-10-18 08:40:00
O001719,U108,35,4,2025-10-18 09:18:00
O001722,U165,100,4,2025-10-18 10:11:00
O001733,U382,85,3,2025-10-18 10:15:00
O001734,U151,28,3,2025-10-18 10:44:00
O001732,U127,33,2,2025-10-18 10:53:00
O001730,U238,1,4,2025-10-18 11:07:00
O001733,U382,51,2,2025-10-18 11:32:00
O001736,U277,100,4,2025-10-18 11:41:00
O001737,U147,13,3,2025-10-18 11:47:00
O001741,U142,81,4,2025-10-18 11:54:00
O001741,U142,6,4,2025-10-18 12:34:00
O001740,U104,91,2,2025-10-18 12:52:00
O001744,U482,27,4,2025-10-18 13:51:00
O001757,U317,100,4,2025-10-18 15:28:00
O001759,U157,19,5,2025-10-18 15:37:00
O001756,U365,34,3,2025-10-18 15:38:00
O001768,U127,100,3,2025-10-18 16:15:00
O001775,U238,6,4,2025-10-18 16:17:00
O001762,U333,3,4,2025-10-18 16:22:00
O001769,U392,1,5,2025-10-18 16:33:00
O001763,U459,54,4,2025-10-18 16:42:00
O001764,U328,6,5,2025-10-18 16:47:00
O001763,U459,101,3,2025-10-18 16:47:00
O001777,U292,66,3,2025-10-18 16:50:00
O001780,U443,63,3,2025-10-18 17:24:00
O001781,U304,36,2,2025-10-18 17:26:00
O001766,U282,22,3,2025-10-18 18:05:00
O001778,U092,97,3,2025-10-18 18:08:00
O001777,U292,27,3,2025-10-18 18:23:00
O001779,U255,42,4,2025-10-18 18:32:00
O001786,U230,102,3,2025-10-18 19:18:00
O001790,U317,102,5,2025-10-18 19:22:00
O001784,U025,95,3,2025-10-18 19:25:00
O001782,U168,37,4,2025-10-18 19:54:00
O001789,U346,17,4,2025-10-18 19:57:00
O001792,U111,89,4,2025-10-18 20:08:00
O001785,U176,41,4,2025-10-18 20:09:00
O001785,U176,102,5,2025-10-18 20:29:00
O001796,U446,48,5,2025-10-18 20:38:00
O001798,U020,58,2,2025-10-18 20:46:00
O001803,U265,101,4,2025-10-18 22:11:00
O001803,U265,37,3,2025-10-18 22:43:00
O001802,U049,84,3,2025-10-18 23:04:00
O001804,U244,11,4,2025-10-19 07:37:00
O001804,U244,73,4,2025-10-19 07:55:00
O001814,U464,74,4,2025-10-19 10:26:00
O001818,U455,101,4,2025-10-19 10:42:00
O001809,U219,10,3,2025-10-19 10:45:00
O001816,U130,6,4,2025-10-19 10:52:00
O001816,U130,101,5,2025-10-19 11:11:00
O001815,U163,61,4,2025-10-19 11:14:00
O001815,U163,80,3,2025-10-19 11:16:00
O001824,U453,34,4,2025-10-19 12:04:00
O001829,U035,101,4,2025-10-19 12:37:00
O001827,U274,57,3,2025-10-19 12:58:00
O001829,U035,79,1,2025-10-19 13:23:00
O001842,U328,7,3,2025-10-19 14:47:00
O001836,U135,64,3,2025-10-19 14:47:00
O001840,U412,100,5,2025-10-19 15:07:00
O001835,U121,78,2,2025-10-19 15:54:00
O001835,U121,102,4,2025-10-19 16:11:00
O001842,U328,3,3,2025-10-19 16:14:00
O001846,U072,54,3,2025-10-19 16:31:00
O001846,U072,8,4,2025-10-19 16:58:00
O001837,U056,73,2,2025-10-19 17:06:00
O001838,U411,101,4,2025-10-19 17:12:00
O001856,U174,36,3,2025-10-19 17:28:00
O001854,U287,1,5,2025-10-19 17:38:00
O001844,U138,65,4,2025-10-19 17:50:00
O001849,U348,18,5,2025-10-19 17:51:00
O001859,U111,98,4,2025-10-19 17:56:00
O001845,U083,3,2,2025-10-19 17:59:00
O001862,U150,86,2,2025-10-19 18:54:00
O001861,U108,30,3,2025-10-19 18:57:00
O001859,U111,81,4,2025-10-19 19:08:00
O001872,U168,34,3,2025-10-19 19:16:00
O001870,U226,81,2,2025-10-19 20:13:00
O001874,U362,33,3,2025-10-19 20:17:00
O001875,U144,39,5,2025-10-19 20:35:00
O001871,U095,54,4,2025-10-19 20:59:00
O001880,U049,64,3,2025-10-19 21:02:00
O001876,U265,100,3,2025-10-19 21:48:00
O001886,U116,101,3,2025-10-19 22:07:00
O001885,U279,27,3,2025-10-19 22:10:00
O001883,U351,23,2,2025-10-19 22:19:00
O001886,U116,43,3,2025-10-19 23:21:00
O001884,U379,37,4,2025-10-20 00:18:00
O001888,U072,8,3,2025-10-20 07:59:00
O001887,U215,5,3,2025-10-20 08:46:00
O001892,U083,101,4,2025-10-20 08:46:00
O001906,U223,22,4,2025-10-20 09:55:00
O001909,U138,28,2,2025-10-20 10:10:00
O001891,U166,13,3,2025-10-20 10:20:00
O001910,U226,85,3,2025-10-20 10:39:00
O001893,U205,98,4,2025-10-20 10:59:00
O001908,U392,1,3,2025-10-20 11:02:00
O001914,U064,8,5,2025-10-20 11:18:00
O001902,U455,23,4,2025-10-20 11:43:00
O001916,U376,76,5,2025-10-20 12:03:00
O001907,U407,22,5,2025-10-20 12:05:00
O001918,U265,73,3,2025-10-20 12:26:00
O001915,U443,70,4,2025-10-20 13:51:00
O001917,U066,5,3,2025-10-20 14:05:00
O001924,U173,73,4,2025-10-20 14:21:00
O001928,U337,69,4,2025-10-20 14:51:00
O001932,U276,20,3,2025-10-20 16:18:00
O001946,U333,28,4,2025-10-20 16:30:00
O001949,U416,95,4,2025-10-20 16:44:00
O001941,U072,8,4,2025-10-20 16:52:00
O001948,U025,1,4,2025-10-20 16:59:00
O001931,U462,60,4,2025-10-20 17:16:00
O001932,U276,32,3,2025-10-20 17:17:00
O001942,U458,91,5,2025-10-20 18:18:00
O001951,U071,76,2,2025-10-20 18:47:00
O001950,U247,60,3,2025-10-20 19:06:00
O001948,U025,102,4,2025-10-20 19:09:00
O001952,U474,72,4,2025-10-20 19:26:00
O001959,U464,74,4,2025-10-20 19:54:00
O001961,U168,82,5,2025-10-20 20:12:00
O001956,U407,78,3,2025-10-20 20:43:00
O001954,U368,40,4,2025-10-20 21:04:00
O001969,U242,54,4,2025-10-20 22:11:00
O001970,U265,73,3,2025-10-20 23:07:00
O001963,U183,54,3,2025-10-20 23:46:00
O001966,U318,100,3,2025-10-21 00:04:00
O001972,U370,9,2,2025-10-21 07:13:00
O001973,U322,84,3,2025-10-21 07:53:00
O001975,U427,10,3,2025-10-21 08:44:00
O001973,U322,71,4,2025-10-21 09:10:00
O001986,U439,47,3,2025-10-21 09:15:00
O001996,U333,28,5,2025-10-21 09:24:00
O001994,U407,26,3,2025-10-21 09:32:00
O001994,U407,22,5,2025-10-21 09:35:00
O001982,U407,22,5,2025-10-21 09:35:00
O001987,U377,90,4,2025-10-21 09:51:00
O001979,U247,2,4,2025-10-21 10:06:00
O001974,U286,38,5,2025-10-21 10:11:00
O001998,U306,13,4,2025-10-21 10:18:00
O001994,U407,57,2,2025-10-21 10:19:00
O002000,U275,98,4,2025-10-21 10:44:00
O002008,U379,48,3,2025-10-21 10:58:00
O001998,U306,63,5,2025-10-21 11:30:00
O002012,U308,13,3,2025-10-21 11:51:00
O001991,U463,98,5,2025-10-21 11:51:00
O001993,U035,39,3,2025-10-21 11:57:00
O002009,U095,61,3,2025-10-21 12:01:00
O002014,U427,91,4,2025-10-21 12:04:00
O002011,U248,102,4,2025-10-21 12:58:00
O002011,U248,45,4,2025-10-21 13:24:00
O002018,U149,86,1,2025-10-21 13:59:00
O002015,U451,98,4,2025-10-21 14:21:00
O002021,U164,8,4,2025-10-21 14:48:00
O002033,U035,63,3,2025-10-21 16:08:00
O002028,U079,85,4,2025-10-21 16:18:00
O002043,U433,76,3,2025-10-21 16:40:00
O002054,U411,101,5,2025-10-21 16:55:00
O002044,U094,28,2,2025-10-21 17:00:00
O002040,U248,45,3,2025-10-21 17:25:00
O002039,U106,48,3,2025-10-21 17:34:00
O002037,U317,76,2,2025-10-21 17:50:00
O002040,U248,99,4,2025-10-21 18:03:00
O002059,U196,27,5,2025-10-21 18:09:00
O002050,U176,89,3,2025-10-21 18:20:00
O002047,U176,41,4,2025-10-21 18:22:00
O002055,U498,101,4,2025-10-21 18:24:00
O002045,U249,41,3,2025-10-21 18:30:00
O002052,U498,30,4,2025-10-21 18:34:00
O002054,U411,76,4,2025-10-21 19:07:00
O002065,U089,82,2,2025-10-21 19:21:00
O002059,U196,100,4,2025-10-21 19:36:00
O002066,U178,9,3,2025-10-21 20:05:00
O002064,U196,27,4,2025-10-21 20:17:00
O002071,U018,92,4,2025-10-21 21:28:00
O002070,U173,100,5,2025-10-21 21:38:00
O002068,U041,102,4,2025-10-21 21:50:00
O002076,U381,39,4,2025-10-21 22:31:00
O002073,U020,64,4,2025-10-21 22:41:00
O002075,U316,10,3,2025-10-21 22:56:00
O002072,U003,26,4,2025-10-21 23:18:00
O002076,U381,43,4,2025-10-22 00:01:00
O002088,U250,75,5,2025-10-22 08:07:00
O002084,U094,4,5,2025-10-22 08:25:00
O002091,U083,101,5,2025-10-22 08:26:00
O002081,U149,102,3,2025-10-22 08:53:00
O002093,U071,59,2,2025-10-22 09:28:00
O002083,U055,12,3,2025-10-22 10:05:00
O002099,U136,101,3,2025-10-22 10:18:00
O002090,U352,102,3,2025-10-22 10:29:00
O002095,U466,66,4,2025-10-22 10:40:00
O002103,U033,2,3,2025-10-22 10:59:00
O002105,U332,27,4,2025-10-22 11:33:00
O002123,U322,102,3,2025-10-22 11:49:00
O002108,U345,101,3,2025-10-22 11:56:00
O002109,U090,75,3,2025-10-22 12:10:00
O002118,U495,26,4,2025-10-22 12:29:00
O002112,U370,22,3,2025-10-22 12:36:00
O002116,U134,36,3,2025-10-22 12:41:00
O002127,U149,6,5,2025-10-22 12:53:00
O002117,U192,23,5,2025-10-22 13:03:00
O002123,U322,49,3,2025-10-22 13:10:00
O002130,U384,37,4,2025-10-22 13:39:00
O002117,U192,90,3,2025-10-22 13:54:00
O002139,U317,100,5,2025-10-22 14:26:00
O002141,U408,3,4,2025-10-22 14:31:00
O002126,U429,1,5,2025-10-22 14:34:00
O002139,U317,37,3,2025-10-22 14:44:00
O002136,U308,22,4,2025-10-22 15:04:00
O002136,U308,97,4,2025-10-22 15:19:00
O002144,U104,91,2,2025-10-22 15:30:00
O002133,U227,12,3,2025-10-22 16:02:00
O002154,U319,36,3,2025-10-22 16:11:00
O002151,U469,93,4,2025-10-22 16:12:00
O002150,U372,68,5,2025-10-22 16:14:00
O002159,U411,63,5,2025-10-22 16:15:00
O002157,U248,43,4,2025-10-22 16:23:00
O002138,U459,67,2,2025-10-22 16:24:00
O002152,U280,11,3,2025-10-22 16:48:00
O002167,U207,98,4,2025-10-22 17:16:00
O002160,U102,18,3,2025-10-22 17:25:00
O002151,U469,42,2,2025-10-22 17:29:00
O002167,U207,30,4,2025-10-22 17:32:00
O002156,U150,98,3,2025-10-22 17:34:00
O002180,U169,102,5,2025-10-22 17:54:00
O002179,U227,11,3,2025-10-22 18:05:00
O002164,U007,10,3,2025-10-22 18:20:00
O002163,U360,75,3,2025-10-22 18:38:00
O002183,U130,4,3,2025-10-22 18:57:00
O002162,U260,78,5,2025-10-22 18:57:00
O002166,U003,19,3,2025-10-22 19:03:00
O002185,U186,100,3,2025-10-22 19:38:00
O002187,U169,98,4,2025-10-22 19:42:00
O002192,U138,73,3,2025-10-22 20:29:00
O002191,U286,49,5,2025-10-22 21:08:00
O002188,U322,53,4,2025-10-22 21:15:00
O002188,U322,52,4,2025-10-22 22:00:00
O002197,U192,26,3,2025-10-22 23:03:00
O002199,U367,53,5,2025-10-22 23:33:00
O002202,U040,83,4,2025-10-23 00:06:00
O002203,U226,81,2,2025-10-23 07:24:00
O002203,U226,50,4,2025-10-23 07:40:00
O002209,U041,74,4,2025-10-23 07:47:00
O002205,U467,9,4,2025-10-23 08:13:00
O002214,U107,59,3,2025-10-23 08:16:00
O002207,U277,100,4,2025-10-23 08:28:00
O002217,U166,98,4,2025-10-23 09:00:00
O002219,U306,58,4,2025-10-23 09:05:00
O002208,U494,15,5,2025-10-23 09:09:00
O002207,U277,101,5,2025-10-23 09:16:00
O002211,U113,34,5,2025-10-23 09:21:00
O002214,U107,99,4,2025-10-23 09:22:00
O002206,U455,18,4,2025-10-23 09:22:00
O002213,U463,98,4,2025-10-23 09:50:00
O002218,U206,7,4,2025-10-23 09:56:00
O002217,U166,101,5,2025-10-23 09:58:00
O002212,U325,95,4,2025-10-23 10:12:00
O002240,U089,11,3,2025-10-23 10:20:00
O002238,U477,3,3,2025-10-23 10:28:00
O002216,U166,8,4,2025-10-23 10:44:00
O002222,U130,99,4,2025-10-23 10:53:00
O002230,U121,69,3,2025-10-23 10:57:00
O002226,U383,98,5,2025-10-23 11:04:00
O002218,U206,101,4,2025-10-23 11:04:00
O002232,U421,22,3,2025-10-23 11:04:00
O002231,U312,102,4,2025-10-23 11:14:00
O002222,U130,1,4,2025-10-23 11:31:00
O002227,U250,70,5,2025-10-23 11:40:00
O002228,U276,27,5,2025-10-23 11:49:00
O002241,U332,27,4,2025-10-23 12:52:00
O002247,U072,11,4,2025-10-23 13:20:00
O002248,U458,60,4,2025-10-23 13:38:00
O002248,U458,100,4,2025-10-23 13:52:00
O002245,U288,34,5,2025-10-23 14:22:00
O002264,U322,23,5,2025-10-23 14:35:00
O002258,U382,101,4,2025-10-23 14:38:00
O002258,U382,5,4,2025-10-23 15:22:00
O002259,U354,100,4,2025-10-23 15:29:00
O002271,U273,7,5,2025-10-23 15:33:00
O002249,U367,67,5,2025-10-23 15:49:00
O002251,U436,2,3,2025-10-23 16:01:00
O002256,U345,88,2,2025-10-23 16:13:00
O002257,U017,49,4,2025-10-23 16:19:00
O002274,U098,54,3,2025-10-23 16:24:00
O002253,U070,95,4,2025-10-23 16:30:00
O002277,U198,92,2,2025-10-23 16:50:00
O002268,U094,67,3,2025-10-23 16:53:00
O002269,U071,63,2,2025-10-23 17:00:00
O002278,U255,42,3,2025-10-23 17:45:00
O002282,U287,1,5,2025-10-23 18:10:00
O002281,U178,27,4,2025-10-23 18:47:00
O002293,U275,60,4,2025-10-23 18:52:00
O002290,U232,73,5,2025-10-23 18:55:00
O002299,U248,78,3,2025-10-23 20:39:00
O002299,U248,102,4,2025-10-23 21:09:00
O002309,U424,89,4,2025-10-24 07:32:00
O002313,U297,28,2,2025-10-24 08:36:00
O002317,U363,36,4,2025-10-24 08:53:00
O002311,U154,83,4,2025-10-24 08:54:00
O002323,U035,102,4,2025-10-24 09:07:00
O002321,U455,101,4,2025-10-24 09:23:00
O002310,U301,23,4,2025-10-24 09:42:00
O002316,U463,50,4,2025-10-24 09:55:00
O002338,U102,100,4,2025-10-24 10:29:00
O002325,U228,5,4,2025-10-24 10:30:00
O002339,U482,27,4,2025-10-24 10:58:00
O002318,U037,101,5,2025-10-24 11:05:00
O002330,U324,8,4,2025-10-24 11:14:00
O002326,U244,32,3,2025-10-24 11:20:00
O002328,U066,50,5,2025-10-24 11:27:00
O002344,U033,1,3,2025-10-24 11:28:00
O002329,U083,69,2,2025-10-24 11:33:00
O002350,U064,9,5,2025-10-24 12:28:00
O002345,U438,78,3,2025-10-24 14:11:00
O002355,U234,77,4,2025-10-24 14:20:00
O002354,U116,102,4,2025-10-24 14:39:00
O002353,U150,95,2,2025-10-24 14:48:00
O002361,U161,34,5,2025-10-24 14:52:00
O002361,U161,32,4,2025-10-24 15:02:00
O002354,U116,15,5,2025-10-24 15:42:00
O002352,U400,40,5,2025-10-24 15:45:00
O002371,U278,73,4,2025-10-24 16:10:00
O002357,U007,74,4,2025-10-24 16:18:00
O002372,U142,7,5,2025-10-24 16:21:00
O002378,U362,64,4,2025-10-24 16:27:00
O002370,U292,72,4,2025-10-24 16:41:00
O002359,U227,96,4,2025-10-24 17:04:00
O002375,U001,101,4,2025-10-24 17:07:00
O002380,U003,42,4,2025-10-24 17:25:00
O002398,U202,59,4,2025-10-24 17:59:00
O002376,U041,42,1,2025-10-24 18:04:00
O002399,U236,22,4,2025-10-24 18:27:00
O002404,U453,34,3,2025-10-24 18:41:00
O002380,U003,75,5,2025-10-24 18:53:00
O002396,U238,5,4,2025-10-24 19:06:00
O002397,U317,91,3,2025-10-24 19:14:00
O002383,U127,32,3,2025-10-24 19:23:00
O002389,U145,44,4,2025-10-24 19:29:00
O002400,U496,56,3,2025-10-24 19:35:00
O002390,U381,36,5,2025-10-24 19:38:00
O002392,U379,86,3,2025-10-24 19:49:00
O002408,U225,92,4,2025-10-24 20:19:00
O002411,U333,49,3,2025-10-24 20:26:00
O002406,U325,59,2,2025-10-24 20:29:00
O002401,U192,26,3,2025-10-24 20:33:00
O002414,U045,86,4,2025-10-24 21:26:00
O002417,U379,54,4,2025-10-24 21:50:00
O002417,U379,41,3,2025-10-24 21:50:00
O002413,U134,49,4,2025-10-24 22:32:00
O002416,U350,15,5,2025-10-24 22:44:00
O002422,U259,41,4,2025-10-24 22:53:00
O002420,U367,60,4,2025-10-24 23:22:00
O002423,U248,45,3,2025-10-24 23:27:00
O002419,U119,75,5,2025-10-24 23:37:00
O002424,U165,73,4,2025-10-25 06:38:00
O002425,U287,83,3,2025-10-25 08:26:00
O002430,U402,64,4,2025-10-25 10:04:00
O002435,U477,3,5,2025-10-25 10:05:00
O002431,U109,7,5,2025-10-25 10:20:00
O002440,U106,48,3,2025-10-25 10:48:00
O002434,U377,58,4,2025-10-25 11:04:00
O002433,U464,74,4,2025-10-25 11:36:00
O002445,U324,72,4,2025-10-25 11:37:00
O002431,U109,92,2,2025-10-25 11:49:00
O002432,U206,77,2,2025-10-25 12:08:00
O002443,U210,41,5,2025-10-25 12:33:00
O002444,U179,4,4,2025-10-25 12:37:00
O002448,U079,100,4,2025-10-25 12:38:00
O002447,U248,78,3,2025-10-25 14:04:00
O002446,U463,83,5,2025-10-25 14:14:00
O002462,U320,2,3,2025-10-25 16:05:00
O002477,U269,33,3,2025-10-25 16:13:00
O002479,U016,44,3,2025-10-25 16:51:00
O002463,U138,10,3,2025-10-25 16:53:00
O002471,U216,75,3,2025-10-25 17:07:00
O002482,U322,49,4,2025-10-25 17:18:00
O002463,U138,57,4,2025-10-25 17:26:00
O002470,U376,102,5,2025-10-25 17:38:00
O002469,U332,8,4,2025-10-25 17:56:00
O002481,U221,91,3,2025-10-25 18:24:00
O002478,U295,99,3,2025-10-25 18:50:00
O002490,U018,94,5,2025-10-25 18:50:00
O002482,U322,7,4,2025-10-25 19:33:00
O002493,U213,76,5,2025-10-25 20:01:00
O002494,U440,47,4,2025-10-25 20:36:00
O002506,U116,43,4,2025-10-25 20:59:00
O002494,U440,30,4,2025-10-25 21:06:00
O002499,U389,32,3,2025-10-25 21:26:00
O002505,U284,71,2,2025-10-25 21:52:00
O002514,U111,102,3,2025-10-25 21:54:00
O002508,U495,100,4,2025-10-25 21:54:00
O002507,U111,81,4,2025-10-25 21:55:00
O002509,U301,23,4,2025-10-25 22:10:00
O002512,U168,77,4,2025-10-25 22:38:00
O002511,U109,102,4,2025-10-25 23:09:00
O002515,U401,94,3,2025-10-25 23:28:00
O002520,U188,42,4,2025-10-26 10:38:00
O002525,U161,34,4,2025-10-26 11:09:00
O002523,U469,35,3,2025-10-26 11:17:00
O002529,U274,89,3,2025-10-26 11:28:00
O002528,U215,101,3,2025-10-26 11:56:00
O002544,U469,17,4,2025-10-26 11:58:00
O002523,U469,14,4,2025-10-26 12:03:00
O002533,U397,28,4,2025-10-26 12:09:00
O002550,U367,53,4,2025-10-26 12:13:00
O002537,U429,1,5,2025-10-26 12:15:00
O002536,U299,6,4,2025-10-26 12:27:00
O002535,U229,10,4,2025-10-26 12:29:00
O002543,U419,54,3,2025-10-26 12:44:00
O002530,U453,34,5,2025-10-26 12:45:00
O002541,U265,63,2,2025-10-26 12:49:00
O002542,U248,45,3,2025-10-26 12:54:00
O002537,U429,99,5,2025-10-26 12:57:00
O002549,U491,38,3,2025-10-26 12:58:00
O002544,U469,18,3,2025-10-26 13:03:00
O002541,U265,69,4,2025-10-26 13:06:00
O002546,U466,101,4,2025-10-26 13:14:00
O002549,U491,2,5,2025-10-26 13:51:00
O002546,U466,9,3,2025-10-26 14:22:00
O002549,U491,99,4,2025-10-26 14:22:00
O002553,U482,27,4,2025-10-26 14:43:00
O002558,U467,96,2,2025-10-26 16:03:00
O002566,U165,69,2,2025-10-26 17:01:00
O002560,U222,79,5,2025-10-26 17:05:00
O002561,U078,51,2,2025-10-26 17:25:00
O002570,U100,75,3,2025-10-26 17:38:00
O002563,U449,80,3,2025-10-26 17:58:00
O002575,U440,47,3,2025-10-26 18:28:00
O002578,U495,3,4,2025-10-26 18:42:00
O002574,U216,63,4,2025-10-26 18:42:00
O002568,U210,36,4,2025-10-26 18:59:00
O002588,U072,101,4,2025-10-26 19:43:00
O002586,U208,21,4,2025-10-26 19:44:00
O002589,U070,74,4,2025-10-26 19:57:00
O002590,U455,5,3,2025-10-26 20:09:00
O002592,U328,82,4,2025-10-26 20:11:00
O002588,U072,8,4,2025-10-26 20:32:00
O002594,U095,58,4,2025-10-26 22:11:00
O002597,U051,36,3,2025-10-26 22:51:00
O002596,U034,76,4,2025-10-26 23:13:00
O002599,U138,56,3,2025-10-26 23:36:00
O002600,U188,37,4,2025-10-27 00:03:00
O002605,U036,1,4,2025-10-27 07:59:00
O002615,U301,101,4,2025-10-27 08:16:00
O002603,U392,1,3,2025-10-27 08:23:00
O002614,U130,7,5,2025-10-27 08:49:00
O002617,U150,92,3,2025-10-27 09:15:00
O002609,U498,53,3,2025-10-27 09:22:00
O002632,U483,47,5,2025-10-27 09:34:00
O002611,U273,100,2,2025-10-27 09:39:00
O002608,U228,4,5,2025-10-27 09:42:00
O002621,U127,33,2,2025-10-27 09:58:00
O002619,U333,15,4,2025-10-27 10:06:00
O002611,U273,1,3,2025-10-27 10:16:00
O002636,U469,15,4,2025-10-27 10:33:00
O002641,U150,23,3,2025-10-27 10:40:00
O002629,U452,6,5,2025-10-27 10:58:00
O002638,U098,100,3,2025-10-27 11:40:00
O002630,U225,40,4,2025-10-27 11:56:00
O002646,U319,8,4,2025-10-27 12:34:00
O002642,U469,17,4,2025-10-27 12:43:00
O002649,U089,19,4,2025-10-27 12:44:00
O002650,U363,89,5,2025-10-27 12:46:00
O002652,U266,8,4,2025-10-27 13:52:00
O002653,U111,6,3,2025-10-27 14:59:00
O002654,U072,63,5,2025-10-27 15:39:00
O002658,U411,58,4,2025-10-27 15:54:00
O002664,U029,101,4,2025-10-27 15:55:00
O002658,U411,2,3,2025-10-27 15:58:00
O002655,U113,58,4,2025-10-27 16:01:00
O002669,U207,59,3,2025-10-27 16:35:00
O002671,U435,15,4,2025-10-27 16:38:00
O002689,U086,11,2,2025-10-27 18:11:00
O002679,U165,62,3,2025-10-27 18:16:00
O002688,U212,13,3,2025-10-27 18:19:00
O002687,U455,94,4,2025-10-27 18:23:00
O002686,U381,92,3,2025-10-27 18:24:00
O002690,U265,100,4,2025-10-27 19:04:00
O002676,U102,15,2,2025-10-27 19:06:00
O002679,U165,69,3,2025-10-27 19:26:00
O002682,U045,83,3,2025-10-27 19:54:00
O002698,U168,58,3,2025-10-27 20:13:00
O002700,U049,101,5,2025-10-27 21:06:00
O002699,U383,12,3,2025-10-27 21:12:00
O002705,U018,37,4,2025-10-27 22:05:00
O002706,U031,86,4,2025-10-28 06:20:00
O002713,U352,57,3,2025-10-28 08:25:00
O002712,U025,7,3,2025-10-28 08:33:00
O002711,U148,45,4,2025-10-28 08:49:00
O002716,U141,33,2,2025-10-28 08:51:00
O002710,U419,68,3,2025-10-28 09:07:00
O002723,U121,47,2,2025-10-28 09:22:00
O002717,U180,40,3,2025-10-28 09:41:00
O002737,U411,75,5,2025-10-28 10:03:00
O002740,U005,5,5,2025-10-28 10:06:00
O002717,U180,10,3,2025-10-28 10:11:00
O002718,U458,32,4,2025-10-28 10:24:00
O002726,U106,48,3,2025-10-28 10:32:00
O002734,U194,101,2,2025-10-28 10:45:00
O002730,U427,102,3,2025-10-28 11:07:00
O002722,U094,73,3,2025-10-28 11:20:00
O002733,U142,7,5,2025-10-28 11:24:00
O002730,U427,67,4,2025-10-28 11:31:00
O002744,U165,73,3,2025-10-28 12:29:00
O002753,U286,37,5,2025-10-28 13:06:00
O002751,U221,78,5,2025-10-28 14:16:00
O002763,U443,70,3,2025-10-28 14:22:00
O002752,U383,94,3,2025-10-28 14:26:00
O002761,U036,76,2,2025-10-28 14:27:00
O002763,U443,95,3,2025-10-28 15:05:00
O002762,U149,6,5,2025-10-28 15:09:00
O002758,U196,100,3,2025-10-28 15:24:00
O002782,U425,63,4,2025-10-28 16:08:00
O002777,U018,40,5,2025-10-28 16:13:00
O002758,U196,27,4,2025-10-28 16:25:00
O002759,U328,102,4,2025-10-28 16:29:00
O002759,U328,4,4,2025-10-28 16:37:00
O002770,U062,17,4,2025-10-28 16:37:00
O002783,U237,45,4,2025-10-28 16:45:00
O002783,U237,102,5,2025-10-28 17:19:00
O002773,U265,74,4,2025-10-28 17:30:00
O002774,U410,63,3,2025-10-28 17:33:00
O002771,U141,30,3,2025-10-28 17:37:00
O002780,U312,14,3,2025-10-28 17:41:00
O002790,U109,2,3,2025-10-28 18:01:00
O002796,U064,4,5,2025-10-28 18:20:00
O002785,U328,75,3,2025-10-28 18:22:00
O002795,U468,19,5,2025-10-28 18:49:00
O002792,U106,48,3,2025-10-28 18:58:00
O002794,U429,100,5,2025-10-28 19:19:00
O002794,U429,1,5,2025-10-28 19:39:00
O002800,U043,100,4,2025-10-28 20:06:00
O002801,U449,62,4,2025-10-28 20:29:00
O002806,U451,100,5,2025-10-28 20:36:00
O002800,U043,27,5,2025-10-28 20:37:00
O002801,U449,100,4,2025-10-28 20:45:00
O002817,U175,82,3,2025-10-28 22:05:00
O002821,U259,91,4,2025-10-28 22:17:00
O002818,U248,102,4,2025-10-28 22:42:00
O002813,U351,22,5,2025-10-28 23:30:00
O002828,U266,4,3,2025-10-29 07:41:00
O002838,U427,73,3,2025-10-29 08:50:00
O002837,U348,98,3,2025-10-29 08:51:00
O002840,U086,1,2,2025-10-29 09:16:00
O002829,U142,7,5,2025-10-29 09:30:00
O002839,U033,1,5,2025-10-29 09:30:00
O002837,U348,49,2,2025-10-29 09:43:00
O002844,U455,74,3,2025-10-29 09:53:00
O002844,U455,14,3,2025-10-29 09:57:00
O002838,U427,83,2,2025-10-29 09:57:00
O002832,U491,100,4,2025-10-29 10:00:00
O002836,U102,18,4,2025-10-29 10:37:00
O002842,U345,15,3,2025-10-29 10:46:00
O002852,U119,75,5,2025-10-29 10:48:00
O002836,U102,101,4,2025-10-29 11:07:00
O002838,U427,2,3,2025-10-29 11:18:00
O002850,U198,20,5,2025-10-29 11:20:00
O002840,U086,101,3,2025-10-29 11:21:00
O002854,U269,99,3,2025-10-29 11:22:00
O002860,U449,102,5,2025-10-29 11:46:00
O002845,U225,52,3,2025-10-29 11:47:00
O002865,U169,17,3,2025-10-29 12:11:00
O002867,U276,32,3,2025-10-29 12:54:00
O002863,U056,78,4,2025-10-29 12:57:00
O002866,U001,19,5,2025-10-29 13:28:00
O002872,U059,98,4,2025-10-29 13:41:00
O002874,U381,38,5,2025-10-29 13:43:00
O002862,U458,16,4,2025-10-29 13:44:00
O002865,U169,3,5,2025-10-29 14:17:00
O002862,U458,100,4,2025-10-29 14:28:00
O002866,U001,98,3,2025-10-29 14:44:00
O002879,U354,100,4,2025-10-29 15:05:00
O002876,U493,101,5,2025-10-29 16:02:00
O002890,U462,71,3,2025-10-29 16:42:00
O002879,U354,56,5,2025-10-29 16:47:00
O002900,U206,78,3,2025-10-29 17:05:00
O002903,U233,75,4,2025-10-29 17:15:00
O002884,U247,15,3,2025-10-29 17:25:00
O002901,U127,88,2,2025-10-29 17:30:00
O002901,U127,100,4,2025-10-29 17:51:00
O002889,U247,15,4,2025-10-29 18:11:00
O002888,U191,36,4,2025-10-29 18:28:00
O002912,U248,45,3,2025-10-29 18:34:00
O002894,U076,67,3,2025-10-29 18:37:00
O002906,U144,39,4,2025-10-29 18:49:00
O002901,U127,2,3,2025-10-29 18:51:00
O002898,U322,50,5,2025-10-29 18:54:00
O002893,U458,32,3,2025-10-29 19:13:00
O002898,U322,102,4,2025-10-29 19:22:00
O002918,U154,83,5,2025-10-29 19:27:00
O002914,U438,93,4,2025-10-29 20:51:00
O002922,U036,65,2,2025-10-29 20:57:00
O002927,U367,53,5,2025-10-29 21:00:00
O002929,U003,49,4,2025-10-29 21:35:00
O002930,U289,1,3,2025-10-29 22:04:00
O002931,U259,46,2,2025-10-29 22:17:00
O002921,U138,6,2,2025-10-29 22:29:00
O002930,U289,18,5,2025-10-29 22:37:00
O002927,U367,101,5,2025-10-29 23:21:00
O002932,U438,47,4,2025-10-29 23:25:00
O002930,U289,101,3,2025-10-30 00:12:00
O002931,U259,91,4,2025-10-30 00:24:00
O002938,U160,43,4,2025-10-30 07:52:00
O002937,U275,13,5,2025-10-30 08:09:00
O002933,U449,82,4,2025-10-30 08:50:00
O002942,U333,28,5,2025-10-30 09:54:00
O002951,U440,6,5,2025-10-30 09:55:00
O002939,U286,42,4,2025-10-30 10:01:00
O002953,U225,43,4,2025-10-30 10:11:00
O002943,U147,7,4,2025-10-30 10:21:00
O002944,U029,67,5,2025-10-30 10:40:00
O002952,U369,53,2,2025-10-30 10:44:00
O002946,U434,42,4,2025-10-30 10:52:00
O002950,U232,78,5,2025-10-30 11:15:00
O002957,U210,41,5,2025-10-30 11:21:00
O002954,U297,73,4,2025-10-30 11:34:00
O002959,U059,73,2,2025-10-30 12:00:00
O002964,U427,10,2,2025-10-30 13:11:00
O002961,U398,32,4,2025-10-30 13:11:00
O002968,U189,94,3,2025-10-30 13:45:00
O002976,U035,38,5,2025-10-30 13:59:00
O002973,U284,71,3,2025-10-30 14:02:00
O002977,U206,37,3,2025-10-30 14:18:00
O002966,U269,81,5,2025-10-30 14:36:00
O002982,U359,63,4,2025-10-30 15:30:00
O002989,U009,49,3,2025-10-30 15:59:00
O002971,U169,46,4,2025-10-30 16:17:00
O002989,U009,102,4,2025-10-30 16:17:00
O002978,U014,102,5,2025-10-30 16:19:00
O003003,U109,102,4,2025-10-30 16:32:00
O002972,U178,74,2,2025-10-30 16:34:00
O003000,U127,102,3,2025-10-30 16:57:00
O003002,U458,32,3,2025-10-30 17:07:00
O003009,U164,6,5,2025-10-30 17:08:00
O003012,U116,43,4,2025-10-30 17:47:00
O002993,U149,46,2,2025-10-30 17:53:00
O003000,U127,45,4,2025-10-30 17:58:00
O003013,U360,51,4,2025-10-30 18:05:00
O003003,U109,7,4,2025-10-30 18:16:00
O002994,U095,102,5,2025-10-30 18:21:00
O003010,U371,90,5,2025-10-30 18:57:00
O003021,U020,67,3,2025-10-30 19:01:00
O003004,U114,98,4,2025-10-30 19:06:00
O003015,U083,67,3,2025-10-30 19:17:00
O003011,U164,6,5,2025-10-30 19:24:00
O003017,U003,9,4,2025-10-30 20:11:00
O003019,U384,94,3,2025-10-30 20:17:00
O003025,U003,56,4,2025-10-30 22:10:00
O003028,U049,68,4,2025-10-30 22:18:00
O003029,U210,93,4,2025-10-30 22:30:00
O003031,U360,8,5,2025-10-30 23:12:00
O003032,U362,33,3,2025-10-30 23:25:00
O003027,U351,56,4,2025-10-30 23:36:00
O003039,U466,101,5,2025-10-31 07:33:00
O003034,U445,73,4,2025-10-31 09:28:00
O003052,U397,26,4,2025-10-31 09:42:00
O003036,U108,2,4,2025-10-31 09:42:00
O003066,U186,102,3,2025-10-31 09:50:00
O003067,U284,14,5,2025-10-31 09:52:00
O003070,U429,1,5,2025-10-31 09:56:00
O003057,U150,51,3,2025-10-31 10:06:00
O003044,U296,4,3,2025-10-31 10:22:00
O003063,U302,6,4,2025-10-31 10:37:00
O003078,U018,92,3,2025-10-31 10:48:00
O003057,U150,102,3,2025-10-31 10:53:00
O003073,U328,102,5,2025-10-31 11:01:00
O003056,U455,101,4,2025-10-31 11:09:00
O003063,U302,100,4,2025-10-31 11:14:00
O003068,U105,63,3,2025-10-31 11:16:00
O003069,U164,6,4,2025-10-31 11:33:00
O003076,U251,54,4,2025-10-31 11:33:00
O003060,U463,51,3,2025-10-31 11:35:00
O003077,U274,64,3,2025-10-31 11:54:00
O003073,U328,1,5,2025-10-31 11:58:00
O003079,U207,98,3,2025-10-31 12:55:00
O003081,U040,33,4,2025-10-31 13:23:00
O003092,U142,77,3,2025-10-31 13:41:00
O003089,U492,89,4,2025-10-31 13:43:00
O003098,U001,13,3,2025-10-31 14:37:00
O003098,U001,19,5,2025-10-31 14:45:00
O003103,U148,101,4,2025-10-31 15:27:00
O003106,U429,39,3,2025-10-31 15:29:00
O003095,U161,101,4,2025-10-31 15:31:00
O003093,U249,45,4,2025-10-31 15:39:00
O003093,U249,48,4,2025-10-31 15:44:00
O003096,U145,27,5,2025-10-31 15:45:00
O003114,U244,73,4,2025-10-31 15:54:00
O003103,U148,19,3,2025-10-31 15:59:00
O003113,U477,3,5,2025-10-31 16:03:00
O003103,U148,70,5,2025-10-31 16:07:00
O003108,U362,101,4,2025-10-31 16:39:00
O003109,U199,9,3,2025-10-31 16:47:00
O003108,U362,32,5,2025-10-31 16:50:00
O003101,U297,18,4,2025-10-31 17:15:00
O003117,U266,8,3,2025-10-31 17:31:00
O003127,U259,99,4,2025-10-31 17:47:00
O003123,U433,54,3,2025-10-31 17:58:00
O003119,U296,45,3,2025-10-31 18:01:00
O003126,U056,76,4,2025-10-31 18:38:00
O003119,U296,67,2,2025-10-31 18:50:00
O003125,U277,54,3,2025-10-31 18:58:00
O003117,U266,102,5,2025-10-31 18:58:00
O003133,U278,54,3,2025-10-31 19:05:00
O003134,U446,48,4,2025-10-31 19:28:00
O003131,U020,95,1,2025-10-31 19:37:00
O003139,U149,101,3,2025-10-31 19:39:00
O003135,U453,34,4,2025-10-31 19:51:00
O003139,U149,46,4,2025-10-31 20:15:00
O003133,U278,43,4,2025-10-31 20:56:00
O003146,U436,69,4,2025-10-31 21:26:00
O003147,U020,64,4,2025-10-31 22:27:00
O003142,U320,7,5,2025-10-31 22:55:00
O003143,U354,67,4,2025-10-31 22:58:00
O003146,U436,56,4,2025-10-31 23:26:00
O003150,U221,76,4,2025-11-01 06:42:00
O003149,U165,77,5,2025-11-01 07:21:00
O003148,U037,99,5,2025-11-01 08:52:00
O003150,U221,101,4,2025-11-01 08:53:00
O003157,U449,80,5,2025-11-01 09:31:00
O003157,U449,49,4,2025-11-01 10:03:00
O003166,U259,39,3,2025-11-01 10:32:00
O003164,U159,91,2,2025-11-01 10:37:00
O003156,U338,87,3,2025-11-01 10:46:00
O003167,U320,22,3,2025-11-01 10:53:00
O003172,U464,98,4,2025-11-01 11:08:00
O003158,U215,86,5,2025-11-01 11:20:00
O003168,U016,50,3,2025-11-01 11:28:00
O003174,U275,12,4,2025-11-01 11:35:00
O003154,U302,98,3,2025-11-01 11:43:00
O003184,U161,100,5,2025-11-01 11:47:00
O003162,U299,6,4,2025-11-01 11:51:00
O003169,U214,92,5,2025-11-01 11:56:00
O003165,U149,2,5,2025-11-01 12:03:00
O003170,U455,20,3,2025-11-01 12:03:00
O003180,U225,49,4,2025-11-01 12:32:00
O003181,U332,101,3,2025-11-01 12:40:00
O003172,U464,74,3,2025-11-01 12:48:00
O003184,U161,3,4,2025-11-01 12:51:00
O003193,U295,43,3,2025-11-01 12:56:00
O003185,U297,57,3,2025-11-01 12:58:00
O003191,U210,93,4,2025-11-01 13:43:00
O003201,U119,75,4,2025-11-01 15:03:00
O003203,U322,23,4,2025-11-01 15:08:00
O003194,U165,101,4,2025-11-01 15:18:00
O003207,U264,6,4,2025-11-01 15:38:00
O003196,U212,18,3,2025-11-01 16:00:00
O003204,U336,75,4,2025-11-01 16:15:00
O003211,U229,10,2,2025-11-01 16:59:00
O003211,U229,14,3,2025-11-01 17:42:00
O003208,U238,1,5,2025-11-01 17:51:00
O003217,U043,37,2,2025-11-01 17:57:00
O003214,U277,100,3,2025-11-01 18:51:00
O003221,U168,82,5,2025-11-01 19:00:00
O003217,U043,3,5,2025-11-01 19:30:00
O003222,U496,18,4,2025-11-01 19:31:00
O003231,U443,100,5,2025-11-01 19:45:00
O003223,U470,6,5,2025-11-01 19:48:00
O003225,U127,33,3,2025-11-01 19:50:00
O003226,U359,75,5,2025-11-01 20:13:00
O003231,U443,95,3,2025-11-01 20:19:00
O003236,U169,3,5,2025-11-01 20:21:00
O003236,U169,54,3,2025-11-01 20:30:00
O003238,U161,34,4,2025-11-01 22:00:00
O003241,U474,101,4,2025-11-01 22:26:00
O003240,U111,89,2,2025-11-01 23:02:00
O003239,U312,19,5,2025-11-01 23:24:00
O003241,U474,60,4,2025-11-01 23:34:00
O003242,U370,7,4,2025-11-02 07:08:00
O003244,U244,32,5,2025-11-02 07:35:00
O003245,U433,100,3,2025-11-02 08:03:00
O003243,U042,7,4,2025-11-02 08:30:00
O003246,U127,86,2,2025-11-02 08:33:00
O003242,U370,101,4,2025-11-02 08:57:00
O003249,U127,2,4,2025-11-02 10:05:00
O003254,U479,2,3,2025-11-02 10:05:00
O003260,U455,5,3,2025-11-02 11:24:00
O003259,U403,2,5,2025-11-02 11:41:00
O003260,U455,16,4,2025-11-02 12:03:00
O003256,U370,7,4,2025-11-02 12:13:00
O003273,U191,36,4,2025-11-02 12:25:00
O003269,U031,45,4,2025-11-02 13:24:00
O003268,U116,15,5,2025-11-02 13:50:00
O003282,U474,57,3,2025-11-02 14:45:00
O003275,U350,22,4,2025-11-02 15:28:00
O003279,U356,60,2,2025-11-02 16:08:00
O003283,U317,36,5,2025-11-02 16:16:00
O003293,U453,89,4,2025-11-02 16:19:00
O003281,U411,19,3,2025-11-02 16:21:00
O003286,U491,38,3,2025-11-02 17:00:00
O003286,U491,102,5,2025-11-02 17:04:00
O003306,U449,2,4,2025-11-02 17:11:00
O003287,U216,101,4,2025-11-02 17:24:00
O003294,U212,19,4,2025-11-02 17:41:00
O003304,U213,76,5,2025-11-02 18:13:00
O003309,U312,98,3,2025-11-02 19:10:00
O003316,U284,54,3,2025-11-02 19:17:00
O003315,U072,8,2,2025-11-02 19:39:00
O003307,U040,48,3,2025-11-02 19:41:00
O003303,U274,50,4,2025-11-02 19:45:00
O003317,U183,72,3,2025-11-02 19:52:00
O003314,U426,76,5,2025-11-02 19:53:00
O003308,U168,81,5,2025-11-02 20:02:00
O003319,U216,79,4,2025-11-02 20:19:00
O003326,U229,63,3,2025-11-02 20:46:00
O003325,U295,37,5,2025-11-02 21:07:00
O003335,U354,100,5,2025-11-02 21:50:00
O003317,U183,100,2,2025-11-02 21:50:00
O003328,U273,102,3,2025-11-02 21:52:00
O003327,U411,101,4,2025-11-02 22:10:00
O003321,U095,80,4,2025-11-02 22:24:00
O003332,U352,3,3,2025-11-02 22:56:00
O003340,U126,95,4,2025-11-03 07:26:00
O003346,U247,13,3,2025-11-03 08:03:00
O003340,U126,64,4,2025-11-03 08:48:00
O003339,U086,22,3,2025-11-03 08:58:00
O003348,U306,26,4,2025-11-03 09:03:00
O003347,U160,101,4,2025-11-03 09:05:00
O003350,U344,83,4,2025-11-03 09:21:00
O003346,U247,100,4,2025-11-03 09:30:00
O003341,U083,13,4,2025-11-03 09:34:00
O003352,U149,5,4,2025-11-03 09:47:00
O003359,U432,60,4,2025-11-03 09:48:00
O003361,U137,2,5,2025-11-03 10:09:00
O003362,U411,63,4,2025-11-03 10:11:00
O003361,U137,102,4,2025-11-03 10:44:00
O003357,U215,84,4,2025-11-03 11:38:00
O003365,U149,101,4,2025-11-03 11:56:00
O003374,U196,100,3,2025-11-03 12:41:00
O003381,U286,91,4,2025-11-03 12:52:00
O003381,U286,100,4,2025-11-03 13:05:00
O003370,U027,39,4,2025-11-03 13:13:00
O003378,U018,92,5,2025-11-03 13:31:00
O003376,U107,67,3,2025-11-03 13:51:00
O003384,U304,30,3,2025-11-03 13:58:00
O003386,U020,67,4,2025-11-03 14:06:00
O003380,U112,6,5,2025-11-03 14:17:00
O003381,U286,42,4,2025-11-03 14:25:00
O003383,U150,23,4,2025-11-03 14:37:00
O003388,U328,72,3,2025-11-03 14:45:00
O003390,U161,18,4,2025-11-03 15:39:00
O003393,U483,70,3,2025-11-03 16:01:00
O003391,U072,11,4,2025-11-03 16:46:00
O003410,U333,9,4,2025-11-03 17:04:00
O003416,U498,30,3,2025-11-03 17:37:00
O003405,U020,34,3,2025-11-03 17:43:00
O003414,U181,82,5,2025-11-03 18:02:00
O003406,U421,78,3,2025-11-03 19:14:00
O003409,U035,91,3,2025-11-03 19:27:00
O003419,U210,93,4,2025-11-03 19:40:00
O003423,U169,50,2,2025-11-03 20:13:00
O003426,U091,76,4,2025-11-03 20:41:00
O003420,U338,22,4,2025-11-03 20:52:00
O003430,U346,87,5,2025-11-03 21:09:00
O003425,U382,80,3,2025-11-03 21:16:00
O003431,U135,100,4,2025-11-03 22:09:00
O003427,U253,98,3,2025-11-03 22:22:00
O003434,U216,79,5,2025-11-03 23:58:00
O003438,U334,64,3,2025-11-04 00:18:00
O003448,U356,30,2,2025-11-04 08:01:00
O003442,U036,76,2,2025-11-04 08:08:00
O003443,U455,94,3,2025-11-04 08:18:00
O003451,U130,101,3,2025-11-04 08:33:00
O003449,U244,23,4,2025-11-04 08:36:00
O003444,U165,60,1,2025-11-04 09:03:00
O003439,U202,59,4,2025-11-04 09:05:00
O003449,U244,101,5,2025-11-04 09:24:00
O003462,U322,84,4,2025-11-04 09:40:00
O003465,U312,19,5,2025-11-04 10:19:00
O003455,U148,70,4,2025-11-04 10:26:00
O003468,U430,23,3,2025-11-04 10:38:00
O003456,U064,9,5,2025-11-04 10:40:00
O003463,U142,77,3,2025-11-04 10:57:00
O003471,U018,92,3,2025-11-04 11:34:00
O003458,U333,28,5,2025-11-04 11:44:00
O003466,U120,101,4,2025-11-04 11:55:00
O003476,U286,41,3,2025-11-04 12:15:00
O003477,U297,23,4,2025-11-04 12:34:00
O003470,U495,3,5,2025-11-04 12:49:00
O003471,U018,100,4,2025-11-04 13:03:00
O003483,U469,17,4,2025-11-04 13:09:00
O003475,U333,28,5,2025-11-04 14:09:00
O003484,U164,66,2,2025-11-04 14:54:00
O003492,U142,21,3,2025-11-04 15:00:00
O003493,U093,47,5,2025-11-04 15:52:00
O003504,U105,5,4,2025-11-04 16:13:00
O003505,U176,100,4,2025-11-04 16:14:00
O003511,U279,40,3,2025-11-04 16:45:00
O003517,U109,18,3,2025-11-04 16:56:00
O003502,U492,89,4,2025-11-04 16:59:00
O003497,U208,13,3,2025-11-04 17:07:00
O003498,U265,74,3,2025-11-04 17:09:00
O003494,U295,41,4,2025-11-04 17:10:00
O003522,U127,8,3,2025-11-04 17:18:00
O003517,U109,7,4,2025-11-04 17:22:00
O003511,U279,84,2,2025-11-04 17:25:00
O003512,U225,91,4,2025-11-04 17:29:00
O003507,U018,95,4,2025-11-04 17:41:00
O003497,U208,102,4,2025-11-04 17:45:00
O003513,U186,50,5,2025-11-04 17:59:00
O003521,U483,90,3,2025-11-04 17:59:00
O003516,U284,100,4,2025-11-04 18:04:00
O003527,U064,6,4,2025-11-04 18:31:00
O003525,U238,86,3,2025-11-04 18:52:00
O003523,U492,89,4,2025-11-04 19:22:00
O003531,U020,64,4,2025-11-04 20:06:00
O003529,U192,18,4,2025-11-04 20:32:00
O003536,U229,60,2,2025-11-04 21:35:00
O003535,U482,100,5,2025-11-04 21:38:00
O003532,U116,100,5,2025-11-04 22:04:00
O003540,U350,100,4,2025-11-04 22:43:00
O003543,U260,13,4,2025-11-04 23:17:00
O003544,U356,85,2,2025-11-05 07:35:00
O003557,U463,101,4,2025-11-05 07:49:00
O003553,U455,95,3,2025-11-05 07:59:00
O003558,U092,92,3,2025-11-05 08:03:00
O003554,U333,101,4,2025-11-05 08:30:00
O003558,U092,98,3,2025-11-05 08:31:00
O003566,U445,101,3,2025-11-05 08:43:00
O003552,U491,100,4,2025-11-05 08:57:00
O003562,U278,89,3,2025-11-05 09:20:00
O003557,U463,85,3,2025-11-05 09:22:00
O003561,U433,54,4,2025-11-05 09:43:00
O003561,U433,100,3,2025-11-05 09:47:00
O003554,U333,27,5,2025-11-05 09:50:00
O003565,U278,72,3,2025-11-05 09:57:00
O003583,U392,1,5,2025-11-05 09:59:00
O003552,U491,2,4,2025-11-05 10:00:00
O003556,U454,19,4,2025-11-05 10:26:00
O003578,U188,40,4,2025-11-05 10:27:00
O003576,U100,22,4,2025-11-05 10:28:00
O003557,U463,83,5,2025-11-05 10:36:00
O003569,U372,68,4,2025-11-05 10:39:00
O003587,U094,6,3,2025-11-05 10:42:00
O003559,U106,43,3,2025-11-05 10:44:00
O003560,U127,8,3,2025-11-05 10:44:00
O003569,U372,28,2,2025-11-05 10:46:00
O003578,U188,102,3,2025-11-05 10:49:00
O003573,U410,63,4,2025-11-05 10:52:00
O003582,U034,76,5,2025-11-05 12:26:00
O003591,U183,71,3,2025-11-05 13:02:00
O003593,U304,65,5,2025-11-05 13:51:00
O003595,U453,34,5,2025-11-05 13:57:00
O003591,U183,37,3,2025-11-05 13:59:00
O003594,U469,99,3,2025-11-05 14:14:00
O003592,U419,81,2,2025-11-05 14:19:00
O003599,U066,50,5,2025-11-05 14:31:00
O003611,U158,88,5,2025-11-05 15:51:00
O003598,U312,36,3,2025-11-05 16:03:00
O003616,U244,32,4,2025-11-05 17:23:00
O003615,U057,80,5,2025-11-05 17:28:00
O003625,U095,58,3,2025-11-05 18:06:00
O003614,U479,1,5,2025-11-05 18:19:00
O003621,U455,94,3,2025-11-05 18:35:00
O003621,U455,22,4,2025-11-05 18:36:00
O003622,U467,89,5,2025-11-05 18:47:00
O003618,U451,100,4,2025-11-05 18:56:00
O003620,U247,15,4,2025-11-05 19:05:00
O003628,U141,102,5,2025-11-05 19:13:00
O003629,U108,30,3,2025-11-05 19:39:00
O003622,U467,74,2,2025-11-05 19:42:00
O003639,U227,51,3,2025-11-05 20:01:00
O003644,U253,20,5,2025-11-05 20:08:00
O003641,U276,45,2,2025-11-05 20:15:00
O003637,U223,73,3,2025-11-05 20:17:00
O003642,U435,42,4,2025-11-05 20:19:00
O003641,U276,100,3,2025-11-05 21:16:00
O003649,U168,85,3,2025-11-05 21:53:00
O003646,U168,54,3,2025-11-05 22:21:00
O003647,U371,89,5,2025-11-05 22:36:00
O003646,U168,82,5,2025-11-05 23:04:00
O003656,U277,91,3,2025-11-06 07:18:00
O003662,U089,82,2,2025-11-06 08:04:00
O003659,U137,6,5,2025-11-06 08:30:00
O003653,U215,45,4,2025-11-06 08:36:00
O003663,U477,19,3,2025-11-06 08:40:00
O003664,U322,13,5,2025-11-06 08:49:00
O003657,U449,62,3,2025-11-06 08:57:00
O003673,U033,2,3,2025-11-06 09:07:00
O003661,U081,13,4,2025-11-06 09:08:00
O003675,U493,14,5,2025-11-06 09:19:00
O003676,U275,79,3,2025-11-06 09:22:00
O003670,U469,22,5,2025-11-06 09:54:00
O003679,U292,61,4,2025-11-06 10:03:00
O003672,U206,26,2,2025-11-06 10:35:00
O003669,U148,15,5,2025-11-06 10:47:00
O003677,U166,12,3,2025-11-06 11:26:00
O003676,U275,102,4,2025-11-06 11:38:00
O003693,U183,100,3,2025-11-06 12:02:00
O003696,U035,8,1,2025-11-06 12:33:00
O003696,U035,26,2,2025-11-06 13:28:00
O003702,U274,64,4,2025-11-06 13:33:00
O003702,U274,77,3,2025-11-06 14:05:00
O003700,U072,11,4,2025-11-06 14:33:00
O003694,U433,78,3,2025-11-06 14:34:00
O003711,U229,100,5,2025-11-06 14:48:00
O003701,U090,101,2,2025-11-06 15:03:00
O003699,U297,19,5,2025-11-06 15:15:00
O003710,U035,41,5,2025-11-06 15:32:00
O003713,U367,66,5,2025-11-06 15:56:00
O003719,U051,65,2,2025-11-06 16:15:00
O003724,U328,1,5,2025-11-06 16:31:00
O003718,U189,2,4,2025-11-06 16:41:00
O003730,U127,62,2,2025-11-06 17:49:00
O003731,U126,78,5,2025-11-06 17:50:00
O003731,U126,54,4,2025-11-06 17:56:00
O003727,U468,19,4,2025-11-06 18:42:00
O003735,U496,18,5,2025-11-06 18:47:00
O003728,U455,94,2,2025-11-06 19:33:00
O003740,U158,83,5,2025-11-06 20:45:00
O003738,U301,72,2,2025-11-06 21:05:00
O003745,U141,47,3,2025-11-06 21:14:00
O003746,U178,30,5,2025-11-06 22:50:00
O003761,U098,54,1,2025-11-07 07:55:00
O003755,U287,1,4,2025-11-07 08:00:00
O003757,U494,15,5,2025-11-07 08:01:00
O003754,U106,48,3,2025-11-07 08:13:00
O003766,U072,87,4,2025-11-07 08:55:00
O003758,U462,15,3,2025-11-07 09:05:00
O003766,U072,38,2,2025-11-07 09:44:00
O003770,U141,89,5,2025-11-07 09:51:00
O003782,U333,39,3,2025-11-07 10:12:00
O003767,U001,101,5,2025-11-07 10:44:00
O003786,U367,100,5,2025-11-07 10:45:00
O003782,U333,28,5,2025-11-07 11:04:00
O003792,U383,94,2,2025-11-07 11:46:00
O003791,U466,79,3,2025-11-07 11:50:00
O003788,U436,56,4,2025-11-07 11:55:00
O003800,U347,84,3,2025-11-07 13:41:00
O003790,U421,41,4,2025-11-07 13:59:00
O003794,U035,37,4,2025-11-07 14:03:00
O003803,U102,101,4,2025-11-07 14:17:00
O003796,U458,91,5,2025-11-07 14:22:00
O003803,U102,22,4,2025-11-07 15:18:00
O003804,U321,38,2,2025-11-07 15:25:00
O003799,U401,89,3,2025-11-07 15:33:00
O003812,U296,45,2,2025-11-07 15:53:00
O003801,U260,60,4,2025-11-07 15:59:00
O003807,U409,78,4,2025-11-07 16:01:00
O003801,U260,83,4,2025-11-07 16:06:00
O003824,U085,7,4,2025-11-07 17:04:00
O003816,U208,21,4,2025-11-07 17:05:00
O003813,U421,99,5,2025-11-07 17:23:00
O003823,U124,49,5,2025-11-07 17:25:00
O003829,U471,47,3,2025-11-07 17:26:00
O003826,U042,2,4,2025-11-07 17:39:00
O003822,U164,8,4,2025-11-07 17:50:00
O003826,U042,100,5,2025-11-07 18:10:00
O003814,U317,37,3,2025-11-07 18:18:00
O003822,U164,102,5,2025-11-07 18:33:00
O003820,U244,43,4,2025-11-07 18:36:00
O003823,U124,72,3,2025-11-07 18:52:00
O003819,U440,6,5,2025-11-07 19:00:00
O003822,U164,6,5,2025-11-07 19:11:00
O003830,U023,28,4,2025-11-07 19:16:00
O003839,U054,37,5,2025-11-07 19:36:00
O003837,U216,74,4,2025-11-07 20:58:00
O003839,U054,76,3,2025-11-07 21:37:00
O003844,U101,90,5,2025-11-07 22:10:00
O003845,U178,10,2,2025-11-08 00:10:00
O003859,U301,14,5,2025-11-08 10:48:00
O003859,U301,23,4,2025-11-08 11:24:00
O003863,U325,91,3,2025-11-08 11:38:00
O003860,U210,41,3,2025-11-08 12:04:00
O003858,U046,49,4,2025-11-08 12:37:00
O003872,U210,46,3,2025-11-08 13:28:00
O003871,U496,12,4,2025-11-08 13:34:00
O003874,U077,26,4,2025-11-08 13:53:00
O003878,U419,66,5,2025-11-08 14:15:00
O003880,U067,8,4,2025-11-08 15:53:00
O003883,U178,78,2,2025-11-08 16:32:00
O003881,U291,72,5,2025-11-08 16:37:00
O003900,U259,39,3,2025-11-08 16:47:00
O003893,U168,92,3,2025-11-08 16:47:00
O003886,U396,94,3,2025-11-08 16:56:00
O003894,U247,71,3,2025-11-08 17:08:00
O003884,U064,9,4,2025-11-08 17:14:00
O003887,U360,8,5,2025-11-08 17:32:00
O003897,U238,35,3,2025-11-08 17:55:00
O003891,U190,35,3,2025-11-08 18:08:00
O003888,U319,8,3,2025-11-08 18:22:00
O003893,U168,101,3,2025-11-08 18:22:00
O003895,U072,13,3,2025-11-08 18:28:00
O003901,U071,85,3,2025-11-08 18:45:00
O003917,U071,90,3,2025-11-08 18:57:00
O003909,U237,47,4,2025-11-08 19:17:00
O003903,U302,6,4,2025-11-08 19:27:00
O003922,U216,81,4,2025-11-08 19:30:00
O003918,U138,63,4,2025-11-08 19:42:00
O003910,U333,52,4,2025-11-08 20:00:00
O003915,U494,15,5,2025-11-08 20:04:00
O003924,U114,91,3,2025-11-08 20:10:00
O003914,U287,1,5,2025-11-08 20:14:00
O003921,U207,64,5,2025-11-08 20:30:00
O003923,U442,11,4,2025-11-08 20:35:00
O003930,U196,27,4,2025-11-08 20:41:00
O003922,U216,88,3,2025-11-08 21:01:00
O003929,U124,42,4,2025-11-08 21:03:00
O003920,U213,80,3,2025-11-08 21:03:00
O003920,U213,76,5,2025-11-08 21:10:00
O003921,U207,59,3,2025-11-08 21:17:00
O003922,U216,40,3,2025-11-08 21:31:00
O003931,U230,52,4,2025-11-08 21:44:00
O003933,U051,36,5,2025-11-08 22:08:00
O003937,U264,101,4,2025-11-08 22:26:00
O003930,U196,32,3,2025-11-08 22:36:00
O003926,U057,79,5,2025-11-08 22:37:00
O003932,U455,5,3,2025-11-08 23:06:00
O003947,U407,22,5,2025-11-09 09:54:00
O003948,U061,100,4,2025-11-09 10:31:00
O003944,U495,78,4,2025-11-09 11:04:00
O003950,U363,36,5,2025-11-09 11:10:00
O003948,U061,27,5,2025-11-09 11:33:00
O003959,U286,42,5,2025-11-09 11:36:00
O003955,U449,62,3,2025-11-09 11:55:00
O003951,U369,7,3,2025-11-09 12:20:00
O003949,U244,74,3,2025-11-09 12:21:00
O003957,U379,70,5,2025-11-09 12:40:00
O003972,U379,47,2,2025-11-09 13:01:00
O003963,U367,66,5,2025-11-09 13:03:00
O003967,U120,3,4,2025-11-09 13:33:00
O003962,U098,54,4,2025-11-09 13:36:00
O003978,U057,79,5,2025-11-09 13:44:00
O003971,U442,80,2,2025-11-09 14:19:00
O003964,U411,75,5,2025-11-09 14:32:00
O003974,U496,10,3,2025-11-09 14:38:00
O003976,U119,101,5,2025-11-09 14:43:00
O003982,U395,62,3,2025-11-09 14:47:00
O003976,U119,54,4,2025-11-09 15:06:00
O003981,U363,36,3,2025-11-09 15:31:00
O003980,U178,54,4,2025-11-09 15:37:00
O003979,U061,97,2,2025-11-09 15:54:00
O003982,U395,77,3,2025-11-09 16:11:00
O003989,U138,61,4,2025-11-09 16:18:00
O003987,U317,93,3,2025-11-09 16:43:00
O003984,U242,54,4,2025-11-09 16:49:00
O003996,U210,96,3,2025-11-09 16:53:00
O003986,U351,102,3,2025-11-09 17:47:00
O003999,U377,100,4,2025-11-09 18:01:00
O004009,U105,10,3,2025-11-09 18:14:00
O004015,U101,79,3,2025-11-09 18:21:00
O004010,U443,95,3,2025-11-09 18:24:00
O004023,U009,92,5,2025-11-09 18:58:00
O004005,U368,75,2,2025-11-09 19:15:00
O004016,U401,97,3,2025-11-09 19:23:00
O004021,U455,12,2,2025-11-09 19:44:00
O004009,U105,23,5,2025-11-09 19:58:00
O004011,U278,33,4,2025-11-09 20:07:00
O004027,U318,47,2,2025-11-09 20:08:00
O004010,U443,82,3,2025-11-09 20:14:00
O004032,U020,64,4,2025-11-09 20:28:00
O004020,U253,17,5,2025-11-09 20:43:00
O004019,U260,12,4,2025-11-09 21:08:00
O004019,U260,78,4,2025-11-09 21:14:00
O004026,U222,99,4,2025-11-09 21:42:00
O004030,U317,70,3,2025-11-09 22:10:00
O004033,U264,6,5,2025-11-09 22:33:00
O004034,U176,61,3,2025-11-09 23:32:00
O004038,U169,34,4,2025-11-09 23:40:00
O004042,U166,61,3,2025-11-10 07:37:00
O004047,U277,54,4,2025-11-10 08:12:00
O004048,U104,91,3,2025-11-10 09:06:00
O004046,U384,48,4,2025-11-10 09:23:00
O004053,U377,34,3,2025-11-10 09:29:00
O004055,U166,99,4,2025-11-10 09:31:00
O004045,U037,22,3,2025-11-10 09:42:00
O004049,U249,38,4,2025-11-10 09:56:00
O004059,U370,101,4,2025-11-10 09:58:00
O004052,U277,54,4,2025-11-10 10:07:00
O004054,U031,57,4,2025-11-10 10:16:00
O004058,U135,36,2,2025-11-10 10:20:00
O004071,U183,64,2,2025-11-10 10:51:00
O004057,U284,22,5,2025-11-10 11:04:00
O004065,U034,99,3,2025-11-10 11:07:00
O004052,U277,101,2,2025-11-10 11:16:00
O004060,U206,42,2,2025-11-10 11:57:00
O004056,U163,45,3,2025-11-10 11:58:00
O004074,U463,99,3,2025-11-10 12:05:00
O004065,U034,101,3,2025-11-10 12:15:00
O004080,U301,15,4,2025-11-10 12:32:00
O004069,U275,13,4,2025-11-10 12:35:00
O004072,U178,5,4,2025-11-10 13:14:00
O004081,U421,22,3,2025-11-10 13:17:00
O004085,U355,43,2,2025-11-10 13:52:00
O004087,U093,86,3,2025-11-10 13:59:00
O004096,U379,54,4,2025-11-10 15:01:00
O004100,U304,85,4,2025-11-10 15:12:00
O004084,U064,8,5,2025-11-10 15:16:00
O004086,U455,10,3,2025-11-10 15:22:00
O004104,U230,66,3,2025-11-10 15:26:00
O004100,U304,101,4,2025-11-10 15:39:00
O004095,U449,6,5,2025-11-10 16:36:00
O004101,U295,91,2,2025-11-10 16:47:00
O004109,U165,58,1,2025-11-10 16:50:00
O004109,U165,77,4,2025-11-10 17:01:00
O004114,U164,6,5,2025-11-10 17:17:00
O004099,U041,75,3,2025-11-10 17:23:00
O004113,U317,94,3,2025-11-10 17:33:00
O004110,U188,37,4,2025-11-10 17:38:00
O004105,U133,100,4,2025-11-10 17:45:00
O004108,U347,100,4,2025-11-10 17:49:00
O004122,U292,72,4,2025-11-10 18:05:00
O004111,U229,101,4,2025-11-10 18:16:00
O004108,U347,98,4,2025-11-10 18:33:00
O004120,U196,3,4,2025-11-10 19:07:00
O004132,U083,27,3,2025-11-10 19:35:00
O004121,U037,100,3,2025-11-10 19:46:00
O004129,U003,41,4,2025-11-10 19:58:00
O004133,U321,22,5,2025-11-10 20:00:00
O004125,U452,6,5,2025-11-10 20:07:00
O004124,U464,74,2,2025-11-10 20:23:00
O004134,U134,100,3,2025-11-10 21:04:00
O004131,U368,94,3,2025-11-10 21:09:00
O004136,U443,77,5,2025-11-10 21:18:00
O004142,U359,70,3,2025-11-10 22:00:00
O004138,U295,5,3,2025-11-10 22:27:00
O004145,U254,68,5,2025-11-10 22:35:00
O004146,U474,61,3,2025-11-10 23:18:00
O004147,U277,101,4,2025-11-11 08:21:00
O004152,U275,60,2,2025-11-11 08:55:00
O004164,U479,8,4,2025-11-11 09:19:00
O004172,U154,83,4,2025-11-11 09:47:00
O004173,U328,75,3,2025-11-11 09:53:00
O004181,U102,75,2,2025-11-11 10:26:00
O004171,U108,71,2,2025-11-11 10:30:00
O004161,U108,12,3,2025-11-11 10:34:00
O004173,U328,100,5,2025-11-11 10:51:00
O004174,U452,102,4,2025-11-11 11:25:00
O004167,U455,98,4,2025-11-11 11:31:00
O004179,U064,9,4,2025-11-11 11:34:00
O004178,U247,32,4,2025-11-11 11:41:00
O004182,U023,28,3,2025-11-11 11:49:00
O004171,U108,101,4,2025-11-11 12:05:00
O004178,U247,81,3,2025-11-11 12:07:00
O004176,U176,41,4,2025-11-11 12:08:00
O004186,U280,9,5,2025-11-11 12:35:00
O004190,U325,102,3,2025-11-11 13:33:00
O004187,U066,22,4,2025-11-11 13:52:00
O004192,U239,15,5,2025-11-11 13:54:00
O004194,U269,23,5,2025-11-11 14:07:00
O004195,U150,95,1,2025-11-11 14:24:00
O004194,U269,81,5,2025-11-11 14:28:00
O004201,U411,71,5,2025-11-11 14:35:00
O004199,U352,1,5,2025-11-11 14:40:00
O004189,U272,88,3,2025-11-11 14:56:00
O004205,U148,98,5,2025-11-11 15:32:00
O004198,U366,2,4,2025-11-11 15:57:00
O004202,U104,91,2,2025-11-11 16:14:00
O004197,U161,34,4,2025-11-11 16:19:00
O004199,U352,102,3,2025-11-11 16:39:00
O004213,U109,22,2,2025-11-11 16:45:00
O004201,U411,102,5,2025-11-11 17:10:00
O004212,U289,13,3,2025-11-11 17:12:00
O004204,U089,82,4,2025-11-11 17:14:00
O004223,U106,85,5,2025-11-11 17:18:00
O004233,U302,7,3,2025-11-11 18:45:00
O004224,U020,64,4,2025-11-11 18:48:00
O004212,U289,100,4,2025-11-11 18:53:00
O004216,U250,52,3,2025-11-11 18:54:00
O004236,U449,62,3,2025-11-11 19:10:00
O004234,U396,13,3,2025-11-11 19:21:00
O004237,U312,101,4,2025-11-11 19:22:00
O004217,U142,10,3,2025-11-11 19:29:00
O004220,U464,74,2,2025-11-11 19:42:00
O004238,U248,62,3,2025-11-11 19:48:00
O004235,U278,10,4,2025-11-11 20:51:00
O004240,U161,3,4,2025-11-11 21:19:00
O004253,U091,74,5,2025-11-11 23:43:00
O004258,U132,2,5,2025-11-12 07:19:00
O004265,U418,5,4,2025-11-12 07:56:00
O004270,U477,101,4,2025-11-12 08:52:00
O004259,U338,26,3,2025-11-12 08:56:00
O004276,U148,70,4,2025-11-12 09:10:00
O004261,U127,100,4,2025-11-12 09:11:00
O004278,U333,36,3,2025-11-12 09:14:00
O004269,U324,13,5,2025-11-12 09:47:00
O004284,U165,43,2,2025-11-12 09:54:00
O004269,U324,102,5,2025-11-12 10:08:00
O004284,U165,85,3,2025-11-12 10:12:00
O004268,U117,100,4,2025-11-12 10:15:00
O004274,U338,15,4,2025-11-12 10:20:00
O004271,U031,90,4,2025-11-12 10:34:00
O004280,U449,62,2,2025-11-12 11:35:00
O004284,U165,100,3,2025-11-12 12:06:00
O004300,U071,85,3,2025-11-12 12:17:00
O004298,U412,6,5,2025-11-12 12:18:00
O004295,U385,7,4,2025-11-12 12:32:00
O004303,U476,86,4,2025-11-12 13:11:00
O004297,U250,102,4,2025-11-12 13:44:00
O004294,U124,96,3,2025-11-12 13:56:00
O004300,U071,101,4,2025-11-12 14:09:00
O004305,U106,43,3,2025-11-12 14:16:00
O004303,U476,101,3,2025-11-12 15:18:00
O004320,U102,101,4,2025-11-12 15:28:00
O004316,U449,60,4,2025-11-12 15:31:00
O004309,U446,89,2,2025-11-12 16:05:00
O004324,U020,99,4,2025-11-12 17:03:00
O004343,U351,35,2,2025-11-12 17:49:00
O004342,U086,22,5,2025-11-12 17:52:00
O004345,U057,79,5,2025-11-12 19:04:00
O004350,U017,36,4,2025-11-12 19:04:00
O004349,U344,74,5,2025-11-12 19:08:00
O004359,U367,53,4,2025-11-12 19:27:00
O004351,U385,100,4,2025-11-12 20:14:00
O004355,U468,27,3,2025-11-12 20:17:00
O004353,U493,54,2,2025-11-12 20:31:00
O004358,U157,68,3,2025-11-12 20:46:00
O004358,U157,19,5,2025-11-12 20:56:00
O004354,U419,101,5,2025-11-12 21:07:00
O004360,U464,101,4,2025-11-12 21:28:00
O004358,U157,100,4,2025-11-12 21:34:00
O004367,U496,35,2,2025-11-12 22:32:00
O004369,U292,12,3,2025-11-12 23:37:00
O004366,U003,86,4,2025-11-12 23:53:00
O004371,U108,98,3,2025-11-13 07:42:00
O004385,U301,23,2,2025-11-13 08:29:00
O004386,U008,101,5,2025-11-13 08:39:00
O004387,U322,48,5,2025-11-13 08:42:00
O004379,U166,12,4,2025-11-13 08:45:00
O004376,U356,98,4,2025-11-13 08:49:00
O004377,U466,101,5,2025-11-13 09:00:00
O004393,U225,52,3,2025-11-13 09:06:00
O004390,U377,34,3,2025-11-13 09:33:00
O004397,U420,102,3,2025-11-13 09:38:00
O004386,U008,21,5,2025-11-13 09:41:00
O004378,U273,2,4,2025-11-13 09:51:00
O004399,U108,101,4,2025-11-13 10:06:00
O004404,U036,9,5,2025-11-13 10:09:00
O004377,U466,5,5,2025-11-13 10:16:00
O004388,U025,101,4,2025-11-13 10:23:00
O004384,U127,33,2,2025-11-13 10:28:00
O004394,U286,49,5,2025-11-13 11:16:00
O004397,U420,41,4,2025-11-13 11:34:00
O004410,U284,68,3,2025-11-13 13:19:00
O004416,U179,4,5,2025-11-13 13:48:00
O004409,U090,28,3,2025-11-13 14:00:00
O004426,U362,27,5,2025-11-13 14:07:00
O004431,U328,102,4,2025-11-13 14:09:00
O004417,U392,1,4,2025-11-13 14:19:00
O004418,U275,60,3,2025-11-13 14:33:00
O004426,U362,34,3,2025-11-13 14:49:00
O004418,U275,99,4,2025-11-13 15:30:00
O004432,U107,77,3,2025-11-13 15:43:00
O004432,U107,59,3,2025-11-13 15:45:00
O004432,U107,30,3,2025-11-13 15:53:00
O004429,U036,65,3,2025-11-13 16:08:00
O004443,U471,36,5,2025-11-13 16:52:00
O004445,U451,20,4,2025-11-13 17:11:00
O004436,U317,37,4,2025-11-13 17:12:00
O004438,U411,36,5,2025-11-13 17:23:00
O004454,U003,45,3,2025-11-13 17:26:00
O004446,U477,23,3,2025-11-13 17:48:00
O004450,U109,98,5,2025-11-13 17:52:00
O004450,U109,1,5,2025-11-13 18:17:00
O004459,U430,60,2,2025-11-13 18:18:00
O004458,U219,94,4,2025-11-13 19:30:00
O004470,U207,98,3,2025-11-13 19:31:00
O004466,U463,85,4,2025-11-13 20:19:00
O004474,U111,81,3,2025-11-13 20:49:00
O004469,U163,100,3,2025-11-13 21:03:00
O004475,U260,65,5,2025-11-13 21:13:00
O004470,U207,59,2,2025-11-13 21:14:00
O004472,U056,92,2,2025-11-13 21:32:00
O004468,U438,93,4,2025-11-13 22:05:00
O004491,U289,15,4,2025-11-14 08:24:00
O004481,U298,102,4,2025-11-14 08:53:00
O004500,U247,99,3,2025-11-14 09:16:00
O004483,U072,8,3,2025-11-14 09:26:00
O004497,U419,92,3,2025-11-14 09:27:00
O004482,U429,1,4,2025-11-14 09:27:00
O004494,U132,2,5,2025-11-14 09:37:00
O004488,U299,100,4,2025-11-14 09:38:00
O004485,U427,37,3,2025-11-14 09:45:00
O004502,U202,59,3,2025-11-14 10:12:00
O004498,U079,9,3,2025-11-14 10:15:00
O004522,U149,46,3,2025-11-14 10:18:00
O004512,U370,6,5,2025-11-14 10:20:00
O004489,U333,28,5,2025-11-14 10:42:00
O004508,U127,75,3,2025-11-14 10:45:00
O004511,U216,13,3,2025-11-14 10:47:00
O004498,U079,89,5,2025-11-14 11:06:00
O004506,U466,9,3,2025-11-14 11:07:00
O004521,U273,101,4,2025-11-14 11:12:00
O004524,U464,81,2,2025-11-14 11:29:00
O004517,U102,22,4,2025-11-14 11:34:00
O004501,U109,7,5,2025-11-14 11:39:00
O004524,U464,53,3,2025-11-14 11:47:00
O004530,U463,89,3,2025-11-14 12:04:00
O004513,U382,5,4,2025-11-14 12:30:00
O004524,U464,74,3,2025-11-14 12:35:00
O004526,U277,47,3,2025-11-14 12:41:00
O004531,U124,27,2,2025-11-14 13:00:00
O004531,U124,102,4,2025-11-14 13:10:00
O004537,U439,99,4,2025-11-14 13:57:00
O004537,U439,56,3,2025-11-14 14:15:00
O004539,U312,100,3,2025-11-14 14:28:00
O004540,U274,64,4,2025-11-14 14:38:00
O004552,U121,101,3,2025-11-14 15:12:00
O004548,U083,27,3,2025-11-14 15:19:00
O004542,U304,101,4,2025-11-14 15:23:00
O004554,U017,91,4,2025-11-14 15:23:00
O004556,U102,18,4,2025-11-14 15:30:00
O004539,U312,14,3,2025-11-14 15:58:00
O004541,U018,95,5,2025-11-14 16:00:00
O004551,U382,17,3,2025-11-14 16:22:00
O004556,U102,22,3,2025-11-14 16:26:00
O004557,U111,41,3,2025-11-14 16:46:00
O004551,U382,80,3,2025-11-14 16:58:00
O004568,U093,50,3,2025-11-14 17:11:00
O004560,U198,30,4,2025-11-14 17:57:00
O004559,U392,101,4,2025-11-14 18:06:00
O004559,U392,1,5,2025-11-14 18:11:00
O004578,U214,36,5,2025-11-14 18:51:00
O004580,U328,1,5,2025-11-14 19:04:00
O004570,U072,8,4,2025-11-14 19:14:00
O004576,U449,80,3,2025-11-14 19:16:00
O004579,U163,100,4,2025-11-14 19:59:00
O004577,U324,100,4,2025-11-14 20:26:00
O004582,U443,77,5,2025-11-14 21:08:00
O004590,U436,100,5,2025-11-14 21:42:00
O004587,U435,38,3,2025-11-14 22:20:00
O004592,U003,30,5,2025-11-14 23:04:00
O004599,U449,13,2,2025-11-15 08:01:00
O004599,U449,99,4,2025-11-15 08:18:00
O004605,U427,67,3,2025-11-15 09:46:00
O004606,U469,18,4,2025-11-15 10:06:00
O004611,U072,8,3,2025-11-15 12:03:00
O004607,U495,3,5,2025-11-15 12:12:00
O004620,U254,18,3,2025-11-15 13:04:00
O004610,U328,6,5,2025-11-15 13:28:00
O004617,U404,38,2,2025-11-15 13:30:00
O004624,U438,84,3,2025-11-15 14:50:00
O004619,U192,15,3,2025-11-15 14:53:00
O004632,U269,81,5,2025-11-15 15:36:00
O004624,U438,3,3,2025-11-15 15:41:00
O004628,U121,100,3,2025-11-15 15:53:00
O004628,U121,28,2,2025-11-15 15:57:00
O004635,U495,26,5,2025-11-15 16:33:00
O004640,U274,90,3,2025-11-15 16:56:00
O004637,U469,98,4,2025-11-15 17:10:00
O004639,U149,2,4,2025-11-15 17:24:00
O004633,U083,9,4,2025-11-15 17:38:00
O004645,U274,89,3,2025-11-15 18:08:00
O004649,U149,5,5,2025-11-15 18:33:00
O004651,U056,77,5,2025-11-15 18:49:00
O004663,U020,64,4,2025-11-15 18:53:00
O004653,U286,42,5,2025-11-15 19:02:00
O004660,U043,27,5,2025-11-15 19:06:00
O004655,U216,63,3,2025-11-15 19:24:00
O004650,U018,44,4,2025-11-15 19:35:00
O004659,U296,98,4,2025-11-15 19:37:00
O004670,U376,100,4,2025-11-15 20:22:00
O004669,U056,69,3,2025-11-15 20:58:00
O004665,U248,102,4,2025-11-15 21:01:00
O004678,U324,100,5,2025-11-15 21:35:00
O004679,U398,100,4,2025-11-15 21:55:00
O004687,U134,95,3,2025-11-15 22:20:00
O004687,U134,41,3,2025-11-15 22:42:00
O004683,U040,60,3,2025-11-15 23:37:00
O004690,U238,101,4,2025-11-16 09:04:00
O004697,U108,8,3,2025-11-16 09:08:00
O004698,U277,101,4,2025-11-16 09:19:00
O004695,U202,81,2,2025-11-16 10:15:00
O004694,U238,27,3,2025-11-16 10:16:00
O004701,U135,32,4,2025-11-16 10:25:00
O004711,U229,10,3,2025-11-16 10:59:00
O004703,U194,27,4,2025-11-16 11:36:00
O004720,U402,3,4,2025-11-16 11:50:00
O004715,U020,64,3,2025-11-16 11:53:00
O004700,U421,37,5,2025-11-16 12:05:00
O004708,U138,98,3,2025-11-16 12:06:00
O004710,U041,74,4,2025-11-16 13:21:00
O004736,U307,48,3,2025-11-16 15:30:00
O004733,U495,1,3,2025-11-16 15:57:00
O004728,U453,100,4,2025-11-16 16:05:00
O004730,U421,37,5,2025-11-16 16:26:00
O004743,U308,52,4,2025-11-16 16:27:00
O004744,U192,102,4,2025-11-16 16:27:00
O004749,U291,70,5,2025-11-16 16:50:00
O004754,U422,94,1,2025-11-16 17:00:00
O004747,U120,32,3,2025-11-16 17:05:00
O004750,U324,63,4,2025-11-16 17:18:00
O004756,U443,79,3,2025-11-16 17:20:00
O004758,U312,37,4,2025-11-16 17:22:00
O004739,U407,100,4,2025-11-16 17:26:00
O004745,U242,76,3,2025-11-16 17:41:00
O004744,U192,40,5,2025-11-16 18:11:00
O004748,U397,26,5,2025-11-16 18:26:00
O004749,U291,79,5,2025-11-16 18:28:00
O004749,U291,6,4,2025-11-16 18:55:00
O004768,U132,4,4,2025-11-16 20:25:00
O004769,U404,7,4,2025-11-16 20:42:00
O004769,U404,26,3,2025-11-16 20:45:00
O004786,U497,76,5,2025-11-16 20:50:00
O004778,U367,66,5,2025-11-16 20:53:00
O004780,U135,52,2,2025-11-16 20:55:00
O004772,U289,100,2,2025-11-16 20:59:00
O004794,U438,100,3,2025-11-16 21:33:00
O004789,U049,84,4,2025-11-16 21:37:00
O004781,U403,84,2,2025-11-16 21:54:00
O004790,U178,64,4,2025-11-16 21:54:00
O004796,U190,36,5,2025-11-16 21:59:00
O004785,U095,49,4,2025-11-16 22:00:00
O004788,U174,47,2,2025-11-16 22:00:00
O004797,U061,28,3,2025-11-16 22:14:00
O004796,U190,41,4,2025-11-16 22:57:00
O004790,U178,94,3,2025-11-16 23:11:00
O004800,U130,101,4,2025-11-17 07:24:00
O004812,U455,15,3,2025-11-17 08:53:00
O004806,U471,44,5,2025-11-17 08:57:00
O004801,U025,2,4,2025-11-17 09:09:00
O004805,U466,100,5,2025-11-17 09:10:00
O004817,U150,10,2,2025-11-17 09:13:00
O004809,U448,91,3,2025-11-17 09:18:00
O004810,U053,69,2,2025-11-17 09:21:00
O004822,U130,101,4,2025-11-17 10:09:00
O004812,U455,5,4,2025-11-17 10:18:00
O004830,U190,100,4,2025-11-17 10:23:00
O004816,U439,47,2,2025-11-17 10:45:00
O004807,U076,67,3,2025-11-17 10:59:00
O004819,U363,36,4,2025-11-17 11:08:00
O004808,U098,87,3,2025-11-17 11:15:00
O004824,U163,13,4,2025-11-17 11:39:00
O004825,U111,102,4,2025-11-17 11:48:00
O004825,U111,2,2,2025-11-17 11:48:00
O004832,U094,73,2,2025-11-17 12:50:00
O004834,U352,37,4,2025-11-17 13:22:00
O004841,U064,1,5,2025-11-17 13:26:00
O004844,U352,57,5,2025-11-17 14:26:00
O004843,U183,101,4,2025-11-17 15:23:00
O004841,U064,10,3,2025-11-17 15:39:00
O004846,U121,90,2,2025-11-17 15:56:00
O004848,U368,92,5,2025-11-17 16:06:00
O004851,U466,5,3,2025-11-17 16:19:00
O004853,U306,12,4,2025-11-17 16:33:00
O004865,U498,13,4,2025-11-17 16:49:00
O004865,U498,30,4,2025-11-17 17:09:00
O004861,U209,78,2,2025-11-17 17:16:00
O004861,U209,27,3,2025-11-17 17:22:00
O004859,U003,19,3,2025-11-17 17:35:00
O004871,U455,98,4,2025-11-17 17:41:00
O004871,U455,88,3,2025-11-17 17:44:00
O004865,U498,100,3,2025-11-17 18:05:00
O004873,U297,100,3,2025-11-17 18:14:00
O004862,U196,6,3,2025-11-17 18:19:00
O004877,U491,97,5,2025-11-17 18:35:00
O004880,U415,2,4,2025-11-17 18:36:00
O004881,U101,101,4,2025-11-17 18:37:00
O004866,U295,101,3,2025-11-17 18:47:00
O004880,U415,101,3,2025-11-17 18:49:00
O004884,U435,6,4,2025-11-17 19:00:00
O004881,U101,84,5,2025-11-17 19:44:00
O004892,U178,100,4,2025-11-17 20:14:00
O004889,U284,73,4,2025-11-17 20:35:00
O004899,U227,72,4,2025-11-17 20:36:00
O004895,U284,40,3,2025-11-17 20:42:00
O004890,U344,83,4,2025-11-17 20:42:00
O004888,U089,87,3,2025-11-17 21:00:00
O004894,U227,72,4,2025-11-17 22:20:00
O004907,U106,58,2,2025-11-18 07:57:00
O004905,U166,101,4,2025-11-18 08:03:00
O004909,U001,98,5,2025-11-18 08:05:00
O004919,U427,23,3,2025-11-18 09:22:00
O004905,U166,100,4,2025-11-18 09:23:00
O004915,U034,8,4,2025-11-18 09:27:00
O004916,U467,101,3,2025-11-18 09:30:00
O004924,U206,101,4,2025-11-18 09:53:00
O004906,U396,1,4,2025-11-18 10:02:00
O004920,U226,102,4,2025-11-18 10:09:00
O004910,U221,69,4,2025-11-18 10:12:00
O004925,U433,76,3,2025-11-18 10:13:00
O004921,U469,17,4,2025-11-18 10:46:00
O004923,U399,5,4,2025-11-18 11:24:00
O004920,U226,98,3,2025-11-18 11:43:00
O004924,U206,64,4,2025-11-18 11:52:00
O004921,U469,98,4,2025-11-18 12:04:00
O004926,U186,52,3,2025-11-18 12:04:00
O004934,U079,9,3,2025-11-18 12:39:00
O004933,U206,87,3,2025-11-18 13:31:00
O004935,U274,80,4,2025-11-18 14:03:00
O004946,U397,26,5,2025-11-18 15:42:00
O004965,U266,38,3,2025-11-18 16:12:00
O004948,U259,74,2,2025-11-18 16:16:00
O004958,U077,27,4,2025-11-18 16:21:00
O004947,U392,78,3,2025-11-18 16:29:00
O004966,U356,47,2,2025-11-18 16:30:00
O004949,U083,100,4,2025-11-18 16:33:00
O004956,U138,78,2,2025-11-18 16:48:00
O004969,U035,39,3,2025-11-18 17:01:00
O004971,U225,41,3,2025-11-18 17:18:00
O004963,U148,101,5,2025-11-18 17:25:00
O004971,U225,43,4,2025-11-18 17:27:00
O004977,U419,93,4,2025-11-18 18:53:00
O004985,U227,96,4,2025-11-18 20:11:00
O004975,U093,45,4,2025-11-18 20:22:00
O004989,U316,102,4,2025-11-18 20:53:00
O004980,U164,6,5,2025-11-18 21:39:00
O004989,U316,49,4,2025-11-18 22:57:00
O005002,U407,18,4,2025-11-19 09:04:00
O005005,U121,71,3,2025-11-19 09:04:00
O005004,U127,43,3,2025-11-19 09:13:00
O005005,U121,13,4,2025-11-19 09:36:00
O005010,U272,101,4,2025-11-19 09:43:00
O005001,U272,14,3,2025-11-19 09:52:00
O005010,U272,89,3,2025-11-19 09:58:00
O005005,U121,100,3,2025-11-19 09:59:00
O005001,U272,102,4,2025-11-19 10:25:00
O005012,U391,94,4,2025-11-19 10:45:00
O005001,U272,63,3,2025-11-19 10:48:00
O005006,U219,40,3,2025-11-19 10:51:00
O005015,U477,32,5,2025-11-19 11:10:00
O005007,U137,2,5,2025-11-19 11:11:00
O005025,U066,88,4,2025-11-19 11:29:00
O005021,U307,1,5,2025-11-19 11:33:00
O005024,U264,6,4,2025-11-19 11:33:00
O005017,U471,19,3,2025-11-19 11:55:00
O005013,U275,13,4,2025-11-19 12:04:00
O005016,U325,48,3,2025-11-19 12:08:00
O005022,U083,79,4,2025-11-19 12:12:00
O005034,U410,72,4,2025-11-19 12:59:00
O005021,U307,101,5,2025-11-19 13:05:00
O005030,U034,8,3,2025-11-19 13:52:00
O005032,U062,101,4,2025-11-19 14:02:00
O005041,U121,99,4,2025-11-19 14:16:00
O005028,U083,100,5,2025-11-19 14:35:00
O005043,U101,90,5,2025-11-19 14:44:00
O005037,U049,44,3,2025-11-19 15:05:00
O005040,U286,100,4,2025-11-19 15:12:00
O005050,U274,100,5,2025-11-19 16:17:00
O005053,U072,100,3,2025-11-19 16:24:00
O005046,U377,58,3,2025-11-19 17:14:00
O005048,U213,78,4,2025-11-19 17:19:00
O005048,U213,44,3,2025-11-19 17:47:00
O005054,U248,43,4,2025-11-19 18:05:00
O005065,U462,61,4,2025-11-19 18:25:00
O005053,U072,8,4,2025-11-19 18:52:00
O005057,U360,8,4,2025-11-19 18:53:00
O005064,U350,33,3,2025-11-19 19:00:00
O005073,U173,73,4,2025-11-19 19:08:00
O005059,U041,74,3,2025-11-19 19:10:00
O005058,U352,3,2,2025-11-19 19:13:00
O005071,U183,70,2,2025-11-19 19:36:00
O005074,U322,49,3,2025-11-19 19:39:00
O005065,U462,102,4,2025-11-19 19:56:00
O005067,U411,36,4,2025-11-19 20:03:00
O005067,U411,102,4,2025-11-19 20:45:00
O005083,U463,83,5,2025-11-19 21:19:00
O005071,U183,101,3,2025-11-19 21:20:00
O005071,U183,71,2,2025-11-19 21:26:00
O005081,U325,37,4,2025-11-19 22:32:00
O005085,U474,57,3,2025-11-19 23:06:00
O005088,U363,36,4,2025-11-20 00:08:00
O005092,U319,5,5,2025-11-20 07:57:00
O005097,U001,58,3,2025-11-20 08:14:00
O005104,U466,19,5,2025-11-20 08:16:00
O005105,U297,101,4,2025-11-20 08:32:00
O005092,U319,101,3,2025-11-20 08:48:00
O005114,U491,100,4,2025-11-20 09:22:00
O005093,U410,6,4,2025-11-20 09:52:00
O005110,U071,100,3,2025-11-20 10:12:00
O005128,U036,2,3,2025-11-20 10:18:00
O005101,U397,83,3,2025-11-20 10:22:00
O005104,U466,100,5,2025-11-20 10:54:00
O005112,U338,15,3,2025-11-20 10:54:00
O005128,U036,100,3,2025-11-20 11:21:00
O005125,U463,89,3,2025-11-20 11:25:00
O005113,U247,15,4,2025-11-20 11:34:00
O005123,U216,63,3,2025-11-20 11:45:00
O005135,U018,95,4,2025-11-20 11:48:00
O005139,U419,86,3,2025-11-20 11:49:00
O005128,U036,9,4,2025-11-20 11:52:00
O005140,U301,15,4,2025-11-20 11:58:00
O005134,U169,17,2,2025-11-20 12:02:00
O005137,U212,23,3,2025-11-20 12:13:00
O005123,U216,101,3,2025-11-20 12:25:00
O005132,U495,64,4,2025-11-20 12:37:00
O005145,U469,20,4,2025-11-20 13:02:00
O005151,U451,57,4,2025-11-20 13:56:00
O005152,U439,77,2,2025-11-20 14:12:00
O005143,U276,102,4,2025-11-20 14:46:00
O005148,U272,65,3,2025-11-20 14:47:00
O005162,U036,9,5,2025-11-20 15:00:00
O005165,U454,11,3,2025-11-20 15:17:00
O005159,U033,36,3,2025-11-20 15:32:00
O005160,U165,73,3,2025-11-20 15:56:00
O005171,U178,41,3,2025-11-20 16:07:00
O005167,U081,13,4,2025-11-20 16:12:00
O005156,U476,87,5,2025-11-20 16:25:00
O005177,U017,102,4,2025-11-20 16:39:00
O005153,U034,8,3,2025-11-20 16:49:00
O005179,U148,102,5,2025-11-20 17:14:00
O005177,U017,38,3,2025-11-20 17:14:00
O005169,U044,93,3,2025-11-20 17:25:00
O005183,U333,28,4,2025-11-20 17:26:00
O005168,U274,90,5,2025-11-20 17:45:00
O005187,U442,68,2,2025-11-20 18:00:00
O005192,U356,81,3,2025-11-20 18:02:00
O005188,U449,6,5,2025-11-20 20:06:00
O005197,U328,6,5,2025-11-20 20:39:00
O005195,U297,100,4,2025-11-20 20:55:00
O005196,U095,59,4,2025-11-20 20:57:00
O005202,U095,100,4,2025-11-20 22:05:00
O005200,U334,64,4,2025-11-20 23:02:00
O005212,U146,76,4,2025-11-21 08:03:00
O005208,U286,87,3,2025-11-21 08:07:00
O005218,U247,15,4,2025-11-21 08:30:00
O005216,U089,11,4,2025-11-21 08:31:00
O005213,U299,101,4,2025-11-21 08:34:00
O005205,U164,6,5,2025-11-21 08:40:00
O005211,U269,98,4,2025-11-21 08:46:00
O005207,U127,12,3,2025-11-21 09:09:00
O005233,U299,5,4,2025-11-21 09:42:00
O005222,U466,23,3,2025-11-21 09:44:00
O005210,U449,62,3,2025-11-21 09:44:00
O005224,U165,40,2,2025-11-21 10:05:00
O005220,U165,69,4,2025-11-21 10:23:00
O005213,U299,6,5,2025-11-21 10:27:00
O005215,U238,100,5,2025-11-21 10:59:00
O005219,U035,9,3,2025-11-21 11:02:00
O005233,U299,101,3,2025-11-21 11:17:00
O005249,U328,1,5,2025-11-21 11:34:00
O005249,U328,6,5,2025-11-21 11:39:00
O005231,U396,5,5,2025-11-21 11:52:00
O005236,U479,32,2,2025-11-21 12:01:00
O005251,U108,3,2,2025-11-21 12:03:00
O005234,U018,43,3,2025-11-21 12:11:00
O005239,U083,32,3,2025-11-21 12:21:00
O005251,U108,32,3,2025-11-21 12:31:00
O005249,U328,100,4,2025-11-21 12:38:00
O005254,U089,58,3,2025-11-21 13:23:00
O005255,U416,62,2,2025-11-21 13:30:00
O005261,U421,91,5,2025-11-21 14:32:00
O005263,U148,70,5,2025-11-21 14:41:00
O005253,U287,1,4,2025-11-21 14:41:00
O005256,U297,18,5,2025-11-21 14:53:00
O005262,U161,30,5,2025-11-21 15:03:00
O005267,U248,45,4,2025-11-21 15:53:00
O005267,U248,101,4,2025-11-21 16:18:00
O005278,U332,27,5,2025-11-21 16:42:00
O005270,U027,75,3,2025-11-21 16:53:00
O005274,U037,22,4,2025-11-21 17:28:00
O005286,U102,68,2,2025-11-21 17:54:00
O005282,U359,75,5,2025-11-21 17:56:00
O005285,U376,66,3,2025-11-21 18:15:00
O005284,U121,60,3,2025-11-21 18:25:00
O005300,U247,74,4,2025-11-21 20:10:00
O005304,U040,60,4,2025-11-21 20:39:00
O005290,U433,62,3,2025-11-21 20:52:00
O005304,U040,102,4,2025-11-21 21:01:00
O005308,U067,54,3,2025-11-21 21:14:00
O005311,U070,78,4,2025-11-21 21:31:00
O005297,U003,95,2,2025-11-21 21:38:00
O005311,U070,100,4,2025-11-21 21:39:00
O005302,U161,3,4,2025-11-21 21:40:00
O005303,U020,64,3,2025-11-21 21:58:00
O005306,U029,101,4,2025-11-21 22:15:00
O005310,U116,43,4,2025-11-21 22:24:00
O005314,U101,45,4,2025-11-21 22:33:00
O005311,U070,102,4,2025-11-21 22:36:00
O005316,U367,101,3,2025-11-22 00:55:00
O005322,U098,54,2,2025-11-22 07:36:00
O005324,U319,4,5,2025-11-22 09:14:00
O005327,U055,5,3,2025-11-22 10:17:00
O005326,U238,6,5,2025-11-22 11:17:00
O005329,U229,10,3,2025-11-22 11:21:00
O005329,U229,101,3,2025-11-22 11:48:00
O005339,U140,59,4,2025-11-22 12:10:00
O005333,U114,30,2,2025-11-22 12:11:00
O005328,U165,73,4,2025-11-22 12:20:00
O005341,U320,7,4,2025-11-22 12:28:00
O005340,U067,68,4,2025-11-22 13:20:00
O005336,U168,100,4,2025-11-22 13:29:00
O005346,U178,81,2,2025-11-22 13:33:00
O005340,U067,63,3,2025-11-22 13:38:00
O005342,U168,97,3,2025-11-22 13:55:00
O005348,U328,101,4,2025-11-22 14:49:00
O005348,U328,102,4,2025-11-22 15:03:00
O005343,U425,75,4,2025-11-22 15:05:00
O005350,U111,102,3,2025-11-22 15:33:00
O005356,U188,98,3,2025-11-22 15:35:00
O005357,U035,8,2,2025-11-22 15:43:00
O005358,U354,100,3,2025-11-22 16:20:00
O005350,U111,49,2,2025-11-22 16:22:00
O005349,U453,34,4,2025-11-22 16:35:00
O005351,U284,82,3,2025-11-22 16:53:00
O005360,U351,10,3,2025-11-22 16:57:00
O005358,U354,56,3,2025-11-22 17:46:00
O005370,U042,41,4,2025-11-22 18:38:00
O005373,U157,10,3,2025-11-22 18:43:00
O005364,U350,66,4,2025-11-22 19:00:00
O005365,U225,70,2,2025-11-22 19:02:00
O005367,U216,81,5,2025-11-22 19:20:00
O005363,U033,1,5,2025-11-22 19:28:00
O005379,U003,70,3,2025-11-22 19:31:00
O005370,U042,79,2,2025-11-22 19:35:00
O005369,U356,101,4,2025-11-22 19:55:00
O005376,U493,42,5,2025-11-22 20:42:00
O005380,U435,43,4,2025-11-22 20:42:00
O005382,U161,30,5,2025-11-22 21:52:00
O005382,U161,34,5,2025-11-22 22:05:00
O005390,U442,70,4,2025-11-22 22:19:00
O005385,U464,64,3,2025-11-22 22:50:00
O005388,U084,92,4,2025-11-22 22:54:00
O005392,U411,63,5,2025-11-22 23:17:00
O005390,U442,11,4,2025-11-22 23:44:00
O005397,U165,73,5,2025-11-23 08:18:00
O005406,U099,15,4,2025-11-23 10:06:00
O005403,U337,69,4,2025-11-23 10:36:00
O005398,U324,71,4,2025-11-23 11:02:00
O005405,U086,22,4,2025-11-23 11:06:00
O005411,U284,71,2,2025-11-23 11:10:00
O005413,U466,9,4,2025-11-23 11:11:00
O005409,U286,42,3,2025-11-23 11:17:00
O005398,U324,100,4,2025-11-23 11:33:00
O005420,U148,90,4,2025-11-23 11:59:00
O005402,U286,49,5,2025-11-23 12:12:00
O005424,U086,22,4,2025-11-23 13:23:00
O005419,U437,89,4,2025-11-23 14:09:00
O005429,U138,100,3,2025-11-23 14:22:00
O005429,U138,57,2,2025-11-23 15:23:00
O005436,U381,38,5,2025-11-23 16:13:00
O005433,U151,34,4,2025-11-23 16:13:00
O005434,U415,2,3,2025-11-23 16:55:00
O005438,U435,92,3,2025-11-23 16:55:00
O005442,U215,47,3,2025-11-23 17:04:00
O005447,U265,73,3,2025-11-23 17:26:00
O005450,U435,98,3,2025-11-23 17:27:00
O005435,U138,59,3,2025-11-23 17:38:00
O005432,U248,9,3,2025-11-23 17:49:00
O005434,U415,98,4,2025-11-23 17:51:00
O005439,U093,90,3,2025-11-23 17:53:00
O005440,U173,62,5,2025-11-23 18:03:00
O005453,U176,100,3,2025-11-23 18:35:00
O005444,U288,44,2,2025-11-23 18:47:00
O005450,U435,43,5,2025-11-23 18:47:00
O005460,U320,7,4,2025-11-23 18:56:00
O005457,U301,15,5,2025-11-23 19:03:00
O005463,U337,91,4,2025-11-23 19:20:00
O005461,U362,32,4,2025-11-23 19:21:00
O005466,U404,101,4,2025-11-23 19:31:00
O005458,U469,14,4,2025-11-23 19:42:00
O005450,U435,102,2,2025-11-23 19:56:00
O005453,U176,83,2,2025-11-23 20:02:00
O005455,U051,101,4,2025-11-23 20:28:00
O005466,U404,8,2,2025-11-23 21:32:00
O005472,U003,26,4,2025-11-23 21:55:00
O005470,U020,98,4,2025-11-23 23:02:00
O005475,U302,101,3,2025-11-24 06:42:00
O005476,U479,1,5,2025-11-24 07:49:00
O005482,U071,85,4,2025-11-24 08:13:00
O005481,U122,52,3,2025-11-24 08:17:00
O005475,U302,99,2,2025-11-24 08:18:00
O005486,U238,6,4,2025-11-24 08:25:00
O005488,U301,18,4,2025-11-24 08:48:00
O005489,U449,80,5,2025-11-24 08:53:00
O005475,U302,21,2,2025-11-24 09:12:00
O005478,U150,50,2,2025-11-24 09:13:00
O005495,U182,101,4,2025-11-24 09:51:00
O005491,U466,83,3,2025-11-24 10:21:00
O005494,U014,8,2,2025-11-24 10:53:00
O005508,U057,100,5,2025-11-24 10:58:00
O005493,U227,39,3,2025-11-24 11:31:00
O005511,U412,8,4,2025-11-24 12:01:00
O005518,U033,101,3,2025-11-24 12:27:00
O005517,U463,98,4,2025-11-24 12:37:00
O005501,U353,14,5,2025-11-24 12:39:00
O005507,U216,78,4,2025-11-24 12:40:00
O005517,U463,83,5,2025-11-24 12:48:00
O005508,U057,79,4,2025-11-24 12:50:00
O005519,U089,12,4,2025-11-24 13:35:00
O005510,U462,61,4,2025-11-24 14:00:00
O005528,U307,2,4,2025-11-24 14:15:00
O005529,U121,71,3,2025-11-24 14:34:00
O005539,U467,89,5,2025-11-24 15:55:00
O005525,U418,101,4,2025-11-24 15:59:00
O005542,U215,101,4,2025-11-24 16:01:00
O005525,U418,5,4,2025-11-24 16:05:00
O005551,U289,17,5,2025-11-24 17:03:00
O005547,U225,33,4,2025-11-24 17:19:00
O005549,U377,58,3,2025-11-24 17:20:00
O005538,U304,102,3,2025-11-24 17:27:00
O005554,U312,46,3,2025-11-24 17:29:00
O005552,U286,49,5,2025-11-24 17:31:00
O005543,U381,96,3,2025-11-24 17:49:00
O005543,U381,39,3,2025-11-24 17:54:00
O005554,U312,101,4,2025-11-24 17:59:00
O005556,U456,70,3,2025-11-24 18:15:00
O005550,U245,2,4,2025-11-24 18:36:00
O005565,U044,93,3,2025-11-24 18:56:00
O005559,U049,84,4,2025-11-24 19:08:00
O005558,U274,102,4,2025-11-24 19:16:00
O005557,U263,5,5,2025-11-24 19:34:00
O005561,U057,80,3,2025-11-24 19:43:00
O005572,U078,26,4,2025-11-24 21:22:00
O005577,U026,52,4,2025-11-24 22:14:00
O005574,U265,74,4,2025-11-24 22:17:00
O005569,U477,30,5,2025-11-24 22:41:00
O005571,U464,100,3,2025-11-24 23:22:00
O005577,U026,59,3,2025-11-25 00:18:00
O005582,U001,19,5,2025-11-25 08:00:00
O005580,U356,49,2,2025-11-25 08:26:00
O005584,U041,49,3,2025-11-25 08:32:00
O005594,U225,48,3,2025-11-25 08:49:00
O005590,U113,102,4,2025-11-25 08:52:00
O005581,U238,101,3,2025-11-25 08:56:00
O005581,U238,6,4,2025-11-25 09:05:00
O005601,U455,98,4,2025-11-25 09:11:00
O005601,U455,39,3,2025-11-25 09:43:00
O005600,U244,100,4,2025-11-25 09:59:00
O005602,U233,14,4,2025-11-25 10:01:00
O005616,U306,12,3,2025-11-25 10:08:00
O005619,U325,95,5,2025-11-25 10:22:00
O005613,U455,19,4,2025-11-25 10:25:00
O005595,U238,6,4,2025-11-25 10:46:00
O005614,U150,16,4,2025-11-25 10:51:00
O005607,U106,43,4,2025-11-25 10:53:00
O005600,U244,43,5,2025-11-25 11:03:00
O005613,U455,101,3,2025-11-25 11:06:00
O005608,U049,84,3,2025-11-25 11:06:00
O005599,U427,10,4,2025-11-25 11:20:00
O005615,U409,78,3,2025-11-25 11:47:00
O005612,U250,52,3,2025-11-25 12:04:00
O005614,U150,99,3,2025-11-25 12:26:00
O005613,U455,5,4,2025-11-25 12:34:00
O005625,U036,102,3,2025-11-25 13:01:00
O005622,U083,76,3,2025-11-25 13:06:00
O005629,U124,101,4,2025-11-25 13:46:00
O005629,U124,95,4,2025-11-25 13:51:00
O005628,U317,36,5,2025-11-25 13:55:00
O005630,U089,100,3,2025-11-25 14:05:00
O005632,U438,84,3,2025-11-25 14:12:00
O005630,U089,16,4,2025-11-25 14:34:00
O005633,U263,94,4,2025-11-25 14:38:00
O005636,U410,85,4,2025-11-25 15:36:00
O005654,U070,78,5,2025-11-25 16:06:00
O005644,U225,94,3,2025-11-25 16:11:00
O005647,U207,101,4,2025-11-25 16:13:00
O005647,U207,26,4,2025-11-25 17:00:00
O005660,U020,5,3,2025-11-25 17:03:00
O005649,U150,64,3,2025-11-25 17:27:00
O005645,U183,88,3,2025-11-25 17:52:00
O005659,U419,66,4,2025-11-25 18:21:00
O005665,U467,89,5,2025-11-25 18:52:00
O005656,U083,57,2,2025-11-25 18:57:00
O005662,U130,4,4,2025-11-25 19:18:00
O005665,U467,88,5,2025-11-25 19:24:00
O005669,U370,22,3,2025-11-25 19:42:00
O005670,U230,41,4,2025-11-25 19:58:00
O005681,U198,70,3,2025-11-25 21:46:00
O005681,U198,102,3,2025-11-25 22:00:00
O005679,U227,39,4,2025-11-25 22:22:00
O005680,U435,43,4,2025-11-25 23:12:00
O005692,U424,89,5,2025-11-26 07:50:00
O005697,U454,11,3,2025-11-26 08:10:00
O005706,U454,15,5,2025-11-26 09:18:00
O005694,U301,15,5,2025-11-26 09:21:00
O005695,U486,100,4,2025-11-26 09:25:00
O005716,U449,5,5,2025-11-26 09:38:00
O005712,U455,23,3,2025-11-26 09:40:00
O005714,U053,101,3,2025-11-26 09:41:00
O005713,U463,87,4,2025-11-26 10:08:00
O005726,U275,13,5,2025-11-26 10:11:00
O005720,U229,101,3,2025-11-26 10:13:00
O005694,U301,99,4,2025-11-26 10:15:00
O005691,U477,3,4,2025-11-26 10:15:00
O005725,U264,101,4,2025-11-26 10:16:00
O005698,U299,101,3,2025-11-26 10:21:00
O005704,U148,22,4,2025-11-26 10:26:00
O005704,U148,101,4,2025-11-26 10:28:00
O005713,U463,88,3,2025-11-26 10:56:00
O005727,U292,22,3,2025-11-26 10:57:00
O005719,U037,57,4,2025-11-26 11:26:00
O005710,U081,100,4,2025-11-26 11:38:00
O005732,U101,91,4,2025-11-26 11:48:00
O005736,U348,6,3,2025-11-26 11:55:00
O005720,U229,9,3,2025-11-26 12:02:00
O005731,U334,53,2,2025-11-26 12:04:00
O005723,U182,8,5,2025-11-26 12:29:00
O005735,U438,100,4,2025-11-26 13:33:00
O005739,U154,83,3,2025-11-26 13:36:00
O005750,U229,10,3,2025-11-26 14:13:00
O005753,U121,78,3,2025-11-26 14:55:00
O005755,U496,12,3,2025-11-26 15:35:00
O005751,U275,60,4,2025-11-26 16:02:00
O005759,U225,39,4,2025-11-26 16:12:00
O005749,U289,100,5,2025-11-26 16:13:00
O005749,U289,13,3,2025-11-26 16:25:00
O005756,U044,93,3,2025-11-26 16:42:00
O005766,U328,100,4,2025-11-26 16:44:00
O005752,U043,37,2,2025-11-26 16:46:00
O005764,U401,62,3,2025-11-26 16:46:00
O005775,U031,67,4,2025-11-26 16:54:00
O005761,U182,8,4,2025-11-26 16:55:00
O005773,U164,10,5,2025-11-26 17:13:00
O005785,U307,52,2,2025-11-26 18:23:00
O005787,U449,62,4,2025-11-26 18:24:00
O005772,U135,101,3,2025-11-26 18:35:00
O005789,U057,79,5,2025-11-26 18:38:00
O005794,U351,59,3,2025-11-26 18:55:00
O005787,U449,80,2,2025-11-26 19:02:00
O005793,U144,39,5,2025-11-26 19:04:00
O005801,U170,66,2,2025-11-26 20:24:00
O005795,U212,13,4,2025-11-26 20:54:00
O005798,U216,84,3,2025-11-26 21:40:00
O005804,U411,63,4,2025-11-26 21:57:00
O005800,U363,101,4,2025-11-26 22:08:00
O005799,U214,81,4,2025-11-26 22:14:00
O005805,U134,41,4,2025-11-26 23:28:00
O005809,U213,54,4,2025-11-26 23:28:00
O005815,U419,19,4,2025-11-27 07:20:00
O005818,U338,101,4,2025-11-27 07:24:00
O005812,U179,101,5,2025-11-27 07:56:00
O005831,U467,85,4,2025-11-27 08:36:00
O005813,U165,77,5,2025-11-27 08:46:00
O005819,U083,101,3,2025-11-27 08:49:00
O005819,U083,8,4,2025-11-27 09:02:00
O005836,U491,100,4,2025-11-27 09:22:00
O005821,U269,81,5,2025-11-27 09:25:00
O005834,U399,23,2,2025-11-27 09:25:00
O005820,U288,43,2,2025-11-27 10:22:00
O005837,U463,85,3,2025-11-27 11:09:00
O005832,U312,102,3,2025-11-27 11:17:00
O005845,U166,13,5,2025-11-27 11:17:00
O005851,U045,34,4,2025-11-27 12:00:00
O005855,U057,79,5,2025-11-27 13:12:00
O005851,U045,66,3,2025-11-27 13:38:00
O005848,U067,101,4,2025-11-27 13:42:00
O005853,U248,41,4,2025-11-27 13:56:00
O005850,U072,11,5,2025-11-27 14:00:00
O005856,U360,6,5,2025-11-27 14:13:00
O005850,U072,60,3,2025-11-27 14:19:00
O005860,U276,45,3,2025-11-27 15:04:00
O005863,U106,43,2,2025-11-27 15:20:00
O005857,U081,101,3,2025-11-27 15:20:00
O005873,U161,30,3,2025-11-27 15:29:00
O005862,U049,84,4,2025-11-27 15:47:00
O005859,U275,13,4,2025-11-27 15:55:00
O005876,U426,59,3,2025-11-27 16:08:00
O005886,U344,85,4,2025-11-27 17:09:00
O005891,U027,92,4,2025-11-27 17:31:00
O005890,U370,9,3,2025-11-27 18:39:00
O005886,U344,45,3,2025-11-27 18:49:00
O005896,U407,78,3,2025-11-27 18:52:00
O005902,U094,6,3,2025-11-27 18:56:00
O005891,U027,38,4,2025-11-27 19:22:00
O005899,U362,33,4,2025-11-27 20:37:00
O005914,U192,5,4,2025-11-27 20:48:00
O005912,U360,8,5,2025-11-27 20:54:00
O005909,U351,100,4,2025-11-27 21:31:00
O005913,U077,64,3,2025-11-27 21:54:00
O005910,U424,89,5,2025-11-27 21:54:00
O005915,U189,7,5,2025-11-27 22:10:00
O005916,U440,6,4,2025-11-27 22:26:00
O005919,U101,85,3,2025-11-27 22:54:00
O005917,U404,6,3,2025-11-27 23:07:00
O005916,U440,101,5,2025-11-27 23:37:00
O005920,U101,86,5,2025-11-28 00:02:00
O005921,U317,37,3,2025-11-28 00:05:00
O005926,U072,101,3,2025-11-28 08:11:00
O005922,U202,101,2,2025-11-28 08:14:00
O005940,U479,5,5,2025-11-28 09:06:00
O005933,U084,9,4,2025-11-28 09:19:00
O005930,U433,100,2,2025-11-28 09:45:00
O005943,U274,50,2,2025-11-28 09:50:00
O005924,U130,4,2,2025-11-28 09:51:00
O005936,U062,22,2,2025-11-28 09:52:00
O005931,U282,14,4,2025-11-28 10:08:00
O005944,U496,101,3,2025-11-28 10:23:00
O005931,U282,101,2,2025-11-28 10:32:00
O005950,U321,22,3,2025-11-28 11:24:00
O005954,U127,62,3,2025-11-28 12:00:00
O005952,U430,13,3,2025-11-28 12:53:00
O005957,U020,28,3,2025-11-28 13:57:00
O005967,U041,74,2,2025-11-28 14:03:00
O005976,U322,84,3,2025-11-28 14:06:00
O005964,U225,28,3,2025-11-28 14:39:00
O005962,U225,5,3,2025-11-28 14:45:00
O005965,U463,46,3,2025-11-28 14:53:00
O005988,U216,80,4,2025-11-28 15:05:00
O005982,U092,100,4,2025-11-28 15:06:00
O005976,U322,43,3,2025-11-28 15:53:00
O005983,U259,69,4,2025-11-28 15:53:00
O005985,U464,100,5,2025-11-28 16:29:00
O005988,U216,101,3,2025-11-28 16:36:00
O005990,U122,67,3,2025-11-28 17:08:00
O005992,U351,7,4,2025-11-28 17:13:00
O005999,U081,10,3,2025-11-28 17:58:00
O006000,U186,75,4,2025-11-28 18:33:00
O006017,U056,69,3,2025-11-28 18:39:00
O006010,U290,5,4,2025-11-28 19:32:00
O006027,U355,36,4,2025-11-28 19:41:00
O006020,U169,50,2,2025-11-28 20:23:00
O006019,U425,74,4,2025-11-28 20:34:00
O006033,U317,37,4,2025-11-28 22:10:00
O006031,U442,54,5,2025-11-28 23:17:00
O006039,U055,102,3,2025-11-29 08:49:00
O006046,U206,95,2,2025-11-29 09:47:00
O006040,U100,50,4,2025-11-29 10:05:00
O006041,U479,5,3,2025-11-29 10:13:00
O006045,U276,27,5,2025-11-29 10:16:00
O006048,U066,5,3,2025-11-29 10:35:00
O006053,U324,72,4,2025-11-29 10:44:00
O006044,U372,88,2,2025-11-29 10:54:00
O006059,U230,98,4,2025-11-29 11:22:00
O006048,U066,87,4,2025-11-29 12:02:00
O006046,U206,27,2,2025-11-29 12:14:00
O006052,U455,98,3,2025-11-29 12:46:00
O006060,U311,72,3,2025-11-29 13:36:00
O006065,U464,74,3,2025-11-29 14:34:00
O006067,U360,8,5,2025-11-29 15:25:00
O006079,U064,96,3,2025-11-29 15:30:00
O006075,U071,90,4,2025-11-29 16:19:00
O006070,U072,54,4,2025-11-29 16:36:00
O006073,U318,40,3,2025-11-29 16:50:00
O006092,U379,64,2,2025-11-29 16:58:00
O006070,U072,13,4,2025-11-29 17:10:00
O006083,U034,37,3,2025-11-29 17:42:00
O006099,U238,8,3,2025-11-29 18:14:00
O006104,U165,73,3,2025-11-29 18:22:00
O006092,U379,86,3,2025-11-29 18:46:00
O006105,U340,9,4,2025-11-29 18:48:00
O006099,U238,6,5,2025-11-29 18:55:00
O006108,U034,37,2,2025-11-29 19:08:00
O006107,U086,49,2,2025-11-29 19:20:00
O006113,U258,48,4,2025-11-29 19:24:00
O006113,U258,100,3,2025-11-29 19:34:00
O006123,U392,36,4,2025-11-29 20:52:00
O006119,U111,36,3,2025-11-29 21:29:00
O006126,U379,60,3,2025-11-29 21:50:00
O006123,U392,102,4,2025-11-29 21:56:00
O006120,U315,57,4,2025-11-29 21:59:00
O006128,U230,66,2,2025-11-29 22:08:00
O006131,U178,34,3,2025-11-29 22:08:00
O006127,U351,22,5,2025-11-29 22:33:00
O006125,U265,73,3,2025-11-29 22:35:00
O006122,U351,100,4,2025-11-29 22:36:00
O006122,U351,22,5,2025-11-29 22:54:00
O006138,U226,47,3,2025-11-30 08:34:00
O006140,U418,101,3,2025-11-30 09:08:00
O006135,U086,22,4,2025-11-30 09:12:00
O006143,U370,22,3,2025-11-30 10:24:00
O006150,U429,10,4,2025-11-30 12:14:00
O006157,U138,21,3,2025-11-30 12:32:00
O006151,U154,11,2,2025-11-30 13:33:00
O006159,U245,83,4,2025-11-30 13:42:00
O006167,U446,37,5,2025-11-30 13:58:00
O006171,U020,99,4,2025-11-30 14:54:00
O006171,U020,64,4,2025-11-30 15:00:00
O006174,U482,37,2,2025-11-30 15:14:00
O006170,U026,74,3,2025-11-30 15:31:00
O006171,U020,102,4,2025-11-30 16:15:00
O006185,U206,87,3,2025-11-30 16:57:00
O006177,U033,6,4,2025-11-30 17:05:00
O006186,U188,50,2,2025-11-30 17:18:00
O006173,U211,101,4,2025-11-30 17:20:00
O006180,U462,60,4,2025-11-30 17:27:00
O006178,U228,100,4,2025-11-30 17:33:00
O006213,U312,40,5,2025-11-30 18:28:00
O006198,U359,91,4,2025-11-30 18:40:00
O006209,U418,5,4,2025-11-30 18:54:00
O006195,U033,49,3,2025-11-30 19:02:00
O006210,U312,36,3,2025-11-30 19:05:00
O006199,U059,92,2,2025-11-30 19:06:00
O006191,U178,21,3,2025-11-30 19:23:00
O006212,U071,85,4,2025-11-30 19:27:00
O006204,U324,30,3,2025-11-30 19:28:00
O006202,U127,90,2,2025-11-30 19:34:00
O006203,U216,66,3,2025-11-30 19:46:00
O006221,U429,74,4,2025-11-30 19:52:00
O006218,U328,1,4,2025-11-30 19:54:00
O006206,U198,60,4,2025-11-30 19:54:00
O006214,U122,84,2,2025-11-30 20:00:00
O006208,U109,5,4,2025-11-30 20:44:00
O006222,U401,64,5,2025-11-30 21:01:00
O006216,U028,41,4,2025-11-30 21:25:00
O006227,U402,27,3,2025-11-30 23:05:00
O006228,U116,101,4,2025-11-30 23:16:00
O006230,U175,95,4,2025-11-30 23:42:00
O006229,U265,37,4,2025-11-30 23:55:00
O006234,U286,102,4,2025-12-01 08:14:00
O006236,U384,48,3,2025-12-01 08:30:00
O006244,U455,91,3,2025-12-01 08:31:00
O006240,U324,72,3,2025-12-01 08:46:00
O006245,U036,90,3,2025-12-01 08:50:00
O006239,U164,8,4,2025-12-01 09:02:00
O006231,U041,37,3,2025-12-01 09:06:00
O006252,U335,101,4,2025-12-01 09:15:00
O006232,U008,83,3,2025-12-01 10:00:00
O006264,U151,28,3,2025-12-01 10:01:00
O006251,U161,26,3,2025-12-01 10:20:00
O006261,U219,10,3,2025-12-01 10:22:00
O006257,U035,39,4,2025-12-01 10:45:00
O006252,U335,7,4,2025-12-01 10:45:00
O006250,U166,12,3,2025-12-01 10:59:00
O006259,U183,64,3,2025-12-01 11:03:00
O006248,U072,11,4,2025-12-01 11:10:00
O006260,U163,57,4,2025-12-01 11:20:00
O006273,U411,36,5,2025-12-01 11:34:00
O006265,U297,13,4,2025-12-01 11:46:00
O006267,U286,38,5,2025-12-01 11:55:00
O006277,U365,32,4,2025-12-01 12:05:00
O006281,U470,102,3,2025-12-01 13:22:00
O006278,U245,7,3,2025-12-01 13:48:00
O006288,U289,15,4,2025-12-01 14:14:00
O006276,U307,95,3,2025-12-01 14:27:00
O006284,U354,60,3,2025-12-01 14:46:00
O006285,U107,7,4,2025-12-01 15:02:00
O006285,U107,102,4,2025-12-01 15:20:00
O006288,U289,101,4,2025-12-01 15:21:00
O006293,U458,32,4,2025-12-01 15:22:00
O006288,U289,10,4,2025-12-01 15:49:00
O006295,U149,6,5,2025-12-01 15:50:00
O006307,U305,77,5,2025-12-01 15:58:00
O006303,U275,79,4,2025-12-01 16:14:00
O006303,U275,63,3,2025-12-01 16:26:00
O006311,U492,89,3,2025-12-01 16:39:00
O006313,U215,28,3,2025-12-01 16:52:00
O006300,U037,22,4,2025-12-01 17:04:00
O006302,U127,66,2,2025-12-01 17:22:00
O006312,U189,94,5,2025-12-01 17:23:00
O006297,U370,6,3,2025-12-01 17:33:00
O006308,U453,34,4,2025-12-01 17:38:00
O006300,U037,101,5,2025-12-01 18:07:00
O006306,U245,83,3,2025-12-01 18:08:00
O006309,U419,23,5,2025-12-01 18:46:00
O006317,U360,100,4,2025-12-01 19:14:00
O006323,U259,69,4,2025-12-01 19:33:00
O006325,U178,64,2,2025-12-01 19:38:00
O006328,U225,43,5,2025-12-01 20:49:00
O006334,U199,22,4,2025-12-01 22:08:00
O006335,U318,4,2,2025-12-01 23:16:00
O006339,U098,87,2,2025-12-02 07:39:00
O006340,U258,50,2,2025-12-02 08:04:00
O006347,U126,81,3,2025-12-02 08:05:00
O006359,U186,100,4,2025-12-02 09:17:00
O006339,U098,100,4,2025-12-02 09:18:00
O006361,U419,100,4,2025-12-02 09:20:00
O006349,U455,96,3,2025-12-02 09:23:00
O006359,U186,46,4,2025-12-02 09:45:00
O006342,U275,13,4,2025-12-02 09:46:00
O006345,U275,19,4,2025-12-02 09:51:00
O006364,U297,100,4,2025-12-02 09:58:00
O006348,U466,13,3,2025-12-02 10:03:00
O006363,U463,89,4,2025-12-02 10:25:00
O006345,U275,102,4,2025-12-02 10:29:00
O006348,U466,101,4,2025-12-02 10:33:00
O006364,U297,18,5,2025-12-02 10:39:00
O006377,U403,58,2,2025-12-02 10:51:00
O006366,U108,30,3,2025-12-02 10:57:00
O006358,U322,13,5,2025-12-02 11:08:00
O006374,U108,8,3,2025-12-02 11:09:00
O006378,U308,48,5,2025-12-02 11:18:00
O006360,U181,101,4,2025-12-02 11:20:00
O006356,U352,1,5,2025-12-02 11:26:00
O006372,U297,57,4,2025-12-02 11:51:00
O006373,U016,44,3,2025-12-02 12:24:00
O006380,U202,102,3,2025-12-02 12:33:00
O006377,U403,102,4,2025-12-02 12:59:00
O006382,U381,41,4,2025-12-02 14:39:00
O006388,U421,101,4,2025-12-02 15:10:00
O006396,U247,91,4,2025-12-02 15:30:00
O006400,U284,101,4,2025-12-02 15:39:00
O006389,U234,36,5,2025-12-02 15:49:00
O006395,U409,75,4,2025-12-02 16:00:00
O006393,U213,35,2,2025-12-02 16:07:00
O006401,U072,13,3,2025-12-02 16:22:00
O006391,U409,100,4,2025-12-02 16:27:00
O006405,U037,86,3,2025-12-02 16:31:00
O006408,U211,99,3,2025-12-02 16:42:00
O006403,U174,47,2,2025-12-02 16:47:00
O006395,U409,78,5,2025-12-02 17:13:00
O006405,U037,96,5,2025-12-02 17:19:00
O006411,U229,100,4,2025-12-02 17:23:00
O006419,U495,3,4,2025-12-02 17:26:00
O006420,U397,80,4,2025-12-02 17:27:00
O006415,U497,102,3,2025-12-02 17:28:00
O006397,U370,101,2,2025-12-02 17:31:00
O006399,U396,100,4,2025-12-02 17:37:00
O006423,U363,32,4,2025-12-02 17:52:00
O006400,U284,44,1,2025-12-02 17:55:00
O006400,U284,22,4,2025-12-02 18:00:00
O006407,U221,101,4,2025-12-02 18:02:00
O006410,U102,23,4,2025-12-02 18:05:00
O006421,U102,49,2,2025-12-02 18:12:00
O006418,U208,14,4,2025-12-02 18:32:00
O006418,U208,101,5,2025-12-02 18:44:00
O006427,U041,37,2,2025-12-02 18:51:00
O006416,U273,101,5,2025-12-02 18:54:00
O006430,U411,70,5,2025-12-02 20:08:00
O006425,U159,13,4,2025-12-02 20:48:00
O006443,U190,37,4,2025-12-02 21:47:00
O006443,U190,75,5,2025-12-02 21:47:00
O006438,U379,86,2,2025-12-02 22:20:00
O006434,U380,70,3,2025-12-02 22:44:00
O006442,U067,68,4,2025-12-02 23:51:00
O006444,U401,80,4,2025-12-02 23:54:00
O006446,U287,6,4,2025-12-03 08:02:00
O006459,U275,60,3,2025-12-03 08:09:00
O006446,U287,101,4,2025-12-03 08:42:00
O006466,U238,9,3,2025-12-03 09:51:00
O006464,U275,23,3,2025-12-03 10:07:00
O006467,U402,100,4,2025-12-03 11:10:00
O006476,U111,77,3,2025-12-03 11:37:00
O006473,U482,61,3,2025-12-03 11:50:00
O006475,U338,15,5,2025-12-03 13:07:00
O006480,U200,36,3,2025-12-03 13:16:00
O006488,U072,13,3,2025-12-03 13:47:00
O006481,U380,101,3,2025-12-03 13:53:00
O006484,U312,98,4,2025-12-03 14:49:00
O006496,U276,45,2,2025-12-03 15:07:00
O006501,U206,6,4,2025-12-03 15:18:00
O006501,U206,2,3,2025-12-03 15:25:00
O006500,U161,26,3,2025-12-03 15:31:00
O006493,U280,11,4,2025-12-03 15:33:00
O006503,U328,101,4,2025-12-03 16:19:00
O006515,U433,74,3,2025-12-03 17:48:00
O006508,U411,78,5,2025-12-03 18:01:00
O006520,U446,37,5,2025-12-03 18:21:00
O006506,U280,37,3,2025-12-03 18:27:00
O006524,U161,30,3,2025-12-03 18:54:00
O006511,U222,79,3,2025-12-03 19:14:00
O006516,U020,21,3,2025-12-03 19:41:00
O006532,U028,69,4,2025-12-03 19:53:00
O006516,U020,28,3,2025-12-03 20:25:00
O006523,U265,10,3,2025-12-03 20:26:00
O006529,U333,82,3,2025-12-03 20:34:00
O006518,U025,98,3,2025-12-03 20:38:00
O006523,U265,37,5,2025-12-03 20:54:00
O006538,U173,73,4,2025-12-03 22:59:00
O006536,U436,27,3,2025-12-03 23:35:00
O006547,U150,12,4,2025-12-04 07:49:00
O006541,U098,54,2,2025-12-04 08:00:00
O006545,U035,63,3,2025-12-04 08:29:00
O006550,U221,1,3,2025-12-04 08:40:00
O006552,U467,79,4,2025-12-04 08:55:00
O006561,U404,7,3,2025-12-04 09:14:00
O006552,U467,89,4,2025-12-04 09:29:00
O006555,U137,101,4,2025-12-04 09:34:00
O006573,U289,20,4,2025-12-04 09:57:00
O006573,U289,100,4,2025-12-04 10:38:00
O006577,U066,50,5,2025-12-04 11:02:00
O006574,U247,99,4,2025-12-04 11:42:00
O006572,U348,101,5,2025-12-04 12:13:00
O006582,U206,87,3,2025-12-04 12:31:00
O006580,U212,13,3,2025-12-04 12:57:00
O006581,U138,100,2,2025-12-04 13:21:00
O006584,U108,2,2,2025-12-04 13:22:00
O006599,U494,69,3,2025-12-04 15:51:00
O006589,U403,2,4,2025-12-04 16:01:00
O006607,U465,101,4,2025-12-04 16:08:00
O006603,U003,81,4,2025-12-04 16:17:00
O006608,U036,2,5,2025-12-04 16:30:00
O006613,U404,26,3,2025-12-04 16:48:00
O006604,U430,82,3,2025-12-04 16:59:00
O006612,U496,101,5,2025-12-04 17:01:00
O006618,U031,9,2,2025-12-04 17:05:00
O006607,U465,102,4,2025-12-04 17:05:00
O006595,U225,39,5,2025-12-04 17:07:00
O006600,U034,82,5,2025-12-04 17:09:00
O006621,U462,7,3,2025-12-04 17:29:00
O006610,U350,101,2,2025-12-04 17:54:00
O006617,U297,98,5,2025-12-04 18:05:00
O006616,U067,30,3,2025-12-04 18:46:00
O006612,U496,15,3,2025-12-04 18:51:00
O006627,U315,48,3,2025-12-04 19:22:00
O006632,U046,45,4,2025-12-04 19:31:00
O006616,U067,98,2,2025-12-04 19:36:00
O006622,U215,52,5,2025-12-04 19:44:00
O006629,U456,80,4,2025-12-04 20:18:00
O006627,U315,81,3,2025-12-04 20:22:00
O006626,U178,7,3,2025-12-04 20:37:00
O006638,U411,36,5,2025-12-04 21:48:00
O006637,U379,38,2,2025-12-04 22:54:00
O006641,U226,90,3,2025-12-05 07:41:00
O006646,U179,7,3,2025-12-05 08:00:00
O006653,U108,32,4,2025-12-05 08:06:00
O006656,U034,8,2,2025-12-05 08:35:00
O006650,U429,1,5,2025-12-05 08:58:00
O006646,U179,101,5,2025-12-05 08:59:00
O006667,U335,2,4,2025-12-05 09:00:00
O006660,U165,73,4,2025-12-05 09:38:00
O006655,U108,35,4,2025-12-05 09:43:00
O006669,U228,100,4,2025-12-05 09:43:00
O006665,U164,101,5,2025-12-05 09:55:00
O006664,U149,6,5,2025-12-05 09:58:00
O006647,U001,100,4,2025-12-05 10:07:00
O006678,U482,27,3,2025-12-05 10:20:00
O006669,U228,4,5,2025-12-05 10:51:00
O006657,U094,70,3,2025-12-05 10:53:00
O006685,U215,90,4,2025-12-05 12:08:00
O006671,U443,80,4,2025-12-05 12:16:00
O006676,U305,33,3,2025-12-05 12:37:00
O006679,U223,15,3,2025-12-05 12:42:00
O006683,U260,102,4,2025-12-05 13:01:00
O006686,U004,102,5,2025-12-05 13:22:00
O006689,U035,38,4,2025-12-05 13:22:00
O006687,U183,75,5,2025-12-05 13:34:00
O006694,U419,36,3,2025-12-05 14:09:00
O006701,U020,64,5,2025-12-05 14:33:00
O006693,U274,90,4,2025-12-05 14:53:00
O006699,U292,72,2,2025-12-05 14:53:00
O006700,U057,90,5,2025-12-05 14:57:00
O006697,U286,49,5,2025-12-05 15:41:00
O006694,U419,98,3,2025-12-05 15:47:00
O006706,U427,10,3,2025-12-05 15:52:00
O006709,U491,43,5,2025-12-05 16:29:00
O006699,U292,37,4,2025-12-05 16:48:00
O006722,U049,99,3,2025-12-05 17:03:00
O006714,U404,26,3,2025-12-05 17:07:00
O006707,U447,11,3,2025-12-05 17:15:00
O006727,U122,62,2,2025-12-05 17:27:00
O006730,U208,17,5,2025-12-05 17:31:00
O006712,U191,93,3,2025-12-05 17:43:00
O006718,U248,28,3,2025-12-05 17:54:00
O006713,U326,90,2,2025-12-05 17:56:00
O006719,U381,39,4,2025-12-05 17:57:00
O006735,U095,61,3,2025-12-05 18:41:00
O006740,U333,53,3,2025-12-05 18:42:00
O006719,U381,102,5,2025-12-05 18:52:00
O006727,U122,60,4,2025-12-05 19:11:00
O006734,U356,18,4,2025-12-05 19:15:00
O006730,U208,100,3,2025-12-05 19:29:00
O006732,U212,19,5,2025-12-05 19:39:00
O006742,U056,81,4,2025-12-05 20:03:00
O006751,U435,92,4,2025-12-05 20:30:00
O006746,U438,84,4,2025-12-05 20:41:00
O006741,U451,7,4,2025-12-05 20:57:00
O006744,U429,38,4,2025-12-05 21:13:00
O006742,U056,98,3,2025-12-05 21:19:00
O006753,U051,48,3,2025-12-05 21:19:00
O006745,U028,58,4,2025-12-05 21:22:00
O006750,U026,75,4,2025-12-05 21:22:00
O006756,U265,73,3,2025-12-05 21:24:00
O006747,U273,2,4,2025-12-05 21:34:00
O006756,U265,98,3,2025-12-05 22:00:00
O006750,U026,100,4,2025-12-05 22:24:00
O006759,U265,81,4,2025-12-05 22:37:00
O006758,U372,28,2,2025-12-05 22:49:00
O006762,U028,91,3,2025-12-05 22:49:00
O006755,U161,68,2,2025-12-05 23:22:00
O006754,U367,66,5,2025-12-05 23:25:00
O006765,U165,77,5,2025-12-06 07:17:00
O006769,U238,6,5,2025-12-06 08:37:00
O006770,U238,102,4,2025-12-06 08:37:00
O006770,U238,101,4,2025-12-06 08:48:00
O006767,U025,11,3,2025-12-06 09:02:00
O006772,U302,86,2,2025-12-06 09:04:00
O006769,U238,102,4,2025-12-06 09:36:00
O006770,U238,7,4,2025-12-06 10:16:00
O006772,U302,6,4,2025-12-06 10:53:00
O006788,U188,28,2,2025-12-06 11:09:00
O006783,U360,7,4,2025-12-06 11:15:00
O006793,U164,101,4,2025-12-06 11:44:00
O006787,U432,5,4,2025-12-06 11:48:00
O006778,U311,19,4,2025-12-06 11:50:00
O006774,U485,35,3,2025-12-06 11:50:00
O006786,U273,101,3,2025-12-06 12:31:00
O006792,U242,40,5,2025-12-06 12:32:00
O006781,U274,64,4,2025-12-06 12:33:00
O006789,U447,98,4,2025-12-06 12:43:00
O006795,U045,86,5,2025-12-06 13:03:00
O006796,U213,76,5,2025-12-06 13:06:00
O006807,U435,52,3,2025-12-06 13:38:00
O006804,U082,101,4,2025-12-06 13:40:00
O006809,U108,32,4,2025-12-06 14:09:00
O006814,U196,2,2,2025-12-06 15:28:00
O006814,U196,102,4,2025-12-06 15:40:00
O006817,U192,80,4,2025-12-06 15:43:00
O006827,U028,41,3,2025-12-06 16:05:00
O006813,U284,81,4,2025-12-06 16:39:00
O006831,U176,43,3,2025-12-06 16:49:00
O006825,U381,36,5,2025-12-06 17:04:00
O006824,U233,79,3,2025-12-06 17:05:00
O006817,U192,101,4,2025-12-06 17:17:00
O006830,U315,99,3,2025-12-06 17:36:00
O006833,U275,13,5,2025-12-06 17:44:00
O006847,U248,45,4,2025-12-06 17:48:00
O006834,U419,65,4,2025-12-06 17:50:00
O006831,U176,84,2,2025-12-06 18:01:00
O006839,U071,85,5,2025-12-06 18:20:00
O006837,U072,8,2,2025-12-06 18:45:00
O006857,U134,49,3,2025-12-06 18:45:00
O006858,U192,101,3,2025-12-06 20:51:00
O006867,U367,66,5,2025-12-06 21:11:00
O006874,U165,77,5,2025-12-07 06:35:00
O006875,U479,26,4,2025-12-07 07:53:00
O006877,U086,22,4,2025-12-07 09:13:00
O006882,U471,36,5,2025-12-07 09:15:00
O006876,U025,101,4,2025-12-07 09:23:00
O006896,U178,95,2,2025-12-07 10:24:00
O006900,U057,67,3,2025-12-07 11:10:00
O006895,U057,85,4,2025-12-07 11:47:00
O006888,U469,100,5,2025-12-07 11:56:00
O006903,U419,66,3,2025-12-07 12:12:00
O006890,U166,56,5,2025-12-07 12:24:00
O006897,U170,12,3,2025-12-07 12:37:00
O006911,U292,8,3,2025-12-07 12:45:00
O006898,U269,81,5,2025-12-07 12:56:00
O006907,U485,54,3,2025-12-07 13:24:00
O006904,U190,41,5,2025-12-07 13:32:00
O006918,U223,73,2,2025-12-07 15:07:00
O006916,U307,6,5,2025-12-07 15:17:00
O006927,U315,102,4,2025-12-07 15:54:00
O006916,U307,48,3,2025-12-07 16:02:00
O006917,U297,101,4,2025-12-07 16:26:00
O006924,U360,8,5,2025-12-07 16:48:00
O006917,U297,19,4,2025-12-07 16:49:00
O006934,U269,81,5,2025-12-07 17:11:00
O006935,U175,91,3,2025-12-07 17:18:00
O006936,U453,36,2,2025-12-07 17:19:00
O006933,U236,73,2,2025-12-07 17:28:00
O006929,U494,15,5,2025-12-07 17:31:00
O006931,U134,96,3,2025-12-07 17:33:00
O006920,U265,97,3,2025-12-07 17:34:00
O006937,U040,60,4,2025-12-07 17:36:00
O006923,U315,57,2,2025-12-07 17:42:00
O006938,U072,101,3,2025-12-07 17:49:00
O006948,U147,102,4,2025-12-07 18:01:00
O006940,U333,3,4,2025-12-07 18:43:00
O006933,U236,101,3,2025-12-07 18:57:00
O006952,U301,15,4,2025-12-07 19:17:00
O006938,U072,11,4,2025-12-07 19:41:00
O006941,U145,15,4,2025-12-07 20:12:00
O006956,U359,73,3,2025-12-07 21:32:00
O006959,U178,27,3,2025-12-07 21:39:00
O006958,U082,88,4,2025-12-07 21:44:00
O006969,U198,54,5,2025-12-07 23:29:00
O006967,U229,12,3,2025-12-07 23:38:00
O006970,U263,5,5,2025-12-08 00:00:00
O006977,U160,49,5,2025-12-08 08:02:00
O006975,U120,3,5,2025-12-08 08:07:00
O006971,U055,6,4,2025-12-08 08:45:00
O006980,U071,85,4,2025-12-08 08:52:00
O006994,U383,96,3,2025-12-08 09:39:00
O006999,U273,40,2,2025-12-08 09:42:00
O006988,U269,81,5,2025-12-08 10:20:00
O007005,U404,101,4,2025-12-08 10:35:00
O006981,U098,54,3,2025-12-08 10:47:00
O006995,U275,102,4,2025-12-08 11:06:00
O006998,U113,9,5,2025-12-08 11:11:00
O006990,U150,50,2,2025-12-08 11:13:00
O006995,U275,98,4,2025-12-08 11:13:00
O007002,U098,2,2,2025-12-08 11:18:00
O007000,U041,75,3,2025-12-08 11:20:00
O007002,U098,54,2,2025-12-08 11:35:00
O007001,U260,78,5,2025-12-08 11:39:00
O006995,U275,16,5,2025-12-08 11:55:00
O007007,U315,30,4,2025-12-08 12:35:00
O007009,U071,90,4,2025-12-08 12:43:00
O007005,U404,19,1,2025-12-08 13:03:00
O007008,U127,90,3,2025-12-08 13:28:00
O007010,U310,83,5,2025-12-08 13:29:00
O007012,U325,97,4,2025-12-08 14:04:00
O007030,U263,41,4,2025-12-08 14:11:00
O007018,U399,85,2,2025-12-08 14:19:00
O007019,U206,87,3,2025-12-08 14:26:00
O007017,U469,18,4,2025-12-08 14:34:00
O007034,U061,100,4,2025-12-08 14:41:00
O007023,U408,102,4,2025-12-08 14:41:00
O007035,U348,83,3,2025-12-08 15:03:00
O007023,U408,64,4,2025-12-08 15:54:00
O007043,U035,41,5,2025-12-08 16:30:00
O007050,U278,33,4,2025-12-08 16:56:00
O007039,U161,34,4,2025-12-08 17:06:00
O007045,U317,99,4,2025-12-08 17:20:00
O007046,U183,26,3,2025-12-08 18:00:00
O007068,U435,92,4,2025-12-08 18:41:00
O007060,U196,19,3,2025-12-08 18:52:00
O007075,U178,13,3,2025-12-08 19:17:00
O007073,U036,64,1,2025-12-08 19:21:00
O007060,U196,99,3,2025-12-08 19:33:00
O007078,U292,66,3,2025-12-08 20:11:00
O007072,U351,100,4,2025-12-08 21:02:00
O007081,U245,12,4,2025-12-08 23:56:00
O007088,U100,27,3,2025-12-09 08:40:00
O007090,U206,77,3,2025-12-09 09:34:00
O007104,U333,39,3,2025-12-09 09:38:00
O007095,U325,95,3,2025-12-09 09:40:00
O007105,U238,101,3,2025-12-09 09:41:00
O007115,U165,102,4,2025-12-09 10:17:00
O007088,U100,90,4,2025-12-09 10:22:00
O007105,U238,9,4,2025-12-09 10:36:00
O007097,U321,83,3,2025-12-09 10:44:00
O007098,U383,76,3,2025-12-09 10:45:00
O007093,U083,27,3,2025-12-09 10:54:00
O007104,U333,28,5,2025-12-09 11:21:00
O007102,U142,102,4,2025-12-09 11:25:00
O007103,U322,50,5,2025-12-09 11:37:00
O007108,U237,92,3,2025-12-09 11:51:00
O007117,U284,22,5,2025-12-09 12:05:00
O007110,U458,32,4,2025-12-09 12:11:00
O007113,U214,45,3,2025-12-09 12:27:00
O007135,U138,62,3,2025-12-09 12:29:00
O007126,U338,18,3,2025-12-09 12:32:00
O007130,U258,79,2,2025-12-09 12:35:00
O007131,U275,102,4,2025-12-09 12:44:00
O007127,U275,60,2,2025-12-09 12:58:00
O007124,U212,16,4,2025-12-09 13:02:00
O007122,U053,93,2,2025-12-09 13:07:00
O007125,U196,98,3,2025-12-09 13:26:00
O007135,U138,35,3,2025-12-09 13:34:00
O007133,U299,6,5,2025-12-09 13:41:00
O007137,U419,16,5,2025-12-09 13:44:00
O007141,U091,100,3,2025-12-09 14:13:00
O007133,U299,100,3,2025-12-09 14:17:00
O007145,U208,13,5,2025-12-09 15:05:00
O007145,U208,100,4,2025-12-09 15:07:00
O007152,U446,36,2,2025-12-09 15:38:00
O007162,U455,33,3,2025-12-09 16:14:00
O007140,U043,37,2,2025-12-09 16:15:00
O007147,U296,45,2,2025-12-09 16:26:00
O007149,U466,100,5,2025-12-09 16:29:00
O007161,U440,88,3,2025-12-09 16:35:00
O007150,U216,79,4,2025-12-09 16:45:00
O007157,U349,58,3,2025-12-09 16:55:00
O007156,U383,6,3,2025-12-09 17:03:00
O007155,U052,42,4,2025-12-09 17:16:00
O007165,U250,102,3,2025-12-09 17:18:00
O007162,U455,19,4,2025-12-09 17:21:00
O007163,U238,18,2,2025-12-09 17:50:00
O007173,U421,91,5,2025-12-09 17:53:00
O007181,U057,80,3,2025-12-09 18:01:00
O007175,U028,54,3,2025-12-09 18:15:00
O007178,U259,39,3,2025-12-09 18:24:00
O007169,U212,13,4,2025-12-09 18:38:00
O007179,U449,41,3,2025-12-09 19:40:00
O007183,U260,78,4,2025-12-09 19:46:00
O007195,U049,84,2,2025-12-09 21:48:00
O007198,U170,46,5,2025-12-10 00:17:00
O007204,U064,99,5,2025-12-10 08:15:00
O007201,U127,33,3,2025-12-10 08:27:00
O007208,U244,38,3,2025-12-10 08:34:00
O007212,U324,72,5,2025-12-10 08:34:00
O007204,U064,9,4,2025-12-10 08:51:00
O007208,U244,79,4,2025-12-10 09:29:00
O007220,U477,30,5,2025-12-10 09:31:00
O007215,U036,9,3,2025-12-10 09:38:00
O007224,U333,27,5,2025-12-10 09:39:00
O007215,U036,101,4,2025-12-10 10:07:00
O007205,U284,101,4,2025-12-10 10:15:00
O007212,U324,101,4,2025-12-10 11:03:00
O007239,U014,34,4,2025-12-10 11:18:00
O007223,U221,41,5,2025-12-10 11:20:00
O007232,U086,100,2,2025-12-10 11:34:00
O007236,U071,88,4,2025-12-10 11:46:00
O007237,U202,59,3,2025-12-10 11:57:00
O007251,U150,6,2,2025-12-10 13:02:00
O007245,U198,54,5,2025-12-10 13:16:00
O007244,U095,99,4,2025-12-10 13:16:00
O007251,U150,18,4,2025-12-10 13:41:00
O007247,U463,46,3,2025-12-10 14:17:00
O007262,U150,54,2,2025-12-10 14:34:00
O007267,U148,101,5,2025-12-10 15:01:00
O007270,U328,102,3,2025-12-10 15:45:00
O007263,U057,79,5,2025-12-10 15:49:00
O007266,U245,7,4,2025-12-10 16:14:00
O007281,U142,7,5,2025-12-10 16:55:00
O007284,U127,45,1,2025-12-10 17:30:00
O007277,U276,45,3,2025-12-10 18:23:00
O007283,U454,61,4,2025-12-10 18:39:00
O007278,U227,69,4,2025-12-10 18:41:00
O007291,U073,99,3,2025-12-10 19:11:00
O007302,U304,10,5,2025-12-10 19:20:00
O007301,U372,68,5,2025-12-10 19:43:00
O007302,U304,101,5,2025-12-10 21:16:00
O007307,U033,6,4,2025-12-10 21:23:00
O007304,U175,82,3,2025-12-10 21:32:00
O007307,U033,99,3,2025-12-10 21:45:00
O007311,U054,37,5,2025-12-10 22:12:00
O007308,U394,44,4,2025-12-10 22:34:00
O007309,U178,80,2,2025-12-10 23:37:00
O007317,U137,16,3,2025-12-11 07:54:00
O007327,U284,40,2,2025-12-11 08:10:00
O007314,U479,5,4,2025-12-11 08:12:00
O007319,U407,98,4,2025-12-11 08:15:00
O007325,U383,52,3,2025-12-11 08:26:00
O007323,U206,101,4,2025-12-11 08:39:00
O007324,U108,7,3,2025-12-11 09:02:00
O007315,U319,8,3,2025-12-11 09:08:00
O007342,U164,6,5,2025-12-11 09:08:00
O007322,U349,58,2,2025-12-11 09:13:00
O007346,U127,101,3,2025-12-11 09:28:00
O007319,U407,22,5,2025-12-11 09:33:00
O007348,U479,4,3,2025-12-11 09:43:00
O007328,U122,96,3,2025-12-11 09:52:00
O007347,U397,30,5,2025-12-11 10:14:00
O007337,U106,48,3,2025-12-11 10:47:00
O007341,U150,35,3,2025-12-11 10:48:00
O007346,U127,39,2,2025-12-11 10:51:00
O007350,U377,58,3,2025-12-11 10:58:00
O007343,U249,97,4,2025-12-11 10:58:00
O007348,U479,34,3,2025-12-11 11:33:00
O007351,U328,98,4,2025-12-11 11:53:00
O007349,U106,89,4,2025-12-11 12:06:00
O007365,U035,37,4,2025-12-11 13:30:00
O007370,U040,27,4,2025-12-11 14:03:00
O007363,U008,87,4,2025-12-11 14:06:00
O007374,U003,49,4,2025-12-11 14:26:00
O007367,U029,54,4,2025-12-11 14:50:00
O007373,U292,12,4,2025-12-11 15:17:00
O007367,U029,57,4,2025-12-11 15:25:00
O007372,U094,73,2,2025-12-11 15:33:00
O007382,U211,15,5,2025-12-11 15:46:00
O007370,U040,99,3,2025-12-11 16:12:00
O007396,U443,71,2,2025-12-11 16:16:00
O007390,U001,2,2,2025-12-11 16:29:00
O007399,U392,102,4,2025-12-11 16:53:00
O007386,U485,35,3,2025-12-11 16:58:00
O007382,U211,101,3,2025-12-11 17:05:00
O007373,U292,101,5,2025-12-11 17:09:00
O007391,U315,66,3,2025-12-11 17:10:00
O007392,U194,100,3,2025-12-11 17:35:00
O007391,U315,53,3,2025-12-11 18:01:00
O007412,U338,94,3,2025-12-11 18:11:00
O007396,U443,102,4,2025-12-11 18:13:00
O007388,U451,44,2,2025-12-11 18:16:00
O007414,U208,35,2,2025-12-11 18:41:00
O007410,U064,1,5,2025-12-11 18:59:00
O007405,U057,79,5,2025-12-11 19:21:00
O007417,U196,27,4,2025-12-11 20:23:00
O007426,U383,94,3,2025-12-11 20:31:00
O007420,U264,102,3,2025-12-11 21:25:00
O007424,U044,101,3,2025-12-11 21:34:00
O007424,U044,38,2,2025-12-11 21:41:00
O007428,U028,94,3,2025-12-11 21:42:00
O007431,U344,100,3,2025-12-11 23:09:00
O007433,U363,8,4,2025-12-11 23:17:00
O007439,U122,9,4,2025-12-12 08:22:00
O007450,U211,101,4,2025-12-12 08:30:00
O007435,U296,67,2,2025-12-12 08:49:00
O007442,U062,22,4,2025-12-12 08:52:00
O007443,U369,7,4,2025-12-12 08:54:00
O007464,U083,27,3,2025-12-12 08:56:00
O007464,U083,98,3,2025-12-12 08:58:00
O007464,U083,101,4,2025-12-12 09:17:00
O007438,U247,40,2,2025-12-12 09:30:00
O007444,U297,18,4,2025-12-12 09:31:00
O007451,U036,7,5,2025-12-12 09:39:00
O007466,U419,100,4,2025-12-12 09:40:00
O007461,U206,101,5,2025-12-12 09:44:00
O007442,U062,101,3,2025-12-12 09:56:00
O007472,U362,27,5,2025-12-12 10:14:00
O007474,U315,64,3,2025-12-12 10:15:00
O007473,U028,91,3,2025-12-12 10:17:00
O007458,U326,90,3,2025-12-12 10:53:00
O007470,U127,62,2,2025-12-12 11:08:00
O007472,U362,33,3,2025-12-12 11:13:00
O007465,U206,77,2,2025-12-12 11:25:00
O007477,U259,41,3,2025-12-12 11:43:00
O007478,U372,68,5,2025-12-12 11:49:00
O007476,U404,101,4,2025-12-12 12:09:00
O007483,U119,100,4,2025-12-12 12:17:00
O007483,U119,75,5,2025-12-12 12:48:00
O007485,U101,46,4,2025-12-12 12:56:00
O007491,U247,102,4,2025-12-12 13:05:00
O007495,U094,73,2,2025-12-12 13:39:00
O007484,U124,100,4,2025-12-12 13:49:00
O007494,U419,100,5,2025-12-12 14:02:00
O007489,U455,22,4,2025-12-12 14:08:00
O007506,U210,102,3,2025-12-12 14:17:00
O007498,U178,34,4,2025-12-12 14:19:00
O007506,U210,33,2,2025-12-12 14:43:00
O007489,U455,15,2,2025-12-12 14:45:00
O007505,U360,35,3,2025-12-12 14:54:00
O007507,U259,91,4,2025-12-12 15:02:00
O007508,U322,4,5,2025-12-12 15:11:00
O007508,U322,84,4,2025-12-12 15:27:00
O007513,U367,100,5,2025-12-12 16:15:00
O007511,U269,81,5,2025-12-12 16:23:00
O007519,U435,43,4,2025-12-12 16:43:00
O007527,U248,40,4,2025-12-12 17:10:00
O007515,U064,72,3,2025-12-12 17:27:00
O007529,U176,61,3,2025-12-12 17:55:00
O007533,U008,56,3,2025-12-12 18:07:00
O007520,U421,91,4,2025-12-12 18:22:00
O007523,U292,77,4,2025-12-12 18:27:00
O007525,U221,76,3,2025-12-12 18:28:00
O007538,U486,58,4,2025-12-12 18:28:00
O007526,U213,76,5,2025-12-12 18:46:00
O007542,U020,64,4,2025-12-12 20:41:00
O007537,U449,62,4,2025-12-12 20:42:00
O007549,U003,4,4,2025-12-12 21:07:00
O007549,U003,95,4,2025-12-12 21:08:00
O007552,U040,42,4,2025-12-12 21:44:00
O007555,U018,92,4,2025-12-12 22:56:00
O007557,U060,77,3,2025-12-12 23:17:00
O007558,U238,6,4,2025-12-13 06:26:00
O007567,U274,101,3,2025-12-13 09:27:00
O007565,U333,28,5,2025-12-13 09:31:00
O007562,U356,100,3,2025-12-13 09:41:00
O007563,U469,14,3,2025-12-13 10:04:00
O007561,U127,6,3,2025-12-13 10:11:00
O007561,U127,40,2,2025-12-13 10:27:00
O007578,U052,42,4,2025-12-13 10:38:00
O007562,U356,81,2,2025-12-13 10:44:00
O007580,U055,6,4,2025-12-13 11:02:00
O007581,U138,21,2,2025-12-13 11:13:00
O007587,U205,28,5,2025-12-13 11:27:00
O007566,U325,100,4,2025-12-13 11:28:00
O007583,U049,84,4,2025-12-13 11:32:00
O007584,U395,53,3,2025-12-13 11:35:00
O007574,U140,63,5,2025-12-13 11:37:00
O007584,U395,60,2,2025-12-13 11:57:00
O007576,U206,102,4,2025-12-13 12:06:00
O007581,U138,100,3,2025-12-13 12:11:00
O007577,U142,7,4,2025-12-13 12:19:00
O007590,U101,46,4,2025-12-13 12:30:00
O007581,U138,11,3,2025-12-13 13:06:00
O007590,U101,101,4,2025-12-13 14:05:00
O007589,U035,102,4,2025-12-13 14:21:00
O007592,U436,68,5,2025-12-13 14:39:00
O007595,U079,88,3,2025-12-13 15:04:00
O007599,U140,5,4,2025-12-13 15:13:00
O007593,U114,76,1,2025-12-13 15:17:00
O007613,U324,72,4,2025-12-13 15:18:00
O007597,U362,100,5,2025-12-13 15:35:00
O007598,U178,32,3,2025-12-13 15:38:00
O007608,U181,102,3,2025-12-13 15:51:00
O007602,U315,30,4,2025-12-13 15:55:00
O007613,U324,101,5,2025-12-13 16:01:00
O007609,U435,101,4,2025-12-13 16:08:00
O007618,U476,46,4,2025-12-13 16:20:00
O007616,U040,42,4,2025-12-13 16:48:00
O007629,U289,13,3,2025-12-13 17:15:00
O007643,U005,5,5,2025-12-13 17:19:00
O007621,U054,60,3,2025-12-13 17:22:00
O007627,U005,101,3,2025-12-13 17:32:00
O007649,U464,64,3,2025-12-13 17:51:00
O007617,U154,100,5,2025-12-13 17:52:00
O007622,U083,72,2,2025-12-13 17:56:00
O007628,U102,14,3,2025-12-13 17:57:00
O007620,U040,33,4,2025-12-13 18:16:00
O007650,U176,100,4,2025-12-13 18:20:00
O007631,U410,63,3,2025-12-13 18:21:00
O007645,U411,78,5,2025-12-13 18:32:00
O007633,U083,13,3,2025-12-13 18:58:00
O007637,U278,101,5,2025-12-13 19:38:00
O007653,U295,37,4,2025-12-13 19:39:00
O007650,U176,16,1,2025-12-13 19:40:00
O007657,U212,99,3,2025-12-13 20:29:00
O007665,U118,52,5,2025-12-13 20:32:00
O007658,U275,60,3,2025-12-13 20:44:00
O007662,U284,73,4,2025-12-13 21:06:00
O007663,U446,39,3,2025-12-13 21:08:00
O007673,U064,9,4,2025-12-13 21:37:00
O007662,U284,82,5,2025-12-13 21:43:00
O007659,U191,41,2,2025-12-13 21:58:00
O007673,U064,99,4,2025-12-13 22:22:00
O007666,U191,27,2,2025-12-13 22:36:00
O007664,U492,89,4,2025-12-13 22:37:00
O007670,U367,56,4,2025-12-13 22:50:00
O007670,U367,100,4,2025-12-13 23:05:00
O007672,U290,87,2,2025-12-13 23:34:00
O007678,U126,100,5,2025-12-14 08:54:00
O007679,U302,6,4,2025-12-14 09:03:00
O007681,U338,14,4,2025-12-14 10:14:00
O007689,U033,1,4,2025-12-14 10:44:00
O007682,U297,3,3,2025-12-14 10:46:00
O007678,U126,95,4,2025-12-14 10:47:00
O007690,U259,87,2,2025-12-14 10:51:00
O007692,U474,10,3,2025-12-14 10:58:00
O007694,U045,93,4,2025-12-14 11:30:00
O007691,U154,50,3,2025-12-14 11:44:00
O007685,U434,95,4,2025-12-14 11:59:00
O007692,U474,3,2,2025-12-14 12:16:00
O007689,U033,4,3,2025-12-14 12:36:00
O007690,U259,69,2,2025-12-14 12:39:00
O007694,U045,86,5,2025-12-14 12:44:00
O007693,U056,98,3,2025-12-14 12:44:00
O007705,U333,32,4,2025-12-14 12:46:00
O007712,U207,59,2,2025-12-14 13:08:00
O007709,U425,34,3,2025-12-14 13:09:00
O007707,U127,90,3,2025-12-14 13:31:00
O007714,U248,42,3,2025-12-14 13:44:00
O007710,U259,6,3,2025-12-14 14:00:00
O007713,U169,65,4,2025-12-14 14:11:00
O007702,U404,7,4,2025-12-14 14:11:00
O007720,U362,3,4,2025-12-14 15:01:00
O007718,U466,21,5,2025-12-14 15:12:00
O007723,U446,91,3,2025-12-14 15:33:00
O007721,U349,94,3,2025-12-14 16:31:00
O007723,U446,93,3,2025-12-14 16:37:00
O007730,U020,26,4,2025-12-14 16:50:00
O007727,U274,90,2,2025-12-14 16:51:00
O007738,U004,78,5,2025-12-14 17:05:00
O007741,U396,8,3,2025-12-14 17:13:00
O007741,U396,53,2,2025-12-14 17:36:00
O007746,U192,52,5,2025-12-14 17:41:00
O007747,U212,13,3,2025-12-14 18:09:00
O007748,U396,83,3,2025-12-14 18:32:00
O007743,U328,21,3,2025-12-14 18:47:00
O007739,U095,47,4,2025-12-14 19:00:00
O007754,U154,47,2,2025-12-14 19:02:00
O007752,U053,91,3,2025-12-14 19:26:00
O007771,U288,100,4,2025-12-14 19:30:00
O007773,U183,26,2,2025-12-14 19:45:00
O007768,U101,100,4,2025-12-14 19:49:00
O007766,U351,22,4,2025-12-14 19:49:00
O007753,U108,43,2,2025-12-14 20:11:00
O007771,U288,27,4,2025-12-14 20:13:00
O007780,U207,30,3,2025-12-14 20:40:00
O007776,U320,101,4,2025-12-14 20:41:00
O007774,U083,8,5,2025-12-14 21:06:00
O007782,U362,101,4,2025-12-14 21:08:00
O007783,U212,15,4,2025-12-14 21:39:00
O007789,U198,62,3,2025-12-14 22:08:00
O007787,U351,8,3,2025-12-14 22:09:00
O007778,U371,50,4,2025-12-14 22:18:00
O007788,U446,89,4,2025-12-14 22:57:00
O007782,U362,3,4,2025-12-14 23:00:00
O007784,U029,59,5,2025-12-14 23:39:00
O007794,U479,2,4,2025-12-15 07:25:00
O007796,U301,101,3,2025-12-15 08:36:00
O007805,U164,48,2,2025-12-15 08:45:00
O007796,U301,6,2,2025-12-15 09:13:00
O007814,U399,100,2,2025-12-15 09:47:00
O007798,U469,10,4,2025-12-15 10:09:00
O007813,U297,18,5,2025-12-15 10:15:00
O007811,U392,1,4,2025-12-15 10:19:00
O007801,U108,3,2,2025-12-15 10:31:00
O007814,U399,23,3,2025-12-15 10:32:00
O007827,U035,98,4,2025-12-15 10:38:00
O007829,U124,41,5,2025-12-15 11:19:00
O007822,U238,6,5,2025-12-15 11:40:00
O007811,U392,71,3,2025-12-15 11:47:00
O007817,U041,5,2,2025-12-15 11:49:00
O007829,U124,48,4,2025-12-15 12:05:00
O007820,U244,63,4,2025-12-15 12:10:00
O007828,U229,12,2,2025-12-15 12:11:00
O007835,U084,96,4,2025-12-15 12:52:00
O007840,U142,7,5,2025-12-15 13:11:00
O007838,U265,73,3,2025-12-15 13:47:00
O007847,U044,93,3,2025-12-15 14:00:00
O007843,U363,94,5,2025-12-15 14:30:00
O007846,U212,13,4,2025-12-15 14:47:00
O007849,U035,77,3,2025-12-15 15:01:00
O007853,U142,77,3,2025-12-15 15:37:00
O007859,U091,6,2,2025-12-15 15:54:00
O007860,U287,74,2,2025-12-15 15:56:00
O007849,U035,43,3,2025-12-15 16:13:00
O007859,U091,5,2,2025-12-15 16:26:00
O007862,U485,14,3,2025-12-15 16:40:00
O007857,U422,76,3,2025-12-15 16:47:00
O007858,U308,78,2,2025-12-15 17:23:00
O007856,U020,64,4,2025-12-15 17:25:00
O007874,U029,100,5,2025-12-15 17:25:00
O007869,U360,6,3,2025-12-15 17:30:00
O007875,U492,83,4,2025-12-15 17:46:00
O007860,U287,6,5,2025-12-15 17:49:00
O007863,U477,77,4,2025-12-15 18:01:00
O007865,U344,94,3,2025-12-15 18:14:00
O007864,U278,99,3,2025-12-15 18:21:00
O007874,U029,54,5,2025-12-15 18:28:00
O007880,U317,94,3,2025-12-15 18:36:00
O007871,U116,100,4,2025-12-15 18:40:00
O007868,U154,98,4,2025-12-15 18:57:00
O007876,U359,98,4,2025-12-15 19:46:00
O007882,U186,38,3,2025-12-15 20:18:00
O007889,U034,37,4,2025-12-15 20:29:00
O007885,U289,20,4,2025-12-15 20:34:00
O007888,U299,65,2,2025-12-15 20:54:00
O007891,U114,35,3,2025-12-15 21:41:00
O007899,U404,6,4,2025-12-15 22:08:00
O007895,U020,13,2,2025-12-15 22:10:00
O007898,U196,26,3,2025-12-15 22:24:00
O007901,U496,47,2,2025-12-16 00:27:00
O007903,U086,66,3,2025-12-16 06:48:00
O007902,U479,6,3,2025-12-16 07:35:00
O007908,U338,15,5,2025-12-16 07:47:00
O007906,U449,62,4,2025-12-16 07:58:00
O007905,U225,49,2,2025-12-16 08:48:00
O007917,U335,51,4,2025-12-16 08:49:00
O007912,U333,68,3,2025-12-16 09:01:00
O007907,U297,73,5,2025-12-16 09:04:00
O007920,U276,28,5,2025-12-16 09:06:00
O007917,U335,7,4,2025-12-16 09:09:00
O007921,U249,99,4,2025-12-16 09:11:00
O007932,U094,22,3,2025-12-16 09:15:00
O007932,U094,9,2,2025-12-16 09:20:00
O007926,U249,45,3,2025-12-16 09:39:00
O007930,U045,99,4,2025-12-16 09:45:00
O007935,U176,41,3,2025-12-16 10:09:00
O007913,U433,76,3,2025-12-16 10:14:00
O007928,U034,2,3,2025-12-16 10:17:00
O007925,U150,16,5,2025-12-16 10:22:00
O007919,U258,16,3,2025-12-16 10:39:00
O007922,U260,12,5,2025-12-16 10:48:00
O007918,U124,98,4,2025-12-16 10:55:00
O007921,U249,41,4,2025-12-16 10:59:00
O007939,U166,12,5,2025-12-16 11:27:00
O007936,U057,7,3,2025-12-16 11:31:00
O007936,U057,101,4,2025-12-16 11:42:00
O007946,U275,22,4,2025-12-16 12:07:00
O007937,U273,100,3,2025-12-16 12:18:00
O007949,U284,82,3,2025-12-16 12:24:00
O007946,U275,9,4,2025-12-16 12:28:00
O007952,U008,71,3,2025-12-16 13:23:00
O007964,U222,54,4,2025-12-16 15:45:00
O007967,U353,100,4,2025-12-16 16:04:00
O007970,U462,61,3,2025-12-16 16:07:00
O007975,U322,49,3,2025-12-16 16:15:00
O007970,U462,14,1,2025-12-16 16:17:00
O007960,U040,78,3,2025-12-16 16:23:00
O007970,U462,70,3,2025-12-16 16:26:00
O007962,U210,9,4,2025-12-16 16:30:00
O007987,U474,57,4,2025-12-16 17:30:00
O007974,U006,46,4,2025-12-16 17:37:00
O007976,U376,78,4,2025-12-16 17:54:00
O007979,U221,76,5,2025-12-16 18:02:00
O007989,U163,60,5,2025-12-16 18:29:00
O007993,U174,101,2,2025-12-16 18:35:00
O007988,U121,71,4,2025-12-16 19:02:00
O007991,U378,63,3,2025-12-16 19:11:00
O007984,U018,40,4,2025-12-16 19:19:00
O007999,U116,43,4,2025-12-16 20:28:00
O008005,U028,91,4,2025-12-16 21:57:00
O008003,U199,50,4,2025-12-16 22:10:00
O008007,U018,65,3,2025-12-16 22:41:00
O008004,U192,26,2,2025-12-16 23:29:00
O008011,U150,98,3,2025-12-17 07:39:00
O008017,U072,23,2,2025-12-17 08:50:00
O008031,U400,37,5,2025-12-17 09:57:00
O008037,U455,16,5,2025-12-17 10:07:00
O008042,U477,32,4,2025-12-17 10:23:00
O008024,U154,102,4,2025-12-17 10:32:00
O008026,U294,11,2,2025-12-17 10:32:00
O008041,U369,101,4,2025-12-17 10:42:00
O008043,U274,50,2,2025-12-17 10:47:00
O008032,U495,33,5,2025-12-17 11:15:00
O008028,U422,87,4,2025-12-17 11:34:00
O008032,U495,99,4,2025-12-17 11:38:00
O008045,U086,22,3,2025-12-17 11:39:00
O008030,U105,5,4,2025-12-17 11:46:00
O008051,U072,8,4,2025-12-17 11:51:00
O008048,U161,101,4,2025-12-17 12:44:00
O008049,U191,101,3,2025-12-17 12:49:00
O008062,U401,63,4,2025-12-17 13:27:00
O008059,U275,22,5,2025-12-17 13:48:00
O008054,U307,100,5,2025-12-17 14:02:00
O008077,U376,73,3,2025-12-17 14:51:00
O008071,U186,47,3,2025-12-17 15:02:00
O008080,U066,98,5,2025-12-17 15:21:00
O008079,U138,37,2,2025-12-17 15:31:00
O008066,U383,94,3,2025-12-17 15:41:00
O008076,U124,101,4,2025-12-17 15:45:00
O008080,U066,76,4,2025-12-17 15:46:00
O008064,U333,28,4,2025-12-17 15:48:00
O008078,U154,11,2,2025-12-17 16:33:00
O008086,U111,76,4,2025-12-17 16:38:00
O008091,U178,27,4,2025-12-17 16:47:00
O008078,U154,101,3,2025-12-17 16:57:00
O008090,U228,2,3,2025-12-17 17:26:00
O008092,U449,99,4,2025-12-17 17:29:00
O008085,U474,72,4,2025-12-17 17:45:00
O008088,U452,6,4,2025-12-17 18:05:00
O008092,U449,6,5,2025-12-17 18:07:00
O008087,U382,70,2,2025-12-17 18:17:00
O008099,U401,98,5,2025-12-17 18:27:00
O008106,U425,68,3,2025-12-17 19:07:00
O008097,U061,27,5,2025-12-17 19:08:00
O008110,U183,64,2,2025-12-17 19:37:00
O008093,U196,77,2,2025-12-17 19:48:00
O008105,U196,27,4,2025-12-17 20:01:00
O008116,U466,23,4,2025-12-17 20:24:00
O008107,U396,100,4,2025-12-17 20:39:00
O008107,U396,5,4,2025-12-17 21:11:00
O008118,U312,100,4,2025-12-17 22:56:00
O008122,U028,74,3,2025-12-18 00:26:00
O008123,U041,101,4,2025-12-18 07:24:00
O008124,U356,101,5,2025-12-18 07:54:00
O008128,U467,102,4,2025-12-18 08:51:00
O008129,U100,38,3,2025-12-18 08:52:00
O008138,U491,34,5,2025-12-18 08:54:00
O008145,U130,2,3,2025-12-18 09:11:00
O008150,U494,15,5,2025-12-18 09:19:00
O008128,U467,67,2,2025-12-18 09:32:00
O008149,U161,101,4,2025-12-18 09:36:00
O008151,U150,81,2,2025-12-18 09:46:00
O008152,U192,15,4,2025-12-18 09:48:00
O008149,U161,34,5,2025-12-18 09:59:00
O008137,U275,19,5,2025-12-18 10:23:00
O008139,U146,90,4,2025-12-18 10:25:00
O008132,U319,8,4,2025-12-18 10:38:00
O008154,U238,7,5,2025-12-18 10:52:00
O008166,U453,101,4,2025-12-18 11:07:00
O008150,U494,73,2,2025-12-18 11:12:00
O008145,U130,101,4,2025-12-18 11:18:00
O008165,U376,76,5,2025-12-18 11:20:00
O008159,U296,6,3,2025-12-18 11:32:00
O008157,U463,62,3,2025-12-18 11:55:00
O008168,U164,102,4,2025-12-18 13:21:00
O008175,U089,82,2,2025-12-18 13:55:00
O008176,U106,14,4,2025-12-18 15:21:00
O008184,U425,78,5,2025-12-18 15:24:00
O008181,U416,65,2,2025-12-18 15:27:00
O008195,U161,54,2,2025-12-18 16:22:00
O008189,U086,12,4,2025-12-18 16:23:00
O008186,U479,1,5,2025-12-18 16:26:00
O008186,U479,6,3,2025-12-18 16:26:00
O008193,U023,28,4,2025-12-18 16:29:00
O008180,U269,63,5,2025-12-18 16:31:00
O008194,U034,76,5,2025-12-18 16:45:00
O008184,U425,49,2,2025-12-18 17:20:00
O008187,U056,78,4,2025-12-18 17:39:00
O008190,U135,60,4,2025-12-18 18:03:00
O008216,U317,100,3,2025-12-18 19:01:00
O008207,U272,100,5,2025-12-18 19:10:00
O008217,U315,53,4,2025-12-18 19:22:00
O008212,U310,83,5,2025-12-18 19:26:00
O008204,U394,48,3,2025-12-18 19:36:00
O008208,U242,6,3,2025-12-18 20:28:00
O008220,U213,95,3,2025-12-18 20:35:00
O008215,U254,65,5,2025-12-18 20:38:00
O008210,U210,101,3,2025-12-18 20:40:00
O008225,U205,34,4,2025-12-18 21:13:00
O008227,U425,76,3,2025-12-18 22:08:00
O008223,U248,93,2,2025-12-18 22:34:00
O008228,U057,101,4,2025-12-18 23:37:00
O008232,U040,60,4,2025-12-18 23:49:00
O008230,U138,63,4,2025-12-18 23:52:00
O008233,U130,4,3,2025-12-19 06:43:00
O008233,U130,1,3,2025-12-19 06:57:00
O008239,U180,88,2,2025-12-19 08:21:00
O008259,U001,41,2,2025-12-19 08:34:00
O008248,U485,50,3,2025-12-19 08:35:00
O008240,U225,49,4,2025-12-19 09:14:00
O008271,U324,65,5,2025-12-19 09:19:00
O008263,U130,4,3,2025-12-19 09:31:00
O008250,U463,89,4,2025-12-19 09:31:00
O008250,U463,102,3,2025-12-19 09:38:00
O008243,U171,10,3,2025-12-19 09:47:00
O008257,U433,46,2,2025-12-19 09:49:00
O008245,U099,30,3,2025-12-19 09:50:00
O008285,U276,34,4,2025-12-19 09:53:00
O008278,U445,86,4,2025-12-19 09:57:00
O008265,U469,5,3,2025-12-19 10:08:00
O008270,U415,4,4,2025-12-19 10:12:00
O008289,U059,26,5,2025-12-19 10:13:00
O008258,U166,23,4,2025-12-19 10:19:00
O008292,U108,64,3,2025-12-19 10:25:00
O008279,U007,74,4,2025-12-19 10:30:00
O008264,U360,70,3,2025-12-19 10:35:00
O008281,U182,101,4,2025-12-19 10:41:00
O008291,U356,102,3,2025-12-19 11:05:00
O008267,U188,46,3,2025-12-19 11:08:00
O008281,U182,8,5,2025-12-19 11:10:00
O008291,U356,15,4,2025-12-19 11:26:00
O008293,U161,101,4,2025-12-19 11:48:00
O008286,U328,1,5,2025-12-19 12:01:00
O008294,U265,37,3,2025-12-19 12:28:00
O008292,U108,28,2,2025-12-19 12:40:00
O008298,U345,88,2,2025-12-19 12:41:00
O008293,U161,9,3,2025-12-19 13:32:00
O008299,U409,69,4,2025-12-19 14:18:00
O008306,U379,41,3,2025-12-19 14:31:00
O008302,U250,52,3,2025-12-19 14:32:00
O008309,U176,37,5,2025-12-19 14:57:00
O008308,U326,58,3,2025-12-19 15:13:00
O008309,U176,100,3,2025-12-19 15:20:00
O008314,U161,93,1,2025-12-19 15:45:00
O008315,U274,64,4,2025-12-19 15:49:00
O008321,U035,8,2,2025-12-19 16:10:00
O008327,U456,69,4,2025-12-19 16:17:00
O008306,U379,70,5,2025-12-19 16:42:00
O008325,U468,18,3,2025-12-19 16:53:00
O008329,U049,69,4,2025-12-19 17:10:00
O008338,U395,100,4,2025-12-19 17:21:00
O008318,U164,6,5,2025-12-19 17:43:00
O008334,U301,101,3,2025-12-19 17:49:00
O008328,U198,48,3,2025-12-19 18:17:00
O008335,U225,43,5,2025-12-19 18:52:00
O008334,U301,15,3,2025-12-19 18:59:00
O008344,U407,20,4,2025-12-19 19:02:00
O008340,U106,48,3,2025-12-19 19:37:00
O008342,U282,23,3,2025-12-19 19:55:00
O008341,U169,39,3,2025-12-19 20:04:00
O008347,U238,73,2,2025-12-19 20:29:00
O008361,U031,86,4,2025-12-20 09:28:00
O008365,U447,101,5,2025-12-20 11:01:00
O008377,U360,100,4,2025-12-20 11:18:00
O008367,U219,37,4,2025-12-20 12:25:00
O008370,U288,30,3,2025-12-20 12:31:00
O008377,U360,1,4,2025-12-20 12:50:00
O008380,U150,63,2,2025-12-20 12:59:00
O008374,U192,26,3,2025-12-20 13:16:00
O008384,U057,98,5,2025-12-20 14:23:00
O008383,U108,5,2,2025-12-20 14:30:00
O008382,U101,45,5,2025-12-20 14:54:00
O008386,U138,92,2,2025-12-20 15:35:00
O008390,U166,13,3,2025-12-20 15:45:00
O008385,U449,80,2,2025-12-20 16:14:00
O008383,U108,35,4,2025-12-20 16:31:00
O008392,U259,101,4,2025-12-20 16:35:00
O008405,U260,65,3,2025-12-20 16:37:00
O008397,U215,90,4,2025-12-20 16:40:00
O008396,U091,37,4,2025-12-20 16:44:00
O008400,U122,57,3,2025-12-20 17:04:00
O008393,U056,69,3,2025-12-20 17:10:00
O008399,U463,89,2,2025-12-20 17:31:00
O008416,U397,26,5,2025-12-20 18:00:00
O008415,U315,57,3,2025-12-20 18:10:00
O008411,U106,74,4,2025-12-20 18:29:00
O008414,U120,38,3,2025-12-20 18:34:00
O008408,U130,7,5,2025-12-20 18:35:00
O008411,U106,48,5,2025-12-20 18:36:00
O008414,U120,3,4,2025-12-20 18:40:00
O008404,U273,101,4,2025-12-20 18:45:00
O008420,U216,101,3,2025-12-20 18:47:00
O008417,U029,56,5,2025-12-20 19:13:00
O008424,U225,37,4,2025-12-20 19:17:00
O008413,U056,56,3,2025-12-20 19:19:00
O008422,U121,60,4,2025-12-20 19:32:00
O008419,U455,87,3,2025-12-20 19:35:00
O008437,U181,101,3,2025-12-20 19:59:00
O008438,U178,49,3,2025-12-20 20:09:00
O008427,U324,72,3,2025-12-20 20:14:00
O008433,U392,102,4,2025-12-20 20:43:00
O008433,U392,90,3,2025-12-20 20:48:00
O008441,U213,76,5,2025-12-20 20:55:00
O008433,U392,1,5,2025-12-20 20:56:00
O008445,U411,63,4,2025-12-20 21:02:00
O008431,U284,100,3,2025-12-20 21:14:00
O008444,U034,76,3,2025-12-20 21:19:00
O008446,U328,98,4,2025-12-20 21:21:00
O008435,U472,61,3,2025-12-20 21:29:00
O008434,U328,6,5,2025-12-20 21:48:00
O008446,U328,102,5,2025-12-20 22:32:00
O008445,U411,71,5,2025-12-20 22:50:00
O008446,U328,52,2,2025-12-20 23:13:00
O008448,U178,7,1,2025-12-20 23:24:00
O008448,U178,5,3,2025-12-20 23:28:00
O008447,U054,60,3,2025-12-20 23:31:00
O008449,U161,26,5,2025-12-21 00:17:00
O008453,U098,54,4,2025-12-21 06:34:00
O008463,U108,32,3,2025-12-21 10:02:00
O008456,U244,23,4,2025-12-21 10:09:00
O008461,U477,101,4,2025-12-21 10:43:00
O008462,U455,12,3,2025-12-21 11:35:00
O008479,U028,72,3,2025-12-21 12:28:00
O008479,U028,73,3,2025-12-21 12:36:00
O008494,U101,74,3,2025-12-21 14:54:00
O008489,U411,82,4,2025-12-21 15:10:00
O008494,U101,75,5,2025-12-21 15:14:00
O008490,U135,61,2,2025-12-21 15:19:00
O008496,U453,34,4,2025-12-21 15:26:00
O008491,U191,36,3,2025-12-21 15:29:00
O008484,U482,3,5,2025-12-21 15:49:00
O008501,U095,19,2,2025-12-21 16:01:00
O008508,U119,75,5,2025-12-21 16:08:00
O008488,U248,102,5,2025-12-21 16:45:00
O008490,U135,52,2,2025-12-21 16:59:00
O008497,U367,12,4,2025-12-21 17:01:00
O008511,U307,38,4,2025-12-21 17:19:00
O008505,U106,43,3,2025-12-21 17:52:00
O008502,U108,100,4,2025-12-21 17:54:00
O008502,U108,7,2,2025-12-21 18:11:00
O008529,U036,77,3,2025-12-21 18:28:00
O008530,U335,7,5,2025-12-21 18:34:00
O008518,U169,27,4,2025-12-21 18:47:00
O008537,U470,7,3,2025-12-21 19:38:00
O008533,U050,91,4,2025-12-21 19:39:00
O008543,U214,92,5,2025-12-21 20:48:00
O008532,U138,71,2,2025-12-21 20:53:00
O008539,U183,69,4,2025-12-21 21:09:00
O008534,U198,54,5,2025-12-21 21:14:00
O008539,U183,82,4,2025-12-21 21:25:00
O008550,U377,53,4,2025-12-22 07:29:00
O008556,U180,100,4,2025-12-22 08:24:00
O008556,U180,88,3,2025-12-22 08:25:00
O008553,U107,30,4,2025-12-22 09:05:00
O008554,U098,87,2,2025-12-22 09:36:00
O008575,U319,101,3,2025-12-22 09:47:00
O008564,U275,13,4,2025-12-22 09:50:00
O008558,U108,32,4,2025-12-22 10:09:00
O008559,U055,12,3,2025-12-22 10:25:00
O008568,U397,26,5,2025-12-22 10:36:00
O008578,U360,101,4,2025-12-22 11:42:00
O008586,U106,22,3,2025-12-22 12:18:00
O008576,U078,28,4,2025-12-22 12:25:00
O008576,U078,51,3,2025-12-22 12:38:00
O008583,U140,63,3,2025-12-22 12:57:00
O008584,U429,101,4,2025-12-22 13:23:00
O008592,U084,96,3,2025-12-22 13:49:00
O008584,U429,1,5,2025-12-22 14:17:00
O008589,U021,99,4,2025-12-22 14:32:00
O008607,U462,67,5,2025-12-22 15:02:00
O008606,U198,54,5,2025-12-22 15:29:00
O008602,U315,61,5,2025-12-22 15:34:00
O008617,U359,6,5,2025-12-22 15:46:00
O008601,U344,79,4,2025-12-22 15:48:00
O008607,U462,68,5,2025-12-22 15:52:00
O008596,U466,9,4,2025-12-22 15:58:00
O008609,U476,36,3,2025-12-22 16:01:00
O008608,U492,52,4,2025-12-22 16:12:00
O008596,U466,6,5,2025-12-22 16:13:00
O008594,U474,65,4,2025-12-22 16:14:00
O008614,U191,40,4,2025-12-22 16:29:00
O008602,U315,101,4,2025-12-22 16:34:00
O008621,U106,48,2,2025-12-22 16:38:00
O008624,U485,35,3,2025-12-22 17:07:00
O008618,U147,13,3,2025-12-22 17:09:00
O008615,U455,5,3,2025-12-22 17:32:00
O008629,U071,3,3,2025-12-22 17:38:00
O008628,U278,7,4,2025-12-22 18:33:00
O008628,U278,13,4,2025-12-22 18:47:00
O008627,U083,100,4,2025-12-22 19:10:00
O008636,U150,95,2,2025-12-22 19:21:00
O008636,U150,36,2,2025-12-22 19:59:00
O008649,U236,11,3,2025-12-22 20:25:00
O008650,U138,102,3,2025-12-22 20:43:00
O008634,U312,20,5,2025-12-22 20:43:00
O008641,U028,72,3,2025-12-22 20:48:00
O008638,U018,95,4,2025-12-22 21:22:00
O008658,U028,91,4,2025-12-22 22:10:00
O008655,U328,82,3,2025-12-22 22:27:00
O008650,U138,69,3,2025-12-22 22:27:00
O008668,U352,1,5,2025-12-23 08:03:00
O008665,U297,23,4,2025-12-23 08:14:00
O008673,U275,47,3,2025-12-23 09:15:00
O008669,U186,98,4,2025-12-23 09:28:00
O008675,U215,26,3,2025-12-23 09:33:00
O008665,U297,101,4,2025-12-23 09:40:00
O008677,U284,72,3,2025-12-23 09:45:00
O008668,U352,3,3,2025-12-23 09:49:00
O008679,U324,101,3,2025-12-23 10:04:00
O008685,U149,100,5,2025-12-23 10:17:00
O008682,U301,37,2,2025-12-23 10:30:00
O008678,U016,42,4,2025-12-23 10:35:00
O008673,U275,14,5,2025-12-23 10:35:00
O008668,U352,101,4,2025-12-23 10:44:00
O008694,U279,35,2,2025-12-23 10:47:00
O008683,U225,43,5,2025-12-23 11:15:00
O008684,U035,45,3,2025-12-23 11:39:00
O008689,U463,83,5,2025-12-23 11:44:00
O008695,U233,100,4,2025-12-23 11:55:00
O008684,U035,98,4,2025-12-23 11:56:00
O008684,U035,39,3,2025-12-23 12:06:00
O008695,U233,19,4,2025-12-23 12:19:00
O008701,U089,82,2,2025-12-23 12:24:00
O008692,U083,8,3,2025-12-23 12:26:00
O008693,U249,57,2,2025-12-23 12:48:00
O008701,U089,102,4,2025-12-23 13:00:00
O008703,U168,84,2,2025-12-23 13:35:00
O008712,U304,9,4,2025-12-23 14:03:00
O008702,U083,8,4,2025-12-23 14:14:00
O008704,U269,81,4,2025-12-23 14:24:00
O008725,U277,101,2,2025-12-23 15:12:00
O008726,U273,6,3,2025-12-23 15:36:00
O008717,U346,73,4,2025-12-23 15:41:00
O008716,U419,66,4,2025-12-23 15:44:00
O008731,U164,102,4,2025-12-23 16:31:00
O008722,U255,42,4,2025-12-23 16:44:00
O008742,U360,91,3,2025-12-23 16:45:00
O008719,U089,82,3,2025-12-23 17:06:00
O008735,U142,40,3,2025-12-23 17:44:00
O008736,U497,57,3,2025-12-23 17:51:00
O008737,U321,66,2,2025-12-23 19:00:00
O008745,U342,68,4,2025-12-23 19:25:00
O008761,U463,83,4,2025-12-23 19:49:00
O008766,U245,83,4,2025-12-23 23:30:00
O008763,U191,30,2,2025-12-23 23:41:00
O008765,U401,88,3,2025-12-24 00:38:00
O008768,U238,6,5,2025-12-24 07:02:00
O008769,U098,98,4,2025-12-24 07:29:00
O008776,U284,100,3,2025-12-24 08:47:00
O008772,U284,73,3,2025-12-24 08:52:00
O008780,U372,41,2,2025-12-24 09:00:00
O008786,U335,6,5,2025-12-24 09:01:00
O008768,U238,5,3,2025-12-24 09:06:00
O008791,U455,5,4,2025-12-24 09:29:00
O008787,U307,30,4,2025-12-24 09:43:00
O008785,U044,102,3,2025-12-24 09:45:00
O008796,U057,80,4,2025-12-24 10:09:00
O008799,U014,34,3,2025-12-24 10:22:00
O008776,U284,13,3,2025-12-24 10:31:00
O008781,U477,81,2,2025-12-24 10:55:00
O008790,U083,19,3,2025-12-24 11:02:00
O008790,U083,6,4,2025-12-24 11:28:00
O008800,U202,39,1,2025-12-24 11:48:00
O008802,U381,70,3,2025-12-24 12:06:00
O008796,U057,58,2,2025-12-24 12:14:00
O008806,U055,12,3,2025-12-24 13:04:00
O008814,U491,32,4,2025-12-24 13:16:00
O008812,U273,49,3,2025-12-24 13:17:00
O008820,U280,66,3,2025-12-24 13:30:00
O008807,U289,13,4,2025-12-24 13:32:00
O008816,U089,101,5,2025-12-24 14:11:00
O008824,U166,12,4,2025-12-24 14:29:00
O008816,U089,15,5,2025-12-24 14:48:00
O008818,U247,15,3,2025-12-24 14:56:00
O008833,U117,101,4,2025-12-24 15:01:00
O008826,U402,3,4,2025-12-24 15:16:00
O008825,U120,73,2,2025-12-24 15:27:00
O008847,U138,68,2,2025-12-24 16:18:00
O008853,U192,54,4,2025-12-24 16:33:00
O008849,U468,33,2,2025-12-24 16:51:00
O008831,U225,43,5,2025-12-24 16:57:00
O008858,U451,7,4,2025-12-24 17:06:00
O008852,U299,60,3,2025-12-24 17:14:00
O008857,U443,71,3,2025-12-24 17:18:00
O008842,U479,5,5,2025-12-24 17:32:00
O008850,U041,74,3,2025-12-24 17:45:00
O008843,U127,33,2,2025-12-24 18:13:00
O008843,U127,23,2,2025-12-24 18:14:00
O008860,U334,17,4,2025-12-24 18:25:00
O008864,U453,34,4,2025-12-24 18:30:00
O008857,U443,100,3,2025-12-24 18:49:00
O008870,U495,3,5,2025-12-24 19:39:00
O008875,U401,59,3,2025-12-24 22:03:00
O008874,U017,93,3,2025-12-24 22:10:00
O008877,U265,73,2,2025-12-24 22:46:00
O008879,U127,6,3,2025-12-25 07:04:00
O008878,U202,7,2,2025-12-25 07:52:00
O008881,U055,12,3,2025-12-25 08:00:00
O008900,U160,49,4,2025-12-25 09:15:00
O008896,U083,101,3,2025-12-25 09:40:00
O008883,U120,34,3,2025-12-25 10:02:00
O008903,U342,60,4,2025-12-25 10:24:00
O008902,U319,100,2,2025-12-25 11:01:00
O008904,U036,100,4,2025-12-25 11:16:00
O008895,U086,22,3,2025-12-25 11:17:00
O008927,U322,84,5,2025-12-25 11:56:00
O008922,U263,2,5,2025-12-25 11:57:00
O008927,U322,37,3,2025-12-25 12:02:00
O008913,U308,90,4,2025-12-25 12:37:00
O008933,U458,99,4,2025-12-25 13:08:00
O008921,U382,5,4,2025-12-25 13:15:00
O008934,U485,101,4,2025-12-25 13:16:00
O008924,U149,38,3,2025-12-25 13:32:00
O008920,U064,9,4,2025-12-25 13:34:00
O008937,U463,50,4,2025-12-25 13:34:00
O008944,U248,49,5,2025-12-25 14:00:00
O008929,U164,102,4,2025-12-25 14:07:00
O008923,U419,69,4,2025-12-25 14:11:00
O008920,U064,8,5,2025-12-25 14:20:00
O008935,U008,1,4,2025-12-25 14:38:00
O008938,U425,70,4,2025-12-25 14:44:00
O008946,U308,47,4,2025-12-25 14:57:00
O008944,U248,100,4,2025-12-25 15:11:00
O008948,U326,71,2,2025-12-25 15:14:00
O008941,U265,2,3,2025-12-25 15:18:00
O008945,U122,71,3,2025-12-25 15:25:00
O008944,U248,48,4,2025-12-25 15:26:00
O008943,U118,85,3,2025-12-25 15:27:00
O008960,U141,71,3,2025-12-25 15:40:00
O008948,U326,90,3,2025-12-25 15:45:00
O008941,U265,33,3,2025-12-25 15:47:00
O008949,U369,7,3,2025-12-25 15:59:00
O008969,U433,36,5,2025-12-25 16:35:00
O008973,U150,50,2,2025-12-25 17:24:00
O008970,U463,83,5,2025-12-25 17:29:00
O008973,U150,101,3,2025-12-25 17:51:00
O008973,U150,69,1,2025-12-25 18:06:00
O008967,U035,100,4,2025-12-25 18:24:00
O008979,U056,51,2,2025-12-25 19:36:00
O008984,U121,78,3,2025-12-25 20:20:00
O008990,U067,53,4,2025-12-25 20:40:00
O008992,U334,64,3,2025-12-25 21:57:00
O008991,U367,53,5,2025-12-25 23:08:00
O008996,U372,102,3,2025-12-25 23:08:00
O008991,U367,62,3,2025-12-25 23:10:00
O008998,U242,16,4,2025-12-26 00:32:00
O008999,U449,34,3,2025-12-26 07:52:00
O009001,U322,64,4,2025-12-26 08:03:00
O009001,U322,53,3,2025-12-26 08:28:00
O009004,U468,19,5,2025-12-26 08:30:00
O008999,U449,101,5,2025-12-26 08:34:00
O009022,U479,1,5,2025-12-26 09:10:00
O009002,U287,9,2,2025-12-26 09:28:00
O009005,U325,91,2,2025-12-26 09:28:00
O009013,U250,75,5,2025-12-26 09:41:00
O009013,U250,101,5,2025-12-26 09:56:00
O009030,U072,9,3,2025-12-26 09:56:00
O009006,U079,98,5,2025-12-26 10:07:00
O009019,U305,75,5,2025-12-26 10:39:00
O009014,U071,102,3,2025-12-26 10:40:00
O009015,U077,100,4,2025-12-26 10:44:00
O009011,U335,84,4,2025-12-26 10:47:00
O009027,U072,102,3,2025-12-26 11:04:00
O009018,U407,100,4,2025-12-26 11:31:00
O009038,U396,101,5,2025-12-26 11:39:00
O009043,U062,98,4,2025-12-26 11:54:00
O009031,U466,101,5,2025-12-26 12:15:00
O009040,U264,102,3,2025-12-26 13:16:00
O009048,U333,28,5,2025-12-26 13:39:00
O009041,U449,41,3,2025-12-26 13:53:00
O009055,U264,102,5,2025-12-26 14:29:00
O009044,U269,101,4,2025-12-26 14:35:00
O009062,U076,54,4,2025-12-26 15:12:00
O009061,U328,98,5,2025-12-26 15:24:00
O009065,U385,10,5,2025-12-26 15:30:00
O009056,U274,102,3,2025-12-26 15:36:00
O009053,U105,5,4,2025-12-26 15:41:00
O009054,U033,5,3,2025-12-26 16:31:00
O009070,U245,6,5,2025-12-26 16:36:00
O009070,U245,101,3,2025-12-26 16:46:00
O009061,U328,1,5,2025-12-26 16:49:00
O009068,U101,75,4,2025-12-26 17:26:00
O009076,U344,86,4,2025-12-26 17:28:00
O009078,U238,9,3,2025-12-26 17:49:00
O009079,U427,91,4,2025-12-26 17:52:00
O009084,U443,37,3,2025-12-26 18:16:00
O009075,U336,78,5,2025-12-26 18:48:00
O009070,U245,7,5,2025-12-26 18:54:00
O009083,U455,74,3,2025-12-26 18:57:00
O009089,U378,63,4,2025-12-26 19:36:00
O009078,U238,1,5,2025-12-26 19:43:00
O009082,U362,100,3,2025-12-26 20:04:00
O009081,U464,3,4,2025-12-26 20:05:00
O009082,U362,27,5,2025-12-26 20:20:00
O009096,U056,51,3,2025-12-26 21:23:00
O009107,U067,53,4,2025-12-26 21:48:00
O009102,U190,75,5,2025-12-26 21:54:00
O009106,U134,60,2,2025-12-26 22:49:00
O009104,U067,53,4,2025-12-26 23:31:00
O009114,U031,63,4,2025-12-27 08:01:00
O009121,U086,36,2,2025-12-27 08:17:00
O009119,U486,2,5,2025-12-27 08:50:00
O009121,U086,22,4,2025-12-27 09:09:00
O009118,U452,6,4,2025-12-27 09:26:00
O009124,U447,21,4,2025-12-27 09:44:00
O009128,U430,27,5,2025-12-27 09:45:00
O009124,U447,18,5,2025-12-27 10:29:00
O009120,U238,101,3,2025-12-27 10:39:00
O009136,U307,57,3,2025-12-27 10:51:00
O009132,U221,63,4,2025-12-27 11:14:00
O009144,U315,46,3,2025-12-27 11:19:00
O009137,U278,101,3,2025-12-27 11:29:00
O009143,U328,101,5,2025-12-27 11:54:00
O009138,U101,88,5,2025-12-27 12:08:00
O009151,U324,72,4,2025-12-27 12:28:00
O009155,U448,38,3,2025-12-27 12:30:00
O009143,U328,36,4,2025-12-27 12:53:00
O009149,U006,47,4,2025-12-27 13:19:00
O009148,U408,18,2,2025-12-27 13:40:00
O009161,U409,75,4,2025-12-27 14:01:00
O009158,U261,102,4,2025-12-27 14:42:00
O009162,U312,49,3,2025-12-27 14:50:00
O009163,U037,22,4,2025-12-27 15:20:00
O009169,U106,48,3,2025-12-27 15:21:00
O009172,U402,64,4,2025-12-27 15:54:00
O009171,U070,78,5,2025-12-27 16:03:00
O009176,U458,60,3,2025-12-27 16:17:00
O009170,U328,100,4,2025-12-27 16:35:00
O009179,U464,74,3,2025-12-27 16:36:00
O009165,U091,76,5,2025-12-27 16:52:00
O009170,U328,1,5,2025-12-27 17:04:00
O009167,U179,62,3,2025-12-27 17:42:00
O009175,U440,2,4,2025-12-27 18:01:00
O009173,U351,100,3,2025-12-27 18:21:00
O009173,U351,9,4,2025-12-27 18:26:00
O009181,U333,34,4,2025-12-27 18:35:00
O009176,U458,70,4,2025-12-27 18:47:00
O009204,U169,64,3,2025-12-27 19:23:00
O009192,U312,100,5,2025-12-27 19:36:00
O009191,U216,91,3,2025-12-27 19:39:00
O009197,U379,101,4,2025-12-27 19:52:00
O009207,U178,79,2,2025-12-27 20:08:00
O009205,U035,41,5,2025-12-27 20:21:00
O009196,U234,102,4,2025-12-27 20:26:00
O009197,U379,19,3,2025-12-27 20:29:00
O009204,U169,75,3,2025-12-27 20:33:00
O009215,U307,11,4,2025-12-27 20:37:00
O009210,U411,75,5,2025-12-27 20:38:00
O009204,U169,35,5,2025-12-27 20:47:00
O009203,U363,77,2,2025-12-27 20:55:00
O009214,U379,41,3,2025-12-27 21:09:00
O009210,U411,98,4,2025-12-27 21:40:00
O009211,U456,80,4,2025-12-27 21:48:00
O009215,U307,52,5,2025-12-27 22:26:00
O009221,U270,100,4,2025-12-27 22:44:00
O009224,U360,2,4,2025-12-27 23:32:00
O009225,U165,73,4,2025-12-28 07:28:00
O009228,U302,1,3,2025-12-28 08:29:00
O009238,U148,85,4,2025-12-28 10:37:00
O009237,U026,99,5,2025-12-28 10:45:00
O009239,U127,6,2,2025-12-28 10:56:00
O009235,U412,101,4,2025-12-28 11:21:00
O009252,U340,101,2,2025-12-28 11:30:00
O009236,U302,6,4,2025-12-28 11:54:00
O009256,U060,78,4,2025-12-28 12:10:00
O009250,U091,74,4,2025-12-28 12:10:00
O009248,U297,22,4,2025-12-28 12:15:00
O009243,U149,2,4,2025-12-28 12:20:00
O009254,U178,5,2,2025-12-28 12:29:00
O009242,U016,100,4,2025-12-28 12:33:00
O009243,U149,101,5,2025-12-28 12:41:00
O009246,U250,64,3,2025-12-28 12:49:00
O009249,U398,49,4,2025-12-28 13:07:00
O009255,U462,68,5,2025-12-28 13:13:00
O009245,U072,67,3,2025-12-28 13:15:00
O009263,U265,73,3,2025-12-28 13:34:00
O009261,U111,77,5,2025-12-28 13:58:00
O009264,U230,76,4,2025-12-28 14:10:00
O009259,U034,76,5,2025-12-28 14:27:00
O009260,U367,39,4,2025-12-28 14:54:00
O009269,U183,77,4,2025-12-28 15:18:00
O009271,U465,101,3,2025-12-28 15:22:00
O009262,U440,101,3,2025-12-28 15:29:00
O009285,U098,6,3,2025-12-28 15:58:00
O009270,U006,70,5,2025-12-28 16:07:00
O009284,U083,56,2,2025-12-28 16:10:00
O009268,U216,79,5,2025-12-28 16:16:00
O009268,U216,100,3,2025-12-28 16:20:00
O009285,U098,98,2,2025-12-28 16:23:00
O009292,U023,3,4,2025-12-28 16:25:00
O009293,U419,22,3,2025-12-28 16:32:00
O009278,U056,63,3,2025-12-28 16:43:00
O009275,U247,28,3,2025-12-28 17:05:00
O009297,U248,101,3,2025-12-28 17:15:00
O009271,U465,12,4,2025-12-28 17:22:00
O009290,U380,60,4,2025-12-28 17:36:00
O009303,U297,22,4,2025-12-28 17:40:00
O009303,U297,99,4,2025-12-28 17:42:00
O009300,U112,70,2,2025-12-28 17:44:00
O009278,U056,69,3,2025-12-28 17:49:00
O009275,U247,2,4,2025-12-28 17:56:00
O009288,U086,62,3,2025-12-28 18:03:00
O009311,U370,61,3,2025-12-28 18:13:00
O009289,U344,28,3,2025-12-28 18:16:00
O009315,U056,51,3,2025-12-28 18:42:00
O009307,U274,100,3,2025-12-28 18:48:00
O009315,U056,54,4,2025-12-28 18:55:00
O009302,U289,13,3,2025-12-28 19:05:00
O009299,U188,42,3,2025-12-28 19:09:00
O009298,U367,72,3,2025-12-28 19:25:00
O009318,U095,46,3,2025-12-28 19:32:00
O009301,U356,41,2,2025-12-28 19:41:00
O009302,U289,100,4,2025-12-28 19:41:00
O009310,U315,7,3,2025-12-28 20:04:00
O009323,U020,41,3,2025-12-28 20:07:00
O009310,U315,101,3,2025-12-28 20:31:00
O009313,U295,41,4,2025-12-28 20:36:00
O009322,U138,89,1,2025-12-28 21:18:00
O009325,U292,71,4,2025-12-28 21:19:00
O009331,U283,28,4,2025-12-28 22:01:00
O009328,U371,50,4,2025-12-28 23:06:00
O009330,U196,56,3,2025-12-28 23:19:00
O009342,U215,47,3,2025-12-29 08:14:00
O009338,U466,99,5,2025-12-29 08:22:00
O009333,U356,60,1,2025-12-29 08:48:00
O009339,U397,5,3,2025-12-29 08:53:00
O009339,U397,101,5,2025-12-29 09:07:00
O009359,U226,83,3,2025-12-29 09:48:00
O009369,U134,37,4,2025-12-29 09:58:00
O009352,U106,102,3,2025-12-29 10:20:00
O009361,U292,72,3,2025-12-29 10:30:00
O009343,U273,2,4,2025-12-29 10:33:00
O009367,U041,14,1,2025-12-29 11:05:00
O009356,U244,91,3,2025-12-29 11:05:00
O009364,U166,10,3,2025-12-29 11:08:00
O009366,U352,1,5,2025-12-29 11:12:00
O009350,U297,14,5,2025-12-29 11:15:00
O009360,U476,46,4,2025-12-29 11:57:00
O009386,U338,64,3,2025-12-29 12:34:00
O009381,U165,73,4,2025-12-29 13:14:00
O009397,U056,80,3,2025-12-29 14:22:00
O009391,U072,60,4,2025-12-29 14:45:00
O009396,U326,15,3,2025-12-29 14:51:00
O009399,U089,15,4,2025-12-29 15:50:00
O009407,U036,90,2,2025-12-29 15:51:00
O009393,U286,42,5,2025-12-29 16:14:00
O009397,U056,82,4,2025-12-29 16:15:00
O009396,U326,102,3,2025-12-29 16:30:00
O009398,U291,70,5,2025-12-29 17:01:00
O009420,U003,49,5,2025-12-29 17:58:00
O009413,U099,15,4,2025-12-29 18:06:00
O009415,U453,94,3,2025-12-29 18:43:00
O009409,U067,53,4,2025-12-29 19:15:00
O009423,U307,71,3,2025-12-29 19:31:00
O009429,U089,61,3,2025-12-29 19:39:00
O009427,U084,30,4,2025-12-29 20:25:00
O009424,U253,101,5,2025-12-29 20:49:00
O009426,U320,44,3,2025-12-29 21:06:00
O009435,U376,91,3,2025-12-29 21:19:00
O009428,U265,73,3,2025-12-29 21:45:00
O009428,U265,47,3,2025-12-29 21:55:00
O009438,U086,62,2,2025-12-30 07:16:00
O009437,U215,90,5,2025-12-30 07:32:00
O009441,U479,70,4,2025-12-30 07:50:00
O009440,U287,1,5,2025-12-30 08:29:00
O009446,U407,101,4,2025-12-30 08:38:00
O009454,U104,91,3,2025-12-30 09:05:00
O009442,U258,101,3,2025-12-30 09:27:00
O009463,U144,2,4,2025-12-30 09:34:00
O009446,U407,19,4,2025-12-30 09:50:00
O009454,U104,27,3,2025-12-30 09:57:00
O009464,U463,90,3,2025-12-30 10:00:00
O009456,U280,101,4,2025-12-30 10:04:00
O009461,U356,21,4,2025-12-30 10:05:00
O009476,U370,9,3,2025-12-30 10:15:00
O009452,U061,28,3,2025-12-30 10:30:00
O009457,U356,87,2,2025-12-30 10:32:00
O009451,U149,79,3,2025-12-30 10:44:00
O009457,U356,14,3,2025-12-30 10:55:00
O009477,U254,7,3,2025-12-30 10:58:00
O009471,U071,90,5,2025-12-30 11:17:00
O009479,U176,43,4,2025-12-30 11:20:00
O009465,U301,65,3,2025-12-30 11:47:00
O009472,U219,101,4,2025-12-30 11:51:00
O009471,U071,101,3,2025-12-30 11:59:00
O009470,U349,58,2,2025-12-30 12:07:00
O009483,U372,89,2,2025-12-30 12:28:00
O009481,U443,63,2,2025-12-30 13:08:00
O009484,U036,102,3,2025-12-30 13:56:00
O009480,U212,101,4,2025-12-30 14:02:00
O009492,U278,33,4,2025-12-30 14:22:00
O009485,U350,15,4,2025-12-30 14:29:00
O009484,U036,76,2,2025-12-30 15:18:00
O009490,U365,98,3,2025-12-30 15:33:00
O009501,U453,8,4,2025-12-30 15:44:00
O009496,U284,63,3,2025-12-30 15:45:00
O009490,U365,48,3,2025-12-30 15:48:00
O009491,U451,7,4,2025-12-30 15:50:00
O009493,U108,100,3,2025-12-30 16:05:00
O009508,U165,100,4,2025-12-30 16:29:00
O009489,U495,30,3,2025-12-30 16:31:00
O009509,U449,80,3,2025-12-30 16:52:00
O009509,U449,102,4,2025-12-30 17:28:00
O009502,U351,33,3,2025-12-30 18:07:00
O009514,U415,102,4,2025-12-30 18:12:00
O009508,U165,99,4,2025-12-30 18:15:00
O009510,U249,41,3,2025-12-30 18:30:00
O009503,U463,50,4,2025-12-30 18:31:00
O009524,U138,7,3,2025-12-30 18:32:00
O009515,U238,5,4,2025-12-30 19:06:00
O009520,U250,80,5,2025-12-30 19:07:00
O009523,U186,79,3,2025-12-30 20:13:00
O009527,U091,75,4,2025-12-30 20:25:00
O009532,U382,100,4,2025-12-30 21:25:00
O009528,U457,101,3,2025-12-30 21:43:00
O009533,U196,30,4,2025-12-30 22:22:00
O009534,U260,60,5,2025-12-30 22:47:00
O009534,U260,101,4,2025-12-31 00:00:00
O009543,U229,100,4,2025-12-31 07:37:00
O009547,U200,101,3,2025-12-31 07:51:00
O009547,U200,67,3,2025-12-31 07:57:00
O009540,U108,34,4,2025-12-31 08:36:00
O009545,U122,30,4,2025-12-31 09:04:00
O009541,U137,2,5,2025-12-31 09:09:00
O009562,U234,75,5,2025-12-31 09:18:00
O009558,U408,64,5,2025-12-31 09:23:00
O009558,U408,50,1,2025-12-31 09:51:00
O009559,U479,101,5,2025-12-31 09:53:00
O009568,U178,1,4,2025-12-31 10:09:00
O009561,U449,80,3,2025-12-31 10:42:00
O009562,U234,100,5,2025-12-31 10:54:00
O009565,U005,5,5,2025-12-31 10:56:00
O009572,U108,34,3,2025-12-31 10:58:00
O009562,U234,36,4,2025-12-31 11:04:00
O009570,U025,2,3,2025-12-31 11:11:00
O009566,U064,8,4,2025-12-31 11:30:00
O009577,U333,14,3,2025-12-31 11:37:00
O009579,U284,99,4,2025-12-31 11:47:00
O009567,U463,102,5,2025-12-31 11:51:00
O009566,U064,102,4,2025-12-31 11:51:00
O009575,U247,32,4,2025-12-31 11:57:00
O009569,U275,19,5,2025-12-31 11:57:00
O009584,U148,70,5,2025-12-31 12:32:00
O009573,U238,6,4,2025-12-31 12:43:00
O009579,U284,45,1,2025-12-31 13:10:00
O009577,U333,26,3,2025-12-31 13:24:00
O009578,U206,75,3,2025-12-31 13:39:00
O009577,U333,98,5,2025-12-31 13:48:00
O009586,U467,83,3,2025-12-31 14:03:00
O009590,U287,66,4,2025-12-31 14:04:00
O009583,U170,101,3,2025-12-31 14:27:00
O009596,U439,100,5,2025-12-31 15:02:00
O009586,U467,76,5,2025-12-31 15:06:00
O009592,U328,1,5,2025-12-31 15:08:00
O009595,U276,99,4,2025-12-31 15:37:00
O009588,U077,33,4,2025-12-31 15:40:00
O009605,U037,22,4,2025-12-31 15:40:00
O009608,U455,74,4,2025-12-31 15:42:00
O009592,U328,99,4,2025-12-31 15:59:00
O009591,U199,58,3,2025-12-31 16:02:00
O009595,U276,34,4,2025-12-31 16:04:00
O009599,U407,44,2,2025-12-31 16:21:00
O009599,U407,99,3,2025-12-31 16:25:00
O009615,U493,102,5,2025-12-31 16:28:00
O009602,U265,74,5,2025-12-31 16:43:00
O009615,U493,22,4,2025-12-31 17:01:00
O009612,U183,72,4,2025-12-31 17:01:00
O009600,U151,27,3,2025-12-31 17:06:00
O009601,U295,36,4,2025-12-31 17:09:00
O009620,U315,74,3,2025-12-31 17:14:00
O009598,U248,95,3,2025-12-31 17:17:00
O009613,U101,86,4,2025-12-31 17:18:00
O009597,U447,17,5,2025-12-31 17:27:00
O009627,U165,77,4,2025-12-31 17:28:00
O009609,U282,14,4,2025-12-31 17:30:00
O009633,U435,46,3,2025-12-31 18:14:00
O009622,U040,73,3,2025-12-31 18:27:00
O009630,U248,14,1,2025-12-31 18:31:00
O009631,U031,9,3,2025-12-31 18:42:00
O009614,U245,7,5,2025-12-31 18:43:00
O009619,U036,65,3,2025-12-31 19:01:00
O009632,U222,79,4,2025-12-31 19:26:00
O009630,U248,37,4,2025-12-31 19:34:00
O009623,U498,30,4,2025-12-31 19:39:00
O009641,U003,80,3,2025-12-31 21:52:00
O009642,U056,98,3,2025-12-31 22:07:00
O009650,U384,40,3,2026-01-01 07:36:00
O009654,U147,2,3,2026-01-01 08:35:00
O009650,U384,39,3,2026-01-01 08:42:00
O009652,U215,85,3,2026-01-01 08:45:00
O009649,U166,10,4,2026-01-01 08:47:00
O009644,U127,50,2,2026-01-01 08:54:00
O009664,U163,80,3,2026-01-01 09:02:00
O009663,U234,100,4,2026-01-01 09:09:00
O009648,U433,49,2,2026-01-01 09:10:00
O009646,U439,101,4,2026-01-01 09:11:00
O009655,U275,101,4,2026-01-01 09:15:00
O009659,U439,5,5,2026-01-01 09:20:00
O009669,U333,101,3,2026-01-01 09:35:00
O009663,U234,36,5,2026-01-01 09:44:00
O009671,U400,91,4,2026-01-01 09:50:00
O009677,U469,17,4,2026-01-01 10:03:00
O009666,U338,21,3,2026-01-01 10:10:00
O009653,U127,71,2,2026-01-01 10:19:00
O009666,U338,101,3,2026-01-01 10:36:00
O009672,U154,83,4,2026-01-01 10:39:00
O009666,U338,5,3,2026-01-01 10:48:00
O009677,U469,101,4,2026-01-01 11:43:00
O009675,U166,100,4,2026-01-01 11:52:00
O009684,U165,84,2,2026-01-01 13:32:00
O009683,U377,101,4,2026-01-01 14:04:00
O009692,U426,63,3,2026-01-01 14:08:00
O009690,U141,83,5,2026-01-01 14:15:00
O009688,U106,48,3,2026-01-01 14:19:00
O009697,U213,44,4,2026-01-01 14:48:00
O009689,U098,87,3,2026-01-01 14:48:00
O009701,U449,41,2,2026-01-01 15:19:00
O009706,U108,36,2,2026-01-01 15:51:00
O009702,U198,100,5,2026-01-01 15:54:00
O009707,U066,50,5,2026-01-01 16:17:00
O009695,U191,36,4,2026-01-01 16:18:00
O009702,U198,54,4,2026-01-01 16:22:00
O009707,U066,76,4,2026-01-01 16:29:00
O009700,U492,89,4,2026-01-01 16:30:00
O009719,U238,88,3,2026-01-01 16:31:00
O009718,U083,86,3,2026-01-01 16:35:00
O009705,U276,28,5,2026-01-01 16:58:00
O009706,U108,32,3,2026-01-01 17:16:00
O009716,U485,10,4,2026-01-01 17:48:00
O009719,U238,13,3,2026-01-01 17:49:00
O009715,U409,75,3,2026-01-01 17:55:00
O009711,U225,52,4,2026-01-01 18:10:00
O009727,U483,50,3,2026-01-01 18:11:00
O009722,U436,93,2,2026-01-01 18:21:00
O009726,U148,7,4,2026-01-01 18:34:00
O009733,U130,7,5,2026-01-01 18:52:00
O009731,U057,79,5,2026-01-01 19:14:00
O009735,U233,75,5,2026-01-01 19:27:00
O009729,U037,92,4,2026-01-01 19:52:00
O009745,U095,58,4,2026-01-01 21:57:00
O009746,U067,36,3,2026-01-01 22:04:00
O009744,U404,7,3,2026-01-01 22:17:00
O009745,U095,101,3,2026-01-01 22:23:00
O009750,U289,18,4,2026-01-01 23:07:00
O009752,U098,54,3,2026-01-02 07:28:00
O009759,U418,5,3,2026-01-02 07:41:00
O009766,U166,101,4,2026-01-02 08:18:00
O009761,U421,102,5,2026-01-02 08:31:00
O009755,U035,41,4,2026-01-02 08:32:00
O009764,U122,49,1,2026-01-02 08:41:00
O009775,U141,33,4,2026-01-02 08:43:00
O009756,U025,2,5,2026-01-02 09:02:00
O009780,U284,81,4,2026-01-02 09:02:00
O009772,U491,97,5,2026-01-02 09:06:00
O009757,U033,20,4,2026-01-02 09:12:00
O009762,U247,10,2,2026-01-02 09:44:00
O009787,U369,101,4,2026-01-02 10:10:00
O009778,U322,84,5,2026-01-02 10:16:00
O009779,U392,1,5,2026-01-02 10:17:00
O009766,U166,12,4,2026-01-02 10:28:00
O009771,U135,52,3,2026-01-02 10:35:00
O009772,U491,81,3,2026-01-02 10:47:00
O009788,U229,68,5,2026-01-02 10:52:00
O009791,U191,40,4,2026-01-02 11:10:00
O009781,U383,94,3,2026-01-02 11:30:00
O009785,U255,36,3,2026-01-02 11:31:00
O009792,U363,101,4,2026-01-02 11:55:00
O009796,U161,30,4,2026-01-02 12:08:00
O009792,U363,36,4,2026-01-02 12:40:00
O009800,U036,100,4,2026-01-02 12:40:00
O009794,U308,101,3,2026-01-02 13:21:00
O009800,U036,4,4,2026-01-02 13:27:00
O009800,U036,101,3,2026-01-02 13:31:00
O009801,U469,15,5,2026-01-02 13:34:00
O009814,U094,95,2,2026-01-02 13:52:00
O009803,U062,14,5,2026-01-02 13:57:00
O009815,U178,94,3,2026-01-02 14:32:00
O009800,U036,57,3,2026-01-02 14:34:00
O009807,U435,7,4,2026-01-02 15:07:00
O009805,U071,95,4,2026-01-02 15:12:00
O009815,U178,34,3,2026-01-02 15:19:00
O009812,U201,41,3,2026-01-02 16:01:00
O009806,U250,52,3,2026-01-02 16:04:00
O009811,U169,50,4,2026-01-02 16:21:00
O009834,U463,83,4,2026-01-02 16:27:00
O009836,U164,6,5,2026-01-02 16:43:00
O009833,U443,98,3,2026-01-02 16:52:00
O009818,U301,100,3,2026-01-02 16:58:00
O009828,U335,6,5,2026-01-02 17:15:00
O009845,U333,30,3,2026-01-02 17:22:00
O009831,U121,71,4,2026-01-02 17:24:00
O009845,U333,49,3,2026-01-02 17:32:00
O009832,U362,33,3,2026-01-02 17:41:00
O009845,U333,28,5,2026-01-02 17:54:00
O009827,U026,59,5,2026-01-02 18:00:00
O009832,U362,101,4,2026-01-02 18:03:00
O009843,U060,98,4,2026-01-02 18:46:00
O009840,U070,101,5,2026-01-02 19:24:00
O009843,U060,14,2,2026-01-02 19:53:00
O009853,U259,100,3,2026-01-02 20:05:00
O009856,U051,36,4,2026-01-02 20:14:00
O009848,U018,61,3,2026-01-02 20:23:00
O009860,U230,69,4,2026-01-02 21:04:00
O009855,U206,68,3,2026-01-02 21:39:00
O009854,U028,91,4,2026-01-02 21:56:00
O009863,U060,67,2,2026-01-02 21:56:00
O009855,U206,64,5,2026-01-02 22:09:00
O009865,U401,94,4,2026-01-02 22:24:00
O009859,U435,43,4,2026-01-02 22:26:00
O009858,U050,100,5,2026-01-02 22:54:00
O009866,U381,91,3,2026-01-02 23:10:00
O009868,U433,89,4,2026-01-03 06:36:00
O009869,U471,71,4,2026-01-03 09:59:00
O009877,U247,101,3,2026-01-03 10:11:00
O009885,U392,78,3,2026-01-03 11:01:00
O009887,U066,73,3,2026-01-03 11:29:00
O009883,U463,46,3,2026-01-03 12:18:00
O009890,U164,6,5,2026-01-03 12:29:00
O009894,U362,33,4,2026-01-03 12:32:00
O009880,U025,10,4,2026-01-03 12:52:00
O009900,U427,83,3,2026-01-03 13:01:00
O009887,U066,102,4,2026-01-03 13:14:00
O009899,U028,72,5,2026-01-03 13:38:00
O009898,U213,54,5,2026-01-03 13:47:00
O009903,U248,37,4,2026-01-03 13:59:00
O009896,U102,34,2,2026-01-03 14:02:00
O009895,U479,8,4,2026-01-03 14:18:00
O009908,U492,102,4,2026-01-03 14:30:00
O009910,U447,12,4,2026-01-03 15:08:00
O009916,U422,44,2,2026-01-03 15:19:00
O009915,U116,100,4,2026-01-03 15:28:00
O009919,U319,8,3,2026-01-03 15:35:00
O009913,U449,6,4,2026-01-03 15:43:00
O009908,U492,47,4,2026-01-03 16:07:00
O009918,U154,83,3,2026-01-03 16:20:00
O009926,U390,93,3,2026-01-03 16:47:00
O009925,U202,59,3,2026-01-03 16:50:00
O009923,U411,36,5,2026-01-03 16:56:00
O009940,U485,54,3,2026-01-03 17:38:00
O009930,U455,16,5,2026-01-03 18:04:00
O009954,U275,60,3,2026-01-03 18:42:00
O009938,U176,101,4,2026-01-03 18:49:00
O009932,U458,60,4,2026-01-03 18:50:00
O009939,U335,6,5,2026-01-03 19:08:00
O009939,U335,84,3,2026-01-03 19:10:00
O009935,U112,6,5,2026-01-03 19:19:00
O009951,U315,57,3,2026-01-03 19:29:00
O009947,U101,47,4,2026-01-03 19:37:00
O009953,U254,53,5,2026-01-03 19:45:00
O009941,U122,67,5,2026-01-03 20:04:00
O009948,U411,70,5,2026-01-03 20:41:00
O009972,U091,76,5,2026-01-03 20:42:00
O009971,U275,60,3,2026-01-03 20:47:00
O009960,U349,100,4,2026-01-03 21:07:00
O009959,U023,35,4,2026-01-03 21:08:00
O009974,U254,9,4,2026-01-03 21:36:00
O009966,U295,45,3,2026-01-03 22:18:00
O009973,U230,81,4,2026-01-03 23:09:00
O009976,U191,27,3,2026-01-03 23:42:00
O009982,U296,1,3,2026-01-04 08:34:00
O009984,U127,90,2,2026-01-04 09:51:00
O009989,U352,99,5,2026-01-04 11:10:00
O009990,U164,43,3,2026-01-04 11:15:00
O009995,U447,101,4,2026-01-04 11:28:00
O009998,U326,90,2,2026-01-04 11:32:00
O009991,U238,6,4,2026-01-04 12:18:00
O010009,U111,79,3,2026-01-04 12:28:00
O010009,U111,76,3,2026-01-04 12:32:00
O009990,U164,6,5,2026-01-04 12:39:00
O010005,U496,100,3,2026-01-04 12:50:00
O010006,U381,36,5,2026-01-04 13:17:00
O010003,U066,19,5,2026-01-04 13:28:00
O010013,U328,100,5,2026-01-04 13:36:00
O010008,U141,83,5,2026-01-04 14:05:00
O010010,U328,1,5,2026-01-04 14:19:00
O010015,U289,100,3,2026-01-04 14:40:00
O010016,U242,56,5,2026-01-04 14:53:00
O010014,U020,67,2,2026-01-04 15:51:00
O010019,U301,23,3,2026-01-04 16:03:00
O010022,U174,39,4,2026-01-04 16:08:00
O010022,U174,102,2,2026-01-04 16:16:00
O010020,U277,14,4,2026-01-04 16:24:00
O010018,U026,59,4,2026-01-04 16:27:00
O010015,U289,13,4,2026-01-04 16:58:00
O010031,U166,10,4,2026-01-04 16:59:00
O010036,U060,66,3,2026-01-04 17:07:00
O010028,U359,74,5,2026-01-04 17:09:00
O010027,U383,100,4,2026-01-04 17:12:00
O010038,U455,94,3,2026-01-04 17:52:00
O010024,U492,52,4,2026-01-04 17:55:00
O010036,U060,67,3,2026-01-04 18:06:00
O010026,U243,44,3,2026-01-04 18:07:00
O010032,U377,101,4,2026-01-04 18:20:00
O010042,U189,102,3,2026-01-04 18:24:00
O010033,U412,30,2,2026-01-04 18:55:00
O010037,U366,27,3,2026-01-04 19:01:00
O010043,U449,80,3,2026-01-04 19:11:00
O010040,U201,2,2,2026-01-04 19:49:00
O010041,U150,64,2,2026-01-04 19:55:00
O010040,U201,58,3,2026-01-04 20:11:00
O010056,U064,101,4,2026-01-04 20:35:00
O010047,U489,16,4,2026-01-04 20:38:00
O010050,U354,53,4,2026-01-04 20:44:00
O010064,U170,87,4,2026-01-04 21:09:00
O010054,U178,1,4,2026-01-04 21:23:00
O010052,U482,47,3,2026-01-04 21:38:00
O010064,U170,46,3,2026-01-04 21:53:00
O010066,U378,60,3,2026-01-04 22:18:00
O010068,U245,83,3,2026-01-04 22:37:00
O010066,U378,63,3,2026-01-04 22:43:00
O010065,U207,101,4,2026-01-04 22:51:00
O010077,U148,102,4,2026-01-05 08:26:00
O010086,U033,1,4,2026-01-05 08:31:00
O010091,U165,100,4,2026-01-05 08:57:00
O010081,U352,11,5,2026-01-05 09:25:00
O010098,U469,101,5,2026-01-05 09:26:00
O010099,U035,101,3,2026-01-05 09:27:00
O010082,U335,84,4,2026-01-05 09:57:00
O010097,U008,100,5,2026-01-05 09:59:00
O010092,U150,33,2,2026-01-05 10:09:00
O010089,U337,82,4,2026-01-05 10:26:00
O010091,U165,80,4,2026-01-05 10:28:00
O010087,U215,84,4,2026-01-05 10:52:00
O010103,U468,20,2,2026-01-05 10:54:00
O010111,U208,21,5,2026-01-05 11:02:00
O010103,U468,14,4,2026-01-05 11:27:00
O010096,U370,1,3,2026-01-05 11:27:00
O010111,U208,101,5,2026-01-05 12:03:00
O010106,U421,43,4,2026-01-05 12:06:00
O010116,U078,51,3,2026-01-05 12:58:00
O010114,U095,54,3,2026-01-05 13:38:00
O010125,U455,21,3,2026-01-05 13:42:00
O010120,U407,78,3,2026-01-05 13:52:00
O010115,U360,75,4,2026-01-05 13:54:00
O010123,U036,6,3,2026-01-05 14:07:00
O010133,U154,83,4,2026-01-05 14:11:00
O010118,U006,100,5,2026-01-05 14:15:00
O010127,U071,23,2,2026-01-05 14:41:00
O010122,U072,8,3,2026-01-05 15:03:00
O010124,U229,68,5,2026-01-05 15:08:00
O010134,U242,58,3,2026-01-05 15:20:00
O010129,U196,3,3,2026-01-05 15:32:00
O010133,U154,101,3,2026-01-05 16:09:00
O010141,U400,40,4,2026-01-05 16:21:00
O010136,U121,101,3,2026-01-05 16:42:00
O010143,U230,51,4,2026-01-05 17:12:00
O010142,U337,101,4,2026-01-05 17:14:00
O010156,U392,1,4,2026-01-05 18:37:00
O010160,U308,36,4,2026-01-05 19:00:00
O010155,U365,26,3,2026-01-05 19:09:00
O010161,U491,32,5,2026-01-05 19:17:00
O010159,U034,78,4,2026-01-05 19:50:00
O010159,U034,79,5,2026-01-05 20:19:00
O010177,U265,69,2,2026-01-05 21:54:00
O010167,U247,47,3,2026-01-05 22:01:00
O010170,U059,92,3,2026-01-05 22:03:00
O010175,U292,101,3,2026-01-05 22:10:00
O010180,U138,54,5,2026-01-05 23:19:00
O010193,U382,82,3,2026-01-06 07:32:00
O010185,U244,99,5,2026-01-06 07:43:00
O010185,U244,87,4,2026-01-06 08:48:00
O010189,U277,54,3,2026-01-06 09:26:00
O010205,U322,84,4,2026-01-06 09:33:00
O010203,U284,82,5,2026-01-06 09:47:00
O010209,U278,6,3,2026-01-06 09:51:00
O010197,U275,16,3,2026-01-06 10:02:00
O010220,U072,66,4,2026-01-06 10:32:00
O010219,U191,42,4,2026-01-06 11:06:00
O010217,U297,101,4,2026-01-06 11:48:00
O010222,U101,45,4,2026-01-06 11:50:00
O010226,U057,79,5,2026-01-06 12:10:00
O010221,U495,100,4,2026-01-06 12:16:00
O010232,U415,6,5,2026-01-06 12:28:00
O010224,U093,45,4,2026-01-06 12:52:00
O010219,U191,102,3,2026-01-06 12:54:00
O010223,U057,101,5,2026-01-06 13:23:00
O010227,U380,60,4,2026-01-06 13:29:00
O010223,U057,8,2,2026-01-06 13:50:00
O010230,U005,5,5,2026-01-06 13:57:00
O010230,U005,101,5,2026-01-06 14:01:00
O010240,U419,93,3,2026-01-06 14:22:00
O010242,U055,98,4,2026-01-06 14:29:00
O010237,U307,96,3,2026-01-06 15:33:00
O010248,U222,101,4,2026-01-06 15:37:00
O010233,U284,76,3,2026-01-06 15:57:00
O010250,U319,8,4,2026-01-06 16:12:00
O010246,U273,2,5,2026-01-06 16:42:00
O010251,U365,30,4,2026-01-06 17:01:00
O010257,U379,81,4,2026-01-06 17:19:00
O010243,U117,15,4,2026-01-06 17:21:00
O010263,U164,98,4,2026-01-06 17:39:00
O010260,U247,36,5,2026-01-06 17:50:00
O010267,U031,86,4,2026-01-06 17:54:00
O010273,U027,98,4,2026-01-06 18:12:00
O010257,U379,100,4,2026-01-06 18:28:00
O010277,U344,98,4,2026-01-06 19:36:00
O010272,U226,76,3,2026-01-06 20:19:00
O010277,U344,59,3,2026-01-06 21:40:00
O010287,U108,7,3,2026-01-07 07:39:00
O010287,U108,100,3,2026-01-07 07:53:00
O010292,U287,6,4,2026-01-07 08:58:00
O010289,U005,5,5,2026-01-07 09:13:00
O010295,U072,101,4,2026-01-07 09:14:00
O010286,U479,101,4,2026-01-07 09:15:00
O010311,U042,101,5,2026-01-07 09:37:00
O010298,U064,101,5,2026-01-07 09:37:00
O010309,U469,17,4,2026-01-07 09:39:00
O010294,U455,67,2,2026-01-07 09:41:00
O010295,U072,8,4,2026-01-07 09:58:00
O010301,U356,22,4,2026-01-07 10:11:00
O010321,U247,32,3,2026-01-07 10:11:00
O010315,U301,13,4,2026-01-07 10:14:00
O010294,U455,39,4,2026-01-07 10:37:00
O010324,U076,53,5,2026-01-07 10:51:00
O010310,U419,68,3,2026-01-07 11:09:00
O010326,U333,100,3,2026-01-07 11:26:00
O010327,U210,41,5,2026-01-07 11:33:00
O010309,U469,101,4,2026-01-07 11:34:00
O010315,U301,101,3,2026-01-07 11:40:00
O010330,U333,59,3,2026-01-07 11:41:00
O010316,U316,30,3,2026-01-07 11:44:00
O010320,U149,6,4,2026-01-07 11:56:00
O010335,U269,81,4,2026-01-07 12:04:00
O010328,U367,33,3,2026-01-07 12:04:00
O010312,U446,38,4,2026-01-07 12:13:00
O010312,U446,93,3,2026-01-07 12:14:00
O010336,U322,58,4,2026-01-07 12:22:00
O010319,U339,32,4,2026-01-07 12:26:00
O010328,U367,99,4,2026-01-07 12:47:00
O010325,U491,2,4,2026-01-07 12:52:00
O010336,U322,98,3,2026-01-07 13:03:00
O010346,U276,45,2,2026-01-07 14:37:00
O010341,U342,101,3,2026-01-07 14:50:00
O010349,U383,71,2,2026-01-07 14:54:00
O010351,U149,5,4,2026-01-07 16:09:00
O010348,U245,2,5,2026-01-07 16:23:00
O010358,U034,92,3,2026-01-07 17:14:00
O010375,U411,98,5,2026-01-07 17:49:00
O010364,U045,86,4,2026-01-07 17:56:00
O010370,U306,102,4,2026-01-07 17:58:00
O010357,U363,13,4,2026-01-07 17:58:00
O010375,U411,63,3,2026-01-07 18:06:00
O010373,U226,50,4,2026-01-07 18:30:00
O010367,U260,102,4,2026-01-07 18:33:00
O010384,U127,33,3,2026-01-07 18:36:00
O010386,U040,60,3,2026-01-07 18:42:00
O010377,U249,43,4,2026-01-07 18:52:00
O010388,U378,63,4,2026-01-07 18:58:00
O010374,U014,34,3,2026-01-07 19:13:00
O010381,U419,68,2,2026-01-07 19:29:00
O010382,U429,6,3,2026-01-07 19:49:00
O010391,U073,89,5,2026-01-07 19:57:00
O010395,U207,59,2,2026-01-07 20:07:00
O010389,U328,1,5,2026-01-07 20:41:00
O010396,U064,9,4,2026-01-07 21:02:00
O010393,U447,12,4,2026-01-07 21:12:00
O010397,U447,101,4,2026-01-07 21:35:00
O010398,U425,78,5,2026-01-07 22:19:00
O010398,U425,98,5,2026-01-07 23:32:00
O010417,U206,7,4,2026-01-08 08:12:00
O010421,U449,62,4,2026-01-08 08:46:00
O010419,U106,85,4,2026-01-08 08:49:00
O010413,U225,5,4,2026-01-08 09:18:00
O010414,U455,99,4,2026-01-08 09:31:00
O010415,U206,64,4,2026-01-08 09:32:00
O010427,U392,34,2,2026-01-08 09:36:00
O010418,U325,101,2,2026-01-08 09:48:00
O010427,U392,1,5,2026-01-08 09:53:00
O010423,U326,72,3,2026-01-08 10:17:00
O010429,U037,22,5,2026-01-08 10:42:00
O010430,U392,101,3,2026-01-08 10:51:00
O010441,U192,101,4,2026-01-08 11:01:00
O010431,U494,101,5,2026-01-08 11:05:00
O010437,U435,14,3,2026-01-08 11:38:00
O010434,U449,62,4,2026-01-08 12:01:00
O010440,U098,54,2,2026-01-08 12:18:00
O010444,U360,8,4,2026-01-08 13:32:00
O010448,U325,91,3,2026-01-08 13:56:00
O010454,U307,97,3,2026-01-08 14:18:00
O010449,U326,62,3,2026-01-08 14:22:00
O010464,U056,69,3,2026-01-08 15:18:00
O010459,U462,100,5,2026-01-08 15:26:00
O010466,U435,43,5,2026-01-08 15:31:00
O010451,U149,47,1,2026-01-08 15:53:00
O010467,U275,18,4,2026-01-08 16:05:00
O010461,U130,7,5,2026-01-08 16:06:00
O010470,U040,101,4,2026-01-08 16:37:00
O010454,U307,48,3,2026-01-08 16:37:00
O010468,U491,66,4,2026-01-08 16:50:00
O010474,U254,2,2,2026-01-08 17:34:00
O010494,U102,22,3,2026-01-08 19:17:00
O010473,U352,30,3,2026-01-08 19:25:00
O010481,U215,88,3,2026-01-08 19:26:00
O010478,U275,100,4,2026-01-08 19:54:00
O010490,U301,10,3,2026-01-08 20:10:00
O010480,U440,2,4,2026-01-08 20:13:00
O010493,U469,61,4,2026-01-08 20:17:00
O010487,U095,101,4,2026-01-08 20:22:00
O010491,U378,61,4,2026-01-08 21:25:00
O010499,U381,37,5,2026-01-08 21:30:00
O010513,U292,101,4,2026-01-08 21:44:00
O010501,U176,38,3,2026-01-08 21:53:00
O010502,U274,58,3,2026-01-08 21:59:00
O010508,U138,61,4,2026-01-08 22:23:00
O010515,U242,16,3,2026-01-08 22:27:00
O010515,U242,98,3,2026-01-08 22:53:00
O010514,U216,76,4,2026-01-08 23:50:00
O010517,U443,98,5,2026-01-09 00:31:00
O010520,U165,34,2,2026-01-09 07:13:00
O010519,U356,81,3,2026-01-09 07:23:00
O010521,U238,7,5,2026-01-09 07:23:00
O010524,U165,97,3,2026-01-09 07:25:00
O010525,U397,23,3,2026-01-09 08:07:00
O010524,U165,37,5,2026-01-09 09:16:00
O010523,U377,79,5,2026-01-09 09:16:00
O010539,U086,62,3,2026-01-09 09:26:00
O010526,U479,5,3,2026-01-09 09:45:00
O010535,U121,78,3,2026-01-09 09:47:00
O010529,U062,18,4,2026-01-09 09:49:00
O010531,U071,76,3,2026-01-09 10:04:00
O010544,U278,18,4,2026-01-09 10:41:00
O010533,U284,100,4,2026-01-09 10:50:00
O010552,U397,3,5,2026-01-09 11:00:00
O010554,U315,81,3,2026-01-09 11:14:00
O010547,U325,13,4,2026-01-09 11:27:00
O010549,U237,100,4,2026-01-09 12:01:00
O010550,U274,90,2,2026-01-09 12:04:00
O010547,U325,59,3,2026-01-09 12:04:00
O010552,U397,100,4,2026-01-09 12:09:00
O010566,U360,5,4,2026-01-09 12:47:00
O010556,U393,47,2,2026-01-09 12:50:00
O010558,U302,1,4,2026-01-09 14:01:00
O010580,U178,95,2,2026-01-09 14:53:00
O010582,U495,102,4,2026-01-09 15:20:00
O010574,U254,68,4,2026-01-09 15:41:00
O010582,U495,36,4,2026-01-09 16:19:00
O010590,U289,84,4,2026-01-09 16:31:00
O010591,U161,33,4,2026-01-09 16:36:00
O010581,U245,22,3,2026-01-09 16:39:00
O010598,U284,54,3,2026-01-09 17:34:00
O010583,U135,52,3,2026-01-09 17:42:00
O010596,U447,100,4,2026-01-09 17:45:00
O010593,U036,9,5,2026-01-09 17:49:00
O010592,U053,7,4,2026-01-09 18:26:00
O010594,U161,3,3,2026-01-09 18:29:00
O010605,U305,73,4,2026-01-09 18:40:00
O010612,U276,45,3,2026-01-09 18:46:00
O010601,U294,101,3,2026-01-09 18:48:00
O010612,U276,81,2,2026-01-09 19:13:00
O010623,U379,86,2,2026-01-09 20:47:00
O010622,U491,96,5,2026-01-09 22:12:00
O010627,U043,37,3,2026-01-09 22:25:00
O010631,U170,76,3,2026-01-10 00:10:00
O010630,U050,39,4,2026-01-10 00:12:00
O010629,U102,27,2,2026-01-10 00:16:00
O010638,U479,5,4,2026-01-10 09:16:00
O010635,U127,49,4,2026-01-10 09:40:00
O010654,U202,98,3,2026-01-10 10:12:00
O010645,U194,27,4,2026-01-10 10:18:00
O010657,U101,45,5,2026-01-10 10:33:00
O010642,U086,102,2,2026-01-10 10:48:00
O010658,U078,51,2,2026-01-10 11:12:00
O010647,U307,101,4,2026-01-10 11:23:00
O010645,U194,98,4,2026-01-10 11:25:00
O010653,U121,54,4,2026-01-10 11:48:00
O010647,U307,15,3,2026-01-10 11:49:00
O010653,U121,78,4,2026-01-10 11:56:00
O010659,U134,41,4,2026-01-10 11:57:00
O010669,U269,50,4,2026-01-10 11:58:00
O010662,U064,8,5,2026-01-10 12:25:00
O010661,U132,2,5,2026-01-10 12:35:00
O010664,U469,101,4,2026-01-10 12:36:00
O010674,U367,11,5,2026-01-10 12:37:00
O010654,U202,59,4,2026-01-10 12:39:00
O010657,U101,8,2,2026-01-10 12:39:00
O010655,U082,90,5,2026-01-10 12:47:00
O010666,U216,79,5,2026-01-10 13:39:00
O010678,U003,83,4,2026-01-10 13:46:00
O010679,U196,3,3,2026-01-10 14:12:00
O010668,U028,79,4,2026-01-10 14:18:00
O010682,U091,99,4,2026-01-10 14:43:00
O010690,U009,92,4,2026-01-10 15:45:00
O010693,U255,96,4,2026-01-10 15:46:00
O010681,U284,73,3,2026-01-10 15:48:00
O010697,U399,101,3,2026-01-10 15:55:00
O010697,U399,23,1,2026-01-10 16:01:00
O010701,U165,54,3,2026-01-10 16:11:00
O010707,U467,56,2,2026-01-10 16:50:00
O010692,U052,98,3,2026-01-10 16:53:00
O010692,U052,14,4,2026-01-10 16:57:00
O010692,U052,97,3,2026-01-10 17:02:00
O010711,U372,39,3,2026-01-10 17:33:00
O010706,U253,15,5,2026-01-10 17:46:00
O010714,U411,36,5,2026-01-10 17:55:00
O010718,U248,46,4,2026-01-10 18:00:00
O010704,U236,14,4,2026-01-10 18:11:00
O010721,U095,88,3,2026-01-10 18:21:00
O010704,U236,100,3,2026-01-10 18:26:00
O010705,U165,59,2,2026-01-10 18:26:00
O010706,U253,17,5,2026-01-10 18:51:00
O010717,U150,39,3,2026-01-10 18:53:00
O010707,U467,98,5,2026-01-10 19:02:00
O010725,U138,11,3,2026-01-10 19:36:00
O010719,U338,26,3,2026-01-10 19:51:00
O010731,U169,32,4,2026-01-10 20:18:00
O010724,U230,51,4,2026-01-10 20:22:00
O010742,U335,10,4,2026-01-10 20:39:00
O010741,U020,99,4,2026-01-10 20:39:00
O010735,U362,43,3,2026-01-10 20:40:00
O010730,U381,38,4,2026-01-10 21:21:00
O010741,U020,64,5,2026-01-10 21:28:00
O010748,U212,18,4,2026-01-10 21:59:00
O010739,U334,64,3,2026-01-10 22:08:00
O010743,U049,84,2,2026-01-10 22:10:00
O010744,U033,102,5,2026-01-10 22:35:00
O010752,U449,80,3,2026-01-11 07:17:00
O010757,U452,101,4,2026-01-11 09:14:00
O010761,U226,76,2,2026-01-11 09:59:00
O010763,U182,9,3,2026-01-11 10:16:00
O010766,U392,1,5,2026-01-11 10:18:00
O010762,U296,4,3,2026-01-11 10:47:00
O010758,U086,98,3,2026-01-11 11:11:00
O010768,U031,47,4,2026-01-11 11:18:00
O010777,U210,93,2,2026-01-11 11:34:00
O010774,U353,14,5,2026-01-11 11:36:00
O010758,U086,17,4,2026-01-11 11:41:00
O010772,U178,9,4,2026-01-11 11:44:00
O010780,U458,60,3,2026-01-11 12:04:00
O010779,U328,70,3,2026-01-11 12:12:00
O010765,U108,32,4,2026-01-11 12:24:00
O010776,U205,32,4,2026-01-11 12:26:00
O010774,U353,101,4,2026-01-11 12:39:00
O010783,U440,100,2,2026-01-11 12:59:00
O010775,U436,54,4,2026-01-11 13:10:00
O010782,U213,74,5,2026-01-11 13:13:00
O010770,U469,22,5,2026-01-11 13:13:00
O010787,U085,81,3,2026-01-11 13:31:00
O010785,U315,28,3,2026-01-11 14:15:00
O010785,U315,100,3,2026-01-11 14:30:00
O010782,U213,80,4,2026-01-11 14:48:00
O010798,U089,82,3,2026-01-11 15:06:00
O010792,U091,99,4,2026-01-11 15:41:00
O010793,U106,43,3,2026-01-11 16:12:00
O010798,U089,101,4,2026-01-11 16:12:00
O010816,U449,80,3,2026-01-11 16:41:00
O010794,U049,68,3,2026-01-11 16:44:00
O010803,U354,10,4,2026-01-11 16:56:00
O010818,U338,26,3,2026-01-11 17:01:00
O010802,U229,12,3,2026-01-11 17:06:00
O010811,U247,15,4,2026-01-11 17:06:00
O010794,U049,100,5,2026-01-11 17:15:00
O010796,U454,101,3,2026-01-11 17:28:00
O010800,U365,27,4,2026-01-11 17:40:00
O010825,U392,78,2,2026-01-11 17:41:00
O010832,U214,77,3,2026-01-11 17:43:00
O010823,U276,40,2,2026-01-11 17:49:00
O010823,U276,101,5,2026-01-11 17:52:00
O010836,U003,91,4,2026-01-11 17:58:00
O010826,U161,30,5,2026-01-11 18:01:00
O010833,U055,10,2,2026-01-11 18:11:00
O010838,U191,40,5,2026-01-11 18:16:00
O010819,U057,89,5,2026-01-11 18:20:00
O010828,U338,44,2,2026-01-11 18:43:00
O010817,U362,17,3,2026-01-11 18:45:00
O010823,U276,7,3,2026-01-11 18:54:00
O010835,U138,44,2,2026-01-11 18:54:00
O010829,U054,60,3,2026-01-11 19:01:00
O010825,U392,98,4,2026-01-11 19:03:00
O010837,U356,60,3,2026-01-11 19:28:00
O010833,U055,1,4,2026-01-11 19:31:00
O010822,U317,67,2,2026-01-11 19:38:00
O010830,U278,72,4,2026-01-11 19:39:00
O010824,U057,79,5,2026-01-11 19:40:00
O010834,U496,58,2,2026-01-11 19:54:00
O010836,U003,7,3,2026-01-11 19:57:00
O010847,U276,64,4,2026-01-11 19:58:00
O010830,U278,6,4,2026-01-11 20:01:00
O010843,U403,76,3,2026-01-11 20:18:00
O010848,U242,40,5,2026-01-11 20:28:00
O010854,U434,65,3,2026-01-11 21:06:00
O010853,U259,86,3,2026-01-11 21:54:00
O010853,U259,37,4,2026-01-11 22:16:00
O010861,U037,100,4,2026-01-12 07:18:00
O010862,U244,23,5,2026-01-12 07:39:00
O010859,U449,60,3,2026-01-12 08:15:00
O010871,U202,75,2,2026-01-12 08:37:00
O010869,U166,58,5,2026-01-12 09:15:00
O010869,U166,98,4,2026-01-12 09:16:00
O010861,U037,92,4,2026-01-12 09:29:00
O010871,U202,6,2,2026-01-12 09:51:00
O010884,U132,100,5,2026-01-12 09:57:00
O010890,U453,101,4,2026-01-12 10:11:00
O010888,U463,46,3,2026-01-12 10:26:00
O010868,U150,48,2,2026-01-12 10:33:00
O010889,U035,102,2,2026-01-12 10:43:00
O010882,U202,59,4,2026-01-12 11:26:00
O010887,U154,83,4,2026-01-12 11:29:00
O010893,U016,44,3,2026-01-12 11:34:00
O010881,U238,6,5,2026-01-12 11:47:00
O010905,U351,69,3,2026-01-12 12:15:00
O010902,U411,36,5,2026-01-12 12:24:00
O010897,U328,5,5,2026-01-12 12:36:00
O010900,U494,73,3,2026-01-12 12:37:00
O010889,U035,61,2,2026-01-12 12:43:00
O010910,U035,36,3,2026-01-12 13:08:00
O010894,U135,101,4,2026-01-12 13:10:00
O010916,U095,76,3,2026-01-12 13:36:00
O010907,U265,37,4,2026-01-12 13:38:00
O010911,U392,27,2,2026-01-12 13:49:00
O010924,U083,6,3,2026-01-12 14:03:00
O010921,U312,49,3,2026-01-12 14:19:00
O010913,U089,82,3,2026-01-12 14:20:00
O010907,U265,77,3,2026-01-12 14:28:00
O010923,U419,66,4,2026-01-12 14:29:00
O010906,U247,32,4,2026-01-12 14:47:00
O010917,U098,74,2,2026-01-12 14:53:00
O010926,U250,75,5,2026-01-12 14:55:00
O010922,U245,5,5,2026-01-12 14:57:00
O010928,U248,62,3,2026-01-12 15:01:00
O010925,U340,36,4,2026-01-12 15:15:00
O010929,U291,6,4,2026-01-12 15:18:00
O010924,U083,43,3,2026-01-12 15:25:00
O010937,U335,22,3,2026-01-12 15:46:00
O010920,U192,26,4,2026-01-12 15:49:00
O010934,U105,23,2,2026-01-12 15:54:00
O010930,U041,74,2,2026-01-12 16:37:00
O010942,U070,23,2,2026-01-12 16:39:00
O010942,U070,78,5,2026-01-12 16:41:00
O010942,U070,76,5,2026-01-12 16:49:00
O010949,U242,91,5,2026-01-12 17:26:00
O010939,U164,60,3,2026-01-12 17:37:00
O010948,U455,15,4,2026-01-12 17:51:00
O010963,U020,35,4,2026-01-12 18:21:00
O010962,U496,100,3,2026-01-12 18:21:00
O010941,U238,6,5,2026-01-12 18:35:00
O010946,U324,20,3,2026-01-12 18:58:00
O010959,U018,61,3,2026-01-12 19:49:00
O010964,U265,73,2,2026-01-12 20:52:00
O010971,U020,33,3,2026-01-12 21:07:00
O010971,U020,85,2,2026-01-12 21:12:00
O010968,U067,68,4,2026-01-12 21:44:00
O010969,U328,6,5,2026-01-12 21:57:00
O010974,U289,84,4,2026-01-13 00:21:00
O010980,U449,80,2,2026-01-13 07:45:00
O010984,U195,101,3,2026-01-13 07:48:00
O010988,U466,101,4,2026-01-13 08:16:00
O010981,U399,23,2,2026-01-13 08:27:00
O010977,U377,34,3,2026-01-13 08:34:00
O010988,U466,23,5,2026-01-13 08:48:00
O010978,U384,100,4,2026-01-13 09:13:00
O010980,U449,100,5,2026-01-13 09:18:00
O011002,U072,101,3,2026-01-13 09:40:00
O010996,U164,6,5,2026-01-13 09:58:00
O011002,U072,63,3,2026-01-13 10:03:00
O010991,U319,8,4,2026-01-13 10:16:00
O010984,U195,100,3,2026-01-13 10:18:00
O010987,U349,58,3,2026-01-13 10:20:00
O010994,U284,71,3,2026-01-13 11:31:00
O011012,U070,78,4,2026-01-13 11:36:00
O011005,U221,76,4,2026-01-13 12:11:00
O011022,U442,54,5,2026-01-13 13:28:00
O011023,U057,79,5,2026-01-13 13:49:00
O011016,U411,63,4,2026-01-13 13:54:00
O011023,U057,101,4,2026-01-13 15:13:00
O011037,U227,46,5,2026-01-13 15:21:00
O011032,U141,102,4,2026-01-13 15:28:00
O011032,U141,41,3,2026-01-13 15:29:00
O011038,U347,15,4,2026-01-13 16:22:00
O011027,U333,100,5,2026-01-13 16:26:00
O011040,U107,11,4,2026-01-13 16:28:00
O011028,U008,98,5,2026-01-13 16:32:00
O011047,U106,48,4,2026-01-13 16:33:00
O011046,U317,54,3,2026-01-13 16:40:00
O011045,U126,81,5,2026-01-13 16:47:00
O011036,U028,96,5,2026-01-13 17:05:00
O011053,U067,71,4,2026-01-13 17:11:00
O011056,U036,101,3,2026-01-13 17:18:00
O011061,U238,66,2,2026-01-13 17:25:00
O011040,U107,27,5,2026-01-13 17:27:00
O011062,U370,71,2,2026-01-13 17:35:00
O011048,U455,15,4,2026-01-13 17:39:00
O011055,U132,51,3,2026-01-13 17:42:00
O011056,U036,1,4,2026-01-13 18:07:00
O011069,U238,101,4,2026-01-13 18:13:00
O011066,U053,91,2,2026-01-13 18:36:00
O011059,U071,90,4,2026-01-13 18:46:00
O011071,U496,35,2,2026-01-13 18:47:00
O011064,U166,58,4,2026-01-13 19:01:00
O011054,U188,37,4,2026-01-13 19:07:00
O011060,U344,94,2,2026-01-13 19:42:00
O011065,U102,39,3,2026-01-13 19:43:00
O011078,U150,66,3,2026-01-13 21:04:00
O011087,U440,28,4,2026-01-13 21:07:00
O011081,U049,84,3,2026-01-13 22:08:00
O011081,U049,87,2,2026-01-13 22:21:00
O011084,U170,9,3,2026-01-13 22:35:00
O011086,U192,26,4,2026-01-13 23:06:00
O011096,U392,1,5,2026-01-14 08:08:00
O011103,U151,30,2,2026-01-14 08:25:00
O011100,U469,101,4,2026-01-14 08:35:00
O011101,U025,22,2,2026-01-14 08:38:00
O011095,U370,101,3,2026-01-14 08:47:00
O011100,U469,17,4,2026-01-14 08:51:00
O011096,U392,101,4,2026-01-14 08:54:00
O011108,U037,93,3,2026-01-14 09:10:00
O011098,U296,45,3,2026-01-14 09:11:00
O011094,U221,76,4,2026-01-14 09:35:00
O011110,U021,102,4,2026-01-14 09:53:00
O011120,U485,60,4,2026-01-14 09:58:00
O011113,U485,101,3,2026-01-14 09:59:00
O011104,U333,28,5,2026-01-14 10:05:00
O011114,U433,76,3,2026-01-14 10:07:00
O011101,U025,18,1,2026-01-14 10:21:00
O011132,U407,15,4,2026-01-14 10:29:00
O011123,U028,91,4,2026-01-14 10:40:00
O011131,U216,63,4,2026-01-14 10:46:00
O011124,U263,101,5,2026-01-14 10:52:00
O011135,U004,82,3,2026-01-14 10:53:00
O011133,U086,100,3,2026-01-14 10:55:00
O011131,U216,95,4,2026-01-14 11:14:00
O011121,U106,101,4,2026-01-14 11:15:00
O011131,U216,98,4,2026-01-14 11:44:00
O011126,U419,19,4,2026-01-14 11:53:00
O011125,U102,98,4,2026-01-14 12:16:00
O011144,U437,101,4,2026-01-14 12:51:00
O011138,U188,40,4,2026-01-14 13:10:00
O011148,U035,41,4,2026-01-14 13:24:00
O011143,U072,63,4,2026-01-14 13:54:00
O011140,U062,100,5,2026-01-14 14:02:00
O011159,U212,13,2,2026-01-14 14:55:00
O011158,U003,37,3,2026-01-14 15:12:00
O011165,U328,98,3,2026-01-14 15:28:00
O011167,U328,1,5,2026-01-14 15:48:00
O011169,U282,21,3,2026-01-14 16:01:00
O011157,U284,21,4,2026-01-14 16:08:00
O011170,U070,95,4,2026-01-14 16:22:00
O011163,U049,84,2,2026-01-14 16:28:00
O011166,U107,101,4,2026-01-14 16:30:00
O011157,U284,71,4,2026-01-14 16:53:00
O011179,U479,5,4,2026-01-14 17:53:00
O011184,U438,57,3,2026-01-14 17:57:00
O011164,U466,21,5,2026-01-14 18:06:00
O011174,U362,33,3,2026-01-14 18:21:00
O011180,U260,53,4,2026-01-14 18:26:00
O011198,U369,7,3,2026-01-14 18:40:00
O011173,U071,85,5,2026-01-14 19:05:00
O011193,U380,98,4,2026-01-14 20:17:00
O011197,U230,74,4,2026-01-14 20:39:00
O011203,U435,102,4,2026-01-14 20:45:00
O011205,U230,52,4,2026-01-14 20:51:00
O011203,U435,15,4,2026-01-14 21:00:00
O011208,U176,89,1,2026-01-14 21:13:00
O011208,U176,37,3,2026-01-14 21:21:00
O011214,U295,42,5,2026-01-14 21:44:00
O011209,U379,71,3,2026-01-14 22:32:00
O011217,U102,100,3,2026-01-14 22:49:00
O011206,U401,45,4,2026-01-14 22:51:00
O011213,U029,56,3,2026-01-14 23:48:00
O011211,U443,77,5,2026-01-14 23:54:00
O011223,U008,10,4,2026-01-15 07:55:00
O011218,U215,47,3,2026-01-15 07:56:00
O011228,U383,50,3,2026-01-15 08:42:00
O011229,U081,13,3,2026-01-15 08:53:00
O011227,U206,102,4,2026-01-15 08:59:00
O011236,U186,100,4,2026-01-15 09:07:00
O011221,U383,96,3,2026-01-15 09:10:00
O011219,U241,66,3,2026-01-15 09:33:00
O011242,U089,96,3,2026-01-15 09:38:00
O011235,U034,37,3,2026-01-15 09:45:00
O011233,U124,90,3,2026-01-15 10:19:00
O011238,U464,50,3,2026-01-15 10:45:00
O011241,U400,37,5,2026-01-15 11:40:00
O011248,U427,91,3,2026-01-15 11:54:00
O011258,U064,102,5,2026-01-15 12:46:00
O011263,U482,27,4,2026-01-15 13:31:00
O011258,U064,48,3,2026-01-15 13:35:00
O011264,U407,22,5,2026-01-15 13:40:00
O011267,U111,7,3,2026-01-15 13:43:00
O011262,U255,36,2,2026-01-15 13:50:00
O011270,U295,75,2,2026-01-15 14:11:00
O011277,U400,37,5,2026-01-15 14:55:00
O011266,U148,102,4,2026-01-15 14:57:00
O011272,U188,40,4,2026-01-15 15:16:00
O011269,U121,58,4,2026-01-15 15:18:00
O011269,U121,14,4,2026-01-15 15:29:00
O011288,U050,93,2,2026-01-15 15:41:00
O011286,U366,42,4,2026-01-15 16:03:00
O011287,U006,83,5,2026-01-15 17:15:00
O011302,U085,9,4,2026-01-15 18:41:00
O011294,U274,60,2,2026-01-15 18:47:00
O011306,U190,79,4,2026-01-15 18:52:00
O011307,U161,34,4,2026-01-15 19:29:00
O011298,U090,28,2,2026-01-15 19:34:00
O011302,U085,6,4,2026-01-15 19:53:00
O011322,U409,75,4,2026-01-15 20:48:00
O011320,U072,101,4,2026-01-15 20:59:00
O011312,U367,101,4,2026-01-15 21:05:00
O011312,U367,58,3,2026-01-15 21:08:00
O011318,U190,80,4,2026-01-15 21:08:00
O011321,U320,7,5,2026-01-15 22:42:00
O011326,U128,45,3,2026-01-15 23:51:00
O011325,U102,13,4,2026-01-16 00:03:00
O011329,U272,9,4,2026-01-16 07:42:00
O011350,U349,56,4,2026-01-16 08:51:00
O011334,U164,6,5,2026-01-16 09:18:00
O011345,U398,32,4,2026-01-16 09:22:00
O011342,U289,102,2,2026-01-16 09:57:00
O011350,U349,58,3,2026-01-16 10:03:00
O011336,U418,17,3,2026-01-16 10:39:00
O011339,U234,76,4,2026-01-16 10:40:00
O011357,U494,73,3,2026-01-16 10:45:00
O011361,U354,67,4,2026-01-16 10:46:00
O011356,U086,102,3,2026-01-16 10:47:00
O011349,U451,60,4,2026-01-16 10:51:00
O011338,U325,42,3,2026-01-16 10:53:00
O011346,U072,101,3,2026-01-16 11:11:00
O011352,U419,23,5,2026-01-16 11:18:00
O011370,U101,68,2,2026-01-16 11:38:00
O011373,U377,34,3,2026-01-16 11:59:00
O011373,U377,102,5,2026-01-16 12:36:00
O011365,U328,1,5,2026-01-16 12:49:00
O011381,U206,102,4,2026-01-16 13:45:00
O011383,U469,101,5,2026-01-16 14:11:00
O011382,U238,8,4,2026-01-16 14:22:00
O011391,U286,49,5,2026-01-16 14:35:00
O011381,U206,98,4,2026-01-16 14:41:00
O011397,U072,63,4,2026-01-16 15:05:00
O011394,U455,87,2,2026-01-16 15:15:00
O011390,U280,11,3,2026-01-16 15:17:00
O011396,U447,102,4,2026-01-16 15:28:00
O011394,U455,101,3,2026-01-16 15:35:00
O011402,U356,101,4,2026-01-16 16:04:00
O011385,U017,36,5,2026-01-16 16:17:00
O011393,U274,64,4,2026-01-16 16:58:00
O011417,U228,26,3,2026-01-16 17:07:00
O011415,U018,95,5,2026-01-16 17:10:00
O011394,U455,16,5,2026-01-16 17:17:00
O011410,U210,93,4,2026-01-16 17:34:00
O011407,U122,18,3,2026-01-16 17:40:00
O011404,U266,8,3,2026-01-16 17:53:00
O011402,U356,18,5,2026-01-16 17:55:00
O011421,U138,3,3,2026-01-16 18:01:00
O011406,U297,14,4,2026-01-16 18:06:00
O011414,U462,44,2,2026-01-16 18:38:00
O011420,U196,33,4,2026-01-16 18:45:00
O011425,U165,77,5,2026-01-16 18:52:00
O011408,U417,36,4,2026-01-16 18:57:00
O011414,U462,53,4,2026-01-16 18:58:00
O011427,U248,101,4,2026-01-16 19:08:00
O011416,U397,3,5,2026-01-16 19:15:00
O011415,U018,40,5,2026-01-16 19:20:00
O011416,U397,26,4,2026-01-16 19:23:00
O011431,U081,21,5,2026-01-16 19:30:00
O011433,U389,100,2,2026-01-16 20:30:00
O011439,U028,91,4,2026-01-16 21:34:00
O011436,U340,29,5,2026-01-16 22:02:00
O011443,U173,26,4,2026-01-16 22:27:00
O011442,U183,75,4,2026-01-16 22:29:00
O011444,U464,98,4,2026-01-16 23:29:00
O011447,U127,101,4,2026-01-17 06:40:00
O011448,U165,73,4,2026-01-17 08:18:00
O011447,U127,1,5,2026-01-17 09:11:00
O011456,U433,93,3,2026-01-17 09:38:00
O011450,U215,86,5,2026-01-17 09:57:00
O011458,U093,15,4,2026-01-17 10:05:00
O011460,U031,101,3,2026-01-17 10:08:00
O011462,U250,52,3,2026-01-17 10:31:00
O011464,U208,35,2,2026-01-17 10:35:00
O011451,U127,62,2,2026-01-17 10:51:00
O011454,U455,15,4,2026-01-17 10:55:00
O011462,U250,75,5,2026-01-17 10:59:00
O011460,U031,10,4,2026-01-17 11:29:00
O011470,U359,101,4,2026-01-17 11:31:00
O011472,U206,100,4,2026-01-17 12:04:00
O011454,U455,5,4,2026-01-17 12:08:00
O011457,U419,101,4,2026-01-17 12:09:00
O011474,U453,63,4,2026-01-17 12:14:00
O011460,U031,98,4,2026-01-17 12:15:00
O011478,U362,27,5,2026-01-17 13:33:00
O011466,U278,102,3,2026-01-17 13:34:00
O011474,U453,60,3,2026-01-17 13:45:00
O011469,U091,76,4,2026-01-17 13:47:00
O011484,U121,101,4,2026-01-17 14:49:00
O011483,U469,15,5,2026-01-17 15:17:00
O011493,U360,8,4,2026-01-17 16:16:00
O011482,U189,101,4,2026-01-17 16:36:00
O011487,U401,94,3,2026-01-17 16:37:00
O011485,U089,19,5,2026-01-17 16:44:00
O011496,U345,86,3,2026-01-17 16:55:00
O011493,U360,6,4,2026-01-17 17:01:00
O011481,U023,72,3,2026-01-17 17:03:00
O011501,U072,101,3,2026-01-17 17:10:00
O011489,U324,72,4,2026-01-17 17:43:00
O011494,U020,64,4,2026-01-17 17:44:00
O011495,U067,54,4,2026-01-17 17:44:00
O011499,U248,37,4,2026-01-17 17:57:00
O011510,U491,66,4,2026-01-17 17:57:00
O011488,U479,15,3,2026-01-17 18:10:00
O011497,U208,21,5,2026-01-17 18:25:00
O011513,U378,101,4,2026-01-17 18:49:00
O011505,U023,64,3,2026-01-17 19:01:00
O011508,U176,41,4,2026-01-17 19:05:00
O011496,U345,43,3,2026-01-17 19:05:00
O011507,U142,77,3,2026-01-17 19:25:00
O011515,U295,102,5,2026-01-17 19:33:00
O011505,U023,61,2,2026-01-17 19:49:00
O011505,U023,100,3,2026-01-17 19:51:00
O011513,U378,75,3,2026-01-17 20:20:00
O011522,U150,81,3,2026-01-17 20:30:00
O011520,U336,75,5,2026-01-17 20:48:00
O011521,U379,60,4,2026-01-17 21:31:00
O011525,U367,44,3,2026-01-17 22:04:00
O011526,U408,64,5,2026-01-17 22:56:00
O011532,U351,63,4,2026-01-17 23:28:00
O011533,U196,27,5,2026-01-17 23:42:00
O011538,U296,98,3,2026-01-18 07:19:00
O011540,U226,102,3,2026-01-18 07:20:00
O011536,U086,22,4,2026-01-18 07:35:00
O011542,U055,6,4,2026-01-18 08:52:00
O011537,U127,90,3,2026-01-18 09:26:00
O011556,U455,18,5,2026-01-18 10:47:00
O011562,U142,7,4,2026-01-18 10:54:00
O011570,U138,54,5,2026-01-18 11:40:00
O011566,U216,68,3,2026-01-18 11:49:00
O011552,U382,5,4,2026-01-18 11:51:00
O011556,U455,100,4,2026-01-18 12:00:00
O011551,U141,102,4,2026-01-18 12:09:00
O011576,U282,17,2,2026-01-18 12:15:00
O011556,U455,35,2,2026-01-18 12:18:00
O011558,U208,21,5,2026-01-18 12:23:00
O011564,U435,9,3,2026-01-18 13:25:00
O011577,U169,58,3,2026-01-18 13:50:00
O011575,U273,68,3,2026-01-18 14:07:00
O011572,U284,72,3,2026-01-18 14:16:00
O011580,U170,102,3,2026-01-18 14:23:00
O011580,U170,100,3,2026-01-18 14:35:00
O011578,U040,78,3,2026-01-18 14:40:00
O011594,U432,71,4,2026-01-18 15:42:00
O011586,U202,98,4,2026-01-18 15:46:00
O011591,U175,69,5,2026-01-18 16:28:00
O011587,U040,74,5,2026-01-18 16:29:00
O011598,U116,101,5,2026-01-18 17:32:00
O011606,U463,52,3,2026-01-18 18:17:00
O011597,U020,30,3,2026-01-18 18:23:00
O011598,U116,19,5,2026-01-18 18:24:00
O011617,U446,36,4,2026-01-18 18:38:00
O011599,U328,6,4,2026-01-18 18:49:00
O011603,U280,71,3,2026-01-18 18:52:00
O011620,U161,98,4,2026-01-18 19:14:00
O011615,U407,19,5,2026-01-18 19:23:00
O011622,U009,48,4,2026-01-18 19:34:00
O011625,U138,91,2,2026-01-18 19:52:00
O011616,U333,82,3,2026-01-18 19:57:00
O011617,U446,97,2,2026-01-18 20:06:00
O011619,U161,88,2,2026-01-18 20:23:00
O011640,U350,15,5,2026-01-18 21:48:00
O011634,U328,1,5,2026-01-18 21:55:00
O011636,U183,54,3,2026-01-18 21:58:00
O011628,U325,97,4,2026-01-18 22:16:00
O011633,U272,49,3,2026-01-18 22:21:00
O011635,U265,73,3,2026-01-18 22:25:00
O011639,U362,33,3,2026-01-19 00:17:00
O011641,U195,8,3,2026-01-19 07:42:00
O011641,U195,10,3,2026-01-19 07:51:00
O011642,U165,100,4,2026-01-19 08:03:00
O011646,U455,23,4,2026-01-19 09:14:00
O011661,U005,5,5,2026-01-19 09:25:00
O011658,U238,6,5,2026-01-19 09:28:00
O011650,U377,95,4,2026-01-19 10:08:00
O011674,U427,83,3,2026-01-19 10:13:00
O011671,U140,63,4,2026-01-19 10:26:00
O011672,U422,57,2,2026-01-19 10:45:00
O011651,U468,16,2,2026-01-19 10:47:00
O011655,U244,71,4,2026-01-19 10:54:00
O011666,U148,102,5,2026-01-19 11:04:00
O011678,U036,77,3,2026-01-19 11:25:00
O011677,U348,65,3,2026-01-19 11:34:00
O011676,U207,32,4,2026-01-19 12:11:00
O011664,U209,21,4,2026-01-19 12:13:00
O011686,U244,3,5,2026-01-19 12:20:00
O011686,U244,102,5,2026-01-19 12:40:00
O011676,U207,59,4,2026-01-19 13:14:00
O011689,U008,88,3,2026-01-19 13:39:00
O011688,U335,81,3,2026-01-19 14:02:00
O011700,U014,34,4,2026-01-19 14:03:00
O011693,U248,35,3,2026-01-19 14:12:00
O011691,U106,90,4,2026-01-19 14:47:00
O011711,U265,41,3,2026-01-19 15:10:00
O011718,U229,100,3,2026-01-19 15:18:00
O011701,U216,78,3,2026-01-19 15:24:00
O011696,U436,56,4,2026-01-19 15:28:00
O011695,U436,47,3,2026-01-19 15:36:00
O011721,U324,72,4,2026-01-19 15:45:00
O011702,U275,101,4,2026-01-19 15:49:00
O011711,U265,73,3,2026-01-19 15:51:00
O011698,U122,11,3,2026-01-19 16:11:00
O011708,U023,28,3,2026-01-19 16:12:00
O011723,U101,84,4,2026-01-19 16:25:00
O011702,U275,17,4,2026-01-19 16:31:00
O011703,U020,100,3,2026-01-19 16:34:00
O011707,U430,27,5,2026-01-19 16:43:00
O011730,U006,97,3,2026-01-19 17:07:00
O011716,U232,82,5,2026-01-19 17:31:00
O011719,U379,48,3,2026-01-19 17:56:00
O011732,U165,77,5,2026-01-19 17:56:00
O011731,U149,5,5,2026-01-19 18:02:00
O011727,U411,70,5,2026-01-19 18:28:00
O011729,U141,83,5,2026-01-19 18:40:00
O011740,U382,102,3,2026-01-19 18:56:00
O011733,U150,69,2,2026-01-19 19:00:00
O011748,U295,37,5,2026-01-19 20:01:00
O011747,U049,84,4,2026-01-19 20:55:00
O011742,U225,58,3,2026-01-19 21:32:00
O011759,U135,52,3,2026-01-20 00:21:00
O011762,U455,74,2,2026-01-20 08:35:00
O011767,U041,2,1,2026-01-20 08:52:00
O011780,U151,27,4,2026-01-20 09:32:00
O011773,U278,100,4,2026-01-20 09:37:00
O011768,U182,8,5,2026-01-20 09:43:00
O011780,U151,100,4,2026-01-20 09:53:00
O011777,U301,18,4,2026-01-20 10:04:00
O011775,U225,42,5,2026-01-20 10:04:00
O011778,U273,7,5,2026-01-20 10:52:00
O011793,U447,12,4,2026-01-20 11:41:00
O011783,U485,98,3,2026-01-20 11:49:00
O011790,U464,102,3,2026-01-20 12:07:00
O011794,U003,101,5,2026-01-20 12:10:00
O011806,U453,34,4,2026-01-20 12:35:00
O011789,U213,54,4,2026-01-20 12:47:00
O011792,U101,46,4,2026-01-20 12:59:00
O011804,U109,2,3,2026-01-20 13:01:00
O011810,U360,4,4,2026-01-20 14:14:00
O011803,U275,22,5,2026-01-20 14:20:00
O011809,U051,91,4,2026-01-20 15:14:00
O011818,U315,64,3,2026-01-20 15:24:00
O011810,U360,15,4,2026-01-20 15:27:00
O011821,U383,71,4,2026-01-20 15:34:00
O011811,U474,12,4,2026-01-20 16:09:00
O011836,U196,102,3,2026-01-20 16:32:00
O011823,U090,100,5,2026-01-20 16:41:00
O011842,U334,64,3,2026-01-20 17:26:00
O011845,U449,62,3,2026-01-20 17:29:00
O011834,U212,41,3,2026-01-20 17:37:00
O011836,U196,27,5,2026-01-20 18:14:00
O011832,U284,45,2,2026-01-20 18:19:00
O011853,U238,6,5,2026-01-20 18:19:00
O011852,U097,77,3,2026-01-20 19:34:00
O011851,U301,23,3,2026-01-20 20:24:00
O011859,U057,47,5,2026-01-20 20:33:00
O011860,U362,33,4,2026-01-20 21:41:00
O011862,U359,91,4,2026-01-20 22:49:00
O011867,U165,73,3,2026-01-21 07:48:00
O011869,U319,101,4,2026-01-21 07:50:00
O011872,U287,79,1,2026-01-21 08:17:00
O011866,U333,102,5,2026-01-21 09:33:00
O011882,U238,101,3,2026-01-21 09:50:00
O011867,U165,37,4,2026-01-21 09:55:00
O011886,U108,100,3,2026-01-21 09:57:00
O011871,U402,101,5,2026-01-21 10:06:00
O011878,U064,101,5,2026-01-21 10:23:00
O011890,U273,101,2,2026-01-21 10:49:00
O011875,U086,27,2,2026-01-21 10:52:00
O011882,U238,6,4,2026-01-21 10:56:00
O011889,U186,85,4,2026-01-21 11:08:00
O011885,U466,101,5,2026-01-21 11:10:00
O011898,U101,79,4,2026-01-21 11:14:00
O011894,U247,19,4,2026-01-21 11:43:00
O011892,U046,43,3,2026-01-21 11:54:00
O011906,U288,44,4,2026-01-21 12:08:00
O011906,U288,29,4,2026-01-21 12:40:00
O011903,U495,100,4,2026-01-21 13:13:00
O011909,U064,48,4,2026-01-21 13:18:00
O011913,U247,100,4,2026-01-21 13:51:00
O011904,U199,9,3,2026-01-21 13:59:00
O011907,U154,101,4,2026-01-21 14:00:00
O011917,U315,81,3,2026-01-21 14:15:00
O011916,U401,97,3,2026-01-21 14:19:00
O011912,U284,72,3,2026-01-21 14:23:00
O011921,U328,1,5,2026-01-21 14:31:00
O011931,U045,94,3,2026-01-21 15:16:00
O011922,U328,68,3,2026-01-21 15:20:00
O011917,U315,100,3,2026-01-21 15:51:00
O011928,U337,63,4,2026-01-21 15:56:00
O011923,U254,52,3,2026-01-21 16:26:00
O011930,U324,72,4,2026-01-21 16:30:00
O011931,U045,44,3,2026-01-21 17:02:00
O011932,U412,102,4,2026-01-21 17:05:00
O011949,U305,75,5,2026-01-21 17:13:00
O011928,U337,78,5,2026-01-21 17:30:00
O011958,U469,18,5,2026-01-21 17:55:00
O011941,U455,19,4,2026-01-21 18:04:00
O011955,U447,96,3,2026-01-21 18:25:00
O011937,U362,67,2,2026-01-21 18:37:00
O011939,U464,26,4,2026-01-21 18:50:00
O011948,U369,7,4,2026-01-21 18:55:00
O011957,U194,32,2,2026-01-21 19:46:00
O011967,U457,64,3,2026-01-21 20:18:00
O011968,U260,18,1,2026-01-21 20:22:00
O011963,U392,101,4,2026-01-21 20:49:00
O011972,U043,100,4,2026-01-21 21:30:00
O011977,U230,58,3,2026-01-21 21:54:00
O011984,U483,43,3,2026-01-22 07:23:00
O011982,U458,32,3,2026-01-22 07:51:00
O011980,U298,101,4,2026-01-22 08:20:00
O011986,U494,23,4,2026-01-22 08:39:00
O011989,U225,48,2,2026-01-22 08:41:00
O011987,U269,81,3,2026-01-22 08:42:00
O011996,U008,16,2,2026-01-22 09:00:00
O012004,U272,14,3,2026-01-22 09:08:00
O011983,U106,100,3,2026-01-22 09:11:00
O011998,U463,98,4,2026-01-22 09:39:00
O012004,U272,99,5,2026-01-22 10:04:00
O011993,U101,60,2,2026-01-22 10:04:00
O012010,U275,16,4,2026-01-22 10:05:00
O011995,U471,98,5,2026-01-22 10:09:00
O011988,U455,13,3,2026-01-22 10:10:00
O012008,U089,82,5,2026-01-22 10:20:00
O011991,U202,9,3,2026-01-22 10:31:00
O012016,U049,84,3,2026-01-22 10:34:00
O012004,U272,101,3,2026-01-22 10:34:00
O012012,U326,98,4,2026-01-22 11:09:00
O012007,U122,84,2,2026-01-22 11:18:00
O012001,U006,57,4,2026-01-22 11:18:00
O012024,U209,98,3,2026-01-22 11:26:00
O012012,U326,90,3,2026-01-22 11:37:00
O012005,U094,73,1,2026-01-22 11:41:00
O012027,U362,100,4,2026-01-22 12:11:00
O012022,U312,19,4,2026-01-22 12:15:00
O012014,U483,85,5,2026-01-22 12:26:00
O012018,U433,98,3,2026-01-22 12:28:00
O012028,U345,9,4,2026-01-22 13:11:00
O012024,U209,58,4,2026-01-22 13:16:00
O012028,U345,98,3,2026-01-22 13:25:00
O012026,U016,45,3,2026-01-22 13:28:00
O012029,U432,60,4,2026-01-22 13:38:00
O012032,U198,56,5,2026-01-22 13:50:00
O012047,U363,83,5,2026-01-22 14:55:00
O012048,U046,102,3,2026-01-22 15:07:00
O012044,U359,88,3,2026-01-22 15:23:00
O012033,U163,67,4,2026-01-22 15:24:00
O012038,U419,93,3,2026-01-22 15:46:00
O012048,U046,49,3,2026-01-22 15:57:00
O012058,U106,101,4,2026-01-22 16:09:00
O012055,U182,9,3,2026-01-22 16:17:00
O012056,U183,5,2,2026-01-22 16:28:00
O012051,U363,74,5,2026-01-22 16:44:00
O012064,U094,101,4,2026-01-22 16:57:00
O012045,U122,60,5,2026-01-22 17:00:00
O012043,U076,10,3,2026-01-22 17:13:00
O012050,U275,16,5,2026-01-22 17:41:00
O012067,U284,70,2,2026-01-22 17:45:00
O012063,U142,2,5,2026-01-22 18:04:00
O012086,U333,39,4,2026-01-22 19:10:00
O012077,U066,88,4,2026-01-22 19:19:00
O012071,U362,33,2,2026-01-22 19:27:00
O012087,U091,76,4,2026-01-22 19:39:00
O012071,U362,67,2,2026-01-22 20:12:00
O012090,U178,99,4,2026-01-22 21:19:00
O012093,U434,98,3,2026-01-22 22:05:00
O012113,U098,6,3,2026-01-23 08:19:00
O012108,U380,88,2,2026-01-23 08:25:00
O012115,U089,15,3,2026-01-23 08:47:00
O012111,U455,101,3,2026-01-23 08:51:00
O012116,U289,13,3,2026-01-23 09:10:00
O012116,U289,101,3,2026-01-23 09:30:00
O012118,U135,20,3,2026-01-23 09:58:00
O012105,U361,101,3,2026-01-23 10:06:00
O012120,U142,7,5,2026-01-23 10:14:00
O012132,U469,17,4,2026-01-23 10:15:00
O012106,U122,100,4,2026-01-23 10:16:00
O012133,U363,88,5,2026-01-23 10:31:00
O012121,U352,101,5,2026-01-23 10:46:00
O012134,U404,2,3,2026-01-23 11:03:00
O012127,U360,8,5,2026-01-23 11:12:00
O012123,U410,63,4,2026-01-23 11:22:00
O012129,U420,91,3,2026-01-23 11:36:00
O012130,U202,9,3,2026-01-23 11:41:00
O012119,U277,54,3,2026-01-23 11:52:00
O012146,U421,43,4,2026-01-23 13:47:00
O012154,U335,1,3,2026-01-23 14:21:00
O012169,U266,4,4,2026-01-23 14:56:00
O012147,U250,75,5,2026-01-23 15:01:00
O012153,U379,84,2,2026-01-23 15:53:00
O012160,U404,28,3,2026-01-23 16:03:00
O012156,U072,101,3,2026-01-23 16:26:00
O012166,U278,5,3,2026-01-23 16:40:00
O012171,U040,78,4,2026-01-23 16:49:00
O012179,U449,59,3,2026-01-23 17:33:00
O012178,U421,37,4,2026-01-23 18:00:00
O012193,U207,51,2,2026-01-23 18:05:00
O012194,U229,68,4,2026-01-23 18:33:00
O012190,U322,84,4,2026-01-23 18:49:00
O012196,U238,101,4,2026-01-23 18:50:00
O012197,U073,87,4,2026-01-23 18:59:00
O012205,U359,75,5,2026-01-23 19:09:00
O012196,U238,1,4,2026-01-23 19:36:00
O012204,U018,65,3,2026-01-23 19:43:00
O012195,U101,85,4,2026-01-23 20:05:00
O012203,U324,72,3,2026-01-23 20:38:00
O012208,U295,49,4,2026-01-23 21:04:00
O012220,U216,79,4,2026-01-23 21:15:00
O012217,U169,26,5,2026-01-23 22:14:00
O012218,U212,19,5,2026-01-23 22:23:00
O012216,U351,58,4,2026-01-23 22:33:00
O012213,U315,53,4,2026-01-23 22:36:00
O012213,U315,101,4,2026-01-23 22:38:00
O012224,U202,54,3,2026-01-24 09:20:00
O012223,U195,100,4,2026-01-24 09:26:00
O012229,U245,102,3,2026-01-24 11:15:00
O012232,U039,57,4,2026-01-24 11:22:00
O012245,U350,98,4,2026-01-24 11:28:00
O012236,U411,46,4,2026-01-24 11:34:00
O012229,U245,30,3,2026-01-24 11:49:00
O012234,U242,23,3,2026-01-24 12:23:00
O012258,U168,99,4,2026-01-24 12:46:00
O012249,U093,45,3,2026-01-24 13:07:00
O012253,U258,44,3,2026-01-24 14:09:00
O012257,U115,75,2,2026-01-24 14:44:00
O012256,U095,98,3,2026-01-24 15:01:00
O012256,U095,58,4,2026-01-24 15:05:00
O012262,U255,98,5,2026-01-24 15:56:00
O012281,U377,53,5,2026-01-24 16:08:00
O012269,U360,5,5,2026-01-24 16:37:00
O012266,U035,39,4,2026-01-24 17:10:00
O012282,U018,92,4,2026-01-24 17:11:00
O012274,U447,15,4,2026-01-24 17:15:00
O012281,U377,27,3,2026-01-24 17:38:00
O012284,U451,6,5,2026-01-24 18:01:00
O012280,U098,54,3,2026-01-24 18:07:00
O012286,U202,59,3,2026-01-24 18:11:00
O012284,U451,30,2,2026-01-24 18:14:00
O012278,U168,18,2,2026-01-24 18:27:00
O012304,U247,15,4,2026-01-24 18:28:00
O012309,U035,41,4,2026-01-24 18:34:00
O012280,U098,87,3,2026-01-24 18:34:00
O012308,U328,1,5,2026-01-24 18:34:00
O012300,U422,50,3,2026-01-24 18:35:00
O012295,U242,56,4,2026-01-24 18:36:00
O012296,U409,75,4,2026-01-24 18:42:00
O012293,U498,53,3,2026-01-24 18:44:00
O012302,U130,54,3,2026-01-24 18:49:00
O012298,U017,49,5,2026-01-24 18:49:00
O012307,U382,5,3,2026-01-24 19:19:00
O012315,U360,28,2,2026-01-24 19:53:00
O012304,U247,32,4,2026-01-24 19:53:00
O012313,U134,42,3,2026-01-24 21:00:00
O012310,U494,99,4,2026-01-24 21:07:00
O012315,U360,8,5,2026-01-24 21:13:00
O012318,U056,79,2,2026-01-24 21:41:00
O012318,U056,69,3,2026-01-24 21:48:00
O012323,U134,100,2,2026-01-24 22:28:00
O012322,U458,91,5,2026-01-24 22:59:00
O012328,U319,101,4,2026-01-25 08:00:00
O012340,U161,28,4,2026-01-25 09:44:00
O012333,U195,100,4,2026-01-25 09:45:00
O012330,U130,101,4,2026-01-25 09:56:00
O012344,U212,102,4,2026-01-25 10:00:00
O012350,U259,41,4,2026-01-25 10:27:00
O012342,U180,13,5,2026-01-25 10:34:00
O012335,U085,52,4,2026-01-25 10:54:00
O012343,U356,81,3,2026-01-25 10:57:00
O012345,U202,18,1,2026-01-25 11:27:00
O012351,U344,79,4,2026-01-25 11:29:00
O012353,U116,46,3,2026-01-25 11:33:00
O012347,U124,36,5,2026-01-25 11:45:00
O012335,U085,7,5,2026-01-25 11:57:00
O012358,U064,101,5,2026-01-25 12:28:00
O012358,U064,44,3,2026-01-25 12:44:00
O012359,U438,93,4,2026-01-25 13:32:00
O012363,U198,54,5,2026-01-25 13:46:00
O012362,U020,27,4,2026-01-25 14:02:00
O012355,U351,71,3,2026-01-25 14:10:00
O012356,U438,84,2,2026-01-25 14:22:00
O012376,U049,84,3,2026-01-25 15:03:00
O012366,U248,45,3,2026-01-25 15:13:00
O012377,U245,5,5,2026-01-25 15:23:00
O012379,U384,69,4,2026-01-25 15:32:00
O012367,U082,90,4,2026-01-25 15:40:00
O012377,U245,101,4,2026-01-25 15:41:00
O012386,U451,101,5,2026-01-25 15:57:00
O012371,U292,30,3,2026-01-25 16:03:00
O012375,U196,27,5,2026-01-25 16:04:00
O012398,U118,29,3,2026-01-25 16:24:00
O012378,U150,64,3,2026-01-25 16:30:00
O012384,U161,102,4,2026-01-25 16:30:00
O012368,U003,85,4,2026-01-25 16:34:00
O012393,U206,77,4,2026-01-25 16:48:00
O012369,U154,50,4,2026-01-25 16:53:00
O012391,U213,101,5,2026-01-25 16:53:00
O012381,U201,41,3,2026-01-25 16:54:00
O012399,U382,7,3,2026-01-25 17:11:00
O012414,U130,7,5,2026-01-25 17:42:00
O012387,U222,79,3,2026-01-25 17:51:00
O012386,U451,1,3,2026-01-25 17:53:00
O012420,U169,100,3,2026-01-25 18:00:00
O012388,U299,102,4,2026-01-25 18:00:00
O012419,U466,83,3,2026-01-25 18:02:00
O012400,U204,5,3,2026-01-25 18:11:00
O012389,U379,76,4,2026-01-25 18:30:00
O012422,U016,12,2,2026-01-25 18:35:00
O012417,U326,90,2,2026-01-25 18:37:00
O012401,U496,10,4,2026-01-25 18:42:00
O012426,U138,53,2,2026-01-25 18:49:00
O012424,U360,101,3,2026-01-25 18:57:00
O012422,U016,101,3,2026-01-25 18:58:00
O012422,U016,37,3,2026-01-25 19:01:00
O012420,U169,3,5,2026-01-25 19:16:00
O012416,U344,76,5,2026-01-25 19:17:00
O012426,U138,63,3,2026-01-25 19:21:00
O012412,U149,91,2,2026-01-25 19:24:00
O012416,U344,99,4,2026-01-25 19:34:00
O012413,U085,4,5,2026-01-25 19:54:00
O012419,U466,13,4,2026-01-25 20:17:00
O012428,U283,27,5,2026-01-25 20:29:00
O012440,U150,95,2,2026-01-25 21:34:00
O012442,U028,72,3,2026-01-25 21:54:00
O012443,U237,45,3,2026-01-26 07:54:00
O012447,U324,72,3,2026-01-26 07:57:00
O012446,U463,83,5,2026-01-26 08:02:00
O012456,U141,47,5,2026-01-26 08:38:00
O012450,U008,10,4,2026-01-26 08:44:00
O012445,U468,19,5,2026-01-26 08:56:00
O012455,U284,82,3,2026-01-26 09:00:00
O012452,U055,101,3,2026-01-26 09:02:00
O012463,U377,34,3,2026-01-26 09:16:00
O012460,U383,98,3,2026-01-26 09:18:00
O012445,U468,101,4,2026-01-26 09:25:00
O012448,U164,97,3,2026-01-26 09:29:00
O012461,U039,7,5,2026-01-26 09:50:00
O012449,U306,9,4,2026-01-26 10:06:00
O012468,U229,68,4,2026-01-26 10:13:00
O012453,U161,34,4,2026-01-26 10:35:00
O012460,U383,71,3,2026-01-26 10:35:00
O012474,U102,100,5,2026-01-26 10:54:00
O012460,U383,94,4,2026-01-26 11:11:00
O012466,U278,75,4,2026-01-26 11:28:00
O012472,U275,12,5,2026-01-26 11:31:00
O012471,U089,82,3,2026-01-26 12:19:00
O012469,U003,26,4,2026-01-26 12:33:00
O012488,U455,100,4,2026-01-26 13:14:00
O012477,U121,78,3,2026-01-26 13:18:00
O012493,U351,22,4,2026-01-26 13:24:00
O012482,U102,15,3,2026-01-26 13:33:00
O012479,U166,62,3,2026-01-26 13:51:00
O012486,U466,6,5,2026-01-26 14:20:00
O012485,U105,23,2,2026-01-26 14:21:00
O012499,U468,27,3,2026-01-26 14:28:00
O012487,U443,89,3,2026-01-26 14:31:00
O012486,U466,102,5,2026-01-26 14:33:00
O012501,U116,43,3,2026-01-26 14:36:00
O012509,U056,78,3,2026-01-26 15:40:00
O012512,U497,11,3,2026-01-26 15:54:00
O012507,U421,93,3,2026-01-26 15:55:00
O012518,U135,32,4,2026-01-26 15:56:00
O012519,U335,8,3,2026-01-26 16:53:00
O012520,U289,15,5,2026-01-26 16:58:00
O012506,U035,41,3,2026-01-26 17:00:00
O012529,U225,43,5,2026-01-26 17:07:00
O012516,U354,102,5,2026-01-26 17:13:00
O012513,U420,77,3,2026-01-26 17:21:00
O012517,U107,48,5,2026-01-26 17:25:00
O012528,U247,100,4,2026-01-26 17:28:00
O012519,U335,76,4,2026-01-26 17:39:00
O012526,U083,8,4,2026-01-26 18:10:00
O012521,U014,98,5,2026-01-26 18:11:00
O012530,U221,13,4,2026-01-26 18:33:00
O012537,U250,69,3,2026-01-26 18:44:00
O012527,U360,83,4,2026-01-26 18:47:00
O012538,U138,62,2,2026-01-26 20:15:00
O012543,U255,49,3,2026-01-26 20:29:00
O012542,U381,38,4,2026-01-26 20:44:00
O012543,U255,56,3,2026-01-26 20:51:00
O012539,U247,102,3,2026-01-26 20:57:00
O012543,U255,26,3,2026-01-26 22:36:00
O012542,U381,102,4,2026-01-26 22:54:00
O012546,U145,101,4,2026-01-27 00:41:00
O012550,U391,76,3,2026-01-27 08:11:00
O012552,U335,6,4,2026-01-27 08:27:00
O012561,U492,45,3,2026-01-27 08:59:00
O012549,U415,77,3,2026-01-27 09:19:00
O012552,U335,101,3,2026-01-27 09:23:00
O012566,U427,101,2,2026-01-27 09:48:00
O012567,U057,100,3,2026-01-27 10:17:00
O012568,U287,1,5,2026-01-27 10:19:00
O012556,U243,43,5,2026-01-27 10:25:00
O012567,U057,79,4,2026-01-27 10:29:00
O012560,U491,95,4,2026-01-27 10:29:00
O012568,U287,101,4,2026-01-27 10:30:00
O012573,U278,9,4,2026-01-27 10:31:00
O012567,U057,5,3,2026-01-27 11:20:00
O012580,U230,41,3,2026-01-27 11:32:00
O012566,U427,83,3,2026-01-27 12:04:00
O012580,U230,23,2,2026-01-27 12:26:00
O012567,U057,101,3,2026-01-27 12:32:00
O012583,U297,73,4,2026-01-27 12:38:00
O012586,U275,13,5,2026-01-27 12:57:00
O012590,U377,34,3,2026-01-27 13:35:00
O012582,U259,102,4,2026-01-27 13:44:00
O012595,U040,33,4,2026-01-27 13:59:00
O012584,U363,94,5,2026-01-27 14:12:00
O012581,U064,9,4,2026-01-27 14:14:00
O012592,U244,32,3,2026-01-27 14:20:00
O012593,U319,11,3,2026-01-27 14:22:00
O012602,U328,83,3,2026-01-27 14:27:00
O012589,U130,98,3,2026-01-27 14:35:00
O012587,U467,90,5,2026-01-27 14:40:00
O012598,U050,93,3,2026-01-27 14:55:00
O012590,U377,22,2,2026-01-27 15:13:00
O012608,U212,98,3,2026-01-27 15:15:00
O012602,U328,1,5,2026-01-27 15:16:00
O012613,U392,1,5,2026-01-27 15:25:00
O012610,U392,1,5,2026-01-27 15:33:00
O012609,U308,48,4,2026-01-27 16:59:00
O012621,U221,41,4,2026-01-27 17:07:00
O012630,U107,6,4,2026-01-27 17:35:00
O012619,U127,33,1,2026-01-27 17:49:00
O012623,U326,98,4,2026-01-27 18:38:00
O012625,U446,93,3,2026-01-27 18:52:00
O012634,U165,77,5,2026-01-27 18:58:00
O012632,U150,100,4,2026-01-27 19:26:00
O012637,U207,100,4,2026-01-27 19:30:00
O012637,U207,53,3,2026-01-27 19:45:00
O012630,U107,59,3,2026-01-27 20:00:00
O012635,U265,77,3,2026-01-27 20:18:00
O012631,U034,27,3,2026-01-27 20:26:00
O012640,U178,49,2,2026-01-27 21:13:00
O012640,U178,30,4,2026-01-27 22:35:00
O012642,U004,36,5,2026-01-27 23:36:00
O012644,U212,18,4,2026-01-27 23:41:00
O012650,U035,37,5,2026-01-28 08:18:00
O012649,U037,56,4,2026-01-28 08:39:00
O012659,U370,6,4,2026-01-28 08:47:00
O012660,U463,90,4,2026-01-28 08:50:00
O012655,U249,43,5,2026-01-28 09:35:00
O012654,U324,72,3,2026-01-28 09:45:00
O012663,U458,91,5,2026-01-28 09:58:00
O012675,U206,2,3,2026-01-28 10:16:00
O012653,U220,50,3,2026-01-28 10:28:00
O012679,U275,14,3,2026-01-28 10:53:00
O012664,U447,15,4,2026-01-28 10:53:00
O012661,U352,98,3,2026-01-28 11:05:00
O012661,U352,1,5,2026-01-28 11:13:00
O012672,U169,26,5,2026-01-28 11:31:00
O012674,U322,33,3,2026-01-28 11:54:00
O012677,U041,74,3,2026-01-28 12:07:00
O012677,U041,100,4,2026-01-28 12:08:00
O012678,U106,48,3,2026-01-28 12:31:00
O012688,U447,10,4,2026-01-28 12:59:00
O012689,U308,77,5,2026-01-28 13:07:00
O012694,U392,1,5,2026-01-28 13:31:00
O012699,U451,7,5,2026-01-28 14:20:00
O012693,U495,3,5,2026-01-28 14:20:00
O012704,U325,97,3,2026-01-28 14:41:00
O012709,U026,59,5,2026-01-28 14:52:00
O012713,U312,15,5,2026-01-28 15:00:00
O012711,U216,6,4,2026-01-28 15:05:00
O012696,U328,6,5,2026-01-28 15:07:00
O012696,U328,101,5,2026-01-28 15:11:00
O012711,U216,102,4,2026-01-28 15:50:00
O012696,U328,7,5,2026-01-28 15:53:00
O012697,U337,91,3,2026-01-28 16:00:00
O012699,U451,6,5,2026-01-28 16:10:00
O012710,U292,41,4,2026-01-28 16:11:00
O012696,U328,1,5,2026-01-28 16:14:00
O012716,U308,72,4,2026-01-28 16:34:00
O012717,U225,28,3,2026-01-28 16:43:00
O012706,U210,41,4,2026-01-28 16:55:00
O012726,U491,6,5,2026-01-28 17:06:00
O012736,U479,78,4,2026-01-28 17:14:00
O012729,U496,47,3,2026-01-28 18:15:00
O012740,U109,102,4,2026-01-28 18:20:00
O012742,U170,66,2,2026-01-28 18:24:00
O012739,U457,83,3,2026-01-28 18:49:00
O012743,U426,101,3,2026-01-28 19:23:00
O012738,U057,41,3,2026-01-28 19:27:00
O012743,U426,74,3,2026-01-28 20:04:00
O012738,U057,85,5,2026-01-28 20:05:00
O012747,U173,34,4,2026-01-28 20:08:00
O012754,U265,73,3,2026-01-28 20:24:00
O012747,U173,91,3,2026-01-28 20:55:00
O012752,U362,100,4,2026-01-28 21:18:00
O012755,U121,97,2,2026-01-28 21:28:00
O012757,U077,64,4,2026-01-28 21:40:00
O012750,U166,12,4,2026-01-28 21:48:00
O012758,U009,92,4,2026-01-28 22:15:00
O012761,U446,102,3,2026-01-28 22:45:00
O012755,U121,71,4,2026-01-28 22:46:00
O012763,U178,64,3,2026-01-28 22:53:00
O012761,U446,48,5,2026-01-28 23:33:00
O012762,U052,102,4,2026-01-29 00:31:00
O012768,U238,6,5,2026-01-29 08:12:00
O012771,U370,22,3,2026-01-29 08:27:00
O012773,U072,98,4,2026-01-29 08:32:00
O012783,U275,16,4,2026-01-29 08:44:00
O012784,U284,77,2,2026-01-29 08:57:00
O012765,U463,9,2,2026-01-29 08:58:00
O012766,U297,18,5,2026-01-29 09:05:00
O012781,U451,101,3,2026-01-29 09:08:00
O012777,U421,91,4,2026-01-29 09:34:00
O012773,U072,63,5,2026-01-29 09:52:00
O012781,U451,44,3,2026-01-29 09:54:00
O012797,U225,100,3,2026-01-29 09:57:00
O012775,U165,62,1,2026-01-29 10:27:00
O012790,U086,12,3,2026-01-29 10:47:00
O012779,U434,16,4,2026-01-29 10:53:00
O012795,U463,83,4,2026-01-29 10:58:00
O012774,U464,98,4,2026-01-29 11:00:00
O012778,U432,36,3,2026-01-29 11:11:00
O012799,U439,5,4,2026-01-29 12:00:00
O012818,U071,98,3,2026-01-29 13:41:00
O012807,U137,2,4,2026-01-29 13:56:00
O012821,U427,3,3,2026-01-29 14:13:00
O012811,U462,6,2,2026-01-29 14:43:00
O012810,U259,39,2,2026-01-29 14:44:00
O012823,U263,26,2,2026-01-29 15:12:00
O012813,U238,5,2,2026-01-29 15:17:00
O012829,U095,100,3,2026-01-29 15:22:00
O012818,U071,85,4,2026-01-29 15:32:00
O012838,U446,101,4,2026-01-29 15:54:00
O012823,U263,57,3,2026-01-29 16:13:00
O012838,U446,89,3,2026-01-29 16:17:00
O012823,U263,5,5,2026-01-29 16:30:00
O012847,U089,82,3,2026-01-29 16:54:00
O012844,U216,81,4,2026-01-29 17:00:00
O012849,U280,91,3,2026-01-29 17:11:00
O012864,U154,83,3,2026-01-29 17:35:00
O012836,U163,80,3,2026-01-29 17:45:00
O012855,U166,12,4,2026-01-29 17:50:00
O012837,U206,75,3,2026-01-29 17:52:00
O012859,U230,76,3,2026-01-29 17:58:00
O012848,U455,98,4,2026-01-29 18:07:00
O012869,U483,102,4,2026-01-29 18:08:00
O012856,U464,26,4,2026-01-29 18:09:00
O012858,U066,101,3,2026-01-29 18:13:00
O012865,U274,77,3,2026-01-29 18:27:00
O012853,U275,60,2,2026-01-29 18:38:00
O012872,U248,49,5,2026-01-29 18:38:00
O012866,U287,79,3,2026-01-29 18:44:00
O012848,U455,44,3,2026-01-29 18:59:00
O012864,U154,10,2,2026-01-29 19:11:00
O012873,U012,30,4,2026-01-29 19:35:00
O012867,U265,91,1,2026-01-29 20:03:00
O012874,U489,21,3,2026-01-29 20:47:00
O012876,U216,63,4,2026-01-29 20:54:00
O012876,U216,100,3,2026-01-29 21:01:00
O012882,U052,97,4,2026-01-29 21:42:00
O012885,U111,82,4,2026-01-29 21:46:00
O012887,U351,62,3,2026-01-29 21:52:00
O012888,U119,54,2,2026-01-29 23:06:00
O012889,U050,66,4,2026-01-30 00:08:00
O012898,U466,6,5,2026-01-30 07:25:00
O012903,U036,22,3,2026-01-30 08:00:00
O012907,U072,8,4,2026-01-30 08:14:00
O012904,U126,15,4,2026-01-30 08:41:00
O012902,U469,17,5,2026-01-30 08:46:00
O012899,U225,43,4,2026-01-30 08:54:00
O012911,U149,101,3,2026-01-30 09:02:00
O012920,U462,56,4,2026-01-30 09:11:00
O012926,U275,16,4,2026-01-30 09:29:00
O012921,U219,10,2,2026-01-30 09:32:00
O012907,U072,35,3,2026-01-30 09:38:00
O012909,U166,58,5,2026-01-30 09:56:00
O012899,U225,102,5,2026-01-30 09:57:00
O012929,U410,63,3,2026-01-30 10:06:00
O012930,U178,35,2,2026-01-30 10:09:00
O012920,U462,100,4,2026-01-30 10:27:00
O012904,U126,34,5,2026-01-30 10:29:00
O012933,U463,45,3,2026-01-30 10:31:00
O012916,U033,1,4,2026-01-30 10:43:00
O012917,U325,49,4,2026-01-30 11:00:00
O012918,U106,89,3,2026-01-30 11:24:00
O012926,U275,17,4,2026-01-30 11:27:00
O012915,U322,32,3,2026-01-30 11:35:00
O012941,U062,19,5,2026-01-30 11:53:00
O012940,U411,102,5,2026-01-30 12:10:00
O012940,U411,63,4,2026-01-30 12:51:00
O012944,U106,48,3,2026-01-30 13:07:00
O012947,U282,14,4,2026-01-30 13:43:00
O012948,U333,27,4,2026-01-30 14:11:00
O012955,U071,85,3,2026-01-30 14:55:00
O012950,U362,34,3,2026-01-30 14:56:00
O012954,U274,13,3,2026-01-30 15:05:00
O012958,U073,102,3,2026-01-30 15:20:00
O012955,U071,102,4,2026-01-30 15:23:00
O012972,U284,80,4,2026-01-30 15:43:00
O012968,U150,95,3,2026-01-30 15:45:00
O012973,U083,100,5,2026-01-30 15:58:00
O012973,U083,56,3,2026-01-30 15:59:00
O012975,U438,93,4,2026-01-30 16:04:00
O012964,U276,64,4,2026-01-30 16:08:00
O012963,U368,41,4,2026-01-30 16:25:00
O012974,U198,100,4,2026-01-30 17:07:00
O012985,U161,33,3,2026-01-30 17:20:00
O012980,U169,98,3,2026-01-30 17:57:00
O012986,U463,50,4,2026-01-30 18:45:00
O012978,U319,9,3,2026-01-30 18:48:00
O012994,U350,13,4,2026-01-30 18:53:00
O012986,U463,46,3,2026-01-30 19:03:00
O012991,U449,62,4,2026-01-30 19:48:00
O012999,U455,95,4,2026-01-30 19:50:00
O013003,U095,61,3,2026-01-30 20:09:00
O013004,U328,1,5,2026-01-30 21:59:00
O013003,U095,28,4,2026-01-30 22:17:00
O013009,U040,83,4,2026-01-30 22:40:00
O013006,U178,5,3,2026-01-30 23:03:00
O013008,U248,45,3,2026-01-31 00:22:00
O013014,U479,5,4,2026-01-31 07:36:00
O013013,U277,58,4,2026-01-31 08:03:00
O013010,U108,26,3,2026-01-31 08:07:00
O013017,U086,22,3,2026-01-31 08:44:00
O013017,U086,33,2,2026-01-31 09:36:00
O013016,U287,6,4,2026-01-31 09:55:00
O013025,U425,70,5,2026-01-31 10:29:00
O013019,U308,10,4,2026-01-31 10:33:00
O013022,U238,98,4,2026-01-31 10:41:00
O013024,U064,9,4,2026-01-31 11:08:00
O013026,U403,101,4,2026-01-31 11:09:00
O013018,U462,60,5,2026-01-31 11:38:00
O013023,U477,70,3,2026-01-31 11:59:00
O013038,U001,100,4,2026-01-31 12:21:00
O013021,U055,100,4,2026-01-31 12:26:00
O013045,U351,69,4,2026-01-31 12:41:00
O013024,U064,8,5,2026-01-31 12:42:00
O013045,U351,63,3,2026-01-31 13:15:00
O013042,U163,44,4,2026-01-31 13:23:00
O013043,U245,2,5,2026-01-31 13:42:00
O013044,U411,36,5,2026-01-31 13:43:00
O013048,U003,70,4,2026-01-31 13:57:00
O013039,U052,38,3,2026-01-31 14:07:00
O013046,U367,101,3,2026-01-31 14:25:00
O013050,U161,29,3,2026-01-31 14:33:00
O013051,U307,1,5,2026-01-31 14:47:00
O013059,U164,54,3,2026-01-31 15:28:00
O013059,U164,101,4,2026-01-31 15:44:00
O013056,U116,75,3,2026-01-31 15:54:00
O013053,U308,62,4,2026-01-31 16:10:00
O013063,U261,37,3,2026-01-31 16:11:00
O013055,U111,2,3,2026-01-31 16:22:00
O013069,U168,96,1,2026-01-31 16:39:00
O013061,U449,80,3,2026-01-31 16:52:00
O013070,U067,79,2,2026-01-31 17:23:00
O013064,U455,64,2,2026-01-31 17:46:00
O013084,U005,6,2,2026-01-31 18:02:00
O013076,U025,98,3,2026-01-31 18:13:00
O013086,U482,100,5,2026-01-31 18:24:00
O013080,U037,71,4,2026-01-31 18:30:00
O013074,U305,79,4,2026-01-31 18:32:00
O013085,U322,100,3,2026-01-31 18:39:00
O013079,U305,74,3,2026-01-31 18:42:00
O013070,U067,54,3,2026-01-31 18:54:00
O013089,U474,72,4,2026-01-31 19:05:00
O013072,U410,63,3,2026-01-31 19:35:00
O013085,U322,52,4,2026-01-31 20:19:00
O013093,U191,36,4,2026-01-31 20:20:00
O013091,U265,73,2,2026-01-31 20:41:00
O013107,U467,70,5,2026-01-31 23:39:00
O013108,U003,65,2,2026-02-01 00:03:00
O013110,U219,66,2,2026-02-01 08:32:00
O013116,U356,18,4,2026-02-01 09:00:00
O013112,U238,101,4,2026-02-01 09:08:00
O013112,U238,13,2,2026-02-01 09:10:00
O013111,U226,85,4,2026-02-01 09:16:00
O013119,U322,13,3,2026-02-01 10:08:00
O013121,U098,7,4,2026-02-01 11:04:00
O013114,U219,43,3,2026-02-01 11:05:00
O013128,U360,7,3,2026-02-01 11:06:00
O013134,U178,8,2,2026-02-01 11:30:00
O013146,U455,11,3,2026-02-01 11:36:00
O013143,U227,39,5,2026-02-01 11:38:00
O013144,U165,69,4,2026-02-01 11:40:00
O013128,U360,82,3,2026-02-01 11:49:00
O013140,U067,57,4,2026-02-01 11:54:00
O013119,U322,43,3,2026-02-01 11:58:00
O013130,U119,75,5,2026-02-01 12:42:00
O013155,U165,37,4,2026-02-01 12:48:00
O013154,U494,15,4,2026-02-01 12:57:00
O013129,U362,33,4,2026-02-01 12:57:00
O013146,U455,15,5,2026-02-01 13:09:00
O013150,U101,89,5,2026-02-01 13:10:00
O013152,U297,18,4,2026-02-01 14:00:00
O013147,U086,69,2,2026-02-01 14:01:00
O013148,U292,69,4,2026-02-01 14:15:00
O013160,U077,100,4,2026-02-01 14:47:00
O013156,U336,70,5,2026-02-01 14:49:00
O013158,U248,78,3,2026-02-01 15:02:00
O013159,U449,2,4,2026-02-01 15:10:00
O013161,U251,69,4,2026-02-01 15:24:00
O013166,U372,89,2,2026-02-01 15:27:00
O013172,U178,102,3,2026-02-01 15:31:00
O013170,U037,101,5,2026-02-01 15:37:00
O013180,U457,32,2,2026-02-01 16:18:00
O013182,U195,84,2,2026-02-01 16:19:00
O013176,U113,9,5,2026-02-01 16:22:00
O013183,U145,85,3,2026-02-01 16:24:00
O013165,U440,102,3,2026-02-01 16:56:00
O013172,U178,99,3,2026-02-01 17:31:00
O013170,U037,102,3,2026-02-01 17:47:00
O013176,U113,34,5,2026-02-01 17:49:00
O013173,U072,86,2,2026-02-01 17:57:00
O013193,U095,65,3,2026-02-01 18:01:00
O013192,U168,63,3,2026-02-01 18:48:00
O013197,U265,101,3,2026-02-01 18:49:00
O013196,U173,59,4,2026-02-01 18:57:00
O013187,U005,5,5,2026-02-01 19:31:00
O013199,U192,100,5,2026-02-01 19:33:00
O013190,U212,99,4,2026-02-01 19:46:00
O013192,U168,36,4,2026-02-01 19:59:00
O013195,U006,51,5,2026-02-01 19:59:00
O013207,U468,19,5,2026-02-01 21:14:00
O013212,U284,39,2,2026-02-01 21:49:00
O013201,U259,101,4,2026-02-01 22:10:00
O013206,U020,64,4,2026-02-01 22:15:00
O013218,U435,102,3,2026-02-01 22:50:00
O013212,U284,57,2,2026-02-01 22:52:00
O013221,U363,101,4,2026-02-01 23:14:00
O013214,U150,66,2,2026-02-01 23:32:00
O013218,U435,92,3,2026-02-02 00:21:00
O013228,U238,1,5,2026-02-02 08:05:00
O013233,U148,81,3,2026-02-02 08:08:00
O013230,U298,61,3,2026-02-02 08:23:00
O013244,U467,76,3,2026-02-02 09:44:00
O013232,U477,32,5,2026-02-02 09:56:00
O013232,U477,62,2,2026-02-02 09:57:00
O013240,U301,23,3,2026-02-02 10:03:00
O013230,U298,2,5,2026-02-02 10:15:00
O013234,U306,9,3,2026-02-02 10:20:00
O013241,U071,85,4,2026-02-02 10:28:00
O013246,U206,29,4,2026-02-02 10:52:00
O013252,U060,3,3,2026-02-02 10:53:00
O013238,U001,22,3,2026-02-02 10:58:00
O013252,U060,91,2,2026-02-02 11:14:00
O013248,U165,77,4,2026-02-02 11:46:00
O013261,U278,27,3,2026-02-02 12:01:00
O013247,U150,65,2,2026-02-02 12:11:00
O013252,U060,100,4,2026-02-02 12:14:00
O013252,U060,41,4,2026-02-02 12:25:00
O013257,U003,1,4,2026-02-02 13:29:00
O013258,U493,98,5,2026-02-02 13:50:00
O013266,U284,71,3,2026-02-02 14:03:00
O013263,U248,45,3,2026-02-02 14:31:00
O013270,U035,39,4,2026-02-02 14:49:00
O013276,U150,95,2,2026-02-02 15:06:00
O013275,U367,58,4,2026-02-02 15:19:00
O013284,U372,69,2,2026-02-02 15:26:00
O013275,U367,101,3,2026-02-02 15:34:00
O013273,U247,17,4,2026-02-02 15:35:00
O013281,U362,33,3,2026-02-02 15:41:00
O013273,U247,92,4,2026-02-02 15:42:00
O013270,U035,102,3,2026-02-02 15:55:00
O013275,U367,7,4,2026-02-02 16:09:00
O013274,U297,17,4,2026-02-02 16:24:00
O013286,U260,57,4,2026-02-02 16:31:00
O013283,U382,85,3,2026-02-02 16:36:00
O013284,U372,68,4,2026-02-02 16:43:00
O013289,U284,35,2,2026-02-02 16:49:00
O013290,U363,58,5,2026-02-02 16:53:00
O013291,U411,36,4,2026-02-02 17:00:00
O013274,U297,98,4,2026-02-02 17:13:00
O013274,U297,18,4,2026-02-02 17:18:00
O013277,U322,36,3,2026-02-02 17:22:00
O013284,U372,98,4,2026-02-02 17:26:00
O013285,U141,101,4,2026-02-02 17:26:00
O013290,U363,9,4,2026-02-02 17:28:00
O013296,U178,35,3,2026-02-02 17:41:00
O013285,U141,76,4,2026-02-02 17:53:00
O013289,U284,89,3,2026-02-02 18:04:00
O013305,U413,44,4,2026-02-02 18:47:00
O013311,U166,50,3,2026-02-02 19:06:00
O013300,U359,75,4,2026-02-02 19:15:00
O013319,U411,78,5,2026-02-02 20:07:00
O013307,U183,37,3,2026-02-02 20:22:00
O013306,U453,34,5,2026-02-02 20:28:00
O013315,U158,52,5,2026-02-02 20:37:00
O013325,U469,98,4,2026-02-02 20:58:00
O013327,U213,78,3,2026-02-02 21:49:00
O013323,U111,85,3,2026-02-02 22:30:00
O013322,U138,101,3,2026-02-02 22:33:00
O013339,U402,35,4,2026-02-03 07:47:00
O013342,U025,101,3,2026-02-03 08:28:00
O013351,U392,101,3,2026-02-03 08:50:00
O013341,U326,11,4,2026-02-03 09:44:00
O013351,U392,1,5,2026-02-03 09:49:00
O013350,U122,67,4,2026-02-03 09:57:00
O013347,U064,101,5,2026-02-03 09:58:00
O013367,U223,22,3,2026-02-03 10:33:00
O013345,U154,83,2,2026-02-03 10:37:00
O013371,U077,26,3,2026-02-03 10:39:00
O013347,U064,9,3,2026-02-03 11:05:00
O013349,U150,82,2,2026-02-03 11:17:00
O013350,U122,100,3,2026-02-03 11:20:00
O013370,U108,101,3,2026-02-03 11:55:00
O013355,U366,48,4,2026-02-03 12:06:00
O013366,U111,81,4,2026-02-03 12:15:00
O013375,U495,3,4,2026-02-03 12:21:00
O013380,U284,99,4,2026-02-03 12:37:00
O013383,U206,1,4,2026-02-03 12:55:00
O013380,U284,45,3,2026-02-03 12:57:00
O013372,U236,102,3,2026-02-03 13:01:00
O013395,U438,93,3,2026-02-03 14:26:00
O013385,U250,100,4,2026-02-03 14:30:00
O013383,U206,70,3,2026-02-03 14:47:00
O013394,U378,60,4,2026-02-03 14:50:00
O013405,U095,58,5,2026-02-03 15:38:00
O013387,U458,100,4,2026-02-03 16:03:00
O013410,U247,71,4,2026-02-03 16:15:00
O013393,U020,64,3,2026-02-03 16:20:00
O013406,U449,59,3,2026-02-03 16:27:00
O013397,U456,80,4,2026-02-03 16:28:00
O013418,U463,36,2,2026-02-03 17:04:00
O013408,U442,80,3,2026-02-03 17:10:00
O013401,U006,87,3,2026-02-03 17:11:00
O013402,U455,32,2,2026-02-03 17:17:00
O013422,U100,22,3,2026-02-03 17:39:00
O013420,U166,12,3,2026-02-03 17:40:00
O013418,U463,102,5,2026-02-03 17:49:00
O013416,U033,101,4,2026-02-03 17:58:00
O013427,U108,33,2,2026-02-03 18:09:00
O013425,U064,100,4,2026-02-03 18:26:00
O013415,U238,100,4,2026-02-03 18:29:00
O013414,U296,20,3,2026-02-03 18:34:00
O013430,U360,8,5,2026-02-03 18:54:00
O013433,U359,73,5,2026-02-03 18:58:00
O013432,U274,64,4,2026-02-03 19:17:00
O013423,U370,22,3,2026-02-03 19:22:00
O013422,U100,83,2,2026-02-03 19:33:00
O013425,U064,1,5,2026-02-03 19:51:00
O013438,U212,14,4,2026-02-03 20:32:00
O013429,U367,98,5,2026-02-03 20:43:00
O013448,U401,54,3,2026-02-03 21:45:00
O013447,U446,70,3,2026-02-03 22:01:00
O013450,U210,96,3,2026-02-03 23:13:00
O013452,U370,22,2,2026-02-04 06:41:00
O013461,U109,4,4,2026-02-04 08:17:00
O013471,U466,101,4,2026-02-04 08:42:00
O013460,U072,8,4,2026-02-04 08:46:00
O013466,U232,73,4,2026-02-04 08:55:00
O013459,U296,101,3,2026-02-04 09:08:00
O013462,U356,101,5,2026-02-04 09:11:00
O013469,U195,101,3,2026-02-04 09:15:00
O013465,U412,76,3,2026-02-04 09:23:00
O013457,U452,6,5,2026-02-04 09:30:00
O013456,U238,6,5,2026-02-04 09:32:00
O013477,U148,70,4,2026-02-04 09:43:00
O013483,U168,36,4,2026-02-04 09:51:00
O013482,U278,90,4,2026-02-04 10:00:00
O013486,U319,102,3,2026-02-04 10:23:00
O013464,U239,22,3,2026-02-04 10:27:00
O013465,U412,98,3,2026-02-04 10:31:00
O013480,U352,101,4,2026-02-04 10:33:00
O013484,U322,33,4,2026-02-04 10:41:00
O013471,U466,5,4,2026-02-04 10:58:00
O013476,U109,7,5,2026-02-04 11:00:00
O013489,U274,50,4,2026-02-04 11:06:00
O013478,U299,4,4,2026-02-04 11:40:00
O013498,U377,53,4,2026-02-04 12:23:00
O013501,U276,28,5,2026-02-04 13:03:00
O013496,U207,102,4,2026-02-04 13:21:00
O013520,U020,64,3,2026-02-04 14:24:00
O013510,U056,81,3,2026-02-04 14:26:00
O013505,U407,80,3,2026-02-04 14:34:00
O013503,U247,60,3,2026-02-04 14:40:00
O013500,U437,93,3,2026-02-04 14:48:00
O013511,U392,2,5,2026-02-04 14:54:00
O013527,U134,1,2,2026-02-04 14:57:00
O013517,U435,38,4,2026-02-04 14:57:00
O013519,U299,1,3,2026-02-04 15:10:00
O013521,U221,69,5,2026-02-04 15:18:00
O013518,U212,27,3,2026-02-04 15:27:00
O013513,U491,15,4,2026-02-04 15:32:00
O013532,U225,43,5,2026-02-04 15:37:00
O013523,U072,3,2,2026-02-04 15:39:00
O013507,U466,9,4,2026-02-04 15:40:00
O013504,U360,98,5,2026-02-04 15:44:00
O013524,U324,101,4,2026-02-04 15:46:00
O013514,U205,48,4,2026-02-04 15:49:00
O013541,U328,101,5,2026-02-04 16:17:00
O013511,U392,101,3,2026-02-04 16:18:00
O013538,U463,101,4,2026-02-04 16:22:00
O013513,U491,83,2,2026-02-04 16:24:00
O013524,U324,30,3,2026-02-04 16:29:00
O013531,U275,13,5,2026-02-04 16:32:00
O013546,U419,44,2,2026-02-04 16:37:00
O013533,U383,71,2,2026-02-04 16:45:00
O013528,U272,27,4,2026-02-04 16:48:00
O013557,U111,77,5,2026-02-04 17:24:00
O013535,U238,1,4,2026-02-04 17:34:00
O013536,U353,58,4,2026-02-04 17:45:00
O013556,U067,53,4,2026-02-04 17:50:00
O013555,U342,60,5,2026-02-04 17:55:00
O013565,U320,6,5,2026-02-04 17:56:00
O013548,U289,66,3,2026-02-04 17:59:00
O013548,U289,10,4,2026-02-04 18:10:00
O013549,U016,37,4,2026-02-04 18:10:00
O013568,U295,36,4,2026-02-04 18:21:00
O013547,U135,52,3,2026-02-04 18:32:00
O013559,U164,6,5,2026-02-04 18:36:00
O013544,U259,85,3,2026-02-04 18:38:00
O013560,U360,8,5,2026-02-04 19:04:00
O013550,U163,60,4,2026-02-04 19:08:00
O013552,U146,76,4,2026-02-04 19:13:00
O013558,U041,100,4,2026-02-04 19:58:00
O013570,U216,65,4,2026-02-04 20:10:00
O013562,U178,7,4,2026-02-04 20:22:00
O013570,U216,79,5,2026-02-04 20:56:00
O013571,U247,53,3,2026-02-04 21:07:00
O013575,U495,100,4,2026-02-04 21:45:00
O013572,U467,76,4,2026-02-04 21:49:00
O013577,U359,81,5,2026-02-04 21:54:00
O013583,U363,42,4,2026-02-04 22:27:00
O013581,U067,99,4,2026-02-04 23:09:00
O013584,U244,16,3,2026-02-05 06:45:00
O013584,U244,98,4,2026-02-05 08:09:00
O013598,U302,5,3,2026-02-05 08:41:00
O013597,U247,101,4,2026-02-05 08:56:00
O013593,U348,65,2,2026-02-05 09:07:00
O013587,U284,23,3,2026-02-05 09:24:00
O013590,U025,2,4,2026-02-05 09:39:00
O013585,U333,100,4,2026-02-05 09:41:00
O013599,U057,85,5,2026-02-05 09:55:00
O013594,U449,65,4,2026-02-05 09:56:00
O013609,U410,7,4,2026-02-05 09:56:00
O013593,U348,101,4,2026-02-05 10:06:00
O013601,U098,54,2,2026-02-05 10:28:00
O013609,U410,6,3,2026-02-05 10:40:00
O013594,U449,8,4,2026-02-05 10:46:00
O013604,U212,100,5,2026-02-05 11:08:00
O013614,U221,102,5,2026-02-05 11:21:00
O013629,U422,94,2,2026-02-05 11:41:00
O013633,U148,102,4,2026-02-05 11:42:00
O013616,U083,27,3,2026-02-05 11:58:00
O013613,U180,45,3,2026-02-05 12:32:00
O013628,U255,38,3,2026-02-05 12:35:00
O013641,U072,8,4,2026-02-05 12:35:00
O013642,U166,11,4,2026-02-05 12:36:00
O013641,U072,101,3,2026-02-05 13:01:00
O013632,U466,92,4,2026-02-05 13:33:00
O013625,U094,73,2,2026-02-05 13:39:00
O013644,U151,34,4,2026-02-05 14:10:00
O013645,U383,22,4,2026-02-05 14:15:00
O013633,U148,89,5,2026-02-05 14:24:00
O013656,U005,32,2,2026-02-05 14:58:00
O013666,U392,101,5,2026-02-05 15:32:00
O013670,U012,53,3,2026-02-05 16:06:00
O013650,U260,78,4,2026-02-05 16:13:00
O013650,U260,57,3,2026-02-05 16:20:00
O013655,U035,38,4,2026-02-05 16:26:00
O013654,U363,36,4,2026-02-05 16:32:00
O013679,U467,47,4,2026-02-05 16:44:00
O013659,U458,100,5,2026-02-05 16:50:00
O013681,U279,58,2,2026-02-05 17:07:00
O013664,U141,33,4,2026-02-05 17:11:00
O013671,U287,4,4,2026-02-05 17:12:00
O013662,U471,40,4,2026-02-05 17:17:00
O013672,U451,79,4,2026-02-05 17:18:00
O013687,U031,100,3,2026-02-05 17:24:00
O013658,U273,7,5,2026-02-05 17:26:00
O013657,U003,49,4,2026-02-05 17:40:00
O013674,U399,85,3,2026-02-05 17:44:00
O013666,U392,1,5,2026-02-05 18:00:00
O013697,U378,81,3,2026-02-05 18:23:00
O013698,U095,61,3,2026-02-05 18:47:00
O013687,U031,72,2,2026-02-05 19:24:00
O013698,U095,70,3,2026-02-05 19:27:00
O013703,U425,54,4,2026-02-05 20:26:00
O013709,U379,61,3,2026-02-05 20:37:00
O013694,U164,102,5,2026-02-05 20:58:00
O013704,U397,47,4,2026-02-05 21:24:00
O013701,U111,77,5,2026-02-05 21:39:00
O013701,U111,102,3,2026-02-05 21:43:00
O013705,U101,85,4,2026-02-05 22:24:00
O013710,U308,52,5,2026-02-05 22:24:00
O013707,U214,92,5,2026-02-05 22:56:00
O013712,U315,57,4,2026-02-05 23:46:00
O013725,U455,5,3,2026-02-06 08:57:00
O013736,U141,33,3,2026-02-06 08:58:00
O013726,U136,100,3,2026-02-06 09:00:00
O013716,U195,6,5,2026-02-06 09:23:00
O013734,U041,75,4,2026-02-06 09:38:00
O013750,U449,100,4,2026-02-06 09:59:00
O013753,U150,6,1,2026-02-06 10:24:00
O013725,U455,94,4,2026-02-06 10:27:00
O013757,U198,9,4,2026-02-06 10:35:00
O013733,U059,37,2,2026-02-06 10:47:00
O013759,U344,85,5,2026-02-06 10:58:00
O013750,U449,98,5,2026-02-06 11:04:00
O013739,U083,3,2,2026-02-06 11:06:00
O013747,U468,19,5,2026-02-06 11:27:00
O013748,U225,43,5,2026-02-06 11:52:00
O013744,U275,102,4,2026-02-06 12:06:00
O013745,U127,100,4,2026-02-06 12:12:00
O013754,U392,45,3,2026-02-06 12:12:00
O013752,U226,100,2,2026-02-06 12:17:00
O013756,U247,98,3,2026-02-06 12:20:00
O013759,U344,59,2,2026-02-06 12:23:00
O013771,U106,48,3,2026-02-06 12:38:00
O013764,U401,71,3,2026-02-06 14:12:00
O013764,U401,95,3,2026-02-06 14:13:00
O013780,U312,37,4,2026-02-06 14:24:00
O013785,U072,7,3,2026-02-06 15:06:00
O013787,U401,64,4,2026-02-06 15:27:00
O013786,U057,80,3,2026-02-06 15:28:00
O013789,U146,76,4,2026-02-06 15:42:00
O013782,U046,49,4,2026-02-06 15:58:00
O013785,U072,8,3,2026-02-06 16:08:00
O013791,U296,69,1,2026-02-06 16:21:00
O013791,U296,100,3,2026-02-06 16:35:00
O013800,U360,28,4,2026-02-06 16:58:00
O013806,U363,28,3,2026-02-06 17:33:00
O013808,U292,50,4,2026-02-06 17:37:00
O013797,U225,41,5,2026-02-06 17:44:00
O013798,U033,6,3,2026-02-06 17:57:00
O013811,U072,38,3,2026-02-06 18:02:00
O013792,U247,13,4,2026-02-06 18:10:00
O013812,U236,102,3,2026-02-06 18:31:00
O013812,U236,44,2,2026-02-06 18:33:00
O013801,U328,6,4,2026-02-06 19:06:00
O013805,U121,71,3,2026-02-06 19:19:00
O013804,U223,101,3,2026-02-06 19:28:00
O013804,U223,32,3,2026-02-06 19:54:00
O013818,U020,98,3,2026-02-06 20:08:00
O013820,U362,53,4,2026-02-06 20:22:00
O013817,U209,101,4,2026-02-06 20:37:00
O013828,U192,101,5,2026-02-06 20:45:00
O013828,U192,66,5,2026-02-06 21:26:00
O013826,U280,100,3,2026-02-06 22:25:00
O013837,U195,30,2,2026-02-07 07:02:00
O013840,U130,7,5,2026-02-07 08:03:00
O013845,U108,101,4,2026-02-07 09:46:00
O013845,U108,33,3,2026-02-07 09:48:00
O013849,U297,101,4,2026-02-07 09:57:00
O013862,U462,61,5,2026-02-07 10:35:00
O013859,U121,71,3,2026-02-07 10:49:00
O013863,U259,101,4,2026-02-07 10:55:00
O013860,U419,65,3,2026-02-07 11:02:00
O013864,U411,36,5,2026-02-07 11:15:00
O013848,U057,49,2,2026-02-07 11:27:00
O013863,U259,10,3,2026-02-07 11:48:00
O013866,U351,22,5,2026-02-07 12:02:00
O013854,U307,52,4,2026-02-07 12:05:00
O013858,U165,97,4,2026-02-07 12:06:00
O013859,U121,85,2,2026-02-07 12:21:00
O013860,U419,100,3,2026-02-07 12:35:00
O013867,U497,12,3,2026-02-07 13:29:00
O013870,U192,100,4,2026-02-07 13:43:00
O013873,U053,7,3,2026-02-07 13:44:00
O013870,U192,27,5,2026-02-07 13:56:00
O013870,U192,15,4,2026-02-07 14:11:00
O013880,U464,74,3,2026-02-07 14:12:00
O013875,U006,93,5,2026-02-07 14:26:00
O013875,U006,89,5,2026-02-07 14:28:00
O013880,U464,99,4,2026-02-07 15:00:00
O013885,U328,6,5,2026-02-07 15:01:00
O013878,U277,52,3,2026-02-07 15:23:00
O013888,U050,94,3,2026-02-07 16:08:00
O013887,U191,62,3,2026-02-07 16:10:00
O013881,U315,48,3,2026-02-07 16:27:00
O013906,U210,93,4,2026-02-07 17:02:00
O013907,U072,12,3,2026-02-07 17:21:00
O013907,U072,101,3,2026-02-07 17:39:00
O013918,U356,101,3,2026-02-07 18:07:00
O013910,U083,98,4,2026-02-07 18:16:00
O013897,U226,50,3,2026-02-07 18:21:00
O013910,U083,27,3,2026-02-07 19:18:00
O013911,U028,41,3,2026-02-07 19:41:00
O013915,U165,73,3,2026-02-07 20:17:00
O013923,U413,40,5,2026-02-07 20:43:00
O013922,U157,19,5,2026-02-07 20:43:00
O013921,U321,36,2,2026-02-07 20:44:00
O013931,U116,66,1,2026-02-07 20:58:00
O013930,U470,6,5,2026-02-07 21:14:00
O013924,U003,57,3,2026-02-07 21:20:00
O013937,U154,84,4,2026-02-07 21:28:00
O013936,U056,81,2,2026-02-07 21:36:00
O013942,U037,90,3,2026-02-08 08:37:00
O013953,U458,91,5,2026-02-08 09:32:00
O013950,U238,5,4,2026-02-08 10:19:00
O013957,U031,47,3,2026-02-08 10:21:00
O013960,U107,77,3,2026-02-08 10:48:00
O013961,U076,63,4,2026-02-08 11:38:00
O013965,U238,6,5,2026-02-08 11:53:00
O013956,U452,102,2,2026-02-08 12:29:00
O013971,U340,9,4,2026-02-08 12:36:00
O013964,U122,90,2,2026-02-08 12:43:00
O013969,U312,67,2,2026-02-08 13:02:00
O013975,U210,71,2,2026-02-08 14:32:00
O013978,U315,81,2,2026-02-08 14:50:00
O013973,U351,98,3,2026-02-08 15:09:00
O013979,U367,69,5,2026-02-08 15:47:00
O013994,U101,101,4,2026-02-08 15:50:00
O013992,U455,16,5,2026-02-08 15:51:00
O013997,U248,43,5,2026-02-08 15:56:00
O013990,U322,49,4,2026-02-08 16:06:00
O013987,U328,1,5,2026-02-08 16:21:00
O013982,U160,49,4,2026-02-08 16:33:00
O013998,U449,62,3,2026-02-08 17:00:00
O013998,U449,7,5,2026-02-08 17:12:00
O014001,U333,98,3,2026-02-08 17:14:00
O013993,U411,70,4,2026-02-08 17:18:00
O014016,U127,90,3,2026-02-08 17:46:00
O014018,U035,39,4,2026-02-08 18:03:00
O013996,U150,95,3,2026-02-08 18:20:00
O014007,U111,76,5,2026-02-08 18:47:00
O014012,U321,100,3,2026-02-08 19:06:00
O014033,U308,97,4,2026-02-08 19:37:00
O014013,U333,49,3,2026-02-08 20:02:00
O014028,U175,82,3,2026-02-08 20:06:00
O014021,U148,70,5,2026-02-08 20:07:00
O014020,U163,80,2,2026-02-08 20:23:00
O014036,U067,63,2,2026-02-08 20:25:00
O014035,U455,19,3,2026-02-08 20:46:00
O014031,U072,65,3,2026-02-08 21:22:00
O014039,U485,37,3,2026-02-08 22:35:00
O014054,U001,22,4,2026-02-09 08:45:00
O014045,U452,6,4,2026-02-09 08:49:00
O014047,U296,6,4,2026-02-09 08:51:00
O014057,U031,86,4,2026-02-09 09:09:00
O014066,U035,100,4,2026-02-09 09:33:00
O014062,U498,53,3,2026-02-09 09:38:00
O014056,U273,2,4,2026-02-09 10:02:00
O014065,U495,3,4,2026-02-09 10:25:00
O014068,U034,8,2,2026-02-09 10:28:00
O014064,U403,100,4,2026-02-09 10:30:00
O014056,U273,7,4,2026-02-09 10:43:00
O014057,U031,9,3,2026-02-09 10:46:00
O014058,U469,98,3,2026-02-09 11:14:00
O014072,U479,8,3,2026-02-09 11:17:00
O014075,U287,6,5,2026-02-09 11:25:00
O014061,U032,13,4,2026-02-09 11:41:00
O014076,U436,100,5,2026-02-09 12:48:00
O014085,U247,101,4,2026-02-09 12:54:00
O014079,U351,56,3,2026-02-09 13:05:00
O014080,U135,41,3,2026-02-09 13:26:00
O014094,U265,74,4,2026-02-09 13:34:00
O014082,U468,16,3,2026-02-09 13:47:00
O014090,U496,42,2,2026-02-09 14:09:00
O014092,U076,53,4,2026-02-09 15:05:00
O014086,U036,8,4,2026-02-09 15:16:00
O014104,U057,80,3,2026-02-09 15:36:00
O014111,U299,102,4,2026-02-09 15:51:00
O014095,U212,21,2,2026-02-09 15:58:00
O014108,U275,100,5,2026-02-09 16:08:00
O014116,U376,61,2,2026-02-09 16:11:00
O014124,U467,100,4,2026-02-09 16:44:00
O014105,U229,60,3,2026-02-09 16:46:00
O014103,U234,23,3,2026-02-09 16:49:00
O014128,U449,62,3,2026-02-09 16:52:00
O014107,U321,22,4,2026-02-09 16:55:00
O014115,U198,6,4,2026-02-09 16:56:00
O014111,U299,6,4,2026-02-09 16:58:00
O014110,U180,45,3,2026-02-09 17:00:00
O014129,U324,100,4,2026-02-09 17:02:00
O014121,U402,64,4,2026-02-09 17:06:00
O014119,U191,41,3,2026-02-09 17:35:00
O014123,U153,61,5,2026-02-09 17:37:00
O014108,U275,20,4,2026-02-09 17:41:00
O014121,U402,3,5,2026-02-09 17:43:00
O014116,U376,75,5,2026-02-09 17:48:00
O014112,U485,30,2,2026-02-09 18:12:00
O014118,U494,87,4,2026-02-09 18:25:00
O014117,U241,2,4,2026-02-09 18:41:00
O014131,U206,27,3,2026-02-09 19:19:00
O014142,U175,69,4,2026-02-09 19:24:00
O014138,U020,64,3,2026-02-09 19:43:00
O014141,U379,78,4,2026-02-09 19:50:00
O014140,U169,98,5,2026-02-09 20:01:00
O014148,U275,19,5,2026-02-09 20:14:00
O014143,U491,16,3,2026-02-09 20:24:00
O014139,U176,95,4,2026-02-09 20:25:00
O014148,U275,101,3,2026-02-09 20:33:00
O014143,U491,69,4,2026-02-09 20:46:00
O014156,U138,57,3,2026-02-09 21:48:00
O014148,U275,20,4,2026-02-09 21:49:00
O014149,U190,14,3,2026-02-09 21:51:00
O014154,U413,100,4,2026-02-09 22:06:00
O014157,U336,40,2,2026-02-09 22:08:00
O014161,U175,82,4,2026-02-09 22:28:00
O014149,U190,99,4,2026-02-09 22:34:00
O014160,U292,8,3,2026-02-09 22:58:00
O014158,U443,101,4,2026-02-09 23:16:00
O014154,U413,38,3,2026-02-09 23:17:00
O014159,U411,54,5,2026-02-10 00:00:00
O014164,U108,7,2,2026-02-10 07:30:00
O014168,U326,8,4,2026-02-10 08:21:00
O014189,U302,6,4,2026-02-10 08:50:00
O014189,U302,29,2,2026-02-10 09:00:00
O014180,U312,101,4,2026-02-10 09:01:00
O014166,U071,47,3,2026-02-10 09:06:00
O014167,U106,48,3,2026-02-10 09:10:00
O014188,U164,6,5,2026-02-10 09:25:00
O014196,U202,100,2,2026-02-10 09:55:00
O014177,U479,8,3,2026-02-10 09:59:00
O014202,U035,40,3,2026-02-10 10:04:00
O014174,U299,6,3,2026-02-10 10:14:00
O014201,U322,29,4,2026-02-10 10:17:00
O014175,U273,101,3,2026-02-10 10:23:00
O014192,U093,36,4,2026-02-10 10:24:00
O014188,U164,21,4,2026-02-10 10:47:00
O014193,U149,8,5,2026-02-10 11:01:00
O014187,U298,14,3,2026-02-10 11:24:00
O014203,U037,22,4,2026-02-10 11:28:00
O014194,U383,102,4,2026-02-10 11:47:00
O014198,U001,13,4,2026-02-10 11:49:00
O014207,U082,76,3,2026-02-10 12:08:00
O014201,U322,100,4,2026-02-10 12:18:00
O014212,U269,45,4,2026-02-10 13:29:00
O014215,U107,67,4,2026-02-10 13:29:00
O014211,U430,27,4,2026-02-10 14:04:00
O014212,U269,65,5,2026-02-10 14:05:00
O014213,U411,36,5,2026-02-10 14:27:00
O014224,U491,93,3,2026-02-10 14:34:00
O014216,U298,9,4,2026-02-10 14:35:00
O014217,U176,43,4,2026-02-10 14:59:00
O014225,U168,82,5,2026-02-10 15:07:00
O014226,U151,101,2,2026-02-10 15:21:00
O014219,U435,98,4,2026-02-10 15:43:00
O014234,U216,75,3,2026-02-10 16:10:00
O014229,U095,26,4,2026-02-10 16:11:00
O014220,U455,47,2,2026-02-10 16:16:00
O014223,U379,72,2,2026-02-10 16:21:00
O014228,U383,32,2,2026-02-10 16:31:00
O014242,U106,96,4,2026-02-10 16:34:00
O014234,U216,36,3,2026-02-10 16:40:00
O014233,U270,41,4,2026-02-10 16:45:00
O014246,U278,72,3,2026-02-10 17:02:00
O014236,U060,15,3,2026-02-10 17:24:00
O014239,U292,82,4,2026-02-10 17:27:00
O014249,U212,11,3,2026-02-10 17:45:00
O014236,U060,83,2,2026-02-10 18:07:00
O014243,U284,82,4,2026-02-10 18:18:00
O014256,U159,100,3,2026-02-10 18:33:00
O014257,U210,36,2,2026-02-10 18:36:00
O014261,U404,7,4,2026-02-10 18:49:00
O014251,U328,89,4,2026-02-10 18:52:00
O014250,U244,64,5,2026-02-10 19:27:00
O014271,U456,98,5,2026-02-10 19:33:00
O014261,U404,100,4,2026-02-10 19:42:00
O014254,U352,79,4,2026-02-10 19:52:00
O014252,U446,48,4,2026-02-10 20:15:00
O014259,U289,64,3,2026-02-10 20:34:00
O014265,U138,6,3,2026-02-10 20:53:00
O014264,U367,66,5,2026-02-10 21:06:00
O014274,U111,80,3,2026-02-10 21:53:00
O014271,U456,97,2,2026-02-10 22:17:00
O014278,U289,20,4,2026-02-10 23:01:00
O014279,U111,101,3,2026-02-10 23:05:00
O014280,U169,34,4,2026-02-10 23:41:00
O014293,U325,46,3,2026-02-11 08:21:00
O014296,U299,17,2,2026-02-11 09:09:00
O014296,U299,98,4,2026-02-11 09:11:00
O014287,U391,76,3,2026-02-11 09:35:00
O014303,U286,42,4,2026-02-11 09:40:00
O014309,U158,98,4,2026-02-11 10:00:00
O014302,U036,9,4,2026-02-11 10:13:00
O014291,U132,2,5,2026-02-11 10:39:00
O014310,U066,50,4,2026-02-11 10:46:00
O014311,U422,46,3,2026-02-11 11:21:00
O014299,U160,37,4,2026-02-11 11:24:00
O014323,U077,26,4,2026-02-11 11:33:00
O014319,U097,74,3,2026-02-11 11:53:00
O014307,U163,56,3,2026-02-11 12:16:00
O014327,U347,21,5,2026-02-11 12:32:00
O014329,U419,23,5,2026-02-11 12:34:00
O014327,U347,100,5,2026-02-11 13:14:00
O014340,U226,50,3,2026-02-11 14:04:00
O014329,U419,86,3,2026-02-11 14:08:00
O014333,U396,2,5,2026-02-11 15:10:00
O014346,U020,64,3,2026-02-11 15:16:00
O014345,U064,101,3,2026-02-11 15:53:00
O014338,U381,38,3,2026-02-11 16:00:00
O014360,U418,5,4,2026-02-11 16:36:00
O014353,U260,72,3,2026-02-11 16:42:00
O014344,U312,40,4,2026-02-11 16:46:00
O014348,U234,96,3,2026-02-11 17:04:00
O014369,U121,100,4,2026-02-11 17:10:00
O014349,U466,102,4,2026-02-11 17:13:00
O014354,U221,102,5,2026-02-11 17:14:00
O014368,U270,41,4,2026-02-11 17:23:00
O014350,U142,7,5,2026-02-11 17:24:00
O014369,U121,93,2,2026-02-11 17:42:00
O014373,U287,1,5,2026-02-11 17:44:00
O014379,U085,42,3,2026-02-11 18:06:00
O014382,U161,32,4,2026-02-11 18:28:00
O014385,U191,101,4,2026-02-11 18:44:00
O014368,U270,99,4,2026-02-11 18:50:00
O014371,U008,10,5,2026-02-11 18:58:00
O014365,U170,6,2,2026-02-11 19:00:00
O014381,U176,61,2,2026-02-11 19:20:00
O014388,U455,79,2,2026-02-11 19:32:00
O014371,U008,54,4,2026-02-11 19:34:00
O014376,U352,57,5,2026-02-11 19:52:00
O014375,U108,35,4,2026-02-11 19:53:00
O014374,U035,63,3,2026-02-11 19:59:00
O014385,U191,57,3,2026-02-11 20:09:00
O014377,U321,102,4,2026-02-11 20:13:00
O014373,U287,102,3,2026-02-11 20:17:00
O014396,U041,82,4,2026-02-11 20:19:00
O014400,U176,92,4,2026-02-11 21:18:00
O014395,U349,58,2,2026-02-11 21:27:00
O014394,U392,78,3,2026-02-11 21:31:00
O014397,U351,44,3,2026-02-11 22:41:00
O014408,U006,88,4,2026-02-12 07:46:00
O014409,U165,77,5,2026-02-12 08:06:00
O014406,U163,54,5,2026-02-12 08:44:00
O014405,U221,32,3,2026-02-12 08:59:00
O014408,U006,70,5,2026-02-12 09:01:00
O014411,U033,6,5,2026-02-12 09:08:00
O014420,U476,86,3,2026-02-12 09:24:00
O014427,U166,100,4,2026-02-12 10:06:00
O014419,U212,19,4,2026-02-12 10:25:00
O014427,U166,99,4,2026-02-12 11:05:00
O014428,U250,52,4,2026-02-12 11:17:00
O014428,U250,102,4,2026-02-12 11:18:00
O014439,U433,46,3,2026-02-12 11:46:00
O014430,U449,62,4,2026-02-12 11:46:00
O014424,U181,82,3,2026-02-12 11:49:00
O014422,U455,16,5,2026-02-12 12:02:00
O014447,U322,50,4,2026-02-12 12:13:00
O014445,U275,21,4,2026-02-12 12:28:00
O014446,U138,70,4,2026-02-12 12:30:00
O014448,U035,38,4,2026-02-12 13:07:00
O014441,U404,101,3,2026-02-12 13:09:00
O014434,U212,5,3,2026-02-12 13:16:00
O014449,U407,22,5,2026-02-12 13:34:00
O014452,U095,84,4,2026-02-12 13:40:00
O014450,U407,39,2,2026-02-12 13:46:00
O014460,U102,80,3,2026-02-12 14:05:00
O014461,U083,27,3,2026-02-12 15:10:00
O014466,U335,84,3,2026-02-12 15:15:00
O014467,U035,39,5,2026-02-12 15:25:00
O014471,U277,14,4,2026-02-12 15:56:00
O014472,U467,46,3,2026-02-12 15:56:00
O014456,U122,27,3,2026-02-12 16:15:00
O014458,U378,54,4,2026-02-12 16:16:00
O014474,U036,5,4,2026-02-12 16:18:00
O014464,U225,69,2,2026-02-12 16:22:00
O014475,U221,101,4,2026-02-12 16:49:00
O014463,U049,89,3,2026-02-12 17:29:00
O014491,U033,95,3,2026-02-12 17:30:00
O014465,U106,85,4,2026-02-12 17:31:00
O014480,U469,17,3,2026-02-12 17:55:00
O014484,U105,71,2,2026-02-12 18:02:00
O014483,U413,77,3,2026-02-12 18:32:00
O014490,U449,80,2,2026-02-12 18:33:00
O014481,U458,91,5,2026-02-12 18:48:00
O014487,U297,15,5,2026-02-12 18:49:00
O014495,U161,70,4,2026-02-12 19:12:00
O014502,U028,91,3,2026-02-12 19:49:00
O014503,U292,82,5,2026-02-12 19:59:00
O014496,U278,31,3,2026-02-12 20:14:00
O014508,U312,53,3,2026-02-12 20:15:00
O014506,U410,74,3,2026-02-12 20:40:00
O014504,U396,1,5,2026-02-12 21:19:00
O014507,U040,78,4,2026-02-12 21:29:00
O014516,U464,74,3,2026-02-12 21:48:00
O014511,U157,19,5,2026-02-12 22:15:00
O014509,U463,101,3,2026-02-12 22:21:00
O014514,U443,95,3,2026-02-12 22:27:00
O014516,U464,72,2,2026-02-12 22:55:00
O014516,U464,64,5,2026-02-12 23:04:00
O014513,U438,93,5,2026-02-12 23:22:00
O014515,U077,95,3,2026-02-12 23:59:00
O014517,U029,92,4,2026-02-13 00:10:00
O014519,U136,75,2,2026-02-13 07:54:00
O014518,U086,20,2,2026-02-13 08:10:00
O014524,U072,36,2,2026-02-13 08:29:00
O014528,U229,10,2,2026-02-13 08:31:00
O014521,U451,79,3,2026-02-13 08:39:00
O014531,U036,41,2,2026-02-13 08:40:00
O014533,U154,83,5,2026-02-13 09:05:00
O014531,U036,7,3,2026-02-13 09:07:00
O014534,U032,2,2,2026-02-13 09:12:00
O014525,U245,5,4,2026-02-13 09:24:00
O014542,U089,21,4,2026-02-13 10:02:00
O014538,U108,34,3,2026-02-13 10:02:00
O014543,U209,98,4,2026-02-13 10:07:00
O014538,U108,7,3,2026-02-13 10:21:00
O014541,U225,75,2,2026-02-13 10:39:00
O014529,U141,4,3,2026-02-13 11:08:00
O014531,U036,44,2,2026-02-13 11:23:00
O014545,U479,11,3,2026-02-13 12:13:00
O014558,U438,101,3,2026-02-13 13:09:00
O014552,U083,78,4,2026-02-13 13:24:00
O014555,U053,5,4,2026-02-13 13:26:00
O014558,U438,93,4,2026-02-13 13:49:00
O014552,U083,27,3,2026-02-13 13:57:00
O014552,U083,100,3,2026-02-13 14:08:00
O014566,U260,78,3,2026-02-13 14:37:00
O014573,U284,71,4,2026-02-13 14:48:00
O014568,U138,29,1,2026-02-13 14:54:00
O014564,U363,74,5,2026-02-13 15:04:00
O014580,U006,87,5,2026-02-13 15:28:00
O014566,U260,101,5,2026-02-13 15:30:00
O014569,U276,45,2,2026-02-13 15:55:00
O014589,U458,60,3,2026-02-13 16:33:00
O014576,U360,8,4,2026-02-13 16:37:00
O014587,U180,54,5,2026-02-13 16:56:00
O014582,U312,19,4,2026-02-13 16:57:00
O014596,U049,44,3,2026-02-13 16:58:00
O014574,U359,101,3,2026-02-13 17:04:00
O014601,U447,96,3,2026-02-13 17:05:00
O014598,U248,45,2,2026-02-13 17:14:00
O014592,U333,52,3,2026-02-13 17:16:00
O014592,U333,79,3,2026-02-13 17:29:00
O014590,U379,41,3,2026-02-13 17:34:00
O014580,U006,51,5,2026-02-13 17:50:00
O014588,U372,98,3,2026-02-13 18:31:00
O014602,U305,7,3,2026-02-13 18:43:00
O014603,U043,37,3,2026-02-13 18:59:00
O014599,U238,86,3,2026-02-13 19:05:00
O014610,U028,7,3,2026-02-13 20:04:00
O014608,U356,47,2,2026-02-13 20:15:00
O014610,U028,91,3,2026-02-13 20:36:00
O014611,U059,38,4,2026-02-13 20:40:00
O014617,U091,69,3,2026-02-13 20:57:00
O014615,U495,94,3,2026-02-13 20:58:00
O014619,U222,79,5,2026-02-13 21:18:00
O014620,U372,68,3,2026-02-13 22:30:00
O014618,U317,37,3,2026-02-13 22:47:00
O014635,U053,92,2,2026-02-14 10:01:00
O014630,U093,102,5,2026-02-14 10:38:00
O014631,U312,98,5,2026-02-14 10:43:00
O014643,U360,2,4,2026-02-14 10:52:00
O014642,U328,101,4,2026-02-14 10:57:00
O014626,U202,81,2,2026-02-14 11:04:00
O014646,U150,101,3,2026-02-14 11:11:00
O014628,U164,43,3,2026-02-14 11:26:00
O014632,U037,10,4,2026-02-14 11:32:00
O014634,U127,94,3,2026-02-14 11:42:00
O014630,U093,43,3,2026-02-14 11:49:00
O014646,U150,10,3,2026-02-14 11:55:00
O014644,U223,101,4,2026-02-14 11:57:00
O014633,U287,8,3,2026-02-14 12:12:00
O014650,U101,45,4,2026-02-14 12:16:00
O014641,U436,56,4,2026-02-14 12:31:00
O014650,U101,90,5,2026-02-14 12:32:00
O014650,U101,3,3,2026-02-14 12:55:00
O014653,U106,48,4,2026-02-14 14:23:00
O014662,U350,23,4,2026-02-14 14:48:00
O014660,U316,58,3,2026-02-14 15:03:00
O014663,U402,35,4,2026-02-14 16:17:00
O014680,U242,58,5,2026-02-14 16:35:00
O014665,U455,16,4,2026-02-14 16:37:00
O014670,U469,16,3,2026-02-14 17:07:00
O014685,U315,53,4,2026-02-14 17:50:00
O014670,U469,23,3,2026-02-14 17:53:00
O014675,U095,74,4,2026-02-14 18:13:00
O014688,U206,87,3,2026-02-14 18:18:00
O014670,U469,17,4,2026-02-14 18:24:00
O014688,U206,7,4,2026-02-14 18:27:00
O014693,U149,38,3,2026-02-14 18:27:00
O014675,U095,98,3,2026-02-14 18:52:00
O014687,U213,76,4,2026-02-14 19:11:00
O014690,U057,89,5,2026-02-14 19:21:00
O014702,U378,60,2,2026-02-14 19:26:00
O014694,U466,13,4,2026-02-14 19:30:00
O014701,U216,101,4,2026-02-14 19:37:00
O014693,U149,71,2,2026-02-14 19:44:00
O014704,U138,33,3,2026-02-14 19:55:00
O014700,U379,101,4,2026-02-14 20:08:00
O014711,U315,52,2,2026-02-14 21:03:00
O014701,U216,36,3,2026-02-14 21:07:00
O014711,U315,53,3,2026-02-14 21:22:00
O014702,U378,56,3,2026-02-14 21:28:00
O014716,U093,45,5,2026-02-14 22:03:00
O014717,U381,36,5,2026-02-14 22:39:00
O014718,U379,86,4,2026-02-14 22:57:00
O014711,U315,99,4,2026-02-14 23:02:00
O014719,U195,2,4,2026-02-15 07:46:00
O014719,U195,101,4,2026-02-15 08:08:00
O014725,U296,101,4,2026-02-15 10:09:00
O014732,U449,76,3,2026-02-15 10:17:00
O014736,U417,48,4,2026-02-15 10:22:00
O014740,U377,29,3,2026-02-15 10:22:00
O014726,U356,4,2,2026-02-15 10:35:00
O014742,U315,100,3,2026-02-15 10:38:00
O014738,U128,100,4,2026-02-15 10:48:00
O014743,U430,101,4,2026-02-15 10:55:00
O014737,U277,11,3,2026-02-15 11:00:00
O014736,U417,98,4,2026-02-15 11:04:00
O014741,U429,6,4,2026-02-15 11:22:00
O014742,U315,92,5,2026-02-15 11:35:00
O014744,U101,47,3,2026-02-15 12:07:00
O014754,U404,7,4,2026-02-15 12:25:00
O014751,U462,14,3,2026-02-15 13:04:00
O014758,U350,102,4,2026-02-15 13:48:00
O014764,U459,20,4,2026-02-15 13:59:00
O014761,U379,100,4,2026-02-15 14:00:00
O014759,U192,93,5,2026-02-15 14:11:00
O014764,U459,65,4,2026-02-15 14:23:00
O014760,U328,89,4,2026-02-15 14:33:00
O014761,U379,60,2,2026-02-15 14:49:00
O014777,U443,77,4,2026-02-15 15:26:00
O014765,U044,20,4,2026-02-15 15:29:00
O014771,U111,83,3,2026-02-15 15:30:00
O014779,U280,37,5,2026-02-15 15:45:00
O014773,U284,17,4,2026-02-15 15:46:00
O014774,U213,54,4,2026-02-15 15:55:00
O014786,U091,74,4,2026-02-15 16:11:00
O014764,U459,100,4,2026-02-15 16:25:00
O014776,U413,56,3,2026-02-15 16:28:00
O014786,U091,13,3,2026-02-15 16:35:00
O014776,U413,100,5,2026-02-15 17:13:00
O014791,U014,63,4,2026-02-15 17:44:00
O014795,U210,91,2,2026-02-15 18:03:00
O014802,U127,62,2,2026-02-15 18:25:00
O014798,U275,19,5,2026-02-15 18:29:00
O014796,U001,19,5,2026-02-15 19:02:00
O014801,U275,101,4,2026-02-15 19:09:00
O014808,U198,54,4,2026-02-15 19:21:00
O014794,U098,22,3,2026-02-15 19:27:00
O014806,U020,64,3,2026-02-15 20:18:00
O014804,U248,45,2,2026-02-15 20:46:00
O014808,U198,63,4,2026-02-15 20:56:00
O014818,U111,81,4,2026-02-15 21:33:00
O014812,U191,40,5,2026-02-15 21:34:00
O014812,U191,102,3,2026-02-15 21:42:00
O014815,U351,35,3,2026-02-15 22:04:00
O014822,U216,63,4,2026-02-15 22:23:00
O014819,U213,7,2,2026-02-15 23:29:00
O014829,U469,15,5,2026-02-16 07:26:00
O014830,U455,49,2,2026-02-16 07:40:00
O014828,U410,7,4,2026-02-16 07:47:00
O014830,U455,99,4,2026-02-16 07:53:00
O014828,U410,101,3,2026-02-16 07:59:00
O014830,U455,14,4,2026-02-16 08:10:00
O014833,U383,20,4,2026-02-16 08:27:00
O014833,U383,101,4,2026-02-16 08:29:00
O014823,U108,58,2,2026-02-16 08:44:00
O014836,U339,9,3,2026-02-16 09:00:00
O014843,U165,102,4,2026-02-16 09:13:00
O014843,U165,69,4,2026-02-16 09:14:00
O014839,U206,87,3,2026-02-16 09:26:00
O014848,U352,6,5,2026-02-16 09:53:00
O014840,U250,101,4,2026-02-16 10:01:00
O014850,U479,4,3,2026-02-16 10:12:00
O014860,U419,66,4,2026-02-16 10:18:00
O014846,U266,32,4,2026-02-16 10:34:00
O014867,U362,33,3,2026-02-16 10:41:00
O014843,U165,77,5,2026-02-16 10:55:00
O014869,U312,36,4,2026-02-16 11:00:00
O014870,U324,99,5,2026-02-16 11:04:00
O014858,U339,32,3,2026-02-16 11:31:00
O014872,U179,101,4,2026-02-16 12:35:00
O014874,U274,42,5,2026-02-16 12:50:00
O014877,U447,102,4,2026-02-16 14:01:00
O014890,U077,34,4,2026-02-16 14:06:00
O014890,U077,102,4,2026-02-16 14:20:00
O014893,U028,54,4,2026-02-16 14:24:00
O014886,U005,5,5,2026-02-16 14:25:00
O014882,U083,27,3,2026-02-16 14:37:00
O014883,U322,52,4,2026-02-16 14:45:00
O014886,U005,27,2,2026-02-16 15:01:00
O014899,U102,41,2,2026-02-16 15:32:00
O014888,U049,63,4,2026-02-16 16:04:00
O014890,U077,33,3,2026-02-16 16:07:00
O014904,U433,83,2,2026-02-16 16:12:00
O014907,U265,41,4,2026-02-16 16:32:00
O014896,U273,8,3,2026-02-16 16:36:00
O014903,U326,63,4,2026-02-16 16:58:00
O014903,U326,90,4,2026-02-16 17:05:00
O014909,U223,22,5,2026-02-16 17:16:00
O014919,U471,53,4,2026-02-16 17:42:00
O014908,U295,94,1,2026-02-16 18:00:00
O014923,U404,98,3,2026-02-16 18:05:00
O014910,U354,11,4,2026-02-16 18:19:00
O014918,U338,100,3,2026-02-16 19:19:00
O014923,U404,51,2,2026-02-16 19:20:00
O014917,U421,37,5,2026-02-16 19:22:00
O014929,U283,101,3,2026-02-16 20:38:00
O014924,U438,93,4,2026-02-16 20:55:00
O014936,U274,42,5,2026-02-16 21:54:00
O014937,U010,48,2,2026-02-16 22:23:00
O014947,U333,101,4,2026-02-17 08:48:00
O014940,U163,66,4,2026-02-17 08:58:00
O014950,U223,23,4,2026-02-17 08:59:00
O014962,U476,101,4,2026-02-17 09:11:00
O014948,U151,28,4,2026-02-17 09:18:00
O014962,U476,43,4,2026-02-17 09:39:00
O014957,U347,23,5,2026-02-17 10:06:00
O014946,U382,7,4,2026-02-17 10:34:00
O014964,U445,68,3,2026-02-17 10:35:00
O014973,U276,45,3,2026-02-17 10:52:00
O014961,U463,87,3,2026-02-17 10:53:00
O014957,U347,100,5,2026-02-17 11:09:00
O014975,U363,6,5,2026-02-17 11:11:00
O014967,U169,26,4,2026-02-17 11:29:00
O014972,U275,60,4,2026-02-17 11:37:00
O014971,U154,83,4,2026-02-17 11:52:00
O014986,U421,91,4,2026-02-17 12:37:00
O014998,U427,91,2,2026-02-17 14:42:00
O014994,U142,77,4,2026-02-17 15:38:00
O014997,U265,97,3,2026-02-17 15:58:00
O015026,U102,31,2,2026-02-17 16:15:00
O015016,U324,72,4,2026-02-17 16:47:00
O015035,U109,7,4,2026-02-17 16:51:00
O015021,U121,78,2,2026-02-17 17:12:00
O015027,U114,64,4,2026-02-17 17:16:00
O015039,U350,102,5,2026-02-17 17:50:00
O015012,U238,5,3,2026-02-17 17:55:00
O015024,U250,52,3,2026-02-17 17:56:00
O015048,U122,90,2,2026-02-17 18:03:00
O015033,U383,71,3,2026-02-17 18:14:00
O015018,U286,39,4,2026-02-17 18:16:00
O015041,U339,101,5,2026-02-17 18:24:00
O015022,U305,75,5,2026-02-17 18:33:00
O015052,U121,65,3,2026-02-17 19:03:00
O015044,U492,89,5,2026-02-17 19:10:00
O015040,U037,83,4,2026-02-17 19:10:00
O015055,U036,13,2,2026-02-17 20:12:00
O015058,U178,28,3,2026-02-17 20:26:00
O015047,U055,102,4,2026-02-17 20:28:00
O015064,U210,86,3,2026-02-17 21:27:00
O015068,U049,81,3,2026-02-17 21:50:00
O015072,U043,102,3,2026-02-17 22:03:00
O015070,U210,93,5,2026-02-17 22:06:00
O015064,U210,41,3,2026-02-17 22:08:00
O015067,U056,73,2,2026-02-17 22:41:00
O015074,U098,87,2,2026-02-18 07:35:00
O015073,U415,6,5,2026-02-18 07:51:00
O015089,U276,101,3,2026-02-18 08:46:00
O015080,U286,21,3,2026-02-18 08:51:00
O015100,U308,49,4,2026-02-18 09:00:00
O015085,U287,51,3,2026-02-18 09:02:00
O015091,U498,63,4,2026-02-18 09:11:00
O015076,U415,2,4,2026-02-18 09:18:00
O015095,U127,6,4,2026-02-18 09:49:00
O015088,U382,89,3,2026-02-18 09:56:00
O015100,U308,94,3,2026-02-18 10:02:00
O015083,U335,23,3,2026-02-18 10:17:00
O015094,U360,6,4,2026-02-18 10:27:00
O015103,U086,102,3,2026-02-18 10:29:00
O015114,U500,6,5,2026-02-18 10:30:00
O015102,U491,58,3,2026-02-18 10:35:00
O015093,U039,7,4,2026-02-18 10:37:00
O015086,U463,83,5,2026-02-18 10:45:00
O015095,U127,2,5,2026-02-18 10:50:00
O015117,U195,99,4,2026-02-18 10:56:00
O015089,U276,57,4,2026-02-18 11:02:00
O015107,U328,1,4,2026-02-18 11:14:00
O015109,U287,51,2,2026-02-18 11:17:00
O015107,U328,101,4,2026-02-18 12:22:00
O015118,U312,102,4,2026-02-18 13:15:00
O015128,U109,7,4,2026-02-18 13:34:00
O015127,U238,41,2,2026-02-18 13:35:00
O015120,U286,49,5,2026-02-18 13:44:00
O015126,U284,99,5,2026-02-18 14:31:00
O015128,U109,12,4,2026-02-18 14:55:00
O015131,U301,23,4,2026-02-18 15:00:00
O015124,U150,68,1,2026-02-18 15:00:00
O015126,U284,72,4,2026-02-18 15:30:00
O015125,U337,91,4,2026-02-18 15:34:00
O015131,U301,100,3,2026-02-18 15:36:00
O015144,U116,15,4,2026-02-18 16:25:00
O015136,U362,27,4,2026-02-18 16:29:00
O015139,U273,6,5,2026-02-18 16:30:00
O015138,U001,60,3,2026-02-18 16:47:00
O015136,U362,100,4,2026-02-18 17:05:00
O015147,U062,19,5,2026-02-18 17:11:00
O015148,U288,30,4,2026-02-18 17:31:00
O015143,U438,93,3,2026-02-18 17:53:00
O015153,U349,58,3,2026-02-18 17:58:00
O015151,U419,9,3,2026-02-18 18:22:00
O015160,U106,37,5,2026-02-18 18:49:00
O015159,U216,96,2,2026-02-18 18:58:00
O015157,U031,100,3,2026-02-18 19:04:00
O015156,U344,76,4,2026-02-18 19:41:00
O015170,U018,37,4,2026-02-18 19:55:00
O015157,U031,86,5,2026-02-18 20:08:00
O015170,U018,65,3,2026-02-18 21:00:00
O015167,U041,88,2,2026-02-18 21:01:00
O015168,U148,84,5,2026-02-18 21:32:00
O015177,U346,74,3,2026-02-18 21:39:00
O015174,U174,43,3,2026-02-18 22:39:00
O015178,U328,6,5,2026-02-18 23:06:00
O015180,U381,49,4,2026-02-18 23:36:00
O015182,U165,54,3,2026-02-19 07:51:00
O015182,U165,100,4,2026-02-19 08:09:00
O015185,U296,53,2,2026-02-19 08:18:00
O015186,U319,8,3,2026-02-19 08:26:00
O015191,U034,8,2,2026-02-19 09:07:00
O015204,U455,13,4,2026-02-19 09:14:00
O015203,U081,13,4,2026-02-19 09:14:00
O015202,U310,85,4,2026-02-19 09:46:00
O015219,U284,102,3,2026-02-19 10:16:00
O015210,U354,7,4,2026-02-19 10:21:00
O015225,U455,98,4,2026-02-19 10:38:00
O015217,U090,101,3,2026-02-19 10:41:00
O015224,U269,72,4,2026-02-19 10:45:00
O015205,U041,102,3,2026-02-19 11:01:00
O015204,U455,8,3,2026-02-19 11:22:00
O015225,U455,16,4,2026-02-19 11:24:00
O015224,U269,21,4,2026-02-19 11:46:00
O015223,U321,83,4,2026-02-19 11:49:00
O015230,U023,101,3,2026-02-19 11:59:00
O015237,U072,63,4,2026-02-19 13:08:00
O015241,U466,7,4,2026-02-19 13:46:00
O015234,U154,28,3,2026-02-19 13:52:00
O015232,U026,65,3,2026-02-19 14:06:00
O015241,U466,6,5,2026-02-19 14:18:00
O015251,U382,85,2,2026-02-19 16:08:00
O015252,U273,7,5,2026-02-19 16:18:00
O015266,U097,74,3,2026-02-19 16:25:00
O015260,U402,29,3,2026-02-19 16:41:00
O015247,U292,70,4,2026-02-19 16:50:00
O015265,U284,21,4,2026-02-19 17:09:00
O015250,U310,83,5,2026-02-19 17:22:00
O015286,U018,95,4,2026-02-19 18:25:00
O015263,U108,27,4,2026-02-19 18:27:00
O015265,U284,100,3,2026-02-19 18:28:00
O015289,U411,36,5,2026-02-19 18:55:00
O015273,U274,94,4,2026-02-19 19:01:00
O015272,U496,101,3,2026-02-19 19:23:00
O015277,U354,66,3,2026-02-19 19:29:00
O015275,U381,43,4,2026-02-19 19:34:00
O015284,U009,54,3,2026-02-19 19:51:00
O015281,U265,73,3,2026-02-19 20:00:00
O015282,U411,36,5,2026-02-19 20:12:00
O015298,U020,64,4,2026-02-19 20:33:00
O015296,U397,100,5,2026-02-19 21:16:00
O015299,U340,89,2,2026-02-19 21:23:00
O015289,U411,101,4,2026-02-19 21:37:00
O015297,U496,10,4,2026-02-19 22:22:00
O015316,U247,6,3,2026-02-20 08:49:00
O015305,U408,3,3,2026-02-20 09:02:00
O015319,U083,100,4,2026-02-20 09:07:00
O015322,U095,100,3,2026-02-20 09:15:00
O015324,U089,82,3,2026-02-20 09:26:00
O015323,U305,33,4,2026-02-20 09:33:00
O015337,U130,3,2,2026-02-20 10:00:00
O015313,U033,1,4,2026-02-20 10:19:00
O015315,U419,28,4,2026-02-20 10:40:00
O015329,U166,61,3,2026-02-20 10:40:00
O015321,U491,59,4,2026-02-20 10:41:00
O015318,U289,15,4,2026-02-20 10:56:00
O015322,U095,34,3,2026-02-20 11:03:00
O015328,U083,6,5,2026-02-20 11:16:00
O015332,U277,11,4,2026-02-20 11:33:00
O015320,U454,20,3,2026-02-20 11:34:00
O015343,U449,62,3,2026-02-20 11:57:00
O015333,U325,38,3,2026-02-20 12:05:00
O015351,U141,100,5,2026-02-20 12:29:00
O015346,U404,28,4,2026-02-20 12:49:00
O015354,U122,10,3,2026-02-20 13:27:00
O015350,U397,31,4,2026-02-20 13:29:00
O015344,U076,67,4,2026-02-20 14:08:00
O015360,U071,85,3,2026-02-20 14:12:00
O015361,U439,56,3,2026-02-20 14:41:00
O015352,U206,77,2,2026-02-20 14:52:00
O015357,U324,56,4,2026-02-20 15:12:00
O015351,U141,47,5,2026-02-20 15:12:00
O015356,U485,58,3,2026-02-20 15:21:00
O015374,U383,71,4,2026-02-20 15:52:00
O015376,U191,102,4,2026-02-20 16:04:00
O015364,U126,81,5,2026-02-20 16:26:00
O015365,U006,79,3,2026-02-20 16:27:00
O015371,U287,11,3,2026-02-20 16:38:00
O015366,U367,98,3,2026-02-20 16:56:00
O015385,U413,38,4,2026-02-20 17:11:00
O015372,U064,1,3,2026-02-20 17:58:00
O015386,U412,98,3,2026-02-20 18:32:00
O015387,U258,38,5,2026-02-20 18:41:00
O015386,U412,22,2,2026-02-20 18:50:00
O015390,U447,17,4,2026-02-20 19:38:00
O015394,U018,102,4,2026-02-20 19:48:00
O015401,U411,28,4,2026-02-20 21:48:00
O015398,U336,70,5,2026-02-20 22:08:00
O015399,U265,75,2,2026-02-20 22:22:00
O015401,U411,100,5,2026-02-20 23:42:00
O015404,U108,27,3,2026-02-21 08:28:00
O015407,U356,101,3,2026-02-21 09:06:00
O015409,U086,8,2,2026-02-21 10:10:00
O015420,U275,16,4,2026-02-21 10:11:00
O015416,U333,101,4,2026-02-21 10:12:00
O015422,U238,84,2,2026-02-21 10:49:00
O015418,U296,7,3,2026-02-21 11:02:00
O015429,U344,37,2,2026-02-21 11:17:00
O015426,U382,6,3,2026-02-21 11:31:00
O015423,U500,4,2,2026-02-21 11:31:00
O015423,U500,63,3,2026-02-21 11:43:00
O015420,U275,70,2,2026-02-21 12:00:00
O015416,U333,28,5,2026-02-21 12:18:00
O015425,U210,41,5,2026-02-21 13:11:00
O015427,U095,100,4,2026-02-21 13:38:00
O015433,U439,1,5,2026-02-21 14:19:00
O015436,U482,47,3,2026-02-21 14:32:00
O015437,U056,51,2,2026-02-21 14:56:00
O015439,U334,7,2,2026-02-21 15:03:00
O015437,U056,69,3,2026-02-21 15:10:00
O015440,U178,9,3,2026-02-21 16:15:00
O015452,U442,80,3,2026-02-21 16:51:00
O015462,U495,100,3,2026-02-21 17:12:00
O015458,U007,67,3,2026-02-21 17:18:00
O015458,U007,100,3,2026-02-21 17:20:00
O015461,U354,67,4,2026-02-21 17:44:00
O015466,U315,81,3,2026-02-21 18:02:00
O015459,U322,5,4,2026-02-21 18:27:00
O015457,U318,95,2,2026-02-21 18:38:00
O015476,U381,91,5,2026-02-21 18:40:00
O015476,U381,38,4,2026-02-21 18:51:00
O015465,U169,26,5,2026-02-21 18:53:00
O015463,U366,101,4,2026-02-21 19:46:00
O015469,U491,2,4,2026-02-21 19:54:00
O015482,U027,100,3,2026-02-21 20:00:00
O015484,U196,27,5,2026-02-21 20:33:00
O015470,U115,76,2,2026-02-21 20:34:00
O015483,U039,7,5,2026-02-21 21:08:00
O015477,U328,1,5,2026-02-21 21:14:00
O015482,U027,92,4,2026-02-21 22:17:00
O015486,U265,41,3,2026-02-21 22:19:00
O015494,U050,101,3,2026-02-21 22:39:00
O015490,U322,84,4,2026-02-21 22:44:00
O015490,U322,100,4,2026-02-21 22:51:00
O015501,U218,80,5,2026-02-21 23:18:00
O015500,U192,26,3,2026-02-22 00:29:00
O015512,U479,2,3,2026-02-22 09:11:00
O015507,U165,63,4,2026-02-22 09:36:00
O015512,U479,101,4,2026-02-22 10:02:00
O015522,U154,83,4,2026-02-22 10:26:00
O015527,U440,34,4,2026-02-22 11:12:00
O015516,U352,7,5,2026-02-22 11:22:00
O015515,U130,82,2,2026-02-22 11:29:00
O015539,U169,26,5,2026-02-22 11:55:00
O015531,U353,58,3,2026-02-22 12:10:00
O015543,U182,43,3,2026-02-22 12:27:00
O015534,U072,33,2,2026-02-22 13:01:00
O015546,U141,11,3,2026-02-22 13:12:00
O015534,U072,8,5,2026-02-22 13:30:00
O015547,U201,41,2,2026-02-22 13:36:00
O015550,U091,76,4,2026-02-22 13:37:00
O015551,U446,89,2,2026-02-22 14:01:00
O015541,U289,101,4,2026-02-22 14:08:00
O015554,U144,79,4,2026-02-22 14:13:00
O015556,U186,76,5,2026-02-22 14:56:00
O015563,U438,84,3,2026-02-22 15:15:00
O015574,U449,102,5,2026-02-22 16:12:00
O015576,U447,11,4,2026-02-22 16:21:00
O015567,U212,23,4,2026-02-22 16:32:00
O015572,U064,6,4,2026-02-22 16:38:00
O015578,U102,27,3,2026-02-22 16:53:00
O015560,U304,98,4,2026-02-22 17:36:00
O015597,U272,74,3,2026-02-22 18:03:00
O015586,U057,79,5,2026-02-22 18:17:00
O015600,U042,40,3,2026-02-22 18:22:00
O015602,U440,30,3,2026-02-22 18:28:00
O015590,U023,26,4,2026-02-22 18:29:00
O015592,U037,58,5,2026-02-22 18:32:00
O015607,U350,58,2,2026-02-22 18:41:00
O015575,U318,42,1,2026-02-22 18:50:00
O015574,U449,62,3,2026-02-22 18:52:00
O015588,U105,101,4,2026-02-22 18:55:00
O015577,U120,28,4,2026-02-22 18:59:00
O015599,U275,60,3,2026-02-22 19:37:00
O015616,U225,4,3,2026-02-22 20:13:00
O015603,U008,22,5,2026-02-22 20:18:00
O015598,U381,94,3,2026-02-22 20:26:00
O015606,U016,37,3,2026-02-22 20:27:00
O015611,U191,93,4,2026-02-22 20:51:00
O015622,U438,93,4,2026-02-22 21:21:00
O015613,U436,54,5,2026-02-22 21:34:00
O015617,U443,77,4,2026-02-22 21:49:00
O015614,U128,86,2,2026-02-22 21:53:00
O015620,U259,40,4,2026-02-22 22:02:00
O015615,U265,77,3,2026-02-22 22:28:00
O015619,U276,26,3,2026-02-22 22:39:00
O015620,U259,99,4,2026-02-22 22:56:00
O015620,U259,39,4,2026-02-22 23:34:00
O015625,U265,78,4,2026-02-23 00:17:00
O015627,U098,5,2,2026-02-23 06:50:00
O015626,U108,30,2,2026-02-23 06:51:00
O015626,U108,100,4,2026-02-23 08:30:00
O015633,U275,101,5,2026-02-23 08:32:00
O015646,U326,99,4,2026-02-23 08:34:00
O015632,U471,41,5,2026-02-23 08:50:00
O015634,U154,83,4,2026-02-23 08:55:00
O015652,U468,98,3,2026-02-23 09:04:00
O015655,U451,7,4,2026-02-23 09:17:00
O015643,U400,36,3,2026-02-23 09:19:00
O015631,U058,89,2,2026-02-23 09:35:00
O015660,U275,13,5,2026-02-23 10:04:00
O015668,U392,1,5,2026-02-23 10:14:00
O015656,U161,30,5,2026-02-23 10:26:00
O015637,U284,101,4,2026-02-23 10:28:00
O015639,U122,30,3,2026-02-23 10:42:00
O015652,U468,101,3,2026-02-23 11:06:00
O015670,U176,102,2,2026-02-23 11:07:00
O015656,U161,34,4,2026-02-23 11:08:00
O015649,U154,83,2,2026-02-23 11:33:00
O015666,U198,54,5,2026-02-23 11:33:00
O015665,U197,101,3,2026-02-23 11:54:00
O015663,U149,101,4,2026-02-23 11:56:00
O015678,U091,76,5,2026-02-23 12:01:00
O015682,U333,28,5,2026-02-23 12:26:00
O015678,U091,74,4,2026-02-23 12:53:00
O015684,U305,33,3,2026-02-23 14:16:00
O015688,U020,26,4,2026-02-23 14:29:00
O015686,U036,2,5,2026-02-23 14:34:00
O015698,U160,40,4,2026-02-23 14:49:00
O015700,U355,36,4,2026-02-23 15:11:00
O015701,U439,5,4,2026-02-23 15:18:00
O015704,U276,28,5,2026-02-23 15:25:00
O015706,U072,12,4,2026-02-23 15:37:00
O015710,U109,5,4,2026-02-23 15:54:00
O015697,U427,85,3,2026-02-23 16:15:00
O015711,U411,63,4,2026-02-23 16:31:00
O015717,U224,26,3,2026-02-23 16:37:00
O015719,U062,91,3,2026-02-23 16:45:00
O015703,U095,44,3,2026-02-23 16:57:00
O015724,U231,23,3,2026-02-23 17:25:00
O015716,U206,101,4,2026-02-23 17:28:00
O015708,U419,63,5,2026-02-23 17:55:00
O015709,U248,100,4,2026-02-23 17:57:00
O015726,U349,28,3,2026-02-23 18:01:00
O015707,U434,77,3,2026-02-23 18:02:00
O015722,U392,101,3,2026-02-23 18:30:00
O015727,U210,102,3,2026-02-23 18:34:00
O015734,U328,31,3,2026-02-23 18:58:00
O015725,U401,29,4,2026-02-23 19:52:00
O015731,U025,102,4,2026-02-23 20:00:00
O015737,U411,102,5,2026-02-23 20:11:00
O015736,U451,65,3,2026-02-23 20:36:00
O015737,U411,98,4,2026-02-23 20:42:00
O015743,U381,43,4,2026-02-23 21:04:00
O015740,U158,87,4,2026-02-23 21:08:00
O015734,U328,101,4,2026-02-23 21:29:00
O015735,U049,68,5,2026-02-23 21:31:00
O015734,U328,1,5,2026-02-23 21:32:00
O015740,U158,82,4,2026-02-23 21:56:00
O015742,U260,6,3,2026-02-23 23:23:00
O015747,U165,56,2,2026-02-24 07:32:00
O015750,U491,79,4,2026-02-24 07:33:00
O015753,U284,45,4,2026-02-24 07:34:00
O015756,U107,59,2,2026-02-24 09:01:00
O015767,U131,36,5,2026-02-24 09:31:00
O015763,U165,97,4,2026-02-24 09:34:00
O015758,U277,100,3,2026-02-24 09:38:00
O015752,U325,59,2,2026-02-24 09:39:00
O015761,U288,96,2,2026-02-24 09:46:00
O015755,U247,6,5,2026-02-24 09:51:00
O015764,U380,88,3,2026-02-24 09:58:00
O015761,U288,34,5,2026-02-24 10:06:00
O015762,U212,19,4,2026-02-24 10:17:00
O015777,U307,52,4,2026-02-24 10:52:00
O015771,U150,29,2,2026-02-24 11:31:00
O015767,U131,42,5,2026-02-24 11:51:00
O015783,U213,98,4,2026-02-24 12:26:00
O015781,U289,94,2,2026-02-24 12:28:00
O015775,U086,22,4,2026-02-24 12:32:00
O015778,U363,34,5,2026-02-24 12:39:00
O015781,U289,18,5,2026-02-24 12:59:00
O015783,U213,76,4,2026-02-24 13:04:00
O015786,U150,100,3,2026-02-24 13:09:00
O015782,U349,41,3,2026-02-24 13:20:00
O015787,U398,31,5,2026-02-24 13:25:00
O015779,U430,27,5,2026-02-24 13:40:00
O015790,U491,88,4,2026-02-24 14:16:00
O015786,U150,94,3,2026-02-24 14:50:00
O015790,U491,43,5,2026-02-24 14:51:00
O015787,U398,75,4,2026-02-24 15:08:00
O015787,U398,102,3,2026-02-24 15:36:00
O015801,U365,27,5,2026-02-24 15:39:00
O015814,U194,42,2,2026-02-24 16:16:00
O015812,U127,7,3,2026-02-24 16:21:00
O015808,U142,7,5,2026-02-24 17:24:00
O015820,U083,27,3,2026-02-24 17:31:00
O015826,U495,34,4,2026-02-24 17:56:00
O015813,U449,60,4,2026-02-24 17:56:00
O015828,U322,13,4,2026-02-24 17:56:00
O015834,U496,5,3,2026-02-24 18:14:00
O015832,U010,27,4,2026-02-24 18:18:00
O015835,U205,27,4,2026-02-24 18:41:00
O015836,U225,43,5,2026-02-24 18:43:00
O015826,U495,100,4,2026-02-24 18:44:00
O015842,U067,63,5,2026-02-24 19:00:00
O015843,U275,100,4,2026-02-24 20:27:00
O015855,U083,27,2,2026-02-24 20:31:00
O015845,U315,81,3,2026-02-24 20:41:00
O015845,U315,101,3,2026-02-24 20:46:00
O015852,U275,23,4,2026-02-24 20:57:00
O015851,U259,57,3,2026-02-24 21:02:00
O015861,U401,60,3,2026-02-24 21:49:00
O015859,U379,100,5,2026-02-24 21:54:00
O015859,U379,44,3,2026-02-24 21:57:00
O015849,U367,66,5,2026-02-24 22:07:00
O015860,U187,34,3,2026-02-24 22:11:00
O015854,U138,71,4,2026-02-24 22:15:00
O015862,U426,76,4,2026-02-24 22:16:00
O015858,U315,87,5,2026-02-24 23:23:00
O015862,U426,19,3,2026-02-25 00:21:00
O015871,U491,2,3,2026-02-25 08:35:00
O015878,U079,9,2,2026-02-25 08:46:00
O015874,U432,101,4,2026-02-25 08:52:00
O015867,U164,6,5,2026-02-25 09:06:00
O015870,U079,43,3,2026-02-25 09:24:00
O015898,U248,43,4,2026-02-25 09:42:00
O015867,U164,8,4,2026-02-25 09:45:00
O015873,U234,96,4,2026-02-25 09:46:00
O015886,U297,14,5,2026-02-25 09:48:00
O015867,U164,100,4,2026-02-25 09:58:00
O015894,U273,2,4,2026-02-25 10:23:00
O015900,U169,28,4,2026-02-25 10:30:00
O015893,U008,29,3,2026-02-25 10:36:00
O015907,U219,5,3,2026-02-25 10:46:00
O015883,U298,69,4,2026-02-25 10:55:00
O015890,U104,30,4,2026-02-25 11:00:00
O015904,U397,100,5,2026-02-25 11:06:00
O015903,U415,2,4,2026-02-25 11:09:00
O015891,U225,39,3,2026-02-25 11:20:00
O015898,U248,90,3,2026-02-25 11:24:00
O015909,U057,74,3,2026-02-25 11:25:00
O015902,U226,15,3,2026-02-25 11:46:00
O015910,U238,7,4,2026-02-25 11:51:00
O015906,U338,26,3,2026-02-25 12:14:00
O015910,U238,6,4,2026-02-25 12:19:00
O015919,U259,79,3,2026-02-25 12:20:00
O015922,U273,9,3,2026-02-25 13:02:00
O015916,U034,81,3,2026-02-25 13:04:00
O015933,U037,57,4,2026-02-25 14:15:00
O015927,U154,83,2,2026-02-25 14:18:00
O015926,U025,2,5,2026-02-25 14:29:00
O015925,U035,9,2,2026-02-25 14:59:00
O015932,U385,29,4,2026-02-25 15:23:00
O015944,U362,33,4,2026-02-25 15:26:00
O015946,U086,11,2,2026-02-25 15:47:00
O015942,U050,50,3,2026-02-25 15:51:00
O015931,U387,37,5,2026-02-25 15:57:00
O015940,U284,71,3,2026-02-25 16:04:00
O015952,U247,15,4,2026-02-25 16:30:00
O015939,U027,39,5,2026-02-25 16:50:00
O015955,U493,51,4,2026-02-25 16:58:00
O015949,U312,98,4,2026-02-25 17:07:00
O015956,U035,39,5,2026-02-25 17:46:00
O015960,U448,32,2,2026-02-25 18:15:00
O015970,U469,17,3,2026-02-25 18:25:00
O015971,U362,27,4,2026-02-25 18:31:00
O015973,U265,74,5,2026-02-25 18:47:00
O015976,U469,15,5,2026-02-25 19:02:00
O015962,U280,45,5,2026-02-25 19:06:00
O015963,U333,73,2,2026-02-25 19:19:00
O015964,U247,72,3,2026-02-25 19:36:00
O015966,U064,101,4,2026-02-25 19:56:00
O015970,U469,98,4,2026-02-25 20:13:00
O015970,U469,101,4,2026-02-25 20:27:00
O015977,U058,27,5,2026-02-25 20:34:00
O015981,U411,36,5,2026-02-25 20:35:00
O015983,U494,100,3,2026-02-25 22:27:00
O015988,U295,43,4,2026-02-25 22:54:00
O015990,U436,63,5,2026-02-25 23:07:00
O015991,U169,33,3,2026-02-25 23:22:00
O015989,U393,62,1,2026-02-25 23:23:00
O015993,U466,89,4,2026-02-26 07:15:00
O015992,U197,6,3,2026-02-26 07:44:00
O015999,U301,23,4,2026-02-26 08:33:00
O016003,U427,100,3,2026-02-26 08:35:00
O016003,U427,10,3,2026-02-26 08:48:00
O015993,U466,15,5,2026-02-26 08:49:00
O015998,U299,42,3,2026-02-26 08:50:00
O016013,U107,32,5,2026-02-26 08:51:00
O016011,U278,39,4,2026-02-26 09:05:00
O016027,U072,98,4,2026-02-26 09:36:00
O016012,U122,101,3,2026-02-26 09:45:00
O016012,U122,65,4,2026-02-26 09:50:00
O016019,U089,23,3,2026-02-26 09:52:00
O015996,U396,9,4,2026-02-26 09:57:00
O016026,U395,77,4,2026-02-26 10:03:00
O016021,U151,100,5,2026-02-26 10:10:00
O016032,U036,101,3,2026-02-26 10:28:00
O016010,U105,28,4,2026-02-26 10:36:00
O016010,U105,23,2,2026-02-26 10:37:00
O016014,U319,8,4,2026-02-26 10:41:00
O016034,U124,50,2,2026-02-26 10:44:00
O016008,U301,15,4,2026-02-26 10:46:00
O016032,U036,23,3,2026-02-26 10:54:00
O016031,U277,11,5,2026-02-26 10:55:00
O016035,U495,16,3,2026-02-26 11:14:00
O016020,U449,48,3,2026-02-26 11:19:00
O016033,U109,7,4,2026-02-26 11:24:00
O016025,U396,101,4,2026-02-26 11:37:00
O016027,U072,66,4,2026-02-26 11:47:00
O016030,U416,36,3,2026-02-26 12:01:00
O016049,U322,40,3,2026-02-26 13:23:00
O016047,U266,42,4,2026-02-26 13:27:00
O016054,U356,22,4,2026-02-26 13:33:00
O016050,U035,39,4,2026-02-26 13:59:00
O016042,U057,90,4,2026-02-26 14:08:00
O016068,U229,101,5,2026-02-26 14:53:00
O016061,U095,61,3,2026-02-26 14:55:00
O016066,U166,100,5,2026-02-26 15:09:00
O016059,U435,6,5,2026-02-26 15:15:00
O016068,U229,102,4,2026-02-26 15:25:00
O016052,U259,69,3,2026-02-26 15:45:00
O016059,U435,38,4,2026-02-26 16:00:00
O016076,U071,97,2,2026-02-26 16:07:00
O016068,U229,81,2,2026-02-26 16:15:00
O016063,U242,40,5,2026-02-26 16:18:00
O016067,U438,93,4,2026-02-26 16:19:00
O016070,U003,62,5,2026-02-26 16:43:00
O016074,U312,45,4,2026-02-26 16:48:00
O016084,U491,66,4,2026-02-26 17:03:00
O016087,U216,69,3,2026-02-26 17:04:00
O016079,U273,7,4,2026-02-26 17:11:00
O016069,U443,54,4,2026-02-26 17:19:00
O016088,U089,58,3,2026-02-26 17:30:00
O016075,U238,6,5,2026-02-26 17:37:00
O016085,U466,83,4,2026-02-26 17:46:00
O016077,U449,62,3,2026-02-26 17:52:00
O016099,U351,50,3,2026-02-26 18:53:00
O016090,U482,100,4,2026-02-26 19:22:00
O016099,U351,68,3,2026-02-26 20:09:00
O016100,U187,101,4,2026-02-26 20:33:00
O016107,U049,84,3,2026-02-26 20:50:00
O016098,U474,59,3,2026-02-26 20:57:00
O016111,U344,100,4,2026-02-26 21:23:00
O016105,U049,75,4,2026-02-26 21:35:00
O016115,U253,90,3,2026-02-26 23:31:00
O016129,U221,102,4,2026-02-27 08:06:00
O016131,U163,71,3,2026-02-27 08:09:00
O016122,U130,3,2,2026-02-27 08:14:00
O016134,U165,101,4,2026-02-27 08:34:00
O016121,U148,70,5,2026-02-27 08:39:00
O016117,U042,101,4,2026-02-27 09:15:00
O016145,U392,1,5,2026-02-27 09:19:00
O016125,U090,28,4,2026-02-27 09:28:00
O016133,U171,61,3,2026-02-27 09:29:00
O016137,U238,6,4,2026-02-27 09:32:00
O016127,U433,18,3,2026-02-27 09:32:00
O016135,U449,62,3,2026-02-27 09:33:00
O016150,U034,101,4,2026-02-27 09:44:00
O016158,U379,82,4,2026-02-27 09:49:00
O016150,U034,76,4,2026-02-27 09:53:00
O016134,U165,84,3,2026-02-27 10:01:00
O016152,U209,20,4,2026-02-27 10:06:00
O016163,U275,13,4,2026-02-27 10:13:00
O016163,U275,101,5,2026-02-27 10:16:00
O016166,U108,7,3,2026-02-27 10:19:00
O016156,U372,13,4,2026-02-27 10:20:00
O016155,U161,34,4,2026-02-27 10:22:00
O016166,U108,28,3,2026-02-27 10:26:00
O016141,U298,61,2,2026-02-27 10:26:00
O016162,U485,58,3,2026-02-27 10:35:00
O016147,U333,28,5,2026-02-27 10:40:00
O016154,U407,22,5,2026-02-27 10:48:00
O016137,U238,101,3,2026-02-27 10:48:00
O016151,U186,102,4,2026-02-27 10:51:00
O016148,U377,53,3,2026-02-27 10:58:00
O016164,U064,100,4,2026-02-27 11:05:00
O016167,U165,1,2,2026-02-27 11:11:00
O016153,U037,30,4,2026-02-27 11:11:00
O016151,U186,76,5,2026-02-27 11:14:00
O016160,U036,2,3,2026-02-27 11:45:00
O016173,U464,26,4,2026-02-27 11:53:00
O016162,U485,9,5,2026-02-27 11:54:00
O016160,U036,101,4,2026-02-27 11:59:00
O016164,U064,1,3,2026-02-27 12:23:00
O016171,U141,83,5,2026-02-27 12:48:00
O016169,U008,20,4,2026-02-27 13:12:00
O016172,U451,5,4,2026-02-27 13:45:00
O016185,U477,45,3,2026-02-27 14:31:00
O016176,U228,27,2,2026-02-27 15:02:00
O016186,U367,53,5,2026-02-27 15:38:00
O016192,U247,93,4,2026-02-27 15:51:00
O016181,U370,6,3,2026-02-27 15:55:00
O016198,U164,100,4,2026-02-27 16:30:00
O016199,U469,15,5,2026-02-27 16:42:00
O016197,U164,6,4,2026-02-27 17:01:00
O016194,U462,61,4,2026-02-27 17:02:00
O016200,U178,59,2,2026-02-27 17:03:00
O016201,U084,102,5,2026-02-27 18:00:00
O016191,U089,19,4,2026-02-27 18:01:00
O016196,U295,42,4,2026-02-27 18:13:00
O016210,U057,101,4,2026-02-27 18:16:00
O016201,U084,56,4,2026-02-27 18:27:00
O016198,U164,10,4,2026-02-27 18:32:00
O016210,U057,86,3,2026-02-27 18:37:00
O016201,U084,11,4,2026-02-27 18:43:00
O016209,U274,77,4,2026-02-27 18:50:00
O016213,U352,6,5,2026-02-27 18:53:00
O016201,U084,23,3,2026-02-27 18:59:00
O016199,U469,16,4,2026-02-27 19:00:00
O016202,U148,7,2,2026-02-27 19:16:00
O016208,U086,62,2,2026-02-27 19:31:00
O016217,U102,18,4,2026-02-27 19:45:00
O016204,U179,4,5,2026-02-27 19:52:00
O016221,U020,65,2,2026-02-27 21:15:00
O016219,U325,38,3,2026-02-27 21:49:00
O016217,U102,100,4,2026-02-27 21:53:00
O016215,U144,74,4,2026-02-27 22:07:00
O016221,U020,101,3,2026-02-27 22:20:00
O016224,U067,100,4,2026-02-27 23:01:00
O016228,U057,42,4,2026-02-28 00:46:00
O016233,U165,77,5,2026-02-28 07:33:00
O016231,U452,101,3,2026-02-28 07:51:00
O016235,U287,1,4,2026-02-28 09:02:00
O016236,U244,54,3,2026-02-28 09:46:00
O016237,U471,38,5,2026-02-28 10:08:00
O016244,U145,101,5,2026-02-28 10:19:00
O016238,U238,6,5,2026-02-28 10:30:00
O016236,U244,100,4,2026-02-28 10:31:00
O016253,U429,70,2,2026-02-28 10:41:00
O016254,U284,22,5,2026-02-28 11:02:00
O016239,U132,4,5,2026-02-28 11:43:00
O016257,U056,77,4,2026-02-28 11:44:00
O016265,U292,50,2,2026-02-28 12:03:00
O016269,U117,15,4,2026-02-28 12:04:00
O016253,U429,1,5,2026-02-28 12:11:00
O016247,U321,83,4,2026-02-28 12:11:00
O016254,U284,101,5,2026-02-28 12:28:00
O016256,U447,15,5,2026-02-28 12:31:00
O016249,U363,60,4,2026-02-28 12:50:00
O016261,U026,59,4,2026-02-28 12:56:00
O016255,U485,101,3,2026-02-28 12:57:00
O016262,U250,5,3,2026-02-28 12:57:00
O016270,U124,96,4,2026-02-28 13:01:00
O016268,U150,95,3,2026-02-28 13:50:00
O016281,U385,101,5,2026-02-28 13:51:00
O016274,U426,71,2,2026-02-28 14:23:00
O016280,U393,61,3,2026-02-28 14:33:00
O016286,U028,72,3,2026-02-28 15:05:00
O016293,U224,102,4,2026-02-28 15:09:00
O016279,U174,41,2,2026-02-28 15:21:00
O016291,U306,71,4,2026-02-28 15:28:00
O016283,U128,45,4,2026-02-28 15:56:00
O016293,U224,27,4,2026-02-28 16:27:00
O016295,U045,85,4,2026-02-28 16:53:00
O016299,U134,48,3,2026-02-28 16:59:00
O016304,U258,50,2,2026-02-28 17:09:00
O016287,U245,101,5,2026-02-28 17:13:00
O016303,U476,102,4,2026-02-28 17:33:00
O016303,U476,45,3,2026-02-28 18:06:00
O016313,U344,95,3,2026-02-28 18:33:00
O016310,U248,48,3,2026-02-28 18:44:00
O016322,U360,5,5,2026-02-28 18:57:00
O016312,U202,67,3,2026-02-28 19:28:00
O016327,U214,92,5,2026-02-28 19:37:00
O016315,U324,101,5,2026-02-28 19:37:00
O016314,U287,6,5,2026-02-28 19:47:00
O016325,U352,57,4,2026-02-28 19:48:00
O016311,U453,5,2,2026-02-28 19:56:00
O016321,U281,19,5,2026-02-28 20:42:00
O016327,U214,100,4,2026-02-28 21:02:00
O016332,U401,62,2,2026-02-28 21:05:00
O016333,U315,74,3,2026-02-28 21:49:00
O016330,U494,23,3,2026-02-28 22:15:00
O016334,U095,80,3,2026-02-28 22:28:00
O016331,U494,75,3,2026-02-28 22:59:00
O016333,U315,61,5,2026-02-28 23:05:00
O016330,U494,100,5,2026-02-28 23:08:00
O016340,U111,77,4,2026-02-28 23:38:00
O016339,U253,15,5,2026-02-28 23:55:00
O016347,U449,80,4,2026-03-01 06:39:00
O016350,U165,69,3,2026-03-01 07:33:00
O016353,U287,4,4,2026-03-01 09:13:00
O016352,U244,100,4,2026-03-01 09:13:00
O016356,U493,23,5,2026-03-01 09:28:00
O016352,U244,57,4,2026-03-01 09:55:00
O016354,U165,75,3,2026-03-01 10:09:00
O016355,U296,20,3,2026-03-01 10:53:00
O016356,U493,101,4,2026-03-01 11:07:00
O016360,U064,8,5,2026-03-01 11:32:00
O016367,U157,74,3,2026-03-01 12:10:00
O016370,U465,52,3,2026-03-01 12:33:00
O016373,U049,84,3,2026-03-01 13:06:00
O016373,U049,101,5,2026-03-01 13:16:00
O016365,U154,83,4,2026-03-01 13:18:00
O016376,U142,2,5,2026-03-01 13:41:00
O016377,U352,102,4,2026-03-01 14:26:00
O016375,U161,68,2,2026-03-01 14:31:00
O016386,U058,102,4,2026-03-01 15:06:00
O016382,U067,30,4,2026-03-01 15:31:00
O016386,U058,72,2,2026-03-01 15:35:00
O016392,U178,30,5,2026-03-01 15:41:00
O016393,U230,48,3,2026-03-01 15:43:00
O016385,U008,7,4,2026-03-01 15:43:00
O016388,U396,5,5,2026-03-01 16:01:00
O016390,U381,41,4,2026-03-01 16:20:00
O016383,U154,75,2,2026-03-01 16:39:00
O016384,U333,28,5,2026-03-01 16:47:00
O016384,U333,39,3,2026-03-01 16:50:00
O016395,U315,81,2,2026-03-01 17:04:00
O016402,U452,6,5,2026-03-01 17:09:00
O016394,U211,15,5,2026-03-01 17:39:00
O016403,U192,101,3,2026-03-01 18:09:00
O016413,U137,2,4,2026-03-01 18:18:00
O016414,U207,59,4,2026-03-01 18:58:00
O016406,U058,28,4,2026-03-01 19:31:00
O016411,U359,102,4,2026-03-01 19:40:00
O016415,U276,44,2,2026-03-01 19:44:00
O016424,U028,102,4,2026-03-01 19:58:00
O016422,U020,63,3,2026-03-01 20:07:00
O016410,U213,54,3,2026-03-01 20:11:00
O016423,U095,100,4,2026-03-01 20:35:00
O016426,U457,84,3,2026-03-01 20:41:00
O016425,U317,41,3,2026-03-01 21:20:00
O016432,U340,29,4,2026-03-01 23:05:00
O016434,U367,53,5,2026-03-01 23:52:00
O016438,U449,6,5,2026-03-02 07:36:00
O016442,U124,44,5,2026-03-02 07:40:00
O016439,U356,20,3,2026-03-02 08:38:00
O016446,U416,95,4,2026-03-02 08:48:00
O016441,U392,78,2,2026-03-02 08:59:00
O016443,U083,6,4,2026-03-02 09:09:00
O016458,U144,66,4,2026-03-02 09:31:00
O016440,U296,26,2,2026-03-02 09:37:00
O016458,U144,101,5,2026-03-02 09:47:00
O016445,U486,37,3,2026-03-02 10:01:00
O016461,U298,7,5,2026-03-02 10:09:00
O016462,U086,61,3,2026-03-02 10:26:00
O016460,U494,73,4,2026-03-02 11:07:00
O016458,U144,99,5,2026-03-02 11:13:00
O016464,U125,25,3,2026-03-02 11:20:00
O016464,U125,98,4,2026-03-02 11:25:00
O016458,U144,2,4,2026-03-02 11:28:00
O016454,U410,63,3,2026-03-02 11:29:00
O016473,U312,101,4,2026-03-02 11:43:00
O016465,U275,100,4,2026-03-02 12:09:00
O016484,U192,15,4,2026-03-02 13:09:00
O016491,U223,8,3,2026-03-02 13:14:00
O016495,U284,83,3,2026-03-02 13:58:00
O016487,U284,74,2,2026-03-02 14:02:00
O016495,U284,100,4,2026-03-02 14:14:00
O016496,U190,75,5,2026-03-02 14:14:00
O016482,U161,100,4,2026-03-02 14:18:00
O016483,U151,100,3,2026-03-02 14:26:00
O016491,U223,101,4,2026-03-02 14:38:00
O016490,U072,11,4,2026-03-02 15:16:00
O016497,U211,67,2,2026-03-02 15:36:00
O016494,U236,5,2,2026-03-02 16:07:00
O016503,U046,36,5,2026-03-02 16:27:00
O016504,U248,46,3,2026-03-02 16:38:00
O016511,U451,7,4,2026-03-02 16:43:00
O016512,U056,51,2,2026-03-02 16:52:00
O016503,U046,102,4,2026-03-02 17:02:00
O016509,U018,92,2,2026-03-02 17:28:00
O016511,U451,100,5,2026-03-02 17:53:00
O016516,U409,75,3,2026-03-02 18:01:00
O016528,U150,101,4,2026-03-02 18:19:00
O016515,U447,25,4,2026-03-02 18:19:00
O016516,U409,102,4,2026-03-02 18:21:00
O016526,U409,75,3,2026-03-02 18:24:00
O016523,U216,81,5,2026-03-02 18:38:00
O016519,U407,22,5,2026-03-02 18:43:00
O016523,U216,98,4,2026-03-02 18:46:00
O016528,U150,23,4,2026-03-02 18:54:00
O016522,U245,83,2,2026-03-02 19:05:00
O016522,U245,6,5,2026-03-02 19:58:00
O016532,U150,95,2,2026-03-02 20:18:00
O016536,U178,94,2,2026-03-02 23:29:00
O016538,U055,101,3,2026-03-03 06:31:00
O016538,U055,6,5,2026-03-03 06:49:00
O016540,U025,2,5,2026-03-03 07:21:00
O016549,U035,41,4,2026-03-03 08:01:00
O016543,U072,8,4,2026-03-03 08:12:00
O016556,U377,53,4,2026-03-03 08:45:00
O016545,U352,1,5,2026-03-03 08:49:00
O016557,U161,30,5,2026-03-03 09:00:00
O016561,U321,19,3,2026-03-03 09:07:00
O016548,U219,43,4,2026-03-03 09:24:00
O016540,U025,100,3,2026-03-03 09:37:00
O016573,U244,85,4,2026-03-03 09:40:00
O016559,U004,75,5,2026-03-03 09:41:00
O016548,U219,101,5,2026-03-03 09:41:00
O016551,U383,71,4,2026-03-03 10:04:00
O016574,U466,9,4,2026-03-03 10:15:00
O016583,U432,26,4,2026-03-03 10:21:00
O016551,U383,65,2,2026-03-03 10:43:00
O016560,U163,100,5,2026-03-03 10:55:00
O016581,U179,4,5,2026-03-03 11:10:00
O016568,U117,101,4,2026-03-03 11:23:00
O016565,U343,102,4,2026-03-03 11:25:00
O016570,U081,13,5,2026-03-03 11:27:00
O016595,U337,91,3,2026-03-03 11:28:00
O016565,U343,51,2,2026-03-03 11:42:00
O016567,U208,21,4,2026-03-03 11:42:00
O016595,U337,69,3,2026-03-03 11:45:00
O016595,U337,19,3,2026-03-03 11:56:00
O016582,U479,5,4,2026-03-03 12:01:00
O016571,U324,99,5,2026-03-03 12:03:00
O016588,U422,50,3,2026-03-03 12:13:00
O016587,U332,27,5,2026-03-03 12:34:00
O016602,U410,56,2,2026-03-03 13:53:00
O016598,U089,88,2,2026-03-03 14:21:00
O016603,U411,7,4,2026-03-03 14:27:00
O016616,U102,18,4,2026-03-03 14:49:00
O016601,U006,70,5,2026-03-03 14:59:00
O016622,U146,51,5,2026-03-03 15:21:00
O016607,U291,15,2,2026-03-03 15:32:00
O016609,U161,34,5,2026-03-03 15:35:00
O016620,U266,102,4,2026-03-03 15:41:00
O016610,U453,36,2,2026-03-03 15:46:00
O016603,U411,54,5,2026-03-03 15:46:00
O016613,U275,23,4,2026-03-03 15:47:00
O016605,U071,101,4,2026-03-03 16:13:00
O016623,U037,22,3,2026-03-03 16:16:00
O016613,U275,63,3,2026-03-03 16:19:00
O016606,U359,98,3,2026-03-03 16:23:00
O016631,U165,77,5,2026-03-03 16:39:00
O016626,U367,66,5,2026-03-03 16:41:00
O016615,U138,9,3,2026-03-03 16:42:00
O016634,U067,10,4,2026-03-03 16:46:00
O016633,U165,77,4,2026-03-03 16:57:00
O016616,U102,98,3,2026-03-03 17:00:00
O016628,U401,18,2,2026-03-03 17:02:00
O016620,U266,97,4,2026-03-03 17:37:00
O016647,U447,14,5,2026-03-03 17:48:00
O016620,U266,98,4,2026-03-03 17:50:00
O016646,U411,102,5,2026-03-03 18:09:00
O016627,U064,8,5,2026-03-03 18:13:00
O016654,U317,8,3,2026-03-03 18:29:00
O016639,U370,9,2,2026-03-03 18:31:00
O016642,U003,62,4,2026-03-03 18:44:00
O016638,U434,95,5,2026-03-03 19:12:00
O016653,U274,49,4,2026-03-03 19:30:00
O016636,U284,102,4,2026-03-03 19:34:00
O016651,U078,28,4,2026-03-03 19:35:00
O016644,U393,30,3,2026-03-03 19:58:00
O016652,U098,93,2,2026-03-03 20:44:00
O016658,U205,28,4,2026-03-03 21:29:00
O016658,U205,101,4,2026-03-03 21:39:00
O016664,U325,102,4,2026-03-04 08:09:00
O016660,U237,47,4,2026-03-04 08:32:00
O016681,U164,7,3,2026-03-04 08:52:00
O016665,U148,70,5,2026-03-04 08:56:00
O016663,U451,6,5,2026-03-04 09:05:00
O016667,U225,92,4,2026-03-04 09:09:00
O016683,U150,23,3,2026-03-04 09:11:00
O016666,U416,62,4,2026-03-04 09:14:00
O016674,U276,45,3,2026-03-04 09:16:00
O016680,U121,15,4,2026-03-04 09:32:00
O016675,U036,101,3,2026-03-04 09:58:00
O016675,U036,9,4,2026-03-04 10:03:00
O016669,U494,73,3,2026-03-04 10:26:00
O016693,U230,76,3,2026-03-04 10:43:00
O016679,U245,100,4,2026-03-04 11:04:00
O016690,U272,1,4,2026-03-04 11:08:00
O016687,U072,13,3,2026-03-04 11:13:00
O016685,U099,99,3,2026-03-04 11:27:00
O016689,U186,90,4,2026-03-04 12:04:00
O016707,U291,79,5,2026-03-04 12:11:00
O016708,U333,100,5,2026-03-04 13:12:00
O016721,U299,42,2,2026-03-04 14:42:00
O016714,U429,100,5,2026-03-04 15:03:00
O016727,U312,15,4,2026-03-04 15:04:00
O016710,U322,91,4,2026-03-04 15:11:00
O016715,U269,101,5,2026-03-04 15:38:00
O016718,U142,36,2,2026-03-04 15:59:00
O016723,U250,80,5,2026-03-04 16:03:00
O016722,U467,84,4,2026-03-04 16:17:00
O016722,U467,56,3,2026-03-04 16:49:00
O016722,U467,14,4,2026-03-04 17:27:00
O016735,U482,28,3,2026-03-04 17:36:00
O016749,U097,100,4,2026-03-04 18:02:00
O016733,U036,44,3,2026-03-04 18:19:00
O016752,U178,32,3,2026-03-04 18:26:00
O016761,U119,69,2,2026-03-04 19:09:00
O016764,U121,78,2,2026-03-04 19:17:00
O016738,U278,71,4,2026-03-04 19:18:00
O016769,U192,26,3,2026-03-04 19:20:00
O016772,U417,48,4,2026-03-04 19:42:00
O016773,U383,6,3,2026-03-04 19:46:00
O016759,U371,90,5,2026-03-04 20:09:00
O016764,U121,67,5,2026-03-04 20:09:00
O016774,U138,60,3,2026-03-04 20:10:00
O016770,U269,81,5,2026-03-04 20:16:00
O016761,U119,75,4,2026-03-04 20:28:00
O016766,U468,19,4,2026-03-04 20:29:00
O016756,U216,78,4,2026-03-04 20:30:00
O016756,U216,75,4,2026-03-04 20:36:00
O016764,U121,71,3,2026-03-04 21:05:00
O016768,U426,76,5,2026-03-04 21:22:00
O016778,U438,93,4,2026-03-04 21:53:00
O016782,U362,33,4,2026-03-04 23:16:00
O016801,U433,33,3,2026-03-05 09:22:00
O016807,U031,101,4,2026-03-05 09:27:00
O016811,U083,27,4,2026-03-05 09:50:00
O016805,U072,63,3,2026-03-05 09:56:00
O016791,U463,83,5,2026-03-05 10:02:00
O016787,U215,47,4,2026-03-05 10:03:00
O016816,U250,43,2,2026-03-05 10:12:00
O016794,U106,86,5,2026-03-05 10:21:00
O016798,U281,99,4,2026-03-05 10:45:00
O016808,U034,76,3,2026-03-05 11:20:00
O016807,U031,10,5,2026-03-05 11:35:00
O016806,U463,85,3,2026-03-05 11:50:00
O016804,U121,17,3,2026-03-05 11:59:00
O016817,U191,40,4,2026-03-05 12:03:00
O016817,U191,36,3,2026-03-05 12:11:00
O016821,U372,68,4,2026-03-05 12:32:00
O016831,U491,49,4,2026-03-05 12:41:00
O016834,U325,36,4,2026-03-05 12:55:00
O016840,U447,11,5,2026-03-05 13:25:00
O016836,U008,16,4,2026-03-05 13:26:00
O016838,U466,100,4,2026-03-05 13:33:00
O016826,U003,62,3,2026-03-05 14:04:00
O016830,U389,102,2,2026-03-05 14:13:00
O016828,U410,63,3,2026-03-05 14:22:00
O016841,U225,29,3,2026-03-05 14:26:00
O016830,U389,31,3,2026-03-05 14:26:00
O016842,U432,69,3,2026-03-05 14:28:00
O016838,U466,13,4,2026-03-05 14:30:00
O016843,U331,97,3,2026-03-05 14:47:00
O016850,U360,8,5,2026-03-05 15:42:00
O016854,U037,81,3,2026-03-05 15:42:00
O016837,U273,8,3,2026-03-05 15:43:00
O016863,U095,49,4,2026-03-05 15:51:00
O016860,U316,101,3,2026-03-05 16:12:00
O016847,U216,72,4,2026-03-05 16:23:00
O016844,U391,74,4,2026-03-05 16:29:00
O016856,U367,66,5,2026-03-05 16:36:00
O016869,U317,91,3,2026-03-05 16:55:00
O016875,U165,88,3,2026-03-05 17:00:00
O016867,U202,56,3,2026-03-05 17:32:00
O016862,U017,100,4,2026-03-05 17:36:00
O016875,U165,101,3,2026-03-05 17:42:00
O016867,U202,91,1,2026-03-05 17:50:00
O016868,U216,95,3,2026-03-05 18:09:00
O016870,U411,81,4,2026-03-05 18:20:00
O016864,U322,45,3,2026-03-05 18:39:00
O016882,U072,68,4,2026-03-05 18:41:00
O016877,U349,9,5,2026-03-05 18:53:00
O016891,U439,2,4,2026-03-05 19:17:00
O016890,U192,92,5,2026-03-05 19:57:00
O016887,U006,100,5,2026-03-05 20:14:00
O016892,U247,5,3,2026-03-05 20:25:00
O016885,U381,94,3,2026-03-05 21:02:00
O016894,U122,100,4,2026-03-05 21:06:00
O016889,U411,2,4,2026-03-05 21:13:00
O016903,U315,87,3,2026-03-05 22:17:00
O016902,U320,7,5,2026-03-05 22:17:00
O016897,U283,28,4,2026-03-05 22:51:00
O016904,U500,77,4,2026-03-06 00:29:00
O016919,U356,98,4,2026-03-06 08:28:00
O016908,U469,15,5,2026-03-06 09:24:00
O016920,U392,1,5,2026-03-06 09:47:00
O016934,U485,30,2,2026-03-06 09:55:00
O016919,U356,81,3,2026-03-06 09:57:00
O016933,U413,35,3,2026-03-06 10:17:00
O016909,U247,2,4,2026-03-06 10:19:00
O016914,U055,101,3,2026-03-06 10:29:00
O016923,U071,59,2,2026-03-06 10:34:00
O016914,U055,82,3,2026-03-06 11:01:00
O016940,U360,35,2,2026-03-06 11:04:00
O016927,U443,95,3,2026-03-06 11:27:00
O016936,U450,43,4,2026-03-06 11:35:00
O016930,U084,9,4,2026-03-06 11:35:00
O016940,U360,99,5,2026-03-06 11:43:00
O016942,U326,8,4,2026-03-06 12:19:00
O016936,U450,40,5,2026-03-06 12:25:00
O016939,U282,15,4,2026-03-06 12:29:00
O016955,U326,69,4,2026-03-06 13:17:00
O016953,U290,42,2,2026-03-06 13:35:00
O016954,U058,27,4,2026-03-06 14:04:00
O016952,U408,64,4,2026-03-06 14:10:00
O016950,U244,43,4,2026-03-06 14:10:00
O016958,U058,27,5,2026-03-06 14:11:00
O016948,U333,96,3,2026-03-06 14:35:00
O016966,U242,3,3,2026-03-06 15:03:00
O016956,U453,9,3,2026-03-06 15:37:00
O016955,U326,79,2,2026-03-06 15:39:00
O016959,U169,100,4,2026-03-06 16:03:00
O016961,U169,26,5,2026-03-06 16:05:00
O016960,U400,4,4,2026-03-06 16:24:00
O016975,U197,100,3,2026-03-06 16:43:00
O016981,U328,75,4,2026-03-06 16:48:00
O016969,U427,98,4,2026-03-06 16:56:00
O016985,U315,100,2,2026-03-06 17:58:00
O016979,U138,35,2,2026-03-06 18:07:00
O016977,U138,101,3,2026-03-06 18:33:00
O016985,U315,10,3,2026-03-06 18:33:00
O016980,U404,95,4,2026-03-06 18:45:00
O016982,U095,69,4,2026-03-06 19:16:00
O016988,U157,101,4,2026-03-06 19:33:00
O016995,U093,102,5,2026-03-06 19:51:00
O016988,U157,19,5,2026-03-06 20:06:00
O016996,U164,100,3,2026-03-06 20:14:00
O016997,U403,84,3,2026-03-06 20:30:00
O016989,U098,78,3,2026-03-06 20:36:00
O016999,U382,80,3,2026-03-06 21:06:00
O017001,U259,69,3,2026-03-06 22:06:00
O017003,U379,100,3,2026-03-06 22:12:00
O017003,U379,54,3,2026-03-06 23:35:00
O017005,U367,53,5,2026-03-06 23:51:00
O017011,U486,4,5,2026-03-07 08:37:00
O017015,U195,7,4,2026-03-07 09:29:00
O017015,U195,101,3,2026-03-07 10:10:00
O017013,U449,6,5,2026-03-07 10:14:00
O017015,U195,8,3,2026-03-07 10:44:00
O017019,U469,15,4,2026-03-07 10:56:00
O017019,U469,19,3,2026-03-07 11:16:00
O017013,U449,62,3,2026-03-07 11:17:00
O017021,U178,29,3,2026-03-07 11:40:00
O017022,U161,101,3,2026-03-07 11:55:00
O017017,U370,101,3,2026-03-07 11:58:00
O017033,U111,102,4,2026-03-07 12:07:00
O017036,U238,6,4,2026-03-07 12:15:00
O017035,U455,5,4,2026-03-07 12:32:00
O017019,U469,91,3,2026-03-07 12:33:00
O017024,U379,41,3,2026-03-07 12:38:00
O017027,U275,60,3,2026-03-07 12:38:00
O017025,U097,98,4,2026-03-07 13:07:00
O017030,U032,72,3,2026-03-07 13:30:00
O017039,U183,75,4,2026-03-07 13:30:00
O017032,U247,69,3,2026-03-07 13:38:00
O017029,U164,6,5,2026-03-07 14:00:00
O017042,U128,31,3,2026-03-07 14:09:00
O017031,U421,41,4,2026-03-07 14:32:00
O017047,U354,102,5,2026-03-07 14:39:00
O017045,U125,82,3,2026-03-07 14:45:00
O017042,U128,49,2,2026-03-07 14:50:00
O017043,U056,90,3,2026-03-07 14:54:00
O017042,U128,34,1,2026-03-07 15:03:00
O017044,U328,1,5,2026-03-07 15:12:00
O017055,U169,58,3,2026-03-07 15:14:00
O017051,U419,66,4,2026-03-07 15:25:00
O017052,U158,52,5,2026-03-07 15:28:00
O017047,U354,8,3,2026-03-07 15:35:00
O017049,U451,100,4,2026-03-07 15:47:00
O017066,U260,102,4,2026-03-07 16:04:00
O017068,U149,7,5,2026-03-07 16:20:00
O017071,U325,53,2,2026-03-07 16:35:00
O017048,U142,2,5,2026-03-07 16:50:00
O017050,U295,47,2,2026-03-07 16:50:00
O017064,U195,62,2,2026-03-07 17:01:00
O017058,U215,98,4,2026-03-07 17:25:00
O017067,U036,76,4,2026-03-07 17:42:00
O017072,U438,93,3,2026-03-07 17:45:00
O017075,U183,80,3,2026-03-07 17:57:00
O017068,U149,25,2,2026-03-07 17:58:00
O017085,U071,90,3,2026-03-07 18:14:00
O017059,U333,100,5,2026-03-07 18:16:00
O017083,U003,30,5,2026-03-07 18:44:00
O017069,U079,9,3,2026-03-07 18:46:00
O017084,U428,40,3,2026-03-07 18:56:00
O017086,U378,98,3,2026-03-07 18:59:00
O017077,U362,33,4,2026-03-07 19:08:00
O017093,U356,59,3,2026-03-07 19:11:00
O017092,U165,91,4,2026-03-07 19:17:00
O017102,U315,100,4,2026-03-07 19:19:00
O017096,U216,75,3,2026-03-07 19:23:00
O017092,U165,97,2,2026-03-07 19:35:00
O017078,U372,68,5,2026-03-07 19:36:00
O017073,U413,56,4,2026-03-07 19:39:00
O017091,U304,68,4,2026-03-07 19:48:00
O017106,U495,34,5,2026-03-07 19:55:00
O017091,U304,66,3,2026-03-07 20:03:00
O017099,U018,100,3,2026-03-07 20:04:00
O017109,U457,58,2,2026-03-07 20:39:00
O017114,U050,57,3,2026-03-07 21:02:00
O017115,U008,11,3,2026-03-07 21:20:00
O017108,U059,26,4,2026-03-07 21:38:00
O017106,U495,35,3,2026-03-07 22:08:00
O017126,U116,15,5,2026-03-07 22:10:00
O017111,U191,36,4,2026-03-07 23:03:00
O017119,U040,50,5,2026-03-07 23:10:00
O017121,U446,70,3,2026-03-07 23:18:00
O017122,U020,64,4,2026-03-07 23:53:00
O017124,U295,89,2,2026-03-07 23:54:00
O017131,U132,2,5,2026-03-08 07:49:00
O017134,U037,22,4,2026-03-08 08:06:00
O017132,U127,7,4,2026-03-08 09:05:00
O017133,U108,58,2,2026-03-08 09:06:00
O017129,U287,3,3,2026-03-08 09:29:00
O017136,U244,23,3,2026-03-08 10:51:00
O017140,U197,74,2,2026-03-08 10:55:00
O017144,U001,87,3,2026-03-08 10:57:00
O017153,U376,77,4,2026-03-08 11:18:00
O017152,U182,102,3,2026-03-08 11:20:00
O017145,U322,5,4,2026-03-08 11:37:00
O017139,U274,95,3,2026-03-08 11:40:00
O017156,U239,22,4,2026-03-08 11:55:00
O017149,U214,101,3,2026-03-08 12:14:00
O017140,U197,101,3,2026-03-08 12:16:00
O017141,U226,102,3,2026-03-08 12:19:00
O017162,U455,18,4,2026-03-08 12:26:00
O017141,U226,46,4,2026-03-08 12:30:00
O017163,U274,64,3,2026-03-08 12:59:00
O017152,U182,37,3,2026-03-08 13:05:00
O017157,U242,37,4,2026-03-08 13:11:00
O017145,U322,7,3,2026-03-08 13:19:00
O017165,U425,36,3,2026-03-08 13:23:00
O017154,U150,50,4,2026-03-08 13:50:00
O017156,U239,48,4,2026-03-08 13:51:00
O017167,U102,22,4,2026-03-08 13:59:00
O017170,U265,73,4,2026-03-08 14:14:00
O017172,U469,17,3,2026-03-08 14:47:00
O017172,U469,10,4,2026-03-08 14:56:00
O017175,U138,61,4,2026-03-08 14:56:00
O017166,U093,45,5,2026-03-08 15:49:00
O017169,U212,100,4,2026-03-08 15:52:00
O017179,U500,81,3,2026-03-08 15:59:00
O017176,U285,29,3,2026-03-08 16:10:00
O017190,U436,22,4,2026-03-08 16:11:00
O017171,U026,59,4,2026-03-08 16:20:00
O017187,U402,3,4,2026-03-08 16:25:00
O017187,U402,84,2,2026-03-08 16:45:00
O017171,U026,6,5,2026-03-08 16:50:00
O017200,U287,6,4,2026-03-08 16:55:00
O017189,U157,100,3,2026-03-08 17:03:00
O017189,U157,49,3,2026-03-08 17:13:00
O017180,U372,100,4,2026-03-08 17:28:00
O017182,U154,7,2,2026-03-08 17:31:00
O017183,U058,34,2,2026-03-08 17:54:00
O017195,U363,51,4,2026-03-08 17:59:00
O017185,U056,51,1,2026-03-08 18:02:00
O017199,U003,26,4,2026-03-08 18:53:00
O017203,U040,92,4,2026-03-08 18:56:00
O017194,U283,27,5,2026-03-08 19:07:00
O017206,U248,41,3,2026-03-08 19:10:00
O017206,U248,100,4,2026-03-08 19:35:00
O017209,U449,62,3,2026-03-08 20:08:00
O017219,U295,92,4,2026-03-08 20:19:00
O017216,U028,81,4,2026-03-08 20:59:00
O017222,U138,63,3,2026-03-08 21:17:00
O017224,U500,82,3,2026-03-08 21:53:00
O017230,U376,91,3,2026-03-08 22:06:00
O017227,U057,80,3,2026-03-08 23:17:00
O017235,U025,101,3,2026-03-09 06:56:00
O017244,U421,101,4,2026-03-09 09:31:00
O017266,U072,101,4,2026-03-09 09:43:00
O017252,U064,9,4,2026-03-09 09:43:00
O017274,U485,75,2,2026-03-09 09:48:00
O017236,U150,68,1,2026-03-09 09:54:00
O017255,U008,19,4,2026-03-09 10:25:00
O017259,U126,54,4,2026-03-09 10:26:00
O017253,U005,5,4,2026-03-09 10:30:00
O017279,U466,23,3,2026-03-09 10:36:00
O017272,U150,64,3,2026-03-09 11:01:00
O017284,U363,11,5,2026-03-09 11:34:00
O017261,U335,6,5,2026-03-09 11:52:00
O017273,U461,33,3,2026-03-09 12:02:00
O017295,U312,91,3,2026-03-09 12:02:00
O017275,U116,15,5,2026-03-09 12:10:00
O017296,U093,87,5,2026-03-09 12:11:00
O017297,U402,100,4,2026-03-09 12:13:00
O017272,U150,90,2,2026-03-09 12:20:00
O017277,U244,17,3,2026-03-09 12:39:00
O017286,U447,88,3,2026-03-09 12:46:00
O017294,U265,35,2,2026-03-09 13:01:00
O017287,U408,28,3,2026-03-09 13:20:00
O017293,U392,1,5,2026-03-09 13:30:00
O017302,U469,15,4,2026-03-09 14:41:00
O017307,U360,101,3,2026-03-09 14:51:00
O017314,U474,100,4,2026-03-09 15:07:00
O017314,U474,57,3,2026-03-09 15:29:00
O017327,U236,18,4,2026-03-09 15:47:00
O017310,U464,38,3,2026-03-09 15:50:00
O017316,U135,52,2,2026-03-09 15:59:00
O017305,U308,69,3,2026-03-09 16:08:00
O017329,U494,73,3,2026-03-09 16:30:00
O017312,U220,50,4,2026-03-09 16:32:00
O017328,U081,23,3,2026-03-09 16:40:00
O017340,U148,84,5,2026-03-09 16:53:00
O017331,U275,3,3,2026-03-09 16:54:00
O017334,U009,37,4,2026-03-09 17:14:00
O017346,U196,33,4,2026-03-09 17:21:00
O017325,U349,63,3,2026-03-09 17:22:00
O017348,U116,53,2,2026-03-09 17:32:00
O017341,U067,71,4,2026-03-09 17:49:00
O017340,U148,101,5,2026-03-09 18:04:00
O017337,U064,8,3,2026-03-09 18:14:00
O017338,U310,88,4,2026-03-09 18:19:00
O017345,U322,58,4,2026-03-09 19:52:00
O017357,U161,101,3,2026-03-09 20:57:00
O017353,U351,56,3,2026-03-09 21:02:00
O017355,U372,68,4,2026-03-09 21:45:00
O017358,U207,101,3,2026-03-09 21:52:00
O017376,U150,22,3,2026-03-10 08:43:00
O017375,U349,11,4,2026-03-10 09:02:00
O017379,U058,34,3,2026-03-10 09:05:00
O017387,U108,35,3,2026-03-10 09:53:00
O017378,U349,9,4,2026-03-10 09:58:00
O017391,U401,97,4,2026-03-10 10:26:00
O017394,U356,18,5,2026-03-10 11:04:00
O017387,U108,28,2,2026-03-10 11:04:00
O017374,U276,27,4,2026-03-10 11:04:00
O017404,U031,101,3,2026-03-10 11:10:00
O017380,U428,9,4,2026-03-10 11:18:00
O017390,U326,63,4,2026-03-10 11:35:00
O017396,U467,27,3,2026-03-10 11:35:00
O017393,U398,97,3,2026-03-10 12:00:00
O017412,U175,82,4,2026-03-10 12:11:00
O017414,U413,8,3,2026-03-10 12:25:00
O017410,U299,6,5,2026-03-10 13:46:00
O017414,U413,44,5,2026-03-10 14:08:00
O017418,U464,74,4,2026-03-10 14:47:00
O017417,U419,12,2,2026-03-10 15:10:00
O017416,U273,7,4,2026-03-10 15:14:00
O017427,U112,102,4,2026-03-10 15:22:00
O017434,U119,74,3,2026-03-10 15:24:00
O017425,U083,101,5,2026-03-10 15:28:00
O017420,U040,12,4,2026-03-10 15:36:00
O017441,U426,39,2,2026-03-10 16:01:00
O017421,U469,50,4,2026-03-10 16:04:00
O017443,U171,61,2,2026-03-10 16:08:00
O017431,U453,100,4,2026-03-10 16:13:00
O017440,U020,27,4,2026-03-10 16:25:00
O017445,U238,8,3,2026-03-10 16:33:00
O017437,U479,6,4,2026-03-10 16:41:00
O017426,U206,101,4,2026-03-10 16:55:00
O017445,U238,102,3,2026-03-10 17:02:00
O017438,U438,48,4,2026-03-10 17:12:00
O017433,U148,101,4,2026-03-10 17:37:00
O017433,U148,70,4,2026-03-10 17:46:00
O017433,U148,84,5,2026-03-10 17:48:00
O017454,U303,76,5,2026-03-10 17:56:00
O017446,U035,28,2,2026-03-10 18:05:00
O017438,U438,5,5,2026-03-10 18:21:00
O017458,U006,81,3,2026-03-10 18:29:00
O017463,U237,102,4,2026-03-10 18:32:00
O017447,U411,78,5,2026-03-10 18:49:00
O017466,U284,90,3,2026-03-10 19:17:00
O017461,U072,8,4,2026-03-10 19:37:00
O017453,U101,32,3,2026-03-10 19:44:00
O017467,U363,88,4,2026-03-10 19:58:00
O017473,U192,96,4,2026-03-10 21:40:00
O017471,U399,85,2,2026-03-10 22:04:00
O017479,U340,83,3,2026-03-10 22:27:00
O017480,U222,63,4,2026-03-10 22:48:00
O017480,U222,100,3,2026-03-10 22:50:00
O017477,U401,50,3,2026-03-10 23:22:00
O017502,U247,98,3,2026-03-11 09:13:00
O017494,U165,37,3,2026-03-11 09:15:00
O017497,U244,14,4,2026-03-11 09:25:00
O017503,U086,101,3,2026-03-11 09:30:00
O017505,U410,63,3,2026-03-11 09:37:00
O017491,U468,11,4,2026-03-11 09:43:00
O017511,U402,64,4,2026-03-11 09:44:00
O017492,U421,37,5,2026-03-11 09:53:00
O017512,U130,100,4,2026-03-11 10:07:00
O017495,U036,2,5,2026-03-11 10:08:00
O017528,U305,100,5,2026-03-11 10:09:00
O017507,U093,19,3,2026-03-11 10:10:00
O017530,U036,22,3,2026-03-11 10:11:00
O017532,U289,27,3,2026-03-11 10:29:00
O017531,U002,71,4,2026-03-11 10:29:00
O017503,U086,22,4,2026-03-11 10:36:00
O017513,U008,22,5,2026-03-11 10:44:00
O017515,U275,60,3,2026-03-11 10:44:00
O017522,U195,8,3,2026-03-11 10:44:00
O017504,U269,74,5,2026-03-11 10:57:00
O017532,U289,13,3,2026-03-11 11:10:00
O017509,U238,93,2,2026-03-11 11:32:00
O017519,U403,84,3,2026-03-11 11:52:00
O017516,U197,6,4,2026-03-11 12:01:00
O017514,U401,86,3,2026-03-11 12:04:00
O017542,U035,39,5,2026-03-11 12:17:00
O017545,U046,43,4,2026-03-11 12:56:00
O017548,U225,83,3,2026-03-11 13:29:00
O017535,U049,84,3,2026-03-11 13:32:00
O017533,U245,83,2,2026-03-11 13:33:00
O017539,U057,100,4,2026-03-11 13:42:00
O017542,U035,63,3,2026-03-11 13:45:00
O017546,U106,88,3,2026-03-11 13:49:00
O017548,U225,102,4,2026-03-11 13:56:00
O017539,U057,79,5,2026-03-11 14:39:00
O017563,U209,21,4,2026-03-11 14:46:00
O017551,U216,67,3,2026-03-11 14:54:00
O017554,U416,76,2,2026-03-11 14:58:00
O017551,U216,98,3,2026-03-11 15:00:00
O017560,U033,16,2,2026-03-11 15:10:00
O017560,U033,98,4,2026-03-11 15:23:00
O017566,U206,94,4,2026-03-11 15:26:00
O017564,U196,100,5,2026-03-11 15:37:00
O017549,U216,101,5,2026-03-11 15:53:00
O017569,U469,17,3,2026-03-11 15:54:00
O017555,U003,65,4,2026-03-11 15:56:00
O017562,U028,91,4,2026-03-11 16:11:00
O017564,U196,3,3,2026-03-11 16:22:00
O017559,U466,6,5,2026-03-11 16:57:00
O017572,U097,77,3,2026-03-11 16:58:00
O017574,U390,94,4,2026-03-11 17:20:00
O017570,U366,42,3,2026-03-11 17:58:00
O017584,U276,101,4,2026-03-11 18:14:00
O017580,U142,6,4,2026-03-11 18:18:00
O017575,U397,26,4,2026-03-11 18:30:00
O017584,U276,8,3,2026-03-11 18:49:00
O017590,U269,38,5,2026-03-11 19:43:00
O017601,U210,93,4,2026-03-11 19:50:00
O017595,U260,18,3,2026-03-11 19:56:00
O017599,U453,36,3,2026-03-11 20:27:00
O017607,U248,43,5,2026-03-11 21:40:00
O017606,U457,83,4,2026-03-11 22:08:00
O017605,U446,37,5,2026-03-11 23:06:00
O017609,U133,40,2,2026-03-12 00:02:00
O017616,U342,67,5,2026-03-12 08:25:00
O017614,U200,54,4,2026-03-12 08:52:00
O017618,U055,101,4,2026-03-12 09:04:00
O017612,U277,54,4,2026-03-12 09:10:00
O017637,U274,99,2,2026-03-12 10:12:00
O017620,U090,27,2,2026-03-12 10:30:00
O017622,U408,101,2,2026-03-12 10:47:00
O017636,U149,75,3,2026-03-12 11:03:00
O017626,U349,78,3,2026-03-12 11:06:00
O017625,U335,6,5,2026-03-12 11:17:00
O017638,U278,37,3,2026-03-12 11:17:00
O017632,U166,12,4,2026-03-12 11:27:00
O017625,U335,101,5,2026-03-12 11:28:00
O017635,U046,102,4,2026-03-12 11:45:00
O017645,U121,71,4,2026-03-12 12:01:00
O017640,U486,101,5,2026-03-12 12:06:00
O017644,U121,98,4,2026-03-12 13:02:00
O017644,U121,15,4,2026-03-12 13:57:00
O017647,U273,102,4,2026-03-12 14:38:00
O017651,U289,18,5,2026-03-12 15:38:00
O017659,U250,77,3,2026-03-12 15:53:00
O017667,U247,93,5,2026-03-12 16:28:00
O017658,U043,28,3,2026-03-12 16:43:00
O017669,U363,89,5,2026-03-12 16:51:00
O017658,U043,37,3,2026-03-12 17:01:00
O017672,U469,100,4,2026-03-12 17:06:00
O017681,U250,100,4,2026-03-12 17:12:00
O017678,U468,100,3,2026-03-12 17:29:00
O017672,U469,19,4,2026-03-12 18:02:00
O017666,U091,75,3,2026-03-12 18:10:00
O017671,U037,6,3,2026-03-12 18:27:00
O017666,U091,78,2,2026-03-12 18:28:00
O017674,U224,34,3,2026-03-12 18:39:00
O017682,U307,7,5,2026-03-12 18:44:00
O017675,U016,93,3,2026-03-12 18:55:00
O017677,U108,23,3,2026-03-12 19:00:00
O017679,U451,7,5,2026-03-12 19:20:00
O017698,U277,54,3,2026-03-12 19:20:00
O017677,U108,99,4,2026-03-12 19:33:00
O017702,U411,81,5,2026-03-12 20:20:00
O017694,U448,42,4,2026-03-12 20:24:00
O017706,U230,101,4,2026-03-12 20:49:00
O017703,U362,100,4,2026-03-12 21:04:00
O017701,U095,46,3,2026-03-12 21:41:00
O017706,U230,73,3,2026-03-12 22:14:00
O017713,U367,100,4,2026-03-13 00:21:00
O017719,U324,101,4,2026-03-13 07:58:00
O017714,U277,101,3,2026-03-13 08:11:00
O017716,U458,98,5,2026-03-13 08:41:00
O017728,U072,63,4,2026-03-13 08:55:00
O017728,U072,100,5,2026-03-13 09:17:00
O017730,U154,85,5,2026-03-13 09:26:00
O017729,U307,78,3,2026-03-13 09:28:00
O017715,U269,81,4,2026-03-13 09:52:00
O017731,U407,22,5,2026-03-13 10:12:00
O017735,U163,101,3,2026-03-13 10:13:00
O017738,U377,53,4,2026-03-13 10:47:00
O017749,U337,91,4,2026-03-13 11:25:00
O017752,U335,6,5,2026-03-13 11:47:00
O017756,U072,8,3,2026-03-13 11:52:00
O017756,U072,11,4,2026-03-13 11:59:00
O017757,U474,61,3,2026-03-13 12:23:00
O017747,U250,37,3,2026-03-13 12:24:00
O017761,U071,85,4,2026-03-13 13:21:00
O017764,U248,50,3,2026-03-13 13:43:00
O017772,U333,28,5,2026-03-13 14:30:00
O017762,U191,96,4,2026-03-13 14:41:00
O017765,U253,25,3,2026-03-13 14:44:00
O017772,U333,98,3,2026-03-13 14:50:00
O017759,U244,59,5,2026-03-13 14:50:00
O017770,U451,100,5,2026-03-13 14:52:00
O017759,U244,32,4,2026-03-13 15:07:00
O017763,U186,59,3,2026-03-13 15:13:00
O017765,U253,21,4,2026-03-13 15:25:00
O017775,U095,75,3,2026-03-13 15:58:00
O017782,U238,6,4,2026-03-13 15:58:00
O017764,U248,92,4,2026-03-13 16:22:00
O017794,U035,97,4,2026-03-13 16:32:00
O017783,U362,3,4,2026-03-13 16:33:00
O017797,U464,35,4,2026-03-13 16:38:00
O017777,U466,102,5,2026-03-13 16:46:00
O017769,U463,88,2,2026-03-13 16:47:00
O017798,U419,15,4,2026-03-13 16:55:00
O017798,U419,66,4,2026-03-13 16:59:00
O017796,U411,99,5,2026-03-13 17:20:00
O017779,U037,11,4,2026-03-13 17:25:00
O017786,U031,67,3,2026-03-13 17:33:00
O017795,U351,22,4,2026-03-13 17:42:00
O017787,U270,41,5,2026-03-13 18:00:00
O017809,U130,7,5,2026-03-13 18:02:00
O017780,U095,65,4,2026-03-13 18:04:00
O017784,U165,37,5,2026-03-13 18:05:00
O017801,U050,18,5,2026-03-13 18:12:00
O017789,U305,100,4,2026-03-13 18:24:00
O017791,U326,90,3,2026-03-13 18:27:00
O017808,U491,38,4,2026-03-13 18:30:00
O017803,U245,6,5,2026-03-13 18:41:00
O017811,U206,95,3,2026-03-13 19:42:00
O017813,U359,102,4,2026-03-13 19:46:00
O017806,U127,93,3,2026-03-13 19:53:00
O017822,U307,92,4,2026-03-13 21:16:00
O017818,U206,87,3,2026-03-13 21:36:00
O017818,U206,7,5,2026-03-13 21:46:00
O017823,U438,93,4,2026-03-13 21:51:00
O017819,U286,21,3,2026-03-13 22:13:00
O017820,U301,83,2,2026-03-13 22:38:00
O017827,U187,34,3,2026-03-13 22:56:00
O017829,U302,101,3,2026-03-14 07:08:00
O017830,U319,9,4,2026-03-14 07:35:00
O017829,U302,1,3,2026-03-14 07:46:00
O017843,U463,89,3,2026-03-14 10:28:00
O017835,U372,68,4,2026-03-14 10:49:00
O017833,U238,6,5,2026-03-14 11:12:00
O017847,U224,27,4,2026-03-14 11:28:00
O017852,U265,87,1,2026-03-14 11:44:00
O017840,U219,37,4,2026-03-14 12:00:00
O017840,U219,44,5,2026-03-14 12:16:00
O017862,U224,26,4,2026-03-14 12:28:00
O017866,U472,59,4,2026-03-14 13:16:00
O017870,U216,79,4,2026-03-14 13:31:00
O017861,U201,41,2,2026-03-14 13:45:00
O017872,U260,6,3,2026-03-14 14:32:00
O017860,U413,40,4,2026-03-14 14:33:00
O017871,U173,22,4,2026-03-14 14:34:00
O017868,U020,58,3,2026-03-14 15:04:00
O017872,U260,101,4,2026-03-14 15:09:00
O017874,U411,36,5,2026-03-14 15:15:00
O017876,U438,100,5,2026-03-14 15:15:00
O017873,U275,25,4,2026-03-14 15:30:00
O017878,U250,64,3,2026-03-14 15:52:00
O017881,U135,52,2,2026-03-14 16:16:00
O017877,U225,41,4,2026-03-14 16:37:00
O017893,U384,92,4,2026-03-14 16:53:00
O017883,U344,90,4,2026-03-14 16:56:00
O017904,U325,46,2,2026-03-14 17:45:00
O017884,U387,12,2,2026-03-14 17:49:00
O017905,U319,101,3,2026-03-14 17:55:00
O017880,U379,95,3,2026-03-14 18:01:00
O017891,U500,82,5,2026-03-14 18:10:00
O017900,U271,20,4,2026-03-14 18:24:00
O017891,U500,100,4,2026-03-14 18:32:00
O017903,U243,36,3,2026-03-14 18:37:00
O017899,U186,101,4,2026-03-14 19:07:00
O017915,U170,66,3,2026-03-14 19:12:00
O017901,U434,95,5,2026-03-14 19:23:00
O017895,U150,12,3,2026-03-14 19:43:00
O017905,U319,2,3,2026-03-14 19:52:00
O017912,U411,36,5,2026-03-14 19:54:00
O017923,U254,68,4,2026-03-14 20:15:00
O017925,U271,40,4,2026-03-14 20:18:00
O017908,U028,91,3,2026-03-14 20:44:00
O017911,U091,76,5,2026-03-14 20:53:00
O017914,U272,65,4,2026-03-14 21:01:00
O017927,U157,74,3,2026-03-14 21:27:00
O017918,U291,71,3,2026-03-14 21:54:00
O017933,U066,89,5,2026-03-14 21:57:00
O017930,U062,71,3,2026-03-14 22:17:00
O017932,U317,91,3,2026-03-14 22:24:00
O017931,U216,77,3,2026-03-14 23:29:00
O017931,U216,80,4,2026-03-14 23:36:00
O017941,U296,101,2,2026-03-15 08:21:00
O017940,U127,33,3,2026-03-15 08:45:00
O017937,U100,22,3,2026-03-15 09:10:00
O017942,U108,2,3,2026-03-15 11:07:00
O017945,U120,64,2,2026-03-15 11:18:00
O017958,U056,78,4,2026-03-15 11:24:00
O017962,U464,50,3,2026-03-15 11:47:00
O017965,U315,101,4,2026-03-15 11:48:00
O017949,U218,80,5,2026-03-15 11:56:00
O017948,U105,101,3,2026-03-15 12:00:00
O017958,U056,54,4,2026-03-15 12:08:00
O017955,U079,9,3,2026-03-15 12:12:00
O017954,U326,11,3,2026-03-15 12:13:00
O017957,U385,22,4,2026-03-15 12:29:00
O017948,U105,5,4,2026-03-15 12:33:00
O017968,U295,52,2,2026-03-15 12:59:00
O017968,U295,53,3,2026-03-15 13:04:00
O017962,U464,74,3,2026-03-15 13:23:00
O017957,U385,101,4,2026-03-15 13:24:00
O017971,U127,90,2,2026-03-15 13:59:00
O017974,U435,101,3,2026-03-15 14:18:00
O017978,U352,6,5,2026-03-15 14:42:00
O017982,U003,34,4,2026-03-15 15:02:00
O017973,U274,90,3,2026-03-15 15:05:00
O017984,U308,80,2,2026-03-15 15:19:00
O017969,U496,99,3,2026-03-15 15:38:00
O017983,U289,15,4,2026-03-15 15:57:00
O017978,U352,1,5,2026-03-15 16:02:00
O017986,U023,26,4,2026-03-15 16:05:00
O017983,U289,99,3,2026-03-15 16:07:00
O017980,U052,97,4,2026-03-15 16:14:00
O017977,U312,19,5,2026-03-15 16:14:00
O017979,U419,74,4,2026-03-15 16:33:00
O017985,U157,15,4,2026-03-15 16:38:00
O017975,U183,78,4,2026-03-15 17:04:00
O017982,U003,26,5,2026-03-15 17:12:00
O017998,U050,50,3,2026-03-15 17:50:00
O018005,U455,100,4,2026-03-15 17:59:00
O018000,U093,37,3,2026-03-15 18:07:00
O018005,U455,5,3,2026-03-15 18:54:00
O018003,U390,94,4,2026-03-15 19:07:00
O017999,U151,28,2,2026-03-15 19:41:00
O018012,U469,19,4,2026-03-15 19:43:00
O018009,U453,30,4,2026-03-15 20:08:00
O018023,U275,60,3,2026-03-15 20:24:00
O018016,U458,91,5,2026-03-15 20:50:00
O018019,U168,36,4,2026-03-15 20:54:00
O018020,U496,49,2,2026-03-15 21:12:00
O018012,U469,98,3,2026-03-15 21:15:00
O018017,U331,93,3,2026-03-15 21:32:00
O018022,U027,92,4,2026-03-15 21:42:00
O018018,U009,95,5,2026-03-15 22:01:00
O018032,U500,37,4,2026-03-15 22:06:00
O018036,U218,80,5,2026-03-15 22:11:00
O018017,U331,43,5,2026-03-15 22:21:00
O018029,U435,48,3,2026-03-15 22:29:00
O018021,U059,53,3,2026-03-15 22:31:00
O018034,U359,41,4,2026-03-15 22:37:00
O018024,U033,95,3,2026-03-15 22:50:00
O018028,U500,63,3,2026-03-15 22:51:00
O018041,U322,4,5,2026-03-16 07:18:00
O018047,U106,48,2,2026-03-16 07:48:00
O018038,U319,36,2,2026-03-16 08:05:00
O018050,U142,101,4,2026-03-16 08:51:00
O018044,U370,50,2,2026-03-16 08:53:00
O018045,U220,70,5,2026-03-16 09:24:00
O018042,U455,15,3,2026-03-16 09:26:00
O018041,U322,102,3,2026-03-16 09:31:00
O018070,U305,72,4,2026-03-16 10:06:00
O018050,U142,2,5,2026-03-16 10:22:00
O018080,U250,98,4,2026-03-16 11:47:00
O018077,U429,10,4,2026-03-16 11:57:00
O018074,U349,101,3,2026-03-16 12:25:00
O018080,U250,57,3,2026-03-16 13:03:00
O018076,U455,16,5,2026-03-16 13:27:00
O018090,U355,49,3,2026-03-16 13:28:00
O018075,U183,70,4,2026-03-16 13:31:00
O018080,U250,25,4,2026-03-16 13:32:00
O018089,U398,41,4,2026-03-16 13:35:00
O018079,U040,73,4,2026-03-16 14:00:00
O018093,U463,50,3,2026-03-16 14:13:00
O018083,U494,32,3,2026-03-16 14:20:00
O018105,U259,93,3,2026-03-16 15:19:00
O018110,U382,102,4,2026-03-16 15:25:00
O018109,U447,26,4,2026-03-16 15:36:00
O018095,U089,82,2,2026-03-16 15:47:00
O018096,U214,102,4,2026-03-16 15:59:00
O018116,U111,101,4,2026-03-16 16:04:00
O018105,U259,91,3,2026-03-16 16:14:00
O018100,U346,12,5,2026-03-16 16:24:00
O018108,U297,14,5,2026-03-16 16:28:00
O018110,U382,65,2,2026-03-16 16:32:00
O018122,U289,18,5,2026-03-16 17:09:00
O018117,U244,9,4,2026-03-16 17:12:00
O018116,U111,6,4,2026-03-16 17:25:00
O018111,U437,37,4,2026-03-16 17:45:00
O018112,U401,82,4,2026-03-16 18:01:00
O018113,U247,17,4,2026-03-16 18:08:00
O018114,U333,31,4,2026-03-16 18:12:00
O018118,U312,91,4,2026-03-16 18:19:00
O018119,U354,65,3,2026-03-16 18:21:00
O018121,U247,61,4,2026-03-16 18:32:00
O018133,U056,27,3,2026-03-16 18:47:00
O018123,U418,54,4,2026-03-16 19:33:00
O018132,U395,62,3,2026-03-16 19:37:00
O018126,U149,100,4,2026-03-16 19:58:00
O018144,U436,27,3,2026-03-16 19:59:00
O018127,U137,2,5,2026-03-16 20:17:00
O018134,U020,27,4,2026-03-16 20:19:00
O018143,U396,96,3,2026-03-16 20:26:00
O018138,U383,94,3,2026-03-16 20:28:00
O018145,U265,74,5,2026-03-16 20:33:00
O018145,U265,37,4,2026-03-16 20:49:00
O018133,U056,92,2,2026-03-16 20:50:00
O018144,U436,93,3,2026-03-16 21:37:00
O018147,U067,71,4,2026-03-16 22:34:00
O018151,U237,84,5,2026-03-17 06:36:00
O018156,U471,100,5,2026-03-17 07:21:00
O018152,U127,33,3,2026-03-17 08:09:00
O018152,U127,36,2,2026-03-17 08:17:00
O018162,U197,6,5,2026-03-17 08:26:00
O018170,U031,9,3,2026-03-17 08:28:00
O018151,U237,47,4,2026-03-17 09:01:00
O018174,U449,62,3,2026-03-17 09:05:00
O018162,U197,101,5,2026-03-17 09:16:00
O018170,U031,102,4,2026-03-17 09:22:00
O018159,U186,38,3,2026-03-17 09:49:00
O018173,U035,102,4,2026-03-17 09:50:00
O018168,U276,27,4,2026-03-17 10:11:00
O018178,U427,33,3,2026-03-17 10:27:00
O018187,U421,101,4,2026-03-17 10:31:00
O018164,U370,27,2,2026-03-17 10:36:00
O018172,U071,85,3,2026-03-17 10:56:00
O018191,U161,101,4,2026-03-17 11:22:00
O018184,U353,101,4,2026-03-17 11:31:00
O018188,U418,1,5,2026-03-17 11:33:00
O018190,U274,89,5,2026-03-17 11:48:00
O018193,U479,7,3,2026-03-17 11:49:00
O018186,U236,100,4,2026-03-17 11:56:00
O018196,U275,23,4,2026-03-17 11:56:00
O018198,U457,48,4,2026-03-17 11:59:00
O018189,U135,62,2,2026-03-17 12:12:00
O018204,U269,100,4,2026-03-17 12:23:00
O018195,U284,76,4,2026-03-17 12:29:00
O018184,U353,18,5,2026-03-17 12:35:00
O018199,U245,2,5,2026-03-17 12:59:00
O018195,U284,82,4,2026-03-17 13:59:00
O018204,U269,34,5,2026-03-17 14:13:00
O018200,U150,98,4,2026-03-17 14:21:00
O018207,U073,46,4,2026-03-17 14:44:00
O018217,U224,34,3,2026-03-17 14:48:00
O018219,U230,33,3,2026-03-17 15:04:00
O018210,U003,80,4,2026-03-17 15:41:00
O018223,U062,101,4,2026-03-17 15:43:00
O018218,U163,65,4,2026-03-17 15:48:00
O018220,U389,27,4,2026-03-17 15:55:00
O018208,U042,15,3,2026-03-17 16:11:00
O018209,U350,8,3,2026-03-17 16:16:00
O018218,U163,46,2,2026-03-17 16:16:00
O018214,U158,88,5,2026-03-17 16:28:00
O018221,U345,7,4,2026-03-17 16:37:00
O018230,U307,6,5,2026-03-17 17:01:00
O018232,U494,15,5,2026-03-17 17:24:00
O018229,U281,19,5,2026-03-17 17:33:00
O018235,U128,45,2,2026-03-17 17:43:00
O018221,U345,101,5,2026-03-17 17:56:00
O018243,U349,100,4,2026-03-17 17:58:00
O018228,U095,65,4,2026-03-17 18:00:00
O018226,U271,20,4,2026-03-17 18:01:00
O018234,U229,9,3,2026-03-17 18:02:00
O018246,U260,65,3,2026-03-17 18:31:00
O018243,U349,76,3,2026-03-17 18:36:00
O018234,U229,98,3,2026-03-17 18:45:00
O018245,U238,57,3,2026-03-17 19:23:00
O018256,U216,81,4,2026-03-17 21:03:00
O018259,U026,100,5,2026-03-17 21:53:00
O018254,U443,95,4,2026-03-17 21:59:00
O018257,U191,36,5,2026-03-17 22:27:00
O018256,U216,79,5,2026-03-17 22:34:00
O018256,U216,63,4,2026-03-17 22:36:00
O018264,U295,71,3,2026-03-17 22:48:00
O018260,U447,11,4,2026-03-17 23:29:00
O018263,U436,79,3,2026-03-18 00:11:00
O018265,U169,100,4,2026-03-18 00:27:00
O018267,U221,76,3,2026-03-18 07:15:00
O018267,U221,41,4,2026-03-18 07:48:00
O018270,U451,7,4,2026-03-18 08:21:00
O018289,U437,42,4,2026-03-18 09:04:00
O018269,U402,102,4,2026-03-18 09:08:00
O018272,U239,20,4,2026-03-18 09:18:00
O018282,U455,23,3,2026-03-18 09:24:00
O018277,U326,90,3,2026-03-18 09:52:00
O018271,U458,37,4,2026-03-18 09:59:00
O018289,U437,49,4,2026-03-18 10:02:00
O018290,U228,2,4,2026-03-18 11:24:00
O018294,U428,10,5,2026-03-18 11:27:00
O018292,U238,10,2,2026-03-18 11:27:00
O018288,U127,1,5,2026-03-18 11:36:00
O018307,U427,83,3,2026-03-18 12:22:00
O018301,U338,26,1,2026-03-18 13:09:00
O018303,U489,101,3,2026-03-18 13:55:00
O018322,U019,37,5,2026-03-18 13:58:00
O018314,U491,34,4,2026-03-18 14:03:00
O018330,U289,84,3,2026-03-18 14:18:00
O018330,U289,102,4,2026-03-18 14:20:00
O018332,U168,37,3,2026-03-18 14:24:00
O018317,U463,86,3,2026-03-18 14:32:00
O018320,U058,27,4,2026-03-18 14:42:00
O018326,U332,27,4,2026-03-18 14:51:00
O018328,U474,23,2,2026-03-18 14:57:00
O018321,U107,59,3,2026-03-18 14:58:00
O018337,U067,102,4,2026-03-18 14:59:00
O018321,U107,2,5,2026-03-18 15:02:00
O018318,U137,98,4,2026-03-18 15:19:00
O018309,U154,56,2,2026-03-18 15:21:00
O018335,U090,28,3,2026-03-18 15:58:00
O018325,U049,77,3,2026-03-18 16:05:00
O018349,U354,20,4,2026-03-18 16:45:00
O018330,U289,98,5,2026-03-18 16:49:00
O018363,U392,1,5,2026-03-18 16:51:00
O018342,U308,42,4,2026-03-18 16:52:00
O018334,U050,68,2,2026-03-18 17:01:00
O018358,U222,79,4,2026-03-18 17:03:00
O018365,U366,71,2,2026-03-18 17:15:00
O018363,U392,102,5,2026-03-18 17:15:00
O018336,U016,81,2,2026-03-18 17:40:00
O018351,U095,79,4,2026-03-18 17:55:00
O018345,U164,6,5,2026-03-18 18:02:00
O018367,U455,16,5,2026-03-18 18:07:00
O018353,U239,15,5,2026-03-18 18:12:00
O018360,U443,95,3,2026-03-18 18:26:00
O018360,U443,72,3,2026-03-18 18:28:00
O018372,U401,80,3,2026-03-18 18:40:00
O018360,U443,77,4,2026-03-18 18:55:00
O018361,U318,56,4,2026-03-18 18:58:00
O018375,U236,102,4,2026-03-18 19:32:00
O018368,U121,78,3,2026-03-18 19:48:00
O018370,U328,7,4,2026-03-18 19:57:00
O018374,U056,75,4,2026-03-18 20:19:00
O018371,U060,78,3,2026-03-18 20:39:00
O018380,U489,98,3,2026-03-18 20:40:00
O018376,U056,78,4,2026-03-18 20:42:00
O018382,U029,85,3,2026-03-18 21:20:00
O018375,U236,44,2,2026-03-18 21:24:00
O018377,U233,74,3,2026-03-18 21:40:00
O018387,U070,29,3,2026-03-18 22:01:00
O018380,U489,16,5,2026-03-18 22:04:00
O018379,U012,98,4,2026-03-18 22:25:00
O018388,U027,92,3,2026-03-18 23:48:00
O018390,U221,1,3,2026-03-19 06:46:00
O018389,U219,101,3,2026-03-19 07:15:00
O018393,U127,45,2,2026-03-19 07:58:00
O018398,U297,101,4,2026-03-19 08:14:00
O018396,U297,14,4,2026-03-19 09:03:00
O018400,U485,61,3,2026-03-19 09:05:00
O018408,U271,15,5,2026-03-19 09:08:00
O018405,U245,73,4,2026-03-19 09:33:00
O018404,U392,1,4,2026-03-19 09:38:00
O018399,U008,22,4,2026-03-19 09:41:00
O018422,U453,97,3,2026-03-19 09:55:00
O018422,U453,34,4,2026-03-19 09:55:00
O018423,U335,2,5,2026-03-19 09:56:00
O018406,U231,14,4,2026-03-19 09:57:00
O018410,U166,91,4,2026-03-19 10:40:00
O018421,U225,43,5,2026-03-19 11:03:00
O018412,U370,71,2,2026-03-19 11:04:00
O018414,U493,23,5,2026-03-19 11:07:00
O018409,U307,71,5,2026-03-19 11:11:00
O018439,U259,39,3,2026-03-19 11:13:00
O018432,U287,102,5,2026-03-19 11:41:00
O018429,U033,95,2,2026-03-19 12:01:00
O018423,U335,100,4,2026-03-19 12:06:00
O018444,U109,7,4,2026-03-19 12:06:00
O018435,U040,100,4,2026-03-19 12:09:00
O018427,U458,60,4,2026-03-19 12:33:00
O018441,U050,85,2,2026-03-19 12:59:00
O018448,U463,52,3,2026-03-19 13:03:00
O018449,U166,53,3,2026-03-19 13:31:00
O018450,U210,96,3,2026-03-19 14:20:00
O018446,U271,92,2,2026-03-19 14:42:00
O018458,U060,36,5,2026-03-19 15:09:00
O018458,U060,95,4,2026-03-19 15:23:00
O018454,U352,1,5,2026-03-19 15:30:00
O018458,U060,101,5,2026-03-19 15:31:00
O018456,U500,6,4,2026-03-19 15:47:00
O018462,U496,90,3,2026-03-19 16:55:00
O018464,U365,34,5,2026-03-19 17:04:00
O018459,U278,79,4,2026-03-19 17:15:00
O018467,U274,47,2,2026-03-19 17:22:00
O018472,U455,100,3,2026-03-19 17:29:00
O018459,U278,2,3,2026-03-19 17:41:00
O018471,U367,53,4,2026-03-19 17:42:00
O018461,U269,81,4,2026-03-19 17:43:00
O018487,U275,11,3,2026-03-19 18:34:00
O018482,U275,13,5,2026-03-19 18:35:00
O018476,U247,15,4,2026-03-19 18:44:00
O018488,U050,45,3,2026-03-19 18:58:00
O018469,U457,90,4,2026-03-19 19:10:00
O018489,U093,45,4,2026-03-19 19:17:00
O018482,U275,102,5,2026-03-19 19:23:00
O018493,U432,42,5,2026-03-19 19:25:00
O018474,U238,6,5,2026-03-19 19:27:00
O018492,U312,22,5,2026-03-19 19:41:00
O018482,U275,60,4,2026-03-19 19:45:00
O018479,U100,90,4,2026-03-19 20:01:00
O018492,U312,98,4,2026-03-19 20:02:00
O018500,U289,98,3,2026-03-19 20:03:00
O018484,U401,62,3,2026-03-19 20:18:00
O018481,U188,42,4,2026-03-19 20:30:00
O018501,U043,101,4,2026-03-19 21:48:00
O018503,U367,101,4,2026-03-19 22:04:00
O018503,U367,53,5,2026-03-19 22:35:00
O018503,U367,46,2,2026-03-19 23:21:00
O018506,U486,4,4,2026-03-20 07:12:00
O018509,U238,76,3,2026-03-20 09:04:00
O018510,U275,13,4,2026-03-20 09:13:00
O018510,U275,101,4,2026-03-20 09:23:00
O018532,U278,9,4,2026-03-20 09:48:00
O018528,U160,100,4,2026-03-20 09:51:00
O018545,U284,80,4,2026-03-20 10:19:00
O018513,U276,45,2,2026-03-20 10:33:00
O018522,U451,92,4,2026-03-20 10:35:00
O018542,U165,72,3,2026-03-20 10:35:00
O018528,U160,49,2,2026-03-20 10:45:00
O018522,U451,100,5,2026-03-20 11:13:00
O018536,U149,6,3,2026-03-20 11:39:00
O018540,U221,101,5,2026-03-20 11:59:00
O018559,U419,65,3,2026-03-20 12:30:00
O018544,U104,31,4,2026-03-20 12:33:00
O018553,U106,48,4,2026-03-20 13:14:00
O018556,U271,100,5,2026-03-20 13:32:00
O018563,U284,71,3,2026-03-20 13:45:00
O018552,U421,37,5,2026-03-20 13:48:00
O018557,U308,2,5,2026-03-20 14:07:00
O018572,U191,36,4,2026-03-20 14:09:00
O018566,U226,10,2,2026-03-20 14:29:00
O018574,U144,1,5,2026-03-20 14:42:00
O018577,U411,76,5,2026-03-20 15:14:00
O018568,U083,100,3,2026-03-20 15:23:00
O018576,U447,38,4,2026-03-20 15:38:00
O018564,U276,45,3,2026-03-20 15:42:00
O018580,U332,39,3,2026-03-20 15:58:00
O018573,U397,28,5,2026-03-20 16:07:00
O018570,U338,26,2,2026-03-20 16:21:00
O018577,U411,16,4,2026-03-20 16:29:00
O018585,U202,100,5,2026-03-20 16:30:00
O018581,U161,26,3,2026-03-20 16:36:00
O018588,U371,90,5,2026-03-20 16:40:00
O018584,U034,76,4,2026-03-20 16:54:00
O018581,U161,34,4,2026-03-20 17:03:00
O018598,U424,89,4,2026-03-20 17:27:00
O018583,U169,32,4,2026-03-20 17:42:00
O018589,U455,54,3,2026-03-20 17:52:00
O018602,U026,100,4,2026-03-20 18:25:00
O018600,U131,93,4,2026-03-20 18:48:00
O018599,U210,101,4,2026-03-20 18:51:00
O018604,U396,69,3,2026-03-20 19:23:00
O018612,U491,82,4,2026-03-20 20:39:00
O018609,U111,76,3,2026-03-20 20:42:00
O018605,U095,59,3,2026-03-20 20:56:00
O018614,U052,89,2,2026-03-20 21:13:00
O018615,U292,83,4,2026-03-20 21:23:00
O018611,U320,7,4,2026-03-20 21:36:00
O018624,U363,84,4,2026-03-20 22:00:00
O018620,U248,45,3,2026-03-20 22:22:00
O018621,U307,96,4,2026-03-21 00:07:00
O018626,U100,90,5,2026-03-21 07:45:00
O018625,U479,8,3,2026-03-21 07:47:00
O018628,U086,101,2,2026-03-21 08:05:00
O018628,U086,19,5,2026-03-21 09:04:00
O018637,U464,64,2,2026-03-21 10:03:00
O018639,U036,7,4,2026-03-21 10:17:00
O018633,U130,4,3,2026-03-21 10:42:00
O018635,U296,102,3,2026-03-21 10:57:00
O018638,U275,21,4,2026-03-21 11:03:00
O018657,U469,17,4,2026-03-21 11:24:00
O018653,U312,98,5,2026-03-21 11:29:00
O018657,U469,22,4,2026-03-21 11:30:00
O018640,U076,67,4,2026-03-21 12:11:00
O018641,U032,86,3,2026-03-21 12:39:00
O018648,U469,17,4,2026-03-21 12:46:00
O018651,U174,39,3,2026-03-21 13:05:00
O018644,U095,99,4,2026-03-21 13:09:00
O018658,U485,21,3,2026-03-21 13:14:00
O018664,U264,6,4,2026-03-21 13:18:00
O018666,U165,89,2,2026-03-21 14:06:00
O018666,U165,94,1,2026-03-21 14:34:00
O018673,U083,45,3,2026-03-21 14:40:00
O018676,U247,15,4,2026-03-21 15:15:00
O018680,U352,1,5,2026-03-21 15:31:00
O018667,U019,48,4,2026-03-21 15:31:00
O018672,U093,45,4,2026-03-21 16:04:00
O018680,U352,30,4,2026-03-21 16:35:00
O018685,U453,36,3,2026-03-21 16:44:00
O018687,U195,8,4,2026-03-21 17:19:00
O018681,U183,82,4,2026-03-21 17:23:00
O018690,U366,93,3,2026-03-21 17:32:00
O018691,U095,93,4,2026-03-21 17:52:00
O018689,U316,34,4,2026-03-21 18:01:00
O018684,U379,60,3,2026-03-21 18:14:00
O018711,U367,47,3,2026-03-21 18:39:00
O018695,U280,94,3,2026-03-21 18:41:00
O018706,U181,36,3,2026-03-21 18:54:00
O018712,U250,64,3,2026-03-21 19:01:00
O018709,U216,9,3,2026-03-21 19:06:00
O018703,U072,91,2,2026-03-21 19:16:00
O018705,U457,68,4,2026-03-21 19:22:00
O018688,U421,101,4,2026-03-21 19:26:00
O018693,U176,71,3,2026-03-21 19:32:00
O018694,U305,75,5,2026-03-21 19:40:00
O018696,U324,72,3,2026-03-21 19:47:00
O018698,U277,54,4,2026-03-21 19:50:00
O018702,U128,102,3,2026-03-21 19:51:00
O018723,U447,96,3,2026-03-21 20:09:00
O018719,U018,38,3,2026-03-21 20:38:00
O018712,U250,52,3,2026-03-21 21:23:00
O018714,U138,89,3,2026-03-21 21:25:00
O018731,U101,52,4,2026-03-21 21:30:00
O018722,U020,87,1,2026-03-21 21:49:00
O018726,U170,46,4,2026-03-21 21:54:00
O018724,U316,67,2,2026-03-21 22:08:00
O018734,U010,64,4,2026-03-21 22:26:00
O018729,U352,101,4,2026-03-21 23:34:00
O018731,U101,45,5,2026-03-21 23:38:00
O018733,U050,101,3,2026-03-22 00:32:00
O018736,U226,88,4,2026-03-22 06:48:00
O018743,U127,29,2,2026-03-22 07:41:00
O018739,U165,77,4,2026-03-22 08:25:00
O018745,U449,5,5,2026-03-22 09:00:00
O018736,U226,87,2,2026-03-22 09:05:00
O018744,U244,65,4,2026-03-22 09:11:00
O018738,U086,22,4,2026-03-22 09:36:00
O018746,U126,81,4,2026-03-22 09:41:00
O018750,U372,100,4,2026-03-22 09:58:00
O018751,U106,43,4,2026-03-22 10:16:00
O018758,U046,18,2,2026-03-22 11:00:00
O018759,U307,48,4,2026-03-22 11:02:00
O018753,U221,98,4,2026-03-22 11:05:00
O018752,U419,15,4,2026-03-22 11:11:00
O018753,U221,63,3,2026-03-22 11:20:00
O018758,U046,95,2,2026-03-22 11:28:00
O018749,U161,32,5,2026-03-22 11:34:00
O018748,U215,65,1,2026-03-22 11:42:00
O018770,U349,16,3,2026-03-22 12:01:00
O018752,U419,18,5,2026-03-22 12:03:00
O018760,U054,100,4,2026-03-22 12:04:00
O018772,U104,91,2,2026-03-22 12:17:00
O018768,U121,67,5,2026-03-22 12:45:00
O018771,U034,99,4,2026-03-22 12:54:00
O018771,U034,94,2,2026-03-22 12:55:00
O018774,U008,101,4,2026-03-22 13:01:00
O018761,U324,72,4,2026-03-22 13:24:00
O018769,U378,80,2,2026-03-22 13:41:00
O018773,U101,88,5,2026-03-22 13:42:00
O018774,U008,19,5,2026-03-22 14:19:00
O018793,U247,63,4,2026-03-22 15:01:00
O018794,U321,89,3,2026-03-22 15:33:00
O018792,U265,98,3,2026-03-22 15:35:00
O018801,U437,97,4,2026-03-22 15:55:00
O018804,U449,80,3,2026-03-22 16:22:00
O018800,U385,101,4,2026-03-22 16:31:00
O018799,U213,76,5,2026-03-22 16:36:00
O018809,U037,22,5,2026-03-22 17:04:00
O018796,U428,9,5,2026-03-22 17:07:00
O018790,U437,44,5,2026-03-22 17:19:00
O018807,U116,15,4,2026-03-22 17:21:00
O018813,U440,28,4,2026-03-22 18:06:00
O018802,U128,102,3,2026-03-22 18:28:00
O018826,U362,27,5,2026-03-22 18:34:00
O018825,U165,100,4,2026-03-22 18:38:00
O018816,U111,79,3,2026-03-22 18:43:00
O018822,U060,81,3,2026-03-22 18:50:00
O018831,U440,30,4,2026-03-22 19:10:00
O018825,U165,56,2,2026-03-22 19:43:00
O018840,U120,100,3,2026-03-22 20:07:00
O018839,U285,29,4,2026-03-22 20:10:00
O018837,U049,68,4,2026-03-22 20:24:00
O018829,U411,78,5,2026-03-22 20:27:00
O018834,U245,6,4,2026-03-22 21:18:00
O018836,U333,26,3,2026-03-22 21:22:00
O018847,U028,69,4,2026-03-22 21:33:00
O018838,U236,14,5,2026-03-22 22:01:00
O018850,U018,92,4,2026-03-22 22:16:00
O018849,U102,102,4,2026-03-22 22:26:00
O018855,U086,19,4,2026-03-23 08:26:00
O018865,U491,60,4,2026-03-23 09:05:00
O018866,U483,98,5,2026-03-23 09:25:00
O018866,U483,43,4,2026-03-23 09:39:00
O018876,U106,48,4,2026-03-23 09:43:00
O018861,U402,100,4,2026-03-23 09:55:00
O018862,U306,12,3,2026-03-23 10:10:00
O018883,U176,6,3,2026-03-23 10:21:00
O018868,U287,96,3,2026-03-23 10:27:00
O018881,U427,91,2,2026-03-23 10:40:00
O018879,U237,90,4,2026-03-23 10:43:00
O018881,U427,88,2,2026-03-23 10:48:00
O018870,U225,39,4,2026-03-23 11:11:00
O018873,U452,101,3,2026-03-23 11:19:00
O018880,U333,28,5,2026-03-23 11:25:00
O018890,U413,36,4,2026-03-23 11:34:00
O018886,U135,101,3,2026-03-23 11:35:00
O018882,U221,44,3,2026-03-23 11:42:00
O018876,U106,102,4,2026-03-23 11:46:00
O018883,U176,49,2,2026-03-23 11:49:00
O018875,U331,44,4,2026-03-23 11:54:00
O018890,U413,48,5,2026-03-23 12:06:00
O018885,U363,38,5,2026-03-23 12:17:00
O018899,U276,34,4,2026-03-23 13:06:00
O018902,U182,25,3,2026-03-23 13:12:00
O018891,U046,49,4,2026-03-23 13:29:00
O018907,U290,50,3,2026-03-23 13:41:00
O018891,U046,100,3,2026-03-23 13:51:00
O018904,U477,64,3,2026-03-23 13:53:00
O018903,U419,59,3,2026-03-23 13:59:00
O018912,U141,83,5,2026-03-23 14:27:00
O018913,U005,5,5,2026-03-23 14:53:00
O018908,U072,35,4,2026-03-23 15:16:00
O018906,U359,75,5,2026-03-23 15:17:00
O018902,U182,100,5,2026-03-23 15:22:00
O018916,U248,102,4,2026-03-23 15:40:00
O018915,U284,94,2,2026-03-23 15:41:00
O018921,U056,49,2,2026-03-23 16:19:00
O018935,U500,82,4,2026-03-23 16:43:00
O018933,U274,90,4,2026-03-23 16:53:00
O018914,U060,102,4,2026-03-23 17:05:00
O018916,U248,45,3,2026-03-23 17:09:00
O018933,U274,42,5,2026-03-23 17:33:00
O018923,U141,10,4,2026-03-23 17:37:00
O018945,U165,73,4,2026-03-23 17:55:00
O018942,U178,36,2,2026-03-23 18:13:00
O018932,U453,36,4,2026-03-23 18:19:00
O018930,U020,99,3,2026-03-23 18:53:00
O018945,U165,78,4,2026-03-23 18:55:00
O018943,U037,45,5,2026-03-23 19:33:00
O018954,U494,15,5,2026-03-23 19:41:00
O018940,U242,3,4,2026-03-23 19:46:00
O018955,U450,40,5,2026-03-23 20:16:00
O018968,U018,100,5,2026-03-23 20:17:00
O018952,U020,26,4,2026-03-23 20:21:00
O018956,U058,26,3,2026-03-23 20:21:00
O018961,U138,49,1,2026-03-23 20:35:00
O018966,U036,33,3,2026-03-23 21:03:00
O018959,U161,27,3,2026-03-23 21:15:00
O018956,U058,44,2,2026-03-23 21:23:00
O018974,U101,88,4,2026-03-23 21:31:00
O018974,U101,102,5,2026-03-23 21:31:00
O018964,U218,54,4,2026-03-23 21:42:00
O018972,U360,100,3,2026-03-23 22:49:00
O018975,U328,1,5,2026-03-23 23:11:00
O018981,U241,83,3,2026-03-24 07:31:00
O018982,U055,75,4,2026-03-24 07:41:00
O018991,U083,56,3,2026-03-24 08:31:00
O018998,U072,99,4,2026-03-24 08:42:00
O018985,U150,101,3,2026-03-24 08:47:00
O018994,U226,102,4,2026-03-24 08:59:00
O018984,U035,39,5,2026-03-24 09:16:00
O018999,U225,43,5,2026-03-24 09:33:00
O018993,U349,57,3,2026-03-24 10:01:00
O018990,U127,101,3,2026-03-24 10:21:00
O018998,U072,8,4,2026-03-24 10:40:00
O019001,U450,40,4,2026-03-24 10:44:00
O018997,U107,100,4,2026-03-24 10:51:00
O019014,U287,101,4,2026-03-24 10:57:00
O019016,U497,12,3,2026-03-24 11:26:00
O019015,U298,66,3,2026-03-24 11:45:00
O019010,U324,72,4,2026-03-24 11:54:00
O019019,U079,85,5,2026-03-24 12:11:00
O019030,U192,44,5,2026-03-24 14:14:00
O019035,U168,82,4,2026-03-24 14:48:00
O019034,U191,94,2,2026-03-24 14:57:00
O019026,U151,28,2,2026-03-24 14:58:00
O019031,U058,27,4,2026-03-24 15:23:00
O019040,U430,27,5,2026-03-24 15:32:00
O019033,U052,41,3,2026-03-24 15:41:00
O019041,U254,56,4,2026-03-24 15:54:00
O019038,U057,25,3,2026-03-24 16:38:00
O019054,U301,101,3,2026-03-24 17:04:00
O019058,U291,48,2,2026-03-24 17:36:00
O019060,U202,59,4,2026-03-24 17:57:00
O019042,U150,78,2,2026-03-24 18:03:00
O019059,U248,45,3,2026-03-24 18:08:00
O019047,U418,7,4,2026-03-24 18:09:00
O019052,U229,68,5,2026-03-24 18:12:00
O019059,U248,2,2,2026-03-24 18:53:00
O019051,U037,54,4,2026-03-24 19:17:00
O019070,U186,65,4,2026-03-24 19:46:00
O019061,U086,100,4,2026-03-24 19:59:00
O019061,U086,13,2,2026-03-24 20:09:00
O019069,U020,64,4,2026-03-24 20:19:00
O019073,U305,80,4,2026-03-24 20:27:00
O019068,U178,102,3,2026-03-24 21:15:00
O019080,U178,27,2,2026-03-24 21:34:00
O019081,U464,74,2,2026-03-24 22:23:00
O019075,U114,64,3,2026-03-24 22:29:00
O019074,U436,85,1,2026-03-24 22:31:00
O019083,U057,79,4,2026-03-25 00:26:00
O019088,U141,33,3,2026-03-25 07:54:00
O019098,U247,101,5,2026-03-25 08:50:00
O019090,U382,2,5,2026-03-25 09:01:00
O019095,U391,18,4,2026-03-25 09:15:00
O019100,U229,12,3,2026-03-25 09:15:00
O019104,U344,101,4,2026-03-25 09:24:00
O019095,U391,30,3,2026-03-25 09:26:00
O019093,U428,9,5,2026-03-25 09:41:00
O019085,U293,100,4,2026-03-25 10:00:00
O019100,U229,14,2,2026-03-25 10:06:00
O019113,U164,23,3,2026-03-25 10:11:00
O019120,U108,8,3,2026-03-25 10:28:00
O019097,U107,101,4,2026-03-25 10:51:00
O019106,U148,102,4,2026-03-25 10:59:00
O019119,U238,6,4,2026-03-25 11:01:00
O019103,U299,10,2,2026-03-25 11:03:00
O019111,U102,22,4,2026-03-25 11:18:00
O019108,U438,5,5,2026-03-25 11:34:00
O019110,U247,100,4,2026-03-25 12:18:00
O019115,U225,42,3,2026-03-25 12:22:00
O019120,U108,100,4,2026-03-25 12:26:00
O019118,U206,56,3,2026-03-25 12:29:00
O019126,U297,14,4,2026-03-25 13:33:00
O019136,U485,59,3,2026-03-25 13:49:00
O019137,U419,73,3,2026-03-25 13:53:00
O019138,U477,98,3,2026-03-25 14:11:00
O019146,U285,26,2,2026-03-25 14:21:00
O019146,U285,101,4,2026-03-25 14:28:00
O019143,U324,72,4,2026-03-25 14:33:00
O019156,U105,41,2,2026-03-25 14:56:00
O019136,U485,35,3,2026-03-25 15:04:00
O019160,U101,73,3,2026-03-25 15:21:00
O019150,U479,32,3,2026-03-25 15:46:00
O019139,U303,77,4,2026-03-25 15:56:00
O019137,U419,21,3,2026-03-25 15:59:00
O019151,U351,22,5,2026-03-25 16:06:00
O019148,U400,37,4,2026-03-25 16:09:00
O019164,U312,71,4,2026-03-25 16:20:00
O019167,U041,37,3,2026-03-25 16:31:00
O019161,U093,52,5,2026-03-25 16:44:00
O019162,U106,85,4,2026-03-25 17:16:00
O019165,U324,72,3,2026-03-25 17:20:00
O019169,U349,78,4,2026-03-25 17:37:00
O019179,U199,101,4,2026-03-25 18:13:00
O019172,U121,71,4,2026-03-25 18:13:00
O019166,U150,90,2,2026-03-25 18:15:00
O019171,U296,7,3,2026-03-25 18:39:00
O019188,U265,102,4,2026-03-25 19:01:00
O019186,U034,8,2,2026-03-25 19:07:00
O019188,U265,6,3,2026-03-25 19:35:00
O019181,U454,6,3,2026-03-25 19:55:00
O019179,U199,14,5,2026-03-25 19:58:00
O019183,U435,3,2,2026-03-25 20:06:00
O019197,U275,100,5,2026-03-25 20:40:00
O019193,U281,100,4,2026-03-25 20:57:00
O019201,U027,92,5,2026-03-25 21:06:00
O019195,U142,102,4,2026-03-25 21:20:00
O019197,U275,13,5,2026-03-25 21:24:00
O019200,U168,77,4,2026-03-25 21:43:00
O019203,U018,62,3,2026-03-25 22:03:00
O019196,U135,52,2,2026-03-25 22:09:00
O019206,U331,100,3,2026-03-25 22:11:00
O019209,U459,48,2,2026-03-25 22:57:00
O019199,U328,1,5,2026-03-25 23:06:00
O019212,U238,9,3,2026-03-26 06:35:00
O019215,U215,90,4,2026-03-26 07:15:00
O019213,U433,25,2,2026-03-26 07:16:00
O019215,U215,70,4,2026-03-26 07:36:00
O019222,U186,50,4,2026-03-26 07:48:00
O019218,U439,2,5,2026-03-26 08:49:00
O019216,U408,101,5,2026-03-26 08:52:00
O019220,U287,1,5,2026-03-26 10:04:00
O019228,U265,37,4,2026-03-26 10:22:00
O019231,U215,85,4,2026-03-26 10:40:00
O019234,U178,101,3,2026-03-26 10:43:00
O019224,U106,48,2,2026-03-26 10:44:00
O019243,U311,50,2,2026-03-26 11:14:00
O019230,U160,37,5,2026-03-26 11:15:00
O019232,U274,50,3,2026-03-26 11:22:00
O019238,U450,63,3,2026-03-26 12:04:00
O019250,U053,101,3,2026-03-26 12:58:00
O019253,U491,11,4,2026-03-26 13:26:00
O019245,U324,72,4,2026-03-26 13:42:00
O019250,U053,2,4,2026-03-26 13:47:00
O019247,U307,102,5,2026-03-26 13:49:00
O019249,U125,90,3,2026-03-26 14:01:00
O019253,U491,29,5,2026-03-26 14:28:00
O019263,U349,94,4,2026-03-26 14:47:00
O019260,U367,66,5,2026-03-26 15:08:00
O019256,U236,13,3,2026-03-26 15:27:00
O019276,U071,90,4,2026-03-26 15:31:00
O019262,U349,38,4,2026-03-26 15:54:00
O019282,U263,41,3,2026-03-26 16:18:00
O019279,U058,27,4,2026-03-26 16:26:00
O019292,U151,48,3,2026-03-26 16:44:00
O019279,U058,100,3,2026-03-26 16:50:00
O019271,U437,94,5,2026-03-26 17:06:00
O019272,U050,74,1,2026-03-26 17:15:00
O019295,U322,89,5,2026-03-26 17:17:00
O019275,U225,52,2,2026-03-26 17:21:00
O019283,U319,6,4,2026-03-26 17:25:00
O019269,U180,65,4,2026-03-26 17:39:00
O019274,U006,97,4,2026-03-26 17:52:00
O019285,U091,75,3,2026-03-26 17:55:00
O019274,U006,46,5,2026-03-26 18:02:00
O019297,U044,93,1,2026-03-26 18:13:00
O019296,U415,1,3,2026-03-26 18:15:00
O019298,U202,81,1,2026-03-26 18:16:00
O019293,U045,90,4,2026-03-26 18:43:00
O019293,U045,34,4,2026-03-26 18:57:00
O019303,U298,22,4,2026-03-26 19:46:00
O019299,U379,41,4,2026-03-26 19:50:00
O019312,U446,43,3,2026-03-26 20:37:00
O019307,U040,60,3,2026-03-26 20:51:00
O019310,U124,36,5,2026-03-26 21:09:00
O019314,U500,76,3,2026-03-26 21:53:00
O019317,U230,52,4,2026-03-26 21:59:00
O019320,U344,83,5,2026-03-26 22:05:00
O019321,U101,99,3,2026-03-26 22:09:00
O019316,U052,68,4,2026-03-26 22:46:00
O019319,U443,58,3,2026-03-26 23:26:00
O019327,U243,41,5,2026-03-27 07:25:00
O019333,U449,70,2,2026-03-27 07:39:00
O019334,U275,101,4,2026-03-27 08:15:00
O019329,U136,75,3,2026-03-27 08:15:00
O019329,U136,102,4,2026-03-27 08:29:00
O019343,U299,6,5,2026-03-27 08:29:00
O019341,U268,100,4,2026-03-27 08:31:00
O019333,U449,98,3,2026-03-27 08:47:00
O019330,U273,100,3,2026-03-27 09:09:00
O019341,U268,84,4,2026-03-27 09:12:00
O019340,U468,14,2,2026-03-27 09:20:00
O019334,U275,16,5,2026-03-27 09:27:00
O019353,U266,102,4,2026-03-27 09:51:00
O019354,U437,94,5,2026-03-27 09:58:00
O019356,U215,86,5,2026-03-27 10:09:00
O019343,U299,101,4,2026-03-27 10:16:00
O019357,U350,98,4,2026-03-27 10:18:00
O019363,U036,46,3,2026-03-27 10:33:00
O019347,U352,30,4,2026-03-27 11:20:00
O019351,U117,10,3,2026-03-27 11:25:00
O019373,U213,77,5,2026-03-27 11:28:00
O019355,U008,22,5,2026-03-27 11:35:00
O019369,U453,36,4,2026-03-27 11:41:00
O019366,U401,50,3,2026-03-27 11:51:00
O019353,U266,8,4,2026-03-27 11:59:00
O019363,U036,102,4,2026-03-27 12:14:00
O019361,U276,28,5,2026-03-27 12:24:00
O019381,U385,50,3,2026-03-27 12:48:00
O019374,U440,100,4,2026-03-27 12:56:00
O019384,U414,63,4,2026-03-27 12:58:00
O019383,U083,8,4,2026-03-27 12:59:00
O019386,U107,101,4,2026-03-27 13:26:00
O019379,U349,45,4,2026-03-27 13:27:00
O019377,U148,89,4,2026-03-27 13:43:00
O019387,U322,51,3,2026-03-27 13:47:00
O019388,U247,79,4,2026-03-27 13:59:00
O019391,U449,80,4,2026-03-27 14:14:00
O019376,U439,101,3,2026-03-27 14:19:00
O019376,U439,1,4,2026-03-27 14:27:00
O019395,U363,58,5,2026-03-27 14:39:00
O019400,U206,44,3,2026-03-27 15:20:00
O019386,U107,100,5,2026-03-27 15:23:00
O019408,U001,13,3,2026-03-27 15:55:00
O019408,U001,98,3,2026-03-27 16:06:00
O019399,U150,69,4,2026-03-27 16:49:00
O019405,U186,73,2,2026-03-27 17:02:00
O019416,U072,73,3,2026-03-27 17:23:00
O019411,U356,47,1,2026-03-27 18:03:00
O019420,U211,15,4,2026-03-27 18:05:00
O019417,U407,14,5,2026-03-27 18:07:00
O019414,U275,13,5,2026-03-27 18:10:00
O019412,U226,83,4,2026-03-27 18:37:00
O019417,U407,22,5,2026-03-27 18:54:00
O019424,U248,45,3,2026-03-27 18:54:00
O019426,U025,2,4,2026-03-27 19:07:00
O019431,U328,1,5,2026-03-27 19:20:00
O019430,U259,39,3,2026-03-27 19:40:00
O019427,U100,18,3,2026-03-27 20:03:00
O019425,U195,7,3,2026-03-27 20:20:00
O019427,U100,100,5,2026-03-27 20:30:00
O019431,U328,6,4,2026-03-27 20:39:00
O019430,U259,40,3,2026-03-27 21:12:00
O019433,U003,101,5,2026-03-27 21:24:00
O019432,U411,36,5,2026-03-27 22:09:00
O019440,U116,101,5,2026-03-27 22:30:00
O019441,U138,77,3,2026-03-27 22:48:00
O019439,U003,92,4,2026-03-27 23:18:00
O019437,U453,100,4,2026-03-27 23:44:00
O019438,U077,34,4,2026-03-27 23:54:00
O019441,U138,65,5,2026-03-27 23:57:00
O019442,U500,6,5,2026-03-28 00:31:00
O019445,U202,101,2,2026-03-28 08:35:00
O019447,U025,100,4,2026-03-28 08:45:00
O019445,U202,9,4,2026-03-28 09:07:00
O019457,U469,101,3,2026-03-28 09:30:00
O019454,U098,101,3,2026-03-28 09:34:00
O019455,U106,102,4,2026-03-28 09:41:00
O019458,U102,101,3,2026-03-28 10:29:00
O019455,U106,69,2,2026-03-28 10:52:00
O019470,U326,90,2,2026-03-28 10:54:00
O019457,U469,14,3,2026-03-28 10:58:00
O019450,U165,77,5,2026-03-28 10:59:00
O019463,U178,28,3,2026-03-28 11:36:00
O019460,U244,57,4,2026-03-28 12:22:00
O019466,U324,101,5,2026-03-28 12:29:00
O019469,U043,37,3,2026-03-28 12:31:00
O019474,U213,76,5,2026-03-28 12:51:00
O019468,U036,94,2,2026-03-28 13:02:00
O019472,U468,19,4,2026-03-28 13:16:00
O019490,U043,102,3,2026-03-28 13:17:00
O019467,U078,100,4,2026-03-28 13:20:00
O019476,U360,35,3,2026-03-28 13:33:00
O019486,U321,38,3,2026-03-28 13:45:00
O019490,U043,37,3,2026-03-28 13:54:00
O019488,U086,22,4,2026-03-28 13:56:00
O019489,U446,36,4,2026-03-28 14:29:00
O019492,U385,7,4,2026-03-28 14:33:00
O019493,U248,44,3,2026-03-28 15:47:00
O019505,U434,95,4,2026-03-28 16:01:00
O019513,U001,13,5,2026-03-28 16:01:00
O019520,U243,96,3,2026-03-28 16:13:00
O019525,U372,61,4,2026-03-28 16:23:00
O019516,U429,1,5,2026-03-28 16:25:00
O019498,U401,81,4,2026-03-28 16:29:00
O019514,U362,1,3,2026-03-28 16:37:00
O019504,U090,79,3,2026-03-28 16:39:00
O019522,U479,89,3,2026-03-28 16:53:00
O019509,U108,30,3,2026-03-28 17:06:00
O019506,U325,92,4,2026-03-28 17:29:00
O019528,U224,27,5,2026-03-28 17:35:00
O019537,U251,53,4,2026-03-28 17:47:00
O019515,U033,56,2,2026-03-28 18:00:00
O019519,U340,102,4,2026-03-28 18:04:00
O019530,U289,19,4,2026-03-28 18:11:00
O019529,U265,69,4,2026-03-28 18:14:00
O019518,U122,102,4,2026-03-28 18:16:00
O019541,U454,66,4,2026-03-28 18:28:00
O019545,U057,84,5,2026-03-28 18:35:00
O019543,U121,31,3,2026-03-28 18:56:00
O019548,U242,58,3,2026-03-28 19:12:00
O019550,U317,94,5,2026-03-28 19:15:00
O019529,U265,101,2,2026-03-28 19:16:00
O019541,U454,25,4,2026-03-28 19:40:00
O019534,U215,100,5,2026-03-28 19:50:00
O019553,U393,62,2,2026-03-28 19:52:00
O019545,U057,100,5,2026-03-28 20:00:00
O019535,U428,102,4,2026-03-28 20:03:00
O019534,U215,52,4,2026-03-28 20:07:00
O019552,U138,61,4,2026-03-28 20:09:00
O019535,U428,37,3,2026-03-28 20:11:00
O019554,U035,41,5,2026-03-28 20:38:00
O019560,U392,1,5,2026-03-28 20:38:00
O019544,U443,63,2,2026-03-28 20:40:00
O019548,U242,34,3,2026-03-28 20:54:00
O019544,U443,100,4,2026-03-28 20:55:00
O019558,U248,96,3,2026-03-28 20:55:00
O019559,U264,49,2,2026-03-28 21:04:00
O019556,U500,63,2,2026-03-28 21:11:00
O019548,U242,98,3,2026-03-28 21:16:00
O019555,U447,69,3,2026-03-28 21:27:00
O019567,U189,94,4,2026-03-28 21:28:00
O019562,U378,58,3,2026-03-28 21:32:00
O019574,U049,99,5,2026-03-28 21:56:00
O019567,U189,100,4,2026-03-28 21:58:00
O019570,U169,26,4,2026-03-28 22:32:00
O019576,U049,84,3,2026-03-28 22:44:00
O019575,U207,100,4,2026-03-28 22:59:00
O019575,U207,34,4,2026-03-28 23:28:00
O019577,U328,82,4,2026-03-28 23:37:00
O019568,U028,77,4,2026-03-28 23:56:00
O019581,U238,98,4,2026-03-29 07:52:00
O019578,U449,80,3,2026-03-29 07:59:00
O019582,U418,15,2,2026-03-29 08:09:00
O019580,U165,77,5,2026-03-29 08:18:00
O019583,U302,21,2,2026-03-29 10:16:00
O019586,U025,82,2,2026-03-29 10:52:00
O019594,U366,40,4,2026-03-29 10:53:00
O019597,U435,6,5,2026-03-29 11:10:00
O019592,U455,5,3,2026-03-29 11:50:00
O019601,U127,101,3,2026-03-29 11:57:00
O019601,U127,6,3,2026-03-29 12:03:00
O019591,U322,50,4,2026-03-29 12:04:00
O019586,U025,6,3,2026-03-29 12:10:00
O019595,U263,2,3,2026-03-29 12:34:00
O019596,U276,45,2,2026-03-29 12:49:00
O019601,U127,33,3,2026-03-29 12:53:00
O019609,U067,101,5,2026-03-29 12:56:00
O019605,U101,88,5,2026-03-29 13:15:00
O019612,U411,71,5,2026-03-29 13:21:00
O019608,U247,93,5,2026-03-29 13:31:00
O019623,U496,35,2,2026-03-29 14:46:00
O019615,U210,93,4,2026-03-29 15:12:00
O019619,U293,35,4,2026-03-29 15:18:00
O019632,U242,14,3,2026-03-29 15:18:00
O019635,U109,7,4,2026-03-29 16:09:00
O019620,U322,12,2,2026-03-29 16:22:00
O019648,U455,36,4,2026-03-29 16:24:00
O019645,U148,85,5,2026-03-29 16:25:00
O019622,U407,22,5,2026-03-29 16:37:00
O019650,U127,101,3,2026-03-29 16:46:00
O019653,U384,92,4,2026-03-29 16:54:00
O019640,U225,100,4,2026-03-29 16:59:00
O019655,U141,83,5,2026-03-29 17:10:00
O019641,U447,11,4,2026-03-29 17:33:00
O019630,U491,11,3,2026-03-29 17:43:00
O019629,U052,97,5,2026-03-29 17:45:00
O019640,U225,43,5,2026-03-29 17:49:00
O019662,U286,42,4,2026-03-29 18:02:00
O019663,U130,7,5,2026-03-29 18:15:00
O019657,U497,54,3,2026-03-29 18:43:00
O019664,U308,98,3,2026-03-29 19:16:00
O019659,U359,75,5,2026-03-29 19:20:00
O019676,U003,75,4,2026-03-29 19:39:00
O019672,U373,100,4,2026-03-29 20:03:00
O019668,U259,79,3,2026-03-29 20:57:00
O019687,U362,67,3,2026-03-29 22:19:00
O019691,U438,101,4,2026-03-29 22:29:00
O019693,U057,88,4,2026-03-29 22:32:00
O019687,U362,33,3,2026-03-29 22:38:00
O019682,U150,95,4,2026-03-29 23:00:00
O019689,U442,99,4,2026-03-29 23:34:00
O019689,U442,67,3,2026-03-29 23:57:00
O019694,U453,100,4,2026-03-30 00:28:00
O019695,U433,47,4,2026-03-30 07:41:00
O019701,U333,28,5,2026-03-30 07:45:00
O019695,U433,102,4,2026-03-30 08:27:00
O019711,U326,90,4,2026-03-30 09:05:00
O019699,U197,6,5,2026-03-30 09:11:00
O019722,U356,14,3,2026-03-30 09:13:00
O019700,U215,52,4,2026-03-30 09:36:00
O019730,U165,102,4,2026-03-30 09:43:00
O019701,U333,75,3,2026-03-30 09:45:00
O019708,U427,43,3,2026-03-30 09:46:00
O019722,U356,18,5,2026-03-30 09:54:00
O019728,U108,11,3,2026-03-30 09:58:00
O019704,U455,15,4,2026-03-30 10:23:00
O019730,U165,74,5,2026-03-30 10:28:00
O019718,U101,89,5,2026-03-30 10:36:00
O019713,U167,100,4,2026-03-30 10:54:00
O019736,U274,48,3,2026-03-30 11:00:00
O019730,U165,77,5,2026-03-30 11:05:00
O019723,U297,100,4,2026-03-30 11:32:00
O019723,U297,19,5,2026-03-30 11:33:00
O019742,U031,30,4,2026-03-30 11:51:00
O019739,U259,86,3,2026-03-30 12:03:00
O019743,U210,63,2,2026-03-30 12:21:00
O019728,U108,32,4,2026-03-30 12:22:00
O019736,U274,64,3,2026-03-30 12:46:00
O019739,U259,39,3,2026-03-30 13:28:00
O019747,U202,81,1,2026-03-30 14:00:00
O019757,U268,45,3,2026-03-30 14:10:00
O019753,U496,102,4,2026-03-30 14:21:00
O019746,U225,52,2,2026-03-30 14:33:00
O019748,U469,100,3,2026-03-30 14:46:00
O019766,U021,86,2,2026-03-30 14:46:00
O019746,U225,40,4,2026-03-30 14:51:00
O019745,U491,37,4,2026-03-30 15:22:00
O019751,U293,31,4,2026-03-30 15:23:00
O019755,U328,76,4,2026-03-30 15:46:00
O019750,U239,10,2,2026-03-30 16:12:00
O019755,U328,102,4,2026-03-30 16:15:00
O019768,U071,39,1,2026-03-30 16:21:00
O019785,U273,99,3,2026-03-30 16:34:00
O019782,U455,15,4,2026-03-30 16:37:00
O019780,U201,41,2,2026-03-30 16:47:00
O019772,U142,7,5,2026-03-30 16:47:00
O019774,U324,100,3,2026-03-30 16:53:00
O019776,U404,1,5,2026-03-30 17:00:00
O019789,U463,50,4,2026-03-30 17:02:00
O019789,U463,85,4,2026-03-30 17:28:00
O019795,U263,101,4,2026-03-30 17:41:00
O019777,U367,66,5,2026-03-30 17:54:00
O019791,U023,38,2,2026-03-30 19:10:00
O019787,U245,102,4,2026-03-30 19:17:00
O019796,U362,98,4,2026-03-30 19:39:00
O019797,U349,15,3,2026-03-30 19:55:00
O019794,U247,93,5,2026-03-30 20:15:00
O019808,U411,36,5,2026-03-30 20:15:00
O019796,U362,92,3,2026-03-30 20:25:00
O019797,U349,84,3,2026-03-30 20:45:00
O019806,U097,101,3,2026-03-30 20:47:00
O019816,U500,100,4,2026-03-30 21:16:00
O019812,U359,101,5,2026-03-30 21:23:00
O019808,U411,63,4,2026-03-30 21:33:00
O019813,U070,74,3,2026-03-30 21:36:00
O019815,U056,81,4,2026-03-30 21:49:00
O019815,U056,72,2,2026-03-30 22:07:00
O019813,U070,99,3,2026-03-30 22:08:00
O019810,U028,91,4,2026-03-30 22:15:00
O019824,U040,67,3,2026-03-30 22:56:00
O019819,U328,1,5,2026-03-30 23:01:00
O019834,U071,85,4,2026-03-31 08:26:00
O019833,U186,83,4,2026-03-31 08:57:00
O019830,U301,100,4,2026-03-31 09:04:00
O019850,U400,53,3,2026-03-31 09:09:00
O019851,U491,101,4,2026-03-31 09:42:00
O019835,U349,58,4,2026-03-31 09:51:00
O019851,U491,8,2,2026-03-31 10:00:00
O019863,U407,101,4,2026-03-31 10:06:00
O019838,U250,80,5,2026-03-31 10:31:00
O019847,U268,89,4,2026-03-31 10:52:00
O019854,U253,102,5,2026-03-31 10:59:00
O019846,U151,101,5,2026-03-31 11:13:00
O019862,U284,25,4,2026-03-31 11:18:00
O019859,U446,93,2,2026-03-31 11:29:00
O019862,U284,76,4,2026-03-31 11:36:00
O019862,U284,78,4,2026-03-31 12:15:00
O019874,U287,8,2,2026-03-31 14:30:00
O019880,U404,7,4,2026-03-31 14:44:00
O019884,U268,84,3,2026-03-31 14:44:00
O019881,U214,92,4,2026-03-31 15:09:00
O019883,U367,101,4,2026-03-31 15:14:00
O019878,U455,100,5,2026-03-31 15:23:00
O019883,U367,66,4,2026-03-31 15:30:00
O019892,U077,34,3,2026-03-31 16:41:00
O019887,U192,27,3,2026-03-31 17:12:00
O019905,U077,65,3,2026-03-31 17:33:00
O019892,U077,28,4,2026-03-31 17:39:00
O019911,U307,85,4,2026-03-31 17:53:00
O019902,U046,96,4,2026-03-31 18:36:00
O019925,U369,8,4,2026-03-31 18:41:00
O019913,U072,101,4,2026-03-31 18:47:00
O019913,U072,92,2,2026-03-31 19:29:00
O019918,U016,42,5,2026-03-31 19:34:00
O019912,U328,1,5,2026-03-31 19:57:00
O019926,U180,99,4,2026-03-31 19:58:00
O019921,U287,6,5,2026-03-31 20:01:00
O019929,U248,100,4,2026-03-31 21:18:00
O019936,U362,57,3,2026-03-31 21:34:00
O019929,U248,49,5,2026-03-31 21:40:00
O019942,U049,77,3,2026-03-31 22:19:00
O019932,U362,33,3,2026-03-31 22:45:00
O019941,U020,64,4,2026-03-31 23:23:00
O019940,U381,40,3,2026-04-01 00:15:00
O019945,U296,23,3,2026-04-01 06:28:00
O019949,U221,76,4,2026-04-01 07:14:00
O019957,U126,28,3,2026-04-01 07:52:00
O019951,U137,50,4,2026-04-01 07:52:00
O019944,U055,6,4,2026-04-01 08:08:00
O019944,U055,102,4,2026-04-01 08:28:00
O019946,U277,66,3,2026-04-01 08:31:00
O019957,U126,70,4,2026-04-01 08:54:00
O019960,U150,90,3,2026-04-01 09:29:00
O019968,U284,71,3,2026-04-01 09:30:00
O019965,U094,73,2,2026-04-01 09:49:00
O019984,U333,100,3,2026-04-01 10:06:00
O019982,U005,9,3,2026-04-01 10:10:00
O019980,U033,1,4,2026-04-01 10:13:00
O019967,U226,50,3,2026-04-01 10:18:00
O019975,U008,20,5,2026-04-01 10:56:00
O019985,U220,46,4,2026-04-01 11:43:00
O019982,U005,101,4,2026-04-01 11:43:00
O019983,U151,85,2,2026-04-01 12:26:00
O019992,U102,24,2,2026-04-01 12:54:00
O019993,U394,73,3,2026-04-01 13:07:00
O020005,U342,68,3,2026-04-01 13:11:00
O020006,U134,67,1,2026-04-01 13:25:00
O020011,U292,33,4,2026-04-01 15:54:00
O020017,U395,78,5,2026-04-01 16:25:00
O020038,U333,95,3,2026-04-01 16:51:00
O020018,U320,99,5,2026-04-01 16:59:00
O020042,U089,76,3,2026-04-01 17:04:00
O020018,U320,6,5,2026-04-01 17:07:00
O020033,U352,101,5,2026-04-01 17:22:00
O020038,U333,28,5,2026-04-01 17:24:00
O020035,U319,7,3,2026-04-01 17:25:00
O020019,U150,95,3,2026-04-01 17:27:00
O020021,U392,101,2,2026-04-01 17:28:00
O020039,U134,95,2,2026-04-01 17:40:00
O020032,U138,66,3,2026-04-01 17:41:00
O020042,U089,82,2,2026-04-01 17:55:00
O020035,U319,5,5,2026-04-01 17:58:00
O020039,U134,70,3,2026-04-01 18:31:00
O020026,U140,101,5,2026-04-01 18:40:00
O020044,U208,19,3,2026-04-01 18:46:00
O020060,U239,15,4,2026-04-01 19:10:00
O020056,U265,77,3,2026-04-01 19:26:00
O020049,U009,92,4,2026-04-01 19:34:00
O020054,U413,40,4,2026-04-01 19:36:00
O020044,U208,98,4,2026-04-01 19:39:00
O020048,U287,7,3,2026-04-01 20:01:00
O020057,U474,60,4,2026-04-01 20:13:00
O020045,U049,68,4,2026-04-01 20:25:00
O020057,U474,98,4,2026-04-01 20:25:00
O020066,U169,26,5,2026-04-01 20:33:00
O020062,U003,56,4,2026-04-01 20:56:00
O020063,U412,30,3,2026-04-01 20:58:00
O020060,U239,90,3,2026-04-01 21:06:00
O020068,U158,87,5,2026-04-01 21:09:00
O020069,U213,85,2,2026-04-01 22:43:00
O020076,U086,22,3,2026-04-02 07:13:00
O020072,U197,98,3,2026-04-02 07:21:00
O020090,U247,78,3,2026-04-02 08:29:00
O020095,U072,90,2,2026-04-02 08:42:00
O020086,U439,1,5,2026-04-02 08:49:00
O020087,U449,65,4,2026-04-02 09:13:00
O020079,U467,88,5,2026-04-02 09:16:00
O020080,U008,8,3,2026-04-02 09:23:00
O020105,U039,63,3,2026-04-02 09:26:00
O020101,U089,82,3,2026-04-02 09:32:00
O020106,U108,100,4,2026-04-02 09:47:00
O020102,U062,14,4,2026-04-02 10:07:00
O020115,U165,38,3,2026-04-02 10:26:00
O020106,U108,33,4,2026-04-02 10:41:00
O020123,U471,41,5,2026-04-02 10:53:00
O020108,U293,31,4,2026-04-02 11:00:00
O020096,U391,100,4,2026-04-02 11:24:00
O020121,U450,42,4,2026-04-02 11:31:00
O020124,U461,90,3,2026-04-02 11:31:00
O020113,U463,85,3,2026-04-02 11:32:00
O020112,U104,99,3,2026-04-02 11:33:00
O020127,U377,34,4,2026-04-02 11:41:00
O020109,U407,102,4,2026-04-02 12:16:00
O020124,U461,28,4,2026-04-02 12:31:00
O020136,U427,98,3,2026-04-02 13:34:00
O020141,U105,5,4,2026-04-02 13:36:00
O020134,U206,95,3,2026-04-02 13:39:00
O020148,U167,102,3,2026-04-02 13:50:00
O020138,U434,92,4,2026-04-02 14:35:00
O020156,U322,101,3,2026-04-02 14:39:00
O020149,U232,101,5,2026-04-02 14:53:00
O020140,U463,101,4,2026-04-02 14:55:00
O020153,U455,100,3,2026-04-02 15:32:00
O020148,U167,101,3,2026-04-02 15:36:00
O020165,U058,27,3,2026-04-02 15:45:00
O020153,U455,15,4,2026-04-02 15:54:00
O020174,U296,10,3,2026-04-02 16:00:00
O020160,U435,57,2,2026-04-02 16:09:00
O020175,U307,78,4,2026-04-02 16:38:00
O020182,U090,28,3,2026-04-02 16:51:00
O020188,U178,98,4,2026-04-02 16:59:00
O020195,U469,17,3,2026-04-02 17:26:00
O020189,U349,80,4,2026-04-02 17:37:00
O020176,U091,69,3,2026-04-02 17:57:00
O020185,U260,54,3,2026-04-02 18:03:00
O020168,U098,100,3,2026-04-02 18:08:00
O020181,U091,76,5,2026-04-02 18:16:00
O020179,U132,4,4,2026-04-02 18:33:00
O020170,U037,57,4,2026-04-02 18:34:00
O020184,U196,100,3,2026-04-02 18:53:00
O020193,U202,81,2,2026-04-02 19:04:00
O020193,U202,15,2,2026-04-02 19:18:00
O020201,U489,99,3,2026-04-02 19:27:00
O020202,U109,7,5,2026-04-02 20:06:00
O020205,U067,68,4,2026-04-02 20:33:00
O020208,U289,13,3,2026-04-02 21:14:00
O020210,U438,96,3,2026-04-02 21:27:00
O020214,U118,56,5,2026-04-02 22:33:00
O020213,U261,91,3,2026-04-02 22:36:00
O020215,U127,33,2,2026-04-03 07:09:00
O020223,U238,6,4,2026-04-03 08:25:00
O020231,U439,98,3,2026-04-03 08:45:00
O020240,U148,100,4,2026-04-03 08:53:00
O020222,U025,95,2,2026-04-03 09:03:00
O020217,U165,100,3,2026-04-03 09:05:00
O020237,U148,70,5,2026-04-03 09:05:00
O020234,U122,54,3,2026-04-03 09:14:00
O020236,U271,13,4,2026-04-03 09:20:00
O020246,U338,34,3,2026-04-03 09:31:00
O020223,U238,101,3,2026-04-03 09:35:00
O020239,U392,101,4,2026-04-03 09:41:00
O020247,U089,82,3,2026-04-03 09:50:00
O020240,U148,7,3,2026-04-03 09:57:00
O020248,U324,68,3,2026-04-03 10:11:00
O020220,U412,6,4,2026-04-03 10:13:00
O020239,U392,1,5,2026-04-03 10:26:00
O020254,U109,99,5,2026-04-03 10:32:00
O020258,U207,101,3,2026-04-03 10:35:00
O020255,U455,28,3,2026-04-03 10:35:00
O020260,U495,28,5,2026-04-03 10:57:00
O020262,U413,42,4,2026-04-03 11:10:00
O020238,U275,100,4,2026-04-03 11:11:00
O020268,U071,76,4,2026-04-03 11:58:00
O020260,U495,99,4,2026-04-03 12:38:00
O020273,U455,54,3,2026-04-03 12:43:00
O020272,U469,17,3,2026-04-03 12:50:00
O020261,U413,39,5,2026-04-03 12:52:00
O020263,U348,101,4,2026-04-03 13:02:00
O020276,U008,90,3,2026-04-03 13:08:00
O020272,U469,101,4,2026-04-03 13:21:00
O020262,U413,12,3,2026-04-03 13:43:00
O020273,U455,100,4,2026-04-03 13:48:00
O020263,U348,100,4,2026-04-03 13:54:00
O020285,U449,63,3,2026-04-03 14:46:00
O020288,U384,100,3,2026-04-03 15:16:00
O020279,U495,29,5,2026-04-03 15:24:00
O020296,U056,90,1,2026-04-03 15:47:00
O020277,U470,39,3,2026-04-03 15:53:00
O020281,U453,100,3,2026-04-03 16:15:00
O020302,U130,4,3,2026-04-03 16:15:00
O020305,U299,27,2,2026-04-03 16:31:00
O020296,U056,76,2,2026-04-03 16:37:00
O020304,U284,89,3,2026-04-03 17:10:00
O020318,U359,70,3,2026-04-03 17:40:00
O020305,U299,6,4,2026-04-03 17:47:00
O020315,U500,71,3,2026-04-03 17:52:00
O020320,U049,42,2,2026-04-03 17:55:00
O020312,U127,1,5,2026-04-03 18:13:00
O020301,U083,27,4,2026-04-03 18:27:00
O020304,U284,101,4,2026-04-03 18:29:00
O020310,U019,45,2,2026-04-03 18:32:00
O020315,U500,82,4,2026-04-03 18:35:00
O020325,U469,68,4,2026-04-03 18:40:00
O020324,U041,94,2,2026-04-03 18:41:00
O020328,U297,18,4,2026-04-03 19:01:00
O020325,U469,17,3,2026-04-03 19:09:00
O020309,U385,101,4,2026-04-03 19:15:00
O020327,U301,23,3,2026-04-03 19:33:00
O020321,U098,62,2,2026-04-03 19:36:00
O020332,U168,82,5,2026-04-03 19:57:00
O020338,U036,77,2,2026-04-03 20:01:00
O020338,U036,102,5,2026-04-03 20:24:00
O020333,U102,79,3,2026-04-03 20:27:00
O020337,U463,85,4,2026-04-03 21:07:00
O020331,U095,65,4,2026-04-03 21:15:00
O020347,U043,45,3,2026-04-03 22:08:00
O020344,U019,38,4,2026-04-03 22:20:00
O020349,U433,102,3,2026-04-04 07:42:00
O020350,U031,86,5,2026-04-04 08:58:00
O020367,U419,72,3,2026-04-04 10:08:00
O020361,U363,74,5,2026-04-04 10:26:00
O020353,U202,81,2,2026-04-04 10:33:00
O020380,U150,101,4,2026-04-04 11:28:00
O020362,U206,87,3,2026-04-04 11:38:00
O020369,U315,87,3,2026-04-04 11:45:00
O020383,U362,100,5,2026-04-04 12:31:00
O020380,U150,25,3,2026-04-04 12:39:00
O020370,U128,45,3,2026-04-04 12:42:00
O020385,U138,87,2,2026-04-04 12:52:00
O020372,U281,19,5,2026-04-04 12:59:00
O020389,U020,89,3,2026-04-04 13:09:00
O020374,U304,61,4,2026-04-04 13:12:00
O020384,U383,71,3,2026-04-04 13:26:00
O020376,U447,15,5,2026-04-04 13:51:00
O020383,U362,27,5,2026-04-04 14:01:00
O020389,U020,64,5,2026-04-04 14:37:00
O020396,U315,101,3,2026-04-04 15:05:00
O020393,U333,100,4,2026-04-04 15:32:00
O020398,U328,101,3,2026-04-04 15:56:00
O020399,U362,27,5,2026-04-04 16:09:00
O020402,U498,30,4,2026-04-04 16:44:00
O020410,U181,37,4,2026-04-04 16:46:00
O020398,U328,9,4,2026-04-04 16:51:00
O020412,U025,101,4,2026-04-04 16:57:00
O020415,U479,5,5,2026-04-04 18:02:00
O020419,U274,44,4,2026-04-04 18:10:00
O020416,U261,91,4,2026-04-04 18:14:00
O020413,U284,41,3,2026-04-04 18:29:00
O020414,U316,44,4,2026-04-04 18:45:00
O020404,U328,82,4,2026-04-04 18:49:00
O020428,U187,27,5,2026-04-04 19:02:00
O020420,U006,70,5,2026-04-04 19:07:00
O020431,U402,34,2,2026-04-04 19:26:00
O020424,U318,42,2,2026-04-04 19:33:00
O020422,U359,81,5,2026-04-04 19:43:00
O020425,U095,100,3,2026-04-04 20:03:00
O020427,U495,28,4,2026-04-04 20:04:00
O020432,U213,95,3,2026-04-04 20:16:00
O020423,U198,57,4,2026-04-04 20:29:00
O020433,U265,101,4,2026-04-04 21:04:00
O020440,U335,4,4,2026-04-04 21:12:00
O020438,U436,74,2,2026-04-04 21:21:00
O020446,U378,61,4,2026-04-04 21:42:00
O020431,U402,29,3,2026-04-04 22:08:00
O020436,U312,15,5,2026-04-04 22:19:00
O020448,U447,11,4,2026-04-04 23:08:00
O020443,U116,43,2,2026-04-04 23:15:00
O020449,U213,100,5,2026-04-04 23:22:00
O020443,U116,101,3,2026-04-04 23:28:00
O020442,U209,24,4,2026-04-04 23:38:00
O020451,U108,101,3,2026-04-05 07:55:00
O020450,U202,100,2,2026-04-05 09:08:00
O020452,U243,36,5,2026-04-05 09:21:00
O020456,U052,97,3,2026-04-05 09:23:00
O020460,U333,101,5,2026-04-05 09:38:00
O020455,U479,98,4,2026-04-05 09:47:00
O020454,U449,62,4,2026-04-05 10:14:00
O020473,U003,11,3,2026-04-05 10:44:00
O020458,U467,89,3,2026-04-05 10:56:00
O020472,U281,62,3,2026-04-05 11:48:00
O020463,U055,6,5,2026-04-05 11:49:00
O020477,U165,66,2,2026-04-05 11:58:00
O020473,U003,12,4,2026-04-05 12:29:00
O020484,U150,51,3,2026-04-05 12:31:00
O020490,U216,96,3,2026-04-05 12:43:00
O020471,U371,83,5,2026-04-05 12:51:00
O020478,U468,19,5,2026-04-05 12:52:00
O020484,U150,10,3,2026-04-05 12:54:00
O020475,U206,27,5,2026-04-05 13:27:00
O020488,U383,71,4,2026-04-05 13:35:00
O020494,U447,101,5,2026-04-05 14:14:00
O020490,U216,81,5,2026-04-05 14:24:00
O020491,U438,93,4,2026-04-05 14:31:00
O020497,U392,45,3,2026-04-05 14:38:00
O020498,U265,37,3,2026-04-05 14:44:00
O020492,U350,66,2,2026-04-05 15:05:00
O020504,U362,34,4,2026-04-05 15:21:00
O020505,U382,101,3,2026-04-05 15:27:00
O020504,U362,79,2,2026-04-05 15:30:00
O020512,U040,91,4,2026-04-05 15:46:00
O020504,U362,101,3,2026-04-05 15:46:00
O020508,U324,7,3,2026-04-05 15:51:00
O020511,U273,5,4,2026-04-05 16:07:00
O020505,U382,7,4,2026-04-05 16:19:00
O020500,U292,101,3,2026-04-05 16:30:00
O020499,U186,102,3,2026-04-05 16:39:00
O020500,U292,72,4,2026-04-05 16:49:00
O020496,U049,84,3,2026-04-05 16:55:00
O020513,U453,100,4,2026-04-05 16:59:00
O020527,U489,19,4,2026-04-05 17:16:00
O020509,U214,95,4,2026-04-05 17:31:00
O020503,U108,79,2,2026-04-05 17:31:00
O020503,U108,1,3,2026-04-05 17:35:00
O020521,U168,81,4,2026-04-05 17:53:00
O020534,U109,100,4,2026-04-05 18:03:00
O020537,U148,70,5,2026-04-05 18:06:00
O020544,U401,45,5,2026-04-05 18:24:00
O020522,U426,76,4,2026-04-05 18:38:00
O020536,U018,96,5,2026-04-05 18:58:00
O020522,U426,99,4,2026-04-05 19:03:00
O020531,U213,76,5,2026-04-05 19:03:00
O020520,U328,1,5,2026-04-05 19:04:00
O020532,U071,102,4,2026-04-05 19:08:00
O020530,U049,68,4,2026-04-05 19:38:00
O020538,U482,47,2,2026-04-05 19:41:00
O020533,U379,86,2,2026-04-05 19:52:00
O020531,U213,75,5,2026-04-05 19:54:00
O020556,U056,75,3,2026-04-05 21:04:00
O020544,U401,98,5,2026-04-05 21:05:00
O020552,U206,87,2,2026-04-05 21:10:00
O020558,U118,69,3,2026-04-05 21:40:00
O020554,U082,90,5,2026-04-05 21:58:00
O020560,U227,101,5,2026-04-05 22:59:00
O020556,U056,82,4,2026-04-05 23:45:00
O020562,U137,2,5,2026-04-06 06:45:00
O020575,U399,85,3,2026-04-06 08:30:00
O020568,U455,98,3,2026-04-06 09:04:00
O020577,U450,40,4,2026-04-06 09:31:00
O020577,U450,101,4,2026-04-06 09:50:00
O020584,U225,43,5,2026-04-06 09:57:00
O020566,U427,4,2,2026-04-06 10:04:00
O020596,U058,100,4,2026-04-06 10:14:00
O020572,U094,1,3,2026-04-06 10:47:00
O020580,U467,89,4,2026-04-06 11:31:00
O020584,U225,100,4,2026-04-06 11:47:00
O020598,U233,97,3,2026-04-06 11:50:00
O020602,U247,101,4,2026-04-06 11:57:00
O020589,U284,82,4,2026-04-06 12:04:00
O020588,U025,101,3,2026-04-06 12:11:00
O020595,U275,60,4,2026-04-06 12:12:00
O020601,U186,83,4,2026-04-06 12:13:00
O020602,U247,17,5,2026-04-06 12:27:00
O020602,U247,27,2,2026-04-06 12:39:00
O020604,U008,100,5,2026-04-06 12:54:00
O020597,U043,27,4,2026-04-06 12:54:00
O020610,U071,48,2,2026-04-06 13:22:00
O020604,U008,21,5,2026-04-06 13:35:00
O020606,U469,17,4,2026-04-06 13:45:00
O020608,U278,97,4,2026-04-06 14:06:00
O020616,U004,100,4,2026-04-06 14:52:00
O020616,U004,36,5,2026-04-06 14:56:00
O020625,U055,94,3,2026-04-06 15:08:00
O020622,U469,18,4,2026-04-06 15:08:00
O020626,U409,75,4,2026-04-06 15:37:00
O020622,U469,100,5,2026-04-06 15:48:00
O020619,U057,76,5,2026-04-06 15:52:00
O020628,U180,65,4,2026-04-06 15:59:00
O020631,U079,100,3,2026-04-06 16:01:00
O020631,U079,70,3,2026-04-06 16:07:00
O020632,U067,30,4,2026-04-06 16:16:00
O020626,U409,77,5,2026-04-06 16:29:00
O020640,U312,100,4,2026-04-06 16:35:00
O020632,U067,98,4,2026-04-06 16:39:00
O020634,U127,5,4,2026-04-06 17:19:00
O020629,U191,5,3,2026-04-06 17:21:00
O020645,U218,82,5,2026-04-06 17:30:00
O020642,U477,100,3,2026-04-06 17:42:00
O020643,U261,37,3,2026-04-06 17:47:00
O020637,U399,85,3,2026-04-06 17:54:00
O020640,U312,15,5,2026-04-06 18:01:00
O020646,U165,40,2,2026-04-06 18:15:00
O020646,U165,102,4,2026-04-06 18:35:00
O020641,U453,34,5,2026-04-06 18:42:00
O020643,U261,3,2,2026-04-06 18:57:00
O020637,U399,8,3,2026-04-06 18:59:00
O020655,U059,92,3,2026-04-06 19:57:00
O020656,U328,1,5,2026-04-06 20:03:00
O020657,U072,8,4,2026-04-06 20:17:00
O020671,U012,66,4,2026-04-06 22:02:00
O020677,U244,62,5,2026-04-07 07:40:00
O020685,U335,52,3,2026-04-07 08:15:00
O020683,U382,6,4,2026-04-07 08:30:00
O020689,U477,30,5,2026-04-07 08:55:00
O020683,U382,101,4,2026-04-07 09:12:00
O020677,U244,100,5,2026-04-07 09:24:00
O020696,U343,9,3,2026-04-07 09:46:00
O020703,U413,38,4,2026-04-07 10:22:00
O020686,U221,76,5,2026-04-07 10:50:00
O020702,U462,61,3,2026-04-07 11:19:00
O020705,U479,5,4,2026-04-07 11:22:00
O020695,U122,8,3,2026-04-07 11:23:00
O020690,U281,101,4,2026-04-07 11:25:00
O020694,U276,28,5,2026-04-07 11:31:00
O020694,U276,84,3,2026-04-07 11:33:00
O020704,U098,54,3,2026-04-07 11:48:00
O020707,U379,101,3,2026-04-07 12:56:00
O020712,U192,26,4,2026-04-07 13:16:00
O020716,U322,50,5,2026-04-07 13:29:00
O020719,U174,47,1,2026-04-07 14:26:00
O020724,U463,52,3,2026-04-07 14:31:00
O020724,U463,85,3,2026-04-07 14:39:00
O020727,U275,102,4,2026-04-07 15:32:00
O020717,U412,6,4,2026-04-07 15:37:00
O020729,U312,31,3,2026-04-07 15:45:00
O020720,U271,15,4,2026-04-07 16:00:00
O020725,U076,54,4,2026-04-07 16:02:00
O020724,U463,73,4,2026-04-07 16:51:00
O020727,U275,60,3,2026-04-07 17:02:00
O020738,U379,41,3,2026-04-07 17:06:00
O020733,U305,33,4,2026-04-07 17:30:00
O020730,U058,27,5,2026-04-07 17:34:00
O020746,U253,90,3,2026-04-07 17:35:00
O020754,U265,36,3,2026-04-07 18:16:00
O020751,U293,64,2,2026-04-07 18:19:00
O020751,U293,100,3,2026-04-07 18:23:00
O020742,U057,101,5,2026-04-07 18:27:00
O020756,U268,90,4,2026-04-07 18:30:00
O020744,U226,101,3,2026-04-07 18:30:00
O020755,U366,42,4,2026-04-07 18:43:00
O020748,U009,42,5,2026-04-07 18:49:00
O020752,U387,38,3,2026-04-07 18:57:00
O020745,U159,101,4,2026-04-07 18:59:00
O020759,U225,83,2,2026-04-07 19:01:00
O020756,U268,70,4,2026-04-07 19:01:00
O020758,U191,91,4,2026-04-07 19:03:00
O020742,U057,79,5,2026-04-07 19:07:00
O020745,U159,91,4,2026-04-07 19:17:00
O020744,U226,81,3,2026-04-07 19:35:00
O020767,U260,35,4,2026-04-07 20:17:00
O020763,U213,91,3,2026-04-07 20:24:00
O020766,U036,76,2,2026-04-07 20:33:00
O020774,U077,98,3,2026-04-07 22:04:00
O020775,U320,7,5,2026-04-08 00:08:00
O020777,U018,40,5,2026-04-08 00:45:00
O020780,U234,96,4,2026-04-08 08:49:00
O020783,U293,35,3,2026-04-08 09:10:00
O020790,U396,101,4,2026-04-08 09:26:00
O020797,U119,75,5,2026-04-08 09:36:00
O020801,U141,74,4,2026-04-08 09:59:00
O020789,U041,37,2,2026-04-08 10:10:00
O020787,U449,62,3,2026-04-08 10:30:00
O020796,U006,79,3,2026-04-08 11:16:00
O020793,U272,34,3,2026-04-08 11:23:00
O020792,U167,27,4,2026-04-08 11:24:00
O020800,U421,22,4,2026-04-08 11:30:00
O020807,U034,72,3,2026-04-08 12:04:00
O020815,U091,82,5,2026-04-08 12:09:00
O020812,U301,23,4,2026-04-08 12:38:00
O020820,U093,26,3,2026-04-08 12:49:00
O020822,U171,61,3,2026-04-08 12:58:00
O020821,U095,102,3,2026-04-08 13:00:00
O020829,U052,101,3,2026-04-08 13:59:00
O020830,U467,86,4,2026-04-08 14:14:00
O020825,U006,70,4,2026-04-08 14:27:00
O020839,U250,37,4,2026-04-08 14:36:00
O020840,U312,43,3,2026-04-08 14:41:00
O020825,U006,76,4,2026-04-08 14:55:00
O020840,U312,15,5,2026-04-08 15:05:00
O020837,U250,102,4,2026-04-08 15:13:00
O020834,U301,23,5,2026-04-08 15:33:00
O020835,U216,81,5,2026-04-08 15:49:00
O020839,U250,79,4,2026-04-08 16:01:00
O020856,U166,9,4,2026-04-08 16:42:00
O020858,U009,42,4,2026-04-08 16:47:00
O020853,U167,66,1,2026-04-08 16:50:00
O020862,U271,100,4,2026-04-08 17:24:00
O020861,U328,77,4,2026-04-08 17:24:00
O020864,U119,65,3,2026-04-08 18:09:00
O020861,U328,98,4,2026-04-08 18:38:00
O020865,U400,44,4,2026-04-08 19:09:00
O020862,U271,15,5,2026-04-08 19:23:00
O020866,U108,101,4,2026-04-08 20:27:00
O020873,U308,92,3,2026-04-08 20:45:00
O020871,U307,48,4,2026-04-08 21:18:00
O020875,U245,83,4,2026-04-08 22:22:00
O020886,U206,102,3,2026-04-09 07:51:00
O020890,U271,15,5,2026-04-09 08:38:00
O020879,U356,19,5,2026-04-09 08:39:00
O020891,U277,25,3,2026-04-09 08:42:00
O020885,U374,38,4,2026-04-09 09:01:00
O020888,U451,7,4,2026-04-09 09:18:00
O020899,U102,101,3,2026-04-09 09:22:00
O020905,U298,101,3,2026-04-09 09:24:00
O020897,U333,86,3,2026-04-09 09:25:00
O020906,U219,91,3,2026-04-09 09:36:00
O020909,U485,69,4,2026-04-09 09:43:00
O020900,U101,85,4,2026-04-09 09:44:00
O020896,U333,100,4,2026-04-09 09:53:00
O020906,U219,7,5,2026-04-09 10:02:00
O020907,U006,83,5,2026-04-09 10:08:00
O020918,U243,41,5,2026-04-09 10:26:00
O020904,U058,27,4,2026-04-09 10:26:00
O020895,U229,13,2,2026-04-09 11:09:00
O020910,U464,74,3,2026-04-09 11:11:00
O020916,U150,10,3,2026-04-09 11:12:00
O020911,U433,72,3,2026-04-09 11:14:00
O020913,U071,6,1,2026-04-09 11:22:00
O020904,U058,82,2,2026-04-09 11:27:00
O020912,U247,26,3,2026-04-09 11:53:00
O020931,U165,69,4,2026-04-09 12:21:00
O020932,U308,83,4,2026-04-09 12:33:00
O020933,U384,95,4,2026-04-09 12:45:00
O020918,U243,96,5,2026-04-09 12:56:00
O020924,U312,100,3,2026-04-09 13:26:00
O020937,U347,19,5,2026-04-09 13:38:00
O020928,U393,62,4,2026-04-09 13:59:00
O020949,U058,32,2,2026-04-09 14:41:00
O020949,U058,29,5,2026-04-09 14:54:00
O020945,U259,73,2,2026-04-09 15:20:00
O020955,U296,100,4,2026-04-09 15:52:00
O020961,U449,70,3,2026-04-09 16:01:00
O020965,U278,85,4,2026-04-09 16:07:00
O020941,U485,102,4,2026-04-09 16:13:00
O020972,U413,49,4,2026-04-09 16:20:00
O020961,U449,62,4,2026-04-09 16:30:00
O020955,U296,40,2,2026-04-09 16:30:00
O020956,U260,60,5,2026-04-09 16:43:00
O020975,U093,45,5,2026-04-09 16:50:00
O020967,U403,84,2,2026-04-09 17:11:00
O020976,U494,11,3,2026-04-09 17:17:00
O020975,U093,100,4,2026-04-09 17:23:00
O020980,U154,83,3,2026-04-09 17:31:00
O020983,U276,23,4,2026-04-09 17:39:00
O020959,U332,27,5,2026-04-09 17:39:00
O020963,U289,100,4,2026-04-09 17:40:00
O020963,U289,13,4,2026-04-09 17:44:00
O020957,U321,101,4,2026-04-09 17:46:00
O020973,U003,93,3,2026-04-09 17:50:00
O020957,U321,33,2,2026-04-09 17:53:00
O020966,U127,2,3,2026-04-09 18:14:00
O020967,U403,34,3,2026-04-09 18:15:00
O020966,U127,93,3,2026-04-09 18:16:00
O020978,U446,38,4,2026-04-09 18:26:00
O020982,U429,100,3,2026-04-09 18:30:00
O020993,U192,26,3,2026-04-09 18:58:00
O020992,U275,13,5,2026-04-09 19:11:00
O020987,U196,101,5,2026-04-09 19:12:00
O020996,U180,60,4,2026-04-09 19:23:00
O020997,U057,95,3,2026-04-09 19:24:00
O020994,U138,12,2,2026-04-09 20:12:00
O021007,U317,100,4,2026-04-09 20:22:00
O020986,U392,1,4,2026-04-09 20:26:00
O020989,U024,85,3,2026-04-09 20:26:00
O021004,U109,83,3,2026-04-09 20:27:00
O020986,U392,98,4,2026-04-09 20:38:00
O021005,U453,34,5,2026-04-09 21:17:00
O021001,U489,21,3,2026-04-09 21:58:00
O021004,U109,7,4,2026-04-09 22:02:00
O021003,U168,98,4,2026-04-09 22:03:00
O021011,U189,102,4,2026-04-09 22:34:00
O021013,U413,77,4,2026-04-09 23:01:00
O021010,U307,77,2,2026-04-09 23:17:00
O021011,U189,2,4,2026-04-09 23:44:00
O021018,U498,63,4,2026-04-10 06:59:00
O021021,U219,101,4,2026-04-10 07:02:00
O021030,U024,89,5,2026-04-10 07:59:00
O021020,U452,6,4,2026-04-10 08:11:00
O021027,U086,22,4,2026-04-10 08:31:00
O021040,U449,80,3,2026-04-10 08:38:00
O021024,U400,9,3,2026-04-10 08:39:00
O021038,U212,25,4,2026-04-10 08:42:00
O021040,U449,62,2,2026-04-10 08:48:00
O021041,U122,60,3,2026-04-10 08:56:00
O021023,U226,85,3,2026-04-10 09:03:00
O021027,U086,101,3,2026-04-10 09:26:00
O021034,U225,48,2,2026-04-10 09:28:00
O021045,U104,30,4,2026-04-10 09:33:00
O021025,U286,42,5,2026-04-10 09:48:00
O021049,U485,7,2,2026-04-10 10:02:00
O021035,U349,64,4,2026-04-10 10:04:00
O021060,U025,6,3,2026-04-10 10:09:00
O021030,U024,45,3,2026-04-10 10:20:00
O021049,U485,13,3,2026-04-10 10:27:00
O021039,U057,9,3,2026-04-10 10:45:00
O021059,U294,7,5,2026-04-10 10:58:00
O021052,U492,10,2,2026-04-10 11:05:00
O021053,U275,13,5,2026-04-10 11:51:00
O021062,U308,101,4,2026-04-10 12:30:00
O021059,U294,13,2,2026-04-10 12:36:00
O021065,U274,100,4,2026-04-10 12:40:00
O021064,U325,95,3,2026-04-10 12:57:00
O021066,U433,61,3,2026-04-10 13:00:00
O021070,U455,15,4,2026-04-10 13:50:00
O021075,U149,89,3,2026-04-10 14:02:00
O021086,U274,100,3,2026-04-10 14:17:00
O021083,U227,39,4,2026-04-10 14:42:00
O021092,U455,15,5,2026-04-10 14:46:00
O021084,U221,63,4,2026-04-10 14:51:00
O021103,U491,23,2,2026-04-10 15:11:00
O021108,U121,34,1,2026-04-10 15:46:00
O021078,U008,22,4,2026-04-10 15:51:00
O021093,U261,27,2,2026-04-10 15:52:00
O021115,U176,96,3,2026-04-10 15:54:00
O021114,U243,36,5,2026-04-10 15:55:00
O021081,U174,101,3,2026-04-10 15:58:00
O021112,U106,48,3,2026-04-10 16:00:00
O021090,U417,63,2,2026-04-10 16:00:00
O021090,U417,6,4,2026-04-10 16:06:00
O021084,U221,76,4,2026-04-10 16:07:00
O021088,U083,91,2,2026-04-10 16:11:00
O021079,U453,36,3,2026-04-10 16:20:00
O021126,U081,24,4,2026-04-10 16:29:00
O021091,U273,100,4,2026-04-10 16:35:00
O021081,U174,41,3,2026-04-10 16:37:00
O021110,U474,64,3,2026-04-10 16:39:00
O021097,U058,27,5,2026-04-10 16:49:00
O021126,U081,101,5,2026-04-10 17:12:00
O021133,U385,92,2,2026-04-10 17:40:00
O021103,U491,102,4,2026-04-10 17:43:00
O021104,U476,100,4,2026-04-10 17:46:00
O021117,U396,1,5,2026-04-10 17:56:00
O021119,U154,101,4,2026-04-10 18:07:00
O021129,U269,6,4,2026-04-10 18:20:00
O021128,U196,27,5,2026-04-10 18:22:00
O021123,U474,60,4,2026-04-10 19:07:00
O021125,U154,83,3,2026-04-10 19:11:00
O021141,U297,18,5,2026-04-10 19:34:00
O021130,U436,56,4,2026-04-10 19:42:00
O021135,U057,79,5,2026-04-10 19:52:00
O021138,U040,60,4,2026-04-10 20:22:00
O021135,U057,87,3,2026-04-10 20:26:00
O021154,U379,99,4,2026-04-10 20:29:00
O021145,U411,28,3,2026-04-10 20:55:00
O021141,U297,100,4,2026-04-10 21:00:00
O021141,U297,36,3,2026-04-10 21:19:00
O021151,U496,47,2,2026-04-10 22:09:00
O021157,U210,43,3,2026-04-10 22:36:00
O021160,U067,53,5,2026-04-10 23:16:00
O021169,U322,84,4,2026-04-11 09:21:00
O021166,U165,77,4,2026-04-11 09:27:00
O021183,U489,22,3,2026-04-11 11:10:00
O021178,U172,21,4,2026-04-11 11:23:00
O021171,U238,9,3,2026-04-11 11:30:00
O021181,U023,29,3,2026-04-11 11:35:00
O021175,U154,88,5,2026-04-11 11:50:00
O021168,U312,102,3,2026-04-11 11:56:00
O021175,U154,102,3,2026-04-11 11:59:00
O021180,U098,87,2,2026-04-11 12:01:00
O021194,U150,69,3,2026-04-11 12:31:00
O021187,U050,73,2,2026-04-11 12:43:00
O021192,U106,85,4,2026-04-11 12:56:00
O021197,U178,59,3,2026-04-11 13:19:00
O021186,U020,67,2,2026-04-11 13:21:00
O021199,U381,94,3,2026-04-11 13:32:00
O021190,U128,84,3,2026-04-11 13:58:00
O021194,U150,21,2,2026-04-11 14:26:00
O021196,U168,76,5,2026-04-11 14:33:00
O021198,U202,36,2,2026-04-11 14:54:00
O021210,U328,2,4,2026-04-11 14:59:00
O021209,U265,75,4,2026-04-11 15:13:00
O021212,U198,62,4,2026-04-11 15:15:00
O021220,U111,88,5,2026-04-11 15:51:00
O021220,U111,102,3,2026-04-11 16:22:00
O021213,U278,80,4,2026-04-11 16:27:00
O021206,U026,59,3,2026-04-11 16:31:00
O021218,U095,65,5,2026-04-11 16:31:00
O021217,U164,101,5,2026-04-11 16:45:00
O021210,U328,6,5,2026-04-11 16:51:00
O021230,U395,101,4,2026-04-11 17:01:00
O021225,U275,15,4,2026-04-11 17:20:00
O021237,U067,8,3,2026-04-11 17:34:00
O021226,U233,12,3,2026-04-11 17:51:00
O021225,U275,100,5,2026-04-11 18:24:00
O021219,U009,48,4,2026-04-11 18:28:00
O021240,U100,89,4,2026-04-11 19:13:00
O021242,U443,63,3,2026-04-11 19:20:00
O021241,U128,45,4,2026-04-11 19:22:00
O021256,U006,97,3,2026-04-11 19:27:00
O021258,U020,64,3,2026-04-11 19:36:00
O021235,U255,42,4,2026-04-11 19:38:00
O021261,U012,56,3,2026-04-11 20:05:00
O021260,U080,2,4,2026-04-11 20:15:00
O021255,U216,101,4,2026-04-11 20:37:00
O021255,U216,81,5,2026-04-11 20:38:00
O021259,U198,54,5,2026-04-11 20:39:00
O021254,U289,101,3,2026-04-11 21:15:00
O021254,U289,84,2,2026-04-11 21:48:00
O021267,U464,64,4,2026-04-11 22:29:00
O021272,U379,60,3,2026-04-11 22:35:00
O021268,U485,37,2,2026-04-11 23:13:00
O021267,U464,72,4,2026-04-11 23:22:00
O021266,U410,58,3,2026-04-11 23:36:00
O021280,U449,23,3,2026-04-12 07:49:00
O021275,U244,73,4,2026-04-12 08:02:00
O021276,U449,80,4,2026-04-12 09:03:00
O021279,U287,1,4,2026-04-12 09:22:00
O021295,U072,50,2,2026-04-12 10:04:00
O021287,U402,3,4,2026-04-12 10:14:00
O021297,U293,102,4,2026-04-12 10:31:00
O021295,U072,11,4,2026-04-12 10:31:00
O021299,U374,102,4,2026-04-12 10:47:00
O021292,U165,73,4,2026-04-12 10:49:00
O021305,U377,58,4,2026-04-12 10:53:00
O021301,U206,77,4,2026-04-12 11:19:00
O021286,U360,8,5,2026-04-12 11:31:00
O021308,U121,78,3,2026-04-12 11:45:00
O021288,U491,102,4,2026-04-12 11:48:00
O021297,U293,28,2,2026-04-12 11:51:00
O021298,U196,100,4,2026-04-12 12:02:00
O021300,U365,32,4,2026-04-12 12:08:00
O021311,U119,54,3,2026-04-12 12:37:00
O021318,U362,33,5,2026-04-12 12:46:00
O021313,U210,36,3,2026-04-12 13:22:00
O021317,U265,75,4,2026-04-12 14:21:00
O021321,U253,15,4,2026-04-12 15:14:00
O021342,U108,100,3,2026-04-12 16:17:00
O021335,U102,22,3,2026-04-12 16:20:00
O021350,U451,7,5,2026-04-12 16:27:00
O021334,U035,41,5,2026-04-12 16:32:00
O021327,U056,75,5,2026-04-12 16:56:00
O021326,U099,16,5,2026-04-12 17:10:00
O021345,U427,67,3,2026-04-12 17:12:00
O021346,U102,19,4,2026-04-12 17:15:00
O021356,U126,54,4,2026-04-12 17:20:00
O021355,U248,45,3,2026-04-12 17:39:00
O021328,U248,36,3,2026-04-12 17:42:00
O021358,U479,70,3,2026-04-12 18:00:00
O021362,U150,95,3,2026-04-12 18:06:00
O021366,U275,19,5,2026-04-12 18:10:00
O021364,U352,100,5,2026-04-12 18:13:00
O021347,U328,1,5,2026-04-12 18:17:00
O021351,U370,22,3,2026-04-12 18:20:00
O021356,U126,34,3,2026-04-12 18:25:00
O021343,U100,50,4,2026-04-12 18:44:00
O021369,U308,34,4,2026-04-12 18:59:00
O021374,U321,89,3,2026-04-12 19:00:00
O021364,U352,38,3,2026-04-12 19:17:00
O021373,U458,101,5,2026-04-12 19:28:00
O021373,U458,31,4,2026-04-12 19:29:00
O021367,U369,15,3,2026-04-12 19:31:00
O021379,U121,102,4,2026-04-12 19:39:00
O021367,U369,7,3,2026-04-12 20:20:00
O021381,U260,7,2,2026-04-12 20:59:00
O021387,U097,77,3,2026-04-12 21:12:00
O021394,U230,101,4,2026-04-12 22:10:00
O021382,U192,12,5,2026-04-12 22:11:00
O021391,U093,98,5,2026-04-12 22:30:00
O021394,U230,75,3,2026-04-12 22:38:00
O021389,U067,100,3,2026-04-12 23:19:00
O021392,U028,78,5,2026-04-13 00:11:00
O021404,U469,15,5,2026-04-13 07:46:00
O021395,U100,90,5,2026-04-13 07:51:00
O021404,U469,100,4,2026-04-13 09:43:00
O021421,U035,41,5,2026-04-13 10:07:00
O021418,U077,99,2,2026-04-13 10:18:00
O021431,U492,89,3,2026-04-13 10:32:00
O021416,U098,84,2,2026-04-13 10:34:00
O021422,U420,45,5,2026-04-13 10:51:00
O021412,U234,37,4,2026-04-13 10:57:00
O021415,U073,46,4,2026-04-13 11:00:00
O021420,U127,68,3,2026-04-13 11:27:00
O021435,U218,80,5,2026-04-13 11:54:00
O021430,U248,36,4,2026-04-13 12:15:00
O021432,U175,69,5,2026-04-13 12:48:00
O021440,U383,4,3,2026-04-13 13:11:00
O021441,U247,6,4,2026-04-13 13:15:00
O021441,U247,99,3,2026-04-13 13:35:00
O021447,U401,101,4,2026-04-13 14:33:00
O021450,U345,15,4,2026-04-13 14:34:00
O021449,U469,86,4,2026-04-13 15:50:00
O021448,U442,37,2,2026-04-13 16:01:00
O021456,U274,100,3,2026-04-13 16:04:00
O021462,U367,84,3,2026-04-13 16:06:00
O021475,U056,100,3,2026-04-13 16:17:00
O021445,U150,90,4,2026-04-13 16:25:00
O021459,U269,98,4,2026-04-13 16:40:00
O021460,U274,94,3,2026-04-13 16:45:00
O021453,U496,100,3,2026-04-13 16:46:00
O021456,U274,64,4,2026-04-13 16:57:00
O021487,U315,81,3,2026-04-13 17:18:00
O021474,U433,45,3,2026-04-13 17:26:00
O021491,U072,101,3,2026-04-13 17:35:00
O021465,U083,27,3,2026-04-13 17:41:00
O021486,U463,83,5,2026-04-13 17:47:00
O021458,U138,65,4,2026-04-13 17:47:00
O021468,U417,63,3,2026-04-13 17:49:00
O021492,U141,41,3,2026-04-13 17:54:00
O021478,U471,36,5,2026-04-13 18:06:00
O021467,U164,6,5,2026-04-13 18:13:00
O021484,U149,7,5,2026-04-13 18:28:00
O021491,U072,13,3,2026-04-13 19:16:00
O021493,U148,70,4,2026-04-13 19:17:00
O021490,U213,54,4,2026-04-13 19:21:00
O021482,U070,74,3,2026-04-13 19:21:00
O021487,U315,100,3,2026-04-13 19:30:00
O021488,U367,66,5,2026-04-13 19:59:00
O021499,U320,87,2,2026-04-13 20:04:00
O021489,U381,49,3,2026-04-13 20:14:00
O021497,U439,56,3,2026-04-13 20:31:00
O021507,U453,96,4,2026-04-13 20:33:00
O021512,U111,76,4,2026-04-13 20:58:00
O021512,U111,22,2,2026-04-13 21:45:00
O021508,U003,26,4,2026-04-13 21:53:00
O021517,U319,8,3,2026-04-14 06:32:00
O021526,U463,7,3,2026-04-14 08:01:00
O021536,U383,13,4,2026-04-14 08:29:00
O021524,U025,13,2,2026-04-14 08:57:00
O021527,U450,101,4,2026-04-14 08:59:00
O021524,U025,101,3,2026-04-14 09:05:00
O021530,U469,17,4,2026-04-14 09:10:00
O021551,U081,95,2,2026-04-14 09:22:00
O021543,U219,66,3,2026-04-14 09:41:00
O021522,U449,58,4,2026-04-14 10:09:00
O021553,U421,74,3,2026-04-14 10:20:00
O021558,U384,39,4,2026-04-14 10:28:00
O021551,U081,13,4,2026-04-14 10:32:00
O021545,U271,15,5,2026-04-14 10:32:00
O021546,U349,100,4,2026-04-14 10:33:00
O021537,U400,40,4,2026-04-14 10:42:00
O021540,U071,85,5,2026-04-14 10:47:00
O021549,U059,26,4,2026-04-14 10:51:00
O021543,U219,99,4,2026-04-14 10:56:00
O021547,U098,54,2,2026-04-14 10:58:00
O021546,U349,78,5,2026-04-14 11:06:00
O021567,U434,98,3,2026-04-14 11:11:00
O021556,U165,3,4,2026-04-14 11:50:00
O021566,U208,100,4,2026-04-14 11:51:00
O021565,U254,68,5,2026-04-14 11:52:00
O021554,U469,19,4,2026-04-14 12:14:00
O021562,U057,79,5,2026-04-14 12:17:00
O021572,U160,49,4,2026-04-14 12:18:00
O021561,U483,43,3,2026-04-14 12:27:00
O021571,U495,64,4,2026-04-14 12:45:00
O021569,U212,13,4,2026-04-14 12:53:00
O021575,U392,1,4,2026-04-14 12:55:00
O021563,U023,102,4,2026-04-14 13:07:00
O021568,U225,43,5,2026-04-14 13:22:00
O021570,U202,42,1,2026-04-14 13:22:00
O021583,U288,72,2,2026-04-14 13:56:00
O021583,U288,34,4,2026-04-14 14:11:00
O021581,U328,1,5,2026-04-14 14:34:00
O021578,U458,101,4,2026-04-14 14:36:00
O021581,U328,102,4,2026-04-14 14:50:00
O021588,U050,93,3,2026-04-14 15:12:00
O021585,U276,28,5,2026-04-14 15:12:00
O021591,U036,2,3,2026-04-14 15:24:00
O021590,U375,24,3,2026-04-14 15:27:00
O021591,U036,96,3,2026-04-14 15:31:00
O021576,U149,6,4,2026-04-14 15:46:00
O021608,U254,59,3,2026-04-14 16:30:00
O021613,U148,99,4,2026-04-14 16:31:00
O021600,U335,84,4,2026-04-14 16:34:00
O021595,U258,2,1,2026-04-14 16:46:00
O021587,U427,99,3,2026-04-14 16:58:00
O021618,U381,98,5,2026-04-14 17:00:00
O021611,U081,100,4,2026-04-14 17:01:00
O021614,U214,45,4,2026-04-14 17:21:00
O021610,U449,101,5,2026-04-14 17:28:00
O021597,U050,33,2,2026-04-14 17:31:00
O021599,U258,37,4,2026-04-14 17:43:00
O021619,U094,101,4,2026-04-14 17:59:00
O021610,U449,1,5,2026-04-14 18:21:00
O021633,U176,96,3,2026-04-14 18:37:00
O021628,U426,37,4,2026-04-14 18:42:00
O021635,U028,91,4,2026-04-14 18:46:00
O021609,U109,7,5,2026-04-14 18:52:00
O021630,U032,53,4,2026-04-14 18:59:00
O021631,U265,36,4,2026-04-14 19:01:00
O021615,U439,1,5,2026-04-14 19:15:00
O021637,U291,35,3,2026-04-14 19:24:00
O021621,U427,99,3,2026-04-14 19:53:00
O021638,U367,63,5,2026-04-14 20:10:00
O021627,U025,101,3,2026-04-14 20:29:00
O021636,U224,26,3,2026-04-14 20:40:00
O021649,U091,76,5,2026-04-14 21:14:00
O021644,U057,34,4,2026-04-14 21:20:00
O021642,U101,28,3,2026-04-14 21:33:00
O021641,U359,41,4,2026-04-14 21:39:00
O021646,U018,44,5,2026-04-14 21:48:00
O021648,U280,72,4,2026-04-14 22:25:00
O021650,U351,35,3,2026-04-14 23:43:00
O021656,U225,43,5,2026-04-15 07:27:00
O021666,U165,100,4,2026-04-15 07:28:00
O021657,U086,101,3,2026-04-15 07:48:00
O021671,U290,2,3,2026-04-15 07:50:00
O021666,U165,57,3,2026-04-15 07:50:00
O021662,U398,97,5,2026-04-15 08:31:00
O021655,U244,94,4,2026-04-15 08:38:00
O021668,U377,101,4,2026-04-15 08:42:00
O021673,U160,39,4,2026-04-15 08:46:00
O021654,U127,33,3,2026-04-15 08:51:00
O021659,U232,101,5,2026-04-15 08:59:00
O021677,U355,43,3,2026-04-15 09:08:00
O021680,U249,95,5,2026-04-15 09:25:00
O021672,U326,102,5,2026-04-15 09:32:00
O021658,U058,35,3,2026-04-15 09:37:00
O021690,U150,24,4,2026-04-15 09:44:00
O021692,U286,42,5,2026-04-15 09:45:00
O021657,U086,98,3,2026-04-15 09:47:00
O021667,U383,71,5,2026-04-15 09:49:00
O021659,U232,73,5,2026-04-15 09:51:00
O021686,U403,84,4,2026-04-15 10:19:00
O021691,U250,101,5,2026-04-15 10:48:00
O021696,U275,13,5,2026-04-15 10:58:00
O021676,U215,47,4,2026-04-15 11:05:00
O021685,U238,28,2,2026-04-15 11:32:00
O021688,U006,86,3,2026-04-15 11:46:00
O021706,U003,99,3,2026-04-15 12:17:00
O021695,U041,61,2,2026-04-15 12:25:00
O021701,U457,1,4,2026-04-15 12:27:00
O021704,U434,77,3,2026-04-15 13:19:00
O021710,U477,70,3,2026-04-15 13:50:00
O021711,U236,92,3,2026-04-15 14:03:00
O021717,U278,9,5,2026-04-15 14:07:00
O021712,U041,33,3,2026-04-15 14:36:00
O021721,U462,66,4,2026-04-15 14:46:00
O021723,U024,89,5,2026-04-15 15:18:00
O021724,U239,83,2,2026-04-15 15:24:00
O021725,U428,9,4,2026-04-15 15:25:00
O021714,U372,28,3,2026-04-15 15:32:00
O021714,U372,68,4,2026-04-15 15:36:00
O021730,U036,2,4,2026-04-15 15:57:00
O021734,U495,95,4,2026-04-15 15:58:00
O021718,U107,32,5,2026-04-15 16:03:00
O021728,U424,99,4,2026-04-15 16:18:00
O021736,U294,28,2,2026-04-15 16:30:00
O021744,U299,6,5,2026-04-15 16:40:00
O021752,U167,3,5,2026-04-15 16:52:00
O021750,U242,40,5,2026-04-15 17:58:00
O021741,U284,71,4,2026-04-15 17:58:00
O021738,U025,73,3,2026-04-15 18:02:00
O021760,U166,101,4,2026-04-15 18:03:00
O021748,U281,65,2,2026-04-15 18:05:00
O021762,U035,45,4,2026-04-15 18:45:00
O021755,U373,15,5,2026-04-15 19:04:00
O021763,U355,2,3,2026-04-15 19:45:00
O021759,U248,49,5,2026-04-15 20:04:00
O021769,U196,27,4,2026-04-15 20:19:00
O021771,U342,39,3,2026-04-15 20:20:00
O021777,U040,91,5,2026-04-15 20:30:00
O021783,U207,27,4,2026-04-15 21:27:00
O021772,U372,97,3,2026-04-15 22:01:00
O021782,U173,13,3,2026-04-15 22:30:00
O021784,U050,85,4,2026-04-15 22:42:00
O021789,U370,4,4,2026-04-16 07:30:00
O021795,U467,102,3,2026-04-16 08:07:00
O021790,U455,16,4,2026-04-16 08:09:00
O021788,U486,101,4,2026-04-16 08:31:00
O021788,U486,4,4,2026-04-16 08:47:00
O021788,U486,6,5,2026-04-16 09:07:00
O021786,U449,67,4,2026-04-16 09:07:00
O021795,U467,46,4,2026-04-16 09:13:00
O021811,U148,85,4,2026-04-16 09:14:00
O021814,U089,11,3,2026-04-16 09:18:00
O021805,U437,91,4,2026-04-16 09:19:00
O021789,U370,22,3,2026-04-16 09:23:00
O021817,U141,45,4,2026-04-16 09:38:00
O021806,U212,18,4,2026-04-16 09:40:00
O021822,U324,72,5,2026-04-16 10:01:00
O021812,U281,96,2,2026-04-16 10:12:00
O021820,U293,83,3,2026-04-16 10:45:00
O021799,U142,77,2,2026-04-16 10:47:00
O021819,U273,7,3,2026-04-16 11:00:00
O021803,U036,2,4,2026-04-16 11:05:00
O021803,U036,9,5,2026-04-16 11:06:00
O021826,U379,30,4,2026-04-16 11:12:00
O021827,U449,82,3,2026-04-16 11:16:00
O021814,U089,25,3,2026-04-16 11:22:00
O021807,U137,101,4,2026-04-16 11:27:00
O021832,U425,79,3,2026-04-16 11:30:00
O021832,U425,54,5,2026-04-16 11:46:00
O021814,U089,101,4,2026-04-16 12:02:00
O021834,U321,83,4,2026-04-16 12:02:00
O021839,U355,102,3,2026-04-16 12:35:00
O021828,U191,36,5,2026-04-16 12:48:00
O021841,U322,84,3,2026-04-16 13:27:00
O021842,U325,44,4,2026-04-16 13:55:00
O021843,U206,87,2,2026-04-16 13:58:00
O021857,U158,88,5,2026-04-16 14:58:00
O021850,U229,68,5,2026-04-16 15:29:00
O021874,U116,43,3,2026-04-16 15:53:00
O021850,U229,60,3,2026-04-16 16:02:00
O021873,U276,45,3,2026-04-16 16:02:00
O021844,U041,37,3,2026-04-16 16:05:00
O021878,U028,41,4,2026-04-16 16:31:00
O021869,U108,64,4,2026-04-16 16:39:00
O021863,U225,50,3,2026-04-16 16:45:00
O021859,U118,78,4,2026-04-16 16:48:00
O021877,U230,52,3,2026-04-16 16:48:00
O021878,U028,75,5,2026-04-16 16:52:00
O021866,U168,101,4,2026-04-16 16:55:00
O021855,U284,71,4,2026-04-16 16:59:00
O021877,U230,102,5,2026-04-16 17:14:00
O021881,U086,22,3,2026-04-16 17:22:00
O021873,U276,73,3,2026-04-16 17:22:00
O021881,U086,100,2,2026-04-16 17:37:00
O021891,U293,24,2,2026-04-16 17:43:00
O021885,U317,102,4,2026-04-16 17:59:00
O021880,U413,49,4,2026-04-16 18:15:00
O021897,U178,24,2,2026-04-16 18:37:00
O021882,U328,77,4,2026-04-16 18:41:00
O021879,U225,101,4,2026-04-16 18:47:00
O021899,U010,101,3,2026-04-16 19:01:00
O021898,U429,7,4,2026-04-16 19:06:00
O021883,U040,91,4,2026-04-16 19:08:00
O021893,U404,7,5,2026-04-16 19:15:00
O021898,U429,98,4,2026-04-16 19:19:00
O021887,U085,7,5,2026-04-16 19:37:00
O021900,U164,101,4,2026-04-16 19:40:00
O021896,U141,41,4,2026-04-16 20:22:00
O021901,U374,38,3,2026-04-16 20:51:00
O021897,U178,27,3,2026-04-16 20:58:00
O021911,U402,100,3,2026-04-16 21:11:00
O021899,U010,48,2,2026-04-16 21:23:00
O021903,U089,82,3,2026-04-16 21:25:00
O021907,U118,63,5,2026-04-16 21:49:00
O021916,U260,65,3,2026-04-16 22:07:00
O021915,U026,59,4,2026-04-16 23:45:00
O021927,U276,27,4,2026-04-17 08:00:00
O021918,U031,9,3,2026-04-17 08:04:00
O021923,U458,100,5,2026-04-17 08:05:00
O021921,U287,1,5,2026-04-17 08:54:00
O021927,U276,28,5,2026-04-17 09:08:00
O021919,U491,88,4,2026-04-17 09:26:00
O021946,U197,30,1,2026-04-17 09:58:00
O021948,U057,80,2,2026-04-17 10:27:00
O021946,U197,6,4,2026-04-17 10:45:00
O021933,U433,57,4,2026-04-17 11:07:00
O021943,U284,19,3,2026-04-17 11:20:00
O021953,U186,86,2,2026-04-17 11:32:00
O021943,U284,100,4,2026-04-17 11:38:00
O021959,U164,8,4,2026-04-17 12:14:00
O021957,U231,83,3,2026-04-17 12:45:00
O021951,U178,30,5,2026-04-17 13:14:00
O021956,U451,7,4,2026-04-17 13:26:00
O021969,U247,95,3,2026-04-17 14:37:00
O021972,U374,43,2,2026-04-17 14:38:00
O021963,U274,101,5,2026-04-17 15:17:00
O021962,U435,42,4,2026-04-17 15:18:00
O021969,U247,100,3,2026-04-17 16:09:00
O021979,U122,30,3,2026-04-17 16:18:00
O021970,U275,101,5,2026-04-17 16:22:00
O021983,U373,19,4,2026-04-17 16:24:00
O021983,U373,98,4,2026-04-17 16:32:00
O021990,U167,34,5,2026-04-17 16:53:00
O021977,U500,76,4,2026-04-17 16:55:00
O021989,U033,6,3,2026-04-17 17:08:00
O021970,U275,60,4,2026-04-17 17:10:00
O021995,U004,84,3,2026-04-17 17:28:00
O021986,U390,19,3,2026-04-17 17:30:00
O021980,U168,96,3,2026-04-17 17:38:00
O021997,U396,101,4,2026-04-17 17:40:00
O021983,U373,67,4,2026-04-17 18:06:00
O021991,U411,78,5,2026-04-17 18:07:00
O021987,U450,27,3,2026-04-17 18:18:00
O022003,U295,93,3,2026-04-17 18:34:00
O022002,U084,96,4,2026-04-17 18:49:00
O022008,U245,83,2,2026-04-17 19:01:00
O021998,U083,27,3,2026-04-17 19:50:00
O022017,U150,69,3,2026-04-17 19:58:00
O022003,U295,102,3,2026-04-17 19:59:00
O022014,U464,64,3,2026-04-17 20:02:00
O022011,U382,70,3,2026-04-17 20:13:00
O022010,U301,15,3,2026-04-17 20:46:00
O022017,U150,50,2,2026-04-17 22:06:00
O022032,U479,5,5,2026-04-18 06:25:00
O022031,U137,100,5,2026-04-18 06:35:00
O022034,U428,98,4,2026-04-18 08:04:00
O022034,U428,10,5,2026-04-18 08:19:00
O022035,U136,75,2,2026-04-18 08:33:00
O022033,U244,22,4,2026-04-18 09:21:00
O022044,U463,90,4,2026-04-18 10:02:00
O022038,U130,101,3,2026-04-18 10:11:00
O022037,U197,24,4,2026-04-18 10:40:00
O022041,U302,7,3,2026-04-18 11:01:00
O022056,U376,100,5,2026-04-18 11:18:00
O022050,U276,29,4,2026-04-18 11:24:00
O022047,U021,100,5,2026-04-18 11:30:00
O022051,U312,23,3,2026-04-18 11:37:00
O022051,U312,77,4,2026-04-18 11:41:00
O022067,U442,80,3,2026-04-18 11:46:00
O022072,U024,83,5,2026-04-18 12:14:00
O022075,U458,41,5,2026-04-18 12:18:00
O022056,U376,35,2,2026-04-18 12:27:00
O022059,U468,22,3,2026-04-18 12:29:00
O022062,U265,37,4,2026-04-18 12:34:00
O022058,U091,74,4,2026-04-18 12:46:00
O022076,U082,79,4,2026-04-18 13:52:00
O022078,U447,12,3,2026-04-18 14:27:00
O022077,U134,49,4,2026-04-18 14:48:00
O022086,U419,23,5,2026-04-18 14:59:00
O022088,U350,28,4,2026-04-18 15:14:00
O022088,U350,13,4,2026-04-18 15:41:00
O022100,U296,20,2,2026-04-18 16:05:00
O022094,U295,98,3,2026-04-18 16:08:00
O022087,U435,92,4,2026-04-18 16:20:00
O022084,U028,82,3,2026-04-18 16:35:00
O022084,U028,91,4,2026-04-18 16:52:00
O022114,U009,92,5,2026-04-18 17:01:00
O022091,U003,75,5,2026-04-18 17:12:00
O022118,U497,73,4,2026-04-18 17:29:00
O022115,U167,78,2,2026-04-18 17:32:00
O022092,U166,12,4,2026-04-18 17:37:00
O022112,U413,96,4,2026-04-18 17:38:00
O022107,U396,101,3,2026-04-18 17:42:00
O022112,U413,102,4,2026-04-18 18:23:00
O022133,U006,73,3,2026-04-18 18:31:00
O022120,U238,60,3,2026-04-18 18:32:00
O022121,U281,95,2,2026-04-18 18:46:00
O022131,U292,54,4,2026-04-18 19:01:00
O022108,U254,68,3,2026-04-18 19:04:00
O022116,U153,68,4,2026-04-18 19:15:00
O022118,U497,69,3,2026-04-18 19:15:00
O022123,U222,76,5,2026-04-18 19:22:00
O022136,U138,28,2,2026-04-18 19:32:00
O022129,U083,27,2,2026-04-18 19:38:00
O022139,U442,54,4,2026-04-18 19:56:00
O022141,U434,29,2,2026-04-18 20:11:00
O022139,U442,100,3,2026-04-18 20:36:00
O022134,U091,76,5,2026-04-18 20:39:00
O022138,U367,57,4,2026-04-18 20:52:00
O022132,U095,65,3,2026-04-18 21:01:00
O022133,U006,89,5,2026-04-18 21:03:00
O022133,U006,99,5,2026-04-18 21:08:00
O022137,U019,48,4,2026-04-18 21:28:00
O022141,U434,42,4,2026-04-18 21:30:00
O022146,U396,50,3,2026-04-18 22:42:00
O022149,U265,91,3,2026-04-18 23:29:00
O022152,U111,36,3,2026-04-18 23:52:00
O022150,U395,78,3,2026-04-19 00:03:00
O022156,U296,34,2,2026-04-19 06:57:00
O022154,U302,101,3,2026-04-19 07:18:00
O022160,U452,15,2,2026-04-19 08:12:00
O022157,U126,70,3,2026-04-19 08:32:00
O022155,U418,68,4,2026-04-19 08:33:00
O022157,U126,81,4,2026-04-19 08:50:00
O022156,U296,1,5,2026-04-19 09:08:00
O022162,U277,54,3,2026-04-19 09:22:00
O022159,U471,36,5,2026-04-19 09:35:00
O022171,U388,90,3,2026-04-19 10:27:00
O022172,U034,74,3,2026-04-19 10:38:00
O022170,U415,29,2,2026-04-19 10:59:00
O022171,U388,34,3,2026-04-19 11:14:00
O022182,U339,42,3,2026-04-19 11:20:00
O022168,U369,7,3,2026-04-19 11:26:00
O022178,U312,6,4,2026-04-19 12:33:00
O022188,U492,100,5,2026-04-19 12:53:00
O022185,U451,69,3,2026-04-19 13:48:00
O022184,U494,100,4,2026-04-19 13:55:00
O022189,U119,102,5,2026-04-19 13:59:00
O022188,U492,52,3,2026-04-19 14:02:00
O022195,U446,101,4,2026-04-19 14:39:00
O022193,U212,13,3,2026-04-19 14:42:00
O022199,U379,54,3,2026-04-19 15:25:00
O022205,U283,28,4,2026-04-19 15:35:00
O022208,U028,41,4,2026-04-19 15:54:00
O022204,U039,101,4,2026-04-19 15:54:00
O022198,U157,14,3,2026-04-19 16:30:00
O022198,U157,10,3,2026-04-19 16:54:00
O022218,U006,65,4,2026-04-19 17:13:00
O022228,U165,77,4,2026-04-19 17:25:00
O022201,U282,13,2,2026-04-19 17:41:00
O022222,U138,31,2,2026-04-19 17:43:00
O022210,U086,100,3,2026-04-19 17:48:00
O022231,U315,91,4,2026-04-19 17:48:00
O022221,U004,32,4,2026-04-19 18:00:00
O022234,U244,68,4,2026-04-19 18:31:00
O022237,U242,54,4,2026-04-19 18:33:00
O022213,U102,100,3,2026-04-19 18:41:00
O022233,U024,57,3,2026-04-19 18:56:00
O022237,U242,102,5,2026-04-19 19:04:00
O022241,U216,81,5,2026-04-19 19:06:00
O022224,U326,45,2,2026-04-19 19:13:00
O022217,U377,34,4,2026-04-19 19:14:00
O022223,U285,26,3,2026-04-19 19:39:00
O022245,U326,102,4,2026-04-19 19:54:00
O022231,U315,92,3,2026-04-19 19:59:00
O022249,U292,94,3,2026-04-19 20:18:00
O022253,U456,98,4,2026-04-19 20:30:00
O022253,U456,80,4,2026-04-19 20:32:00
O022244,U308,62,4,2026-04-19 20:44:00
O022239,U168,79,4,2026-04-19 21:00:00
O022243,U285,42,2,2026-04-19 21:01:00
O022258,U328,1,5,2026-04-19 21:08:00
O022255,U316,100,4,2026-04-19 21:48:00
O022252,U028,76,4,2026-04-19 22:13:00
O022257,U207,59,3,2026-04-19 22:17:00
O022249,U292,15,2,2026-04-19 22:41:00
O022261,U259,100,4,2026-04-19 23:16:00
O022257,U207,27,4,2026-04-19 23:41:00
O022264,U241,83,3,2026-04-20 07:03:00
O022263,U179,101,4,2026-04-20 07:09:00
O022269,U342,39,4,2026-04-20 07:37:00
O022274,U400,100,5,2026-04-20 09:20:00
O022288,U036,65,3,2026-04-20 09:28:00
O022279,U164,100,5,2026-04-20 09:30:00
O022279,U164,6,5,2026-04-20 09:41:00
O022280,U477,19,3,2026-04-20 09:44:00
O022287,U322,32,4,2026-04-20 09:47:00
O022308,U437,94,5,2026-04-20 10:10:00
O022290,U166,12,3,2026-04-20 10:18:00
O022289,U029,12,5,2026-04-20 10:35:00
O022274,U400,36,3,2026-04-20 10:47:00
O022277,U043,37,3,2026-04-20 10:48:00
O022290,U166,100,5,2026-04-20 10:53:00
O022300,U225,102,4,2026-04-20 10:56:00
O022276,U035,101,3,2026-04-20 11:01:00
O022291,U464,9,4,2026-04-20 11:02:00
O022276,U035,9,2,2026-04-20 11:03:00
O022310,U281,19,4,2026-04-20 11:03:00
O022286,U469,5,4,2026-04-20 11:04:00
O022309,U388,7,5,2026-04-20 11:09:00
O022286,U469,15,4,2026-04-20 11:18:00
O022289,U029,100,4,2026-04-20 11:25:00
O022314,U353,68,4,2026-04-20 11:45:00
O022299,U433,90,3,2026-04-20 11:50:00
O022292,U324,30,3,2026-04-20 11:55:00
O022300,U225,13,3,2026-04-20 12:06:00
O022311,U375,15,4,2026-04-20 12:07:00
O022323,U374,30,2,2026-04-20 12:29:00
O022313,U212,13,4,2026-04-20 13:03:00
O022326,U382,101,3,2026-04-20 13:15:00
O022315,U407,22,4,2026-04-20 13:48:00
O022329,U033,6,4,2026-04-20 14:05:00
O022322,U458,91,5,2026-04-20 14:11:00
O022317,U057,83,4,2026-04-20 14:15:00
O022336,U072,72,3,2026-04-20 14:32:00
O022339,U421,91,5,2026-04-20 15:14:00
O022331,U320,6,4,2026-04-20 15:34:00
O022346,U407,34,3,2026-04-20 15:37:00
O022331,U320,2,3,2026-04-20 15:43:00
O022332,U094,6,3,2026-04-20 15:44:00
O022343,U378,101,4,2026-04-20 16:14:00
O022348,U370,22,4,2026-04-20 16:37:00
O022342,U485,7,3,2026-04-20 17:06:00
O022359,U321,83,3,2026-04-20 17:25:00
O022367,U307,64,4,2026-04-20 17:46:00
O022360,U108,7,4,2026-04-20 17:47:00
O022361,U136,75,2,2026-04-20 18:02:00
O022370,U028,100,4,2026-04-20 18:06:00
O022356,U445,90,4,2026-04-20 18:13:00
O022366,U324,102,5,2026-04-20 18:31:00
O022349,U489,16,5,2026-04-20 18:32:00
O022350,U277,2,1,2026-04-20 18:38:00
O022367,U307,52,4,2026-04-20 19:31:00
O022364,U377,101,4,2026-04-20 19:37:00
O022371,U163,58,3,2026-04-20 20:16:00
O022382,U230,50,3,2026-04-20 20:35:00
O022387,U379,9,2,2026-04-20 21:05:00
O022388,U360,27,3,2026-04-20 21:10:00
O022389,U328,97,3,2026-04-20 21:15:00
O022373,U404,41,3,2026-04-20 21:20:00
O022387,U379,101,5,2026-04-20 21:49:00
O022391,U482,47,2,2026-04-20 23:08:00
O022389,U328,101,4,2026-04-20 23:20:00
O022398,U479,1,5,2026-04-21 08:22:00
O022402,U001,101,5,2026-04-21 08:44:00
O022406,U419,23,4,2026-04-21 08:56:00
O022399,U083,100,4,2026-04-21 08:58:00
O022396,U229,60,4,2026-04-21 09:21:00
O022396,U229,58,2,2026-04-21 09:21:00
O022414,U148,7,4,2026-04-21 09:26:00
O022413,U043,99,4,2026-04-21 09:40:00
O022401,U109,101,4,2026-04-21 10:13:00
O022406,U419,100,5,2026-04-21 10:15:00
O022419,U107,31,3,2026-04-21 10:19:00
O022419,U107,40,2,2026-04-21 10:26:00
O022416,U020,41,2,2026-04-21 10:43:00
O022406,U419,60,4,2026-04-21 10:49:00
O022420,U154,83,3,2026-04-21 10:52:00
O022422,U377,49,3,2026-04-21 10:52:00
O022421,U072,8,3,2026-04-21 11:16:00
O022417,U396,66,4,2026-04-21 11:21:00
O022420,U154,100,4,2026-04-21 11:39:00
O022423,U127,90,1,2026-04-21 11:46:00
O022411,U271,101,5,2026-04-21 11:46:00
O022423,U127,101,4,2026-04-21 12:13:00
O022421,U072,101,3,2026-04-21 12:27:00
O022432,U120,26,4,2026-04-21 13:20:00
O022429,U435,43,3,2026-04-21 13:23:00
O022426,U101,89,5,2026-04-21 13:29:00
O022436,U229,10,3,2026-04-21 13:34:00
O022426,U101,54,3,2026-04-21 13:46:00
O022441,U165,40,2,2026-04-21 13:50:00
O022440,U034,27,1,2026-04-21 14:00:00
O022431,U369,47,3,2026-04-21 14:30:00
O022449,U463,83,5,2026-04-21 14:39:00
O022441,U165,101,4,2026-04-21 15:00:00
O022443,U094,73,2,2026-04-21 15:00:00
O022436,U229,99,3,2026-04-21 15:21:00
O022463,U183,101,4,2026-04-21 15:27:00
O022473,U073,76,3,2026-04-21 16:24:00
O022447,U016,44,4,2026-04-21 16:29:00
O022469,U159,91,4,2026-04-21 16:30:00
O022455,U273,6,5,2026-04-21 16:40:00
O022457,U463,89,3,2026-04-21 16:44:00
O022467,U124,49,5,2026-04-21 16:57:00
O022464,U312,82,2,2026-04-21 17:12:00
O022482,U413,91,4,2026-04-21 17:48:00
O022475,U095,98,3,2026-04-21 17:49:00
O022472,U276,35,5,2026-04-21 18:07:00
O022477,U411,99,4,2026-04-21 18:11:00
O022487,U307,52,3,2026-04-21 18:21:00
O022475,U095,88,2,2026-04-21 18:33:00
O022477,U411,102,5,2026-04-21 18:59:00
O022493,U351,71,4,2026-04-21 19:31:00
O022489,U003,26,4,2026-04-21 20:09:00
O022491,U443,102,3,2026-04-21 20:16:00
O022500,U421,35,3,2026-04-21 20:31:00
O022490,U245,101,5,2026-04-21 20:57:00
O022502,U039,63,4,2026-04-21 21:04:00
O022503,U422,94,4,2026-04-21 21:04:00
O022494,U333,101,3,2026-04-21 21:10:00
O022501,U018,96,3,2026-04-21 22:03:00
O022496,U359,75,5,2026-04-21 22:12:00
O022509,U456,80,5,2026-04-21 23:39:00
O022510,U372,99,2,2026-04-21 23:40:00
O022508,U381,36,5,2026-04-22 00:33:00
O022512,U449,80,2,2026-04-22 06:57:00
O022518,U454,102,4,2026-04-22 07:42:00
O022515,U250,5,4,2026-04-22 07:54:00
O022527,U324,72,4,2026-04-22 07:59:00
O022520,U127,85,2,2026-04-22 08:07:00
O022515,U250,101,4,2026-04-22 08:07:00
O022522,U284,83,2,2026-04-22 08:17:00
O022522,U284,82,4,2026-04-22 08:21:00
O022532,U024,89,5,2026-04-22 08:23:00
O022534,U234,99,4,2026-04-22 08:26:00
O022538,U352,57,3,2026-04-22 09:32:00
O022517,U083,101,5,2026-04-22 09:39:00
O022522,U284,98,4,2026-04-22 09:42:00
O022540,U467,35,2,2026-04-22 10:04:00
O022554,U307,100,4,2026-04-22 10:05:00
O022546,U033,98,3,2026-04-22 10:10:00
O022524,U326,90,1,2026-04-22 10:29:00
O022523,U219,99,3,2026-04-22 10:34:00
O022548,U467,89,5,2026-04-22 10:46:00
O022546,U033,6,4,2026-04-22 10:48:00
O022531,U419,24,3,2026-04-22 10:51:00
O022529,U299,32,3,2026-04-22 10:53:00
O022539,U244,17,3,2026-04-22 11:08:00
O022539,U244,101,4,2026-04-22 11:11:00
O022560,U045,52,3,2026-04-22 11:17:00
O022543,U338,26,3,2026-04-22 11:19:00
O022560,U045,75,5,2026-04-22 11:31:00
O022551,U108,29,4,2026-04-22 11:34:00
O022561,U029,20,4,2026-04-22 12:02:00
O022553,U326,72,4,2026-04-22 12:22:00
O022558,U440,41,2,2026-04-22 12:40:00
O022559,U168,82,5,2026-04-22 12:56:00
O022567,U342,101,4,2026-04-22 13:15:00
O022557,U413,44,5,2026-04-22 13:30:00
O022564,U344,74,4,2026-04-22 13:33:00
O022573,U057,88,4,2026-04-22 13:39:00
O022562,U319,4,3,2026-04-22 13:56:00
O022571,U102,23,4,2026-04-22 14:01:00
O022561,U029,100,5,2026-04-22 14:01:00
O022579,U259,57,3,2026-04-22 14:01:00
O022574,U247,94,5,2026-04-22 14:48:00
O022579,U259,40,3,2026-04-22 14:52:00
O022581,U280,11,4,2026-04-22 14:52:00
O022584,U029,66,5,2026-04-22 15:27:00
O022576,U447,101,5,2026-04-22 15:38:00
O022590,U122,7,3,2026-04-22 15:46:00
O022588,U311,27,2,2026-04-22 16:53:00
O022587,U402,3,4,2026-04-22 17:13:00
O022592,U284,100,3,2026-04-22 17:16:00
O022593,U397,100,4,2026-04-22 17:34:00
O022601,U242,54,5,2026-04-22 17:41:00
O022599,U304,30,3,2026-04-22 17:43:00
O022594,U322,100,4,2026-04-22 17:48:00
O022597,U420,37,5,2026-04-22 17:53:00
O022592,U284,99,4,2026-04-22 17:55:00
O022594,U322,36,3,2026-04-22 18:21:00
O022596,U392,1,4,2026-04-22 18:25:00
O022598,U125,23,5,2026-04-22 18:29:00
O022610,U072,63,4,2026-04-22 18:29:00
O022611,U442,56,4,2026-04-22 20:06:00
O022624,U271,23,4,2026-04-22 20:19:00
O022616,U291,70,5,2026-04-22 21:01:00
O022629,U472,62,4,2026-04-22 21:16:00
O022632,U070,78,4,2026-04-22 21:46:00
O022630,U134,62,3,2026-04-22 23:29:00
O022629,U472,102,4,2026-04-22 23:32:00
O022645,U281,25,4,2026-04-23 07:52:00
O022651,U204,1,5,2026-04-23 08:48:00
O022649,U390,93,2,2026-04-23 09:02:00
O022654,U243,42,5,2026-04-23 09:05:00
O022662,U106,43,3,2026-04-23 09:44:00
O022670,U424,89,4,2026-04-23 09:58:00
O022663,U168,82,4,2026-04-23 10:08:00
O022650,U238,6,4,2026-04-23 10:09:00
O022640,U305,77,5,2026-04-23 10:29:00
O022664,U293,29,4,2026-04-23 10:38:00
O022651,U204,101,5,2026-04-23 10:42:00
O022653,U005,2,3,2026-04-23 11:24:00
O022658,U226,85,4,2026-04-23 11:39:00
O022673,U359,102,5,2026-04-23 12:24:00
O022685,U451,20,3,2026-04-23 13:14:00
O022675,U269,73,5,2026-04-23 13:31:00
O022678,U276,28,4,2026-04-23 14:10:00
O022687,U367,100,4,2026-04-23 14:20:00
O022683,U333,16,3,2026-04-23 14:54:00
O022680,U089,54,3,2026-04-23 14:56:00
O022683,U333,54,4,2026-04-23 15:16:00
O022704,U492,89,4,2026-04-23 15:17:00
O022703,U154,83,2,2026-04-23 15:19:00
O022694,U453,34,5,2026-04-23 15:52:00
O022692,U449,80,3,2026-04-23 15:59:00
O022701,U102,22,3,2026-04-23 16:15:00
O022697,U410,33,4,2026-04-23 16:22:00
O022700,U214,44,3,2026-04-23 16:29:00
O022698,U421,41,4,2026-04-23 16:41:00
O022700,U214,36,5,2026-04-23 16:50:00
O022703,U154,85,4,2026-04-23 17:12:00
O022718,U321,83,4,2026-04-23 17:27:00
O022709,U377,101,4,2026-04-23 17:38:00
O022720,U494,15,5,2026-04-23 17:39:00
O022724,U212,13,4,2026-04-23 17:42:00
O022699,U074,71,4,2026-04-23 17:46:00
O022732,U111,70,2,2026-04-23 17:58:00
O022728,U071,85,3,2026-04-23 18:03:00
O022712,U037,76,4,2026-04-23 18:11:00
O022739,U150,85,2,2026-04-23 18:45:00
O022731,U127,9,2,2026-04-23 18:47:00
O022725,U479,101,4,2026-04-23 18:58:00
O022734,U360,8,5,2026-04-23 19:02:00
O022744,U367,57,5,2026-04-23 19:10:00
O022740,U197,6,4,2026-04-23 19:14:00
O022735,U274,61,4,2026-04-23 19:26:00
O022743,U150,95,3,2026-04-23 19:37:00
O022736,U101,62,2,2026-04-23 19:44:00
O022749,U455,22,3,2026-04-23 20:09:00
O022752,U280,11,4,2026-04-23 20:30:00
O022742,U354,67,3,2026-04-23 20:45:00
O022749,U455,16,4,2026-04-23 21:03:00
O022750,U027,102,3,2026-04-23 21:19:00
O022748,U463,51,3,2026-04-23 21:30:00
O022757,U049,69,4,2026-04-23 21:34:00
O022762,U198,60,3,2026-04-23 22:28:00
O022764,U263,27,2,2026-04-23 23:52:00
O022763,U435,92,3,2026-04-24 00:12:00
O022765,U500,81,3,2026-04-24 00:38:00
O022766,U370,22,3,2026-04-24 06:37:00
O022769,U273,24,2,2026-04-24 08:15:00
O022773,U391,101,4,2026-04-24 08:50:00
O022775,U006,2,3,2026-04-24 08:54:00
O022781,U148,85,5,2026-04-24 09:06:00
O022768,U204,45,3,2026-04-24 09:27:00
O022785,U297,100,4,2026-04-24 09:39:00
O022778,U308,27,4,2026-04-24 10:07:00
O022784,U231,11,3,2026-04-24 10:16:00
O022779,U399,23,1,2026-04-24 10:24:00
O022793,U275,100,3,2026-04-24 11:05:00
O022783,U238,101,4,2026-04-24 11:38:00
O022786,U026,59,3,2026-04-24 11:54:00
O022797,U492,86,3,2026-04-24 12:22:00
O022799,U413,98,4,2026-04-24 12:26:00
O022794,U248,45,3,2026-04-24 12:32:00
O022808,U326,90,2,2026-04-24 12:36:00
O022794,U248,6,4,2026-04-24 12:37:00
O022799,U413,100,4,2026-04-24 12:40:00
O022807,U374,38,3,2026-04-24 12:44:00
O022800,U408,27,5,2026-04-24 13:02:00
O022799,U413,92,4,2026-04-24 13:17:00
O022805,U149,74,4,2026-04-24 13:48:00
O022803,U101,46,4,2026-04-24 14:21:00
O022817,U222,79,3,2026-04-24 14:31:00
O022832,U446,38,3,2026-04-24 15:41:00
O022835,U500,75,4,2026-04-24 15:44:00
O022831,U016,42,4,2026-04-24 15:45:00
O022813,U067,60,5,2026-04-24 15:48:00
O022828,U196,102,5,2026-04-24 15:54:00
O022819,U276,101,3,2026-04-24 16:06:00
O022836,U289,60,4,2026-04-24 16:11:00
O022813,U067,19,2,2026-04-24 16:11:00
O022821,U410,41,4,2026-04-24 16:13:00
O022834,U464,64,3,2026-04-24 16:16:00
O022823,U269,98,4,2026-04-24 16:17:00
O022838,U439,1,4,2026-04-24 16:25:00
O022829,U477,27,4,2026-04-24 16:37:00
O022816,U101,31,3,2026-04-24 16:38:00
O022840,U467,51,3,2026-04-24 16:45:00
O022844,U333,64,5,2026-04-24 17:05:00
O022835,U500,101,4,2026-04-24 17:28:00
O022837,U142,7,5,2026-04-24 17:39:00
O022830,U437,36,5,2026-04-24 17:45:00
O022836,U289,100,4,2026-04-24 17:46:00
O022840,U467,89,4,2026-04-24 18:39:00
O022846,U059,102,4,2026-04-24 18:52:00
O022842,U053,91,3,2026-04-24 19:22:00
O022855,U084,75,3,2026-04-24 21:23:00
O022862,U050,81,2,2026-04-24 21:36:00
O022857,U213,76,5,2026-04-24 21:46:00
O022857,U213,96,3,2026-04-24 22:23:00
O022860,U248,36,3,2026-04-24 22:28:00
O022857,U213,101,3,2026-04-24 23:03:00
O022867,U197,6,5,2026-04-25 09:43:00
O022866,U479,5,5,2026-04-25 10:16:00
O022878,U404,101,4,2026-04-25 11:32:00
O022893,U035,43,3,2026-04-25 11:43:00
O022872,U404,7,4,2026-04-25 12:01:00
O022874,U229,35,3,2026-04-25 12:12:00
O022889,U076,54,3,2026-04-25 12:22:00
O022880,U244,85,3,2026-04-25 12:31:00
O022886,U229,100,3,2026-04-25 12:33:00
O022901,U020,64,3,2026-04-25 12:59:00
O022885,U125,77,3,2026-04-25 13:02:00
O022902,U380,60,4,2026-04-25 13:16:00
O022884,U465,34,4,2026-04-25 13:21:00
O022892,U275,101,4,2026-04-25 13:48:00
O022899,U093,10,3,2026-04-25 14:00:00
O022906,U018,37,5,2026-04-25 14:11:00
O022903,U464,74,3,2026-04-25 14:46:00
O022910,U028,100,5,2026-04-25 14:54:00
O022918,U344,90,3,2026-04-25 15:08:00
O022916,U212,14,4,2026-04-25 16:13:00
O022917,U439,19,3,2026-04-25 16:14:00
O022919,U292,2,4,2026-04-25 16:14:00
O022911,U381,96,3,2026-04-25 16:16:00
O022913,U255,49,2,2026-04-25 16:22:00
O022920,U470,6,3,2026-04-25 16:27:00
O022918,U344,46,4,2026-04-25 16:32:00
O022915,U402,3,5,2026-04-25 16:32:00
O022924,U086,57,2,2026-04-25 16:43:00
O022930,U119,75,4,2026-04-25 16:58:00
O022931,U367,66,4,2026-04-25 17:12:00
O022925,U216,99,3,2026-04-25 17:33:00
O022941,U491,47,4,2026-04-25 17:36:00
O022927,U101,90,5,2026-04-25 17:52:00
O022926,U411,36,5,2026-04-25 18:02:00
O022939,U413,71,3,2026-04-25 18:09:00
O022941,U491,41,3,2026-04-25 18:13:00
O022943,U175,82,5,2026-04-25 18:31:00
O022953,U340,101,3,2026-04-25 18:37:00
O022928,U286,49,5,2026-04-25 18:38:00
O022945,U003,101,4,2026-04-25 19:01:00
O022937,U443,78,3,2026-04-25 19:09:00
O022932,U407,22,5,2026-04-25 19:14:00
O022951,U116,39,3,2026-04-25 19:32:00
O022950,U369,7,3,2026-04-25 19:34:00
O022959,U138,63,4,2026-04-25 19:40:00
O022952,U447,10,5,2026-04-25 19:42:00
O022946,U500,81,3,2026-04-25 19:45:00
O022941,U491,98,4,2026-04-25 19:47:00
O022961,U276,45,2,2026-04-25 19:53:00
O022944,U178,30,4,2026-04-25 19:54:00
O022946,U500,100,3,2026-04-25 20:03:00
O022965,U328,1,5,2026-04-25 20:29:00
O022947,U035,77,3,2026-04-25 20:38:00
O022954,U003,2,2,2026-04-25 21:06:00
O022958,U265,36,3,2026-04-25 21:20:00
O022963,U224,32,4,2026-04-25 21:36:00
O022962,U213,78,3,2026-04-25 22:05:00
O022972,U253,18,4,2026-04-25 22:20:00
O022968,U378,102,3,2026-04-25 23:16:00
O022972,U253,20,3,2026-04-25 23:52:00
O022975,U130,100,5,2026-04-26 07:58:00
O022977,U165,69,5,2026-04-26 08:33:00
O022977,U165,73,4,2026-04-26 09:44:00
O022984,U126,36,4,2026-04-26 10:03:00
O022985,U167,66,3,2026-04-26 10:24:00
O022980,U098,87,3,2026-04-26 10:27:00
O022987,U294,6,4,2026-04-26 10:35:00
O022989,U455,19,3,2026-04-26 10:44:00
O022981,U142,7,5,2026-04-26 10:54:00
O022991,U089,100,3,2026-04-26 10:55:00
O022981,U142,101,4,2026-04-26 11:00:00
O022989,U455,22,4,2026-04-26 11:22:00
O022995,U419,59,3,2026-04-26 11:34:00
O022997,U362,27,5,2026-04-26 11:44:00
O022995,U419,79,2,2026-04-26 12:01:00
O022997,U362,99,3,2026-04-26 12:02:00
O022990,U304,101,4,2026-04-26 12:08:00
O023003,U206,27,4,2026-04-26 12:10:00
O023002,U005,5,3,2026-04-26 12:12:00
O023009,U291,77,5,2026-04-26 12:21:00
O023009,U291,80,5,2026-04-26 12:21:00
O022994,U248,43,5,2026-04-26 12:33:00
O023007,U429,88,3,2026-04-26 12:39:00
O023001,U109,99,4,2026-04-26 12:41:00
O023005,U281,19,5,2026-04-26 12:43:00
O023011,U165,77,5,2026-04-26 13:09:00
O023016,U083,27,4,2026-04-26 15:25:00
O023019,U482,102,4,2026-04-26 15:34:00
O023022,U293,100,3,2026-04-26 16:56:00
O023029,U035,41,4,2026-04-26 17:03:00
O023035,U041,102,4,2026-04-26 17:35:00
O023039,U108,30,3,2026-04-26 17:41:00
O023021,U360,5,5,2026-04-26 18:01:00
O023024,U456,6,4,2026-04-26 18:09:00
O023027,U022,101,4,2026-04-26 18:12:00
O023032,U213,68,3,2026-04-26 18:23:00
O023053,U248,37,4,2026-04-26 18:33:00
O023034,U438,80,4,2026-04-26 18:35:00
O023023,U493,23,4,2026-04-26 18:40:00
O023048,U028,71,5,2026-04-26 18:43:00
O023052,U285,26,4,2026-04-26 18:54:00
O023048,U028,91,4,2026-04-26 18:56:00
O023047,U104,91,1,2026-04-26 18:59:00
O023033,U163,60,3,2026-04-26 19:13:00
O023037,U411,28,4,2026-04-26 19:17:00
O023058,U455,88,4,2026-04-26 19:49:00
O023060,U095,62,3,2026-04-26 20:04:00
O023068,U382,77,2,2026-04-26 20:18:00
O023065,U058,27,5,2026-04-26 20:30:00
O023045,U293,75,1,2026-04-26 20:35:00
O023057,U453,58,3,2026-04-26 20:51:00
O023069,U367,102,4,2026-04-26 21:19:00
O023069,U367,53,4,2026-04-26 22:25:00
O023082,U021,11,2,2026-04-27 07:38:00
O023074,U415,2,4,2026-04-27 07:55:00
O023081,U141,100,3,2026-04-27 08:35:00
O023089,U421,98,4,2026-04-27 08:47:00
O023090,U271,101,5,2026-04-27 08:54:00
O023095,U374,94,3,2026-04-27 09:03:00
O023097,U293,31,5,2026-04-27 09:10:00
O023085,U232,73,5,2026-04-27 09:27:00
O023081,U141,33,4,2026-04-27 09:44:00
O023096,U469,101,4,2026-04-27 09:56:00
O023102,U212,101,3,2026-04-27 10:04:00
O023107,U012,7,3,2026-04-27 10:10:00
O023115,U375,24,2,2026-04-27 10:13:00
O023101,U301,101,4,2026-04-27 10:17:00
O023087,U233,102,4,2026-04-27 10:19:00
O023087,U233,50,3,2026-04-27 10:31:00
O023092,U335,101,3,2026-04-27 10:33:00
O023091,U058,29,4,2026-04-27 10:55:00
O023098,U277,54,4,2026-04-27 10:58:00
O023124,U101,54,2,2026-04-27 11:32:00
O023104,U094,4,4,2026-04-27 11:44:00
O023124,U101,100,4,2026-04-27 11:52:00
O023132,U167,101,4,2026-04-27 11:58:00
O023117,U244,98,5,2026-04-27 12:06:00
O023110,U225,52,3,2026-04-27 12:16:00
O023126,U271,101,5,2026-04-27 12:20:00
O023129,U361,56,3,2026-04-27 12:39:00
O023117,U244,68,3,2026-04-27 12:50:00
O023120,U268,102,3,2026-04-27 12:51:00
O023119,U102,101,2,2026-04-27 12:56:00
O023128,U349,16,4,2026-04-27 13:13:00
O023124,U101,53,3,2026-04-27 13:19:00
O023132,U167,6,3,2026-04-27 13:35:00
O023135,U006,76,3,2026-04-27 14:08:00
O023151,U074,7,5,2026-04-27 15:15:00
O023151,U074,10,5,2026-04-27 15:24:00
O023143,U274,64,4,2026-04-27 15:45:00
O023140,U057,79,5,2026-04-27 15:48:00
O023158,U293,26,4,2026-04-27 15:51:00
O023147,U419,72,4,2026-04-27 15:58:00
O023148,U284,72,3,2026-04-27 16:05:00
O023139,U316,94,4,2026-04-27 16:24:00
O023148,U284,25,3,2026-04-27 16:30:00
O023144,U176,54,4,2026-04-27 16:39:00
O023146,U142,101,5,2026-04-27 16:41:00
O023155,U374,38,5,2026-04-27 16:56:00
O023167,U464,1,5,2026-04-27 17:14:00
O023158,U293,35,4,2026-04-27 17:28:00
O023171,U067,100,3,2026-04-27 17:56:00
O023175,U213,54,5,2026-04-27 19:20:00
O023174,U328,41,3,2026-04-27 19:29:00
O023184,U168,77,4,2026-04-27 19:36:00
O023169,U372,52,2,2026-04-27 19:42:00
O023173,U284,15,3,2026-04-27 19:53:00
O023176,U220,100,4,2026-04-27 19:56:00
O023193,U360,96,3,2026-04-27 21:09:00
O023185,U489,19,3,2026-04-27 21:32:00
O023191,U443,77,4,2026-04-27 21:44:00
O023197,U159,54,3,2026-04-27 22:54:00
O023198,U202,81,3,2026-04-28 07:03:00
O023203,U333,28,4,2026-04-28 07:44:00
O023204,U397,28,5,2026-04-28 07:55:00
O023209,U301,15,4,2026-04-28 08:02:00
O023201,U072,8,3,2026-04-28 08:28:00
O023212,U215,90,5,2026-04-28 08:32:00
O023208,U326,63,4,2026-04-28 08:59:00
O023207,U383,101,4,2026-04-28 09:00:00
O023201,U072,63,5,2026-04-28 09:34:00
O023227,U413,44,5,2026-04-28 10:08:00
O023222,U098,54,3,2026-04-28 10:08:00
O023217,U057,79,5,2026-04-28 10:22:00
O023210,U479,7,3,2026-04-28 10:23:00
O023222,U098,74,2,2026-04-28 10:24:00
O023236,U094,4,4,2026-04-28 10:26:00
O023235,U025,101,3,2026-04-28 10:33:00
O023215,U165,89,3,2026-04-28 10:39:00
O023213,U137,2,5,2026-04-28 10:39:00
O023223,U244,9,4,2026-04-28 10:41:00
O023241,U004,36,4,2026-04-28 11:00:00
O023242,U144,43,5,2026-04-28 11:26:00
O023236,U094,101,2,2026-04-28 11:51:00
O023245,U276,45,3,2026-04-28 11:51:00
O023240,U260,78,4,2026-04-28 12:37:00
O023237,U033,101,3,2026-04-28 12:39:00
O023246,U464,100,4,2026-04-28 12:42:00
O023243,U457,98,4,2026-04-28 13:11:00
O023252,U278,72,4,2026-04-28 13:51:00
O023265,U169,77,3,2026-04-28 14:08:00
O023261,U293,32,4,2026-04-28 14:20:00
O023255,U469,99,4,2026-04-28 14:30:00
O023259,U494,73,3,2026-04-28 14:32:00
O023248,U401,80,3,2026-04-28 14:34:00
O023266,U463,47,3,2026-04-28 14:55:00
O023257,U428,2,4,2026-04-28 15:15:00
O023273,U411,81,5,2026-04-28 15:19:00
O023272,U018,101,4,2026-04-28 15:32:00
O023264,U197,5,3,2026-04-28 16:04:00
O023275,U451,7,5,2026-04-28 16:10:00
O023277,U227,77,2,2026-04-28 16:28:00
O023273,U411,78,5,2026-04-28 16:36:00
O023287,U404,102,3,2026-04-28 16:51:00
O023296,U280,68,3,2026-04-28 17:55:00
O023280,U111,41,2,2026-04-28 18:20:00
O023283,U429,1,5,2026-04-28 18:38:00
O023280,U111,54,3,2026-04-28 18:52:00
O023296,U280,71,4,2026-04-28 19:10:00
O023303,U169,87,3,2026-04-28 19:50:00
O023295,U388,101,3,2026-04-28 19:52:00
O023309,U213,76,5,2026-04-28 20:22:00
O023299,U086,22,3,2026-04-28 20:22:00
O023304,U224,75,3,2026-04-28 20:36:00
O023304,U224,64,5,2026-04-28 21:19:00
O023315,U208,21,5,2026-04-28 21:52:00
O023314,U114,6,2,2026-04-28 22:55:00
O023312,U331,32,3,2026-04-28 23:11:00
O023314,U114,99,4,2026-04-28 23:16:00
O023315,U208,49,3,2026-04-28 23:20:00
O023321,U494,73,3,2026-04-29 07:21:00
O023322,U025,102,3,2026-04-29 07:46:00
O023319,U197,6,5,2026-04-29 07:49:00
O023329,U001,19,5,2026-04-29 08:33:00
O023341,U458,91,5,2026-04-29 09:02:00
O023326,U415,101,3,2026-04-29 09:10:00
O023336,U363,36,4,2026-04-29 09:40:00
O023325,U083,2,4,2026-04-29 09:43:00
O023337,U428,7,4,2026-04-29 10:19:00
O023347,U109,7,4,2026-04-29 10:22:00
O023344,U479,54,3,2026-04-29 10:23:00
O023351,U471,53,5,2026-04-29 10:28:00
O023348,U108,98,3,2026-04-29 11:04:00
O023348,U108,30,2,2026-04-29 12:11:00
O023363,U140,59,4,2026-04-29 12:58:00
O023359,U239,24,5,2026-04-29 13:47:00
O023378,U154,83,3,2026-04-29 14:17:00
O023381,U328,1,5,2026-04-29 14:40:00
O023369,U347,101,5,2026-04-29 15:00:00
O023367,U035,39,3,2026-04-29 15:37:00
O023394,U035,37,4,2026-04-29 15:41:00
O023368,U457,40,4,2026-04-29 15:53:00
O023380,U178,6,2,2026-04-29 16:20:00
O023394,U035,100,4,2026-04-29 16:36:00
O023400,U192,26,3,2026-04-29 16:36:00
O023384,U497,76,5,2026-04-29 16:47:00
O023399,U020,64,4,2026-04-29 16:48:00
O023389,U343,54,3,2026-04-29 16:51:00
O023386,U402,3,5,2026-04-29 16:56:00
O023398,U384,95,3,2026-04-29 17:07:00
O023387,U374,30,4,2026-04-29 17:08:00
O023391,U151,17,3,2026-04-29 17:11:00
O023410,U062,68,4,2026-04-29 17:29:00
O023385,U491,81,4,2026-04-29 17:29:00
O023404,U072,63,4,2026-04-29 17:36:00
O023395,U379,49,2,2026-04-29 17:44:00
O023413,U411,100,4,2026-04-29 18:03:00
O023390,U498,63,4,2026-04-29 18:08:00
O023409,U304,54,5,2026-04-29 18:14:00
O023407,U452,47,2,2026-04-29 18:15:00
O023397,U401,91,2,2026-04-29 18:23:00
O023404,U072,8,3,2026-04-29 18:29:00
O023405,U491,27,3,2026-04-29 18:45:00
O023415,U424,89,4,2026-04-29 18:46:00
O023416,U500,76,2,2026-04-29 19:02:00
O023404,U072,65,2,2026-04-29 19:09:00
O023414,U206,59,3,2026-04-29 19:22:00
O023406,U500,34,2,2026-04-29 19:23:00
O023416,U500,100,4,2026-04-29 19:44:00
O023417,U093,101,5,2026-04-29 19:45:00
O023420,U275,19,5,2026-04-29 19:59:00
O023427,U308,96,3,2026-04-29 20:00:00
O023415,U424,101,3,2026-04-29 20:28:00
O023424,U189,26,2,2026-04-29 20:47:00
O023432,U265,77,3,2026-04-29 20:55:00
O023421,U470,8,4,2026-04-29 21:00:00
O023430,U254,59,4,2026-04-29 21:30:00
O023428,U178,33,4,2026-04-29 21:33:00
O023429,U181,82,3,2026-04-29 22:18:00
O023436,U370,6,3,2026-04-30 06:22:00
O023450,U377,53,5,2026-04-30 07:48:00
O023447,U486,6,5,2026-04-30 07:54:00
O023463,U180,101,4,2026-04-30 08:06:00
O023445,U449,62,4,2026-04-30 08:09:00
O023461,U352,8,4,2026-04-30 08:23:00
O023456,U469,21,3,2026-04-30 08:27:00
O023462,U137,30,4,2026-04-30 08:33:00
O023465,U229,65,3,2026-04-30 08:41:00
O023447,U486,101,4,2026-04-30 08:44:00
O023466,U289,101,4,2026-04-30 08:51:00
O023460,U428,22,3,2026-04-30 08:58:00
O023441,U296,6,4,2026-04-30 09:08:00
O023457,U374,38,4,2026-04-30 09:29:00
O023449,U402,64,4,2026-04-30 09:37:00
O023460,U428,6,3,2026-04-30 09:41:00
O023463,U180,13,4,2026-04-30 09:51:00
O023475,U102,101,4,2026-04-30 10:00:00
O023471,U437,37,4,2026-04-30 10:06:00
O023487,U105,29,3,2026-04-30 10:20:00
O023491,U122,10,2,2026-04-30 10:33:00
O023467,U333,39,3,2026-04-30 10:45:00
O023475,U102,50,2,2026-04-30 10:51:00
O023472,U094,6,5,2026-04-30 10:59:00
O023497,U396,50,3,2026-04-30 11:13:00
O023483,U281,96,3,2026-04-30 11:22:00
O023468,U479,32,3,2026-04-30 11:22:00
O023478,U449,80,3,2026-04-30 11:35:00
O023498,U376,79,5,2026-04-30 12:17:00
O023503,U150,15,4,2026-04-30 12:47:00
O023502,U374,30,3,2026-04-30 12:51:00
O023499,U299,100,3,2026-04-30 13:20:00
O023510,U307,58,3,2026-04-30 14:08:00
O023506,U438,81,2,2026-04-30 14:11:00
O023507,U137,2,3,2026-04-30 14:44:00
O023501,U417,45,3,2026-04-30 14:45:00
O023511,U379,70,4,2026-04-30 15:21:00
O023521,U265,70,2,2026-04-30 15:22:00
O023518,U489,22,3,2026-04-30 15:37:00
O023526,U492,84,3,2026-04-30 15:47:00
O023528,U109,101,4,2026-04-30 15:54:00
O023524,U463,90,4,2026-04-30 16:10:00
O023530,U109,7,4,2026-04-30 16:16:00
O023544,U132,102,4,2026-04-30 16:35:00
O023527,U479,48,2,2026-04-30 16:42:00
O023513,U410,74,3,2026-04-30 16:51:00
O023535,U186,50,5,2026-04-30 17:00:00
O023517,U008,23,5,2026-04-30 17:03:00
O023528,U109,7,5,2026-04-30 17:07:00
O023525,U022,18,4,2026-04-30 17:37:00
O023520,U098,86,2,2026-04-30 17:37:00
O023545,U315,64,4,2026-04-30 17:53:00
O023540,U367,77,3,2026-04-30 17:54:00
O023553,U108,7,3,2026-04-30 17:56:00
O023557,U242,56,5,2026-04-30 18:22:00
O023551,U248,49,5,2026-04-30 18:23:00
O023541,U036,8,3,2026-04-30 18:34:00
O023531,U462,101,4,2026-04-30 18:38:00
O023544,U132,52,3,2026-04-30 19:19:00
O023566,U222,79,3,2026-04-30 19:36:00
O023551,U248,78,3,2026-04-30 19:48:00
O023565,U312,100,4,2026-04-30 20:55:00
O023562,U324,66,4,2026-04-30 21:20:00
O023570,U089,82,3,2026-04-30 21:58:00
O023578,U216,63,5,2026-05-01 00:32:00
O023596,U455,15,5,2026-05-01 08:46:00
O023588,U238,57,2,2026-05-01 08:48:00
O023591,U467,31,3,2026-05-01 09:19:00
O023597,U137,2,4,2026-05-01 09:24:00
O023582,U109,5,3,2026-05-01 09:29:00
O023591,U467,86,3,2026-05-01 09:46:00
O023592,U250,77,5,2026-05-01 09:57:00
O023585,U277,34,2,2026-05-01 10:00:00
O023594,U449,62,4,2026-05-01 10:02:00
O023588,U238,6,4,2026-05-01 10:05:00
O023589,U062,101,4,2026-05-01 10:25:00
O023598,U468,19,3,2026-05-01 10:26:00
O023605,U282,101,3,2026-05-01 10:31:00
O023613,U121,78,3,2026-05-01 11:22:00
O023604,U249,101,2,2026-05-01 11:27:00
O023614,U316,75,4,2026-05-01 11:30:00
O023615,U085,7,5,2026-05-01 12:29:00
O023616,U260,99,4,2026-05-01 12:38:00
O023618,U020,98,3,2026-05-01 13:00:00
O023617,U136,75,2,2026-05-01 13:37:00
O023624,U485,19,4,2026-05-01 14:33:00
O023629,U186,84,3,2026-05-01 14:34:00
O023625,U407,22,5,2026-05-01 14:44:00
O023630,U078,51,3,2026-05-01 14:48:00
O023631,U360,12,3,2026-05-01 15:02:00
O023639,U260,102,5,2026-05-01 15:13:00
O023645,U216,69,3,2026-05-01 15:19:00
O023641,U469,17,5,2026-05-01 15:24:00
O023638,U059,26,5,2026-05-01 15:24:00
O023651,U424,89,5,2026-05-01 15:47:00
O023643,U292,72,3,2026-05-01 16:24:00
O023641,U469,25,3,2026-05-01 16:41:00
O023639,U260,23,4,2026-05-01 17:01:00
O023652,U474,72,3,2026-05-01 17:18:00
O023656,U284,80,5,2026-05-01 17:22:00
O023644,U284,76,4,2026-05-01 17:30:00
O023646,U002,29,4,2026-05-01 17:38:00
O023669,U328,6,5,2026-05-01 17:52:00
O023649,U427,89,5,2026-05-01 18:06:00
O023653,U124,96,5,2026-05-01 18:18:00
O023673,U419,55,4,2026-05-01 18:40:00
O023677,U315,10,3,2026-05-01 19:03:00
O023671,U216,84,2,2026-05-01 19:04:00
O023661,U163,71,3,2026-05-01 19:24:00
O023677,U315,101,4,2026-05-01 19:50:00
O023683,U328,20,3,2026-05-01 20:02:00
O023684,U367,53,5,2026-05-01 20:17:00
O023675,U349,15,4,2026-05-01 20:33:00
O023681,U028,79,5,2026-05-01 20:54:00
O023676,U018,92,3,2026-05-01 21:12:00
O023679,U447,15,4,2026-05-01 21:24:00
O023685,U350,82,3,2026-05-01 21:38:00
O023696,U179,2,5,2026-05-02 08:13:00
O023697,U238,8,2,2026-05-02 08:50:00
O023696,U179,101,4,2026-05-02 09:44:00
O023703,U479,6,4,2026-05-02 10:25:00
O023704,U057,43,4,2026-05-02 10:30:00
O023709,U421,100,5,2026-05-02 10:39:00
O023707,U400,49,3,2026-05-02 10:45:00
O023698,U137,6,5,2026-05-02 10:46:00
O023701,U287,1,4,2026-05-02 11:16:00
O023702,U374,101,3,2026-05-02 11:47:00
O023710,U169,34,4,2026-05-02 11:47:00
O023720,U374,30,2,2026-05-02 11:55:00
O023714,U043,27,4,2026-05-02 12:13:00
O023708,U167,66,2,2026-05-02 12:18:00
O023721,U071,49,4,2026-05-02 13:03:00
O023724,U401,100,3,2026-05-02 13:23:00
O023728,U265,82,4,2026-05-02 13:46:00
O023732,U347,98,4,2026-05-02 14:30:00
O023734,U035,59,3,2026-05-02 14:47:00
O023727,U411,63,4,2026-05-02 15:03:00
O023730,U042,6,3,2026-05-02 15:11:00
O023745,U264,49,3,2026-05-02 15:28:00
O023731,U274,64,3,2026-05-02 15:34:00
O023742,U426,76,5,2026-05-02 16:46:00
O023749,U153,63,4,2026-05-02 16:48:00
O023741,U288,72,3,2026-05-02 17:21:00
O023768,U398,63,4,2026-05-02 17:29:00
O023760,U463,83,5,2026-05-02 17:39:00
O023784,U040,37,3,2026-05-02 18:06:00
O023750,U495,26,4,2026-05-02 18:21:00
O023762,U248,43,4,2026-05-02 18:22:00
O023751,U071,100,3,2026-05-02 18:42:00
O023763,U196,33,2,2026-05-02 18:46:00
O023761,U494,73,3,2026-05-02 19:09:00
O023788,U214,92,5,2026-05-02 19:41:00
O023796,U210,41,5,2026-05-02 19:48:00
O023776,U280,65,3,2026-05-02 19:55:00
O023767,U086,22,4,2026-05-02 19:57:00
O023767,U086,57,3,2026-05-02 19:57:00
O023774,U352,79,3,2026-05-02 20:02:00
O023773,U084,46,4,2026-05-02 20:23:00
O023773,U084,96,3,2026-05-02 20:24:00
O023785,U409,78,4,2026-05-02 20:39:00
O023796,U210,102,4,2026-05-02 20:55:00
O023800,U285,101,3,2026-05-02 21:12:00
O023791,U453,101,3,2026-05-02 21:20:00
O023794,U381,39,4,2026-05-02 21:28:00
O023799,U496,18,5,2026-05-02 22:04:00
O023801,U443,54,3,2026-05-02 22:54:00
O023805,U404,31,3,2026-05-02 23:23:00
O023807,U055,101,4,2026-05-03 07:18:00
O023809,U197,102,3,2026-05-03 08:21:00
O023813,U449,62,3,2026-05-03 10:03:00
O023826,U036,101,3,2026-05-03 10:15:00
O023828,U033,32,3,2026-05-03 10:16:00
O023824,U274,40,3,2026-05-03 10:24:00
O023824,U274,90,3,2026-05-03 10:25:00
O023817,U101,45,4,2026-05-03 10:58:00
O023830,U446,89,4,2026-05-03 11:02:00
O023815,U086,17,3,2026-05-03 11:08:00
O023832,U108,99,2,2026-05-03 11:37:00
O023822,U164,2,5,2026-05-03 11:52:00
O023825,U275,17,4,2026-05-03 11:56:00
O023820,U127,2,4,2026-05-03 11:57:00
O023827,U474,101,4,2026-05-03 12:03:00
O023831,U135,52,2,2026-05-03 12:12:00
O023833,U326,63,5,2026-05-03 12:36:00
O023828,U033,42,2,2026-05-03 12:46:00
O023839,U091,77,5,2026-05-03 12:54:00
O023825,U275,38,4,2026-05-03 12:55:00
O023827,U474,65,4,2026-05-03 12:56:00
O023835,U225,44,4,2026-05-03 13:07:00
O023848,U404,31,2,2026-05-03 14:42:00
O023853,U392,49,2,2026-05-03 15:15:00
O023850,U412,6,5,2026-05-03 15:16:00
O023843,U445,64,4,2026-05-03 15:22:00
O023859,U017,42,4,2026-05-03 15:28:00
O023847,U447,22,4,2026-05-03 15:31:00
O023856,U109,100,4,2026-05-03 15:40:00
O023860,U238,40,3,2026-05-03 15:46:00
O023846,U084,90,4,2026-05-03 15:49:00
O023848,U404,7,4,2026-05-03 16:29:00
O023873,U135,69,3,2026-05-03 16:57:00
O023871,U324,72,3,2026-05-03 17:08:00
O023876,U031,101,3,2026-05-03 17:20:00
O023864,U388,100,3,2026-05-03 17:26:00
O023879,U461,56,3,2026-05-03 17:27:00
O023876,U031,71,2,2026-05-03 17:28:00
O023879,U461,28,3,2026-05-03 17:28:00
O023875,U360,100,5,2026-05-03 17:30:00
O023874,U116,15,5,2026-05-03 17:30:00
O023887,U447,42,3,2026-05-03 17:31:00
O023858,U265,77,3,2026-05-03 17:41:00
O023887,U447,102,5,2026-05-03 17:42:00
O023884,U273,99,3,2026-05-03 17:47:00
O023890,U268,47,3,2026-05-03 17:48:00
O023891,U285,26,4,2026-05-03 18:02:00
O023876,U031,98,4,2026-05-03 18:04:00
O023875,U360,80,2,2026-05-03 18:05:00
O023880,U080,88,3,2026-05-03 18:08:00
O023881,U002,10,4,2026-05-03 18:25:00
O023885,U440,7,3,2026-05-03 18:26:00
O023886,U285,29,3,2026-05-03 18:29:00
O023896,U453,28,3,2026-05-03 18:41:00
O023889,U166,10,3,2026-05-03 18:46:00
O023901,U443,101,3,2026-05-03 19:28:00
O023899,U492,52,4,2026-05-03 19:55:00
O023893,U247,33,4,2026-05-03 20:04:00
O023909,U429,62,3,2026-05-03 20:09:00
O023892,U169,30,4,2026-05-03 20:34:00
O023913,U282,101,2,2026-05-03 21:21:00
O023908,U434,102,4,2026-05-03 21:46:00
O023901,U443,24,3,2026-05-03 21:47:00
O023914,U016,42,4,2026-05-03 22:19:00
O023909,U429,101,4,2026-05-03 22:42:00
O023917,U159,91,3,2026-05-03 23:54:00
O023918,U086,22,3,2026-05-04 07:03:00
O023920,U221,10,3,2026-05-04 07:58:00
O023929,U396,1,5,2026-05-04 07:59:00
O023934,U464,64,2,2026-05-04 08:29:00
O023926,U355,36,4,2026-05-04 08:31:00
O023933,U220,72,3,2026-05-04 08:34:00
O023920,U221,63,3,2026-05-04 09:17:00
O023923,U150,23,4,2026-05-04 09:23:00
O023934,U464,102,4,2026-05-04 09:42:00
O023927,U229,101,3,2026-05-04 10:26:00
O023938,U428,9,5,2026-05-04 10:49:00
O023934,U464,63,2,2026-05-04 10:50:00
O023948,U117,15,4,2026-05-04 11:00:00
O023949,U458,48,4,2026-05-04 11:21:00
O023954,U245,101,5,2026-05-04 11:35:00
O023944,U344,85,4,2026-05-04 11:40:00
O023962,U142,7,5,2026-05-04 11:53:00
O023955,U058,29,3,2026-05-04 12:13:00
O023965,U312,96,3,2026-05-04 12:22:00
O023966,U377,8,4,2026-05-04 12:32:00
O023959,U003,98,5,2026-05-04 12:41:00
O023961,U266,8,3,2026-05-04 12:53:00
O023963,U057,99,4,2026-05-04 13:26:00
O023969,U137,101,4,2026-05-04 13:32:00
O023972,U424,45,2,2026-05-04 13:35:00
O023981,U238,2,2,2026-05-04 14:14:00
O023975,U408,100,4,2026-05-04 14:23:00
O023972,U424,101,3,2026-05-04 14:27:00
O023990,U164,6,4,2026-05-04 14:47:00
O023984,U034,58,2,2026-05-04 15:06:00
O023978,U096,6,4,2026-05-04 15:10:00
O023975,U408,22,2,2026-05-04 15:13:00
O023989,U374,95,3,2026-05-04 15:31:00
O023993,U447,18,5,2026-05-04 15:40:00
O023992,U403,84,3,2026-05-04 15:50:00
O023982,U440,1,4,2026-05-04 16:05:00
O023987,U003,26,3,2026-05-04 16:12:00
O023997,U276,28,5,2026-05-04 16:33:00
O024002,U098,100,3,2026-05-04 17:07:00
O024005,U084,96,5,2026-05-04 17:11:00
O024000,U335,101,3,2026-05-04 17:22:00
O023990,U164,102,4,2026-05-04 17:22:00
O024009,U144,96,5,2026-05-04 17:24:00
O024010,U464,64,2,2026-05-04 17:32:00
O024008,U214,92,5,2026-05-04 17:49:00
O023996,U455,5,5,2026-05-04 18:05:00
O023999,U070,44,3,2026-05-04 18:23:00
O024011,U006,92,3,2026-05-04 18:27:00
O024020,U401,100,4,2026-05-04 18:36:00
O024015,U095,76,4,2026-05-04 18:55:00
O024022,U024,100,4,2026-05-04 19:05:00
O024024,U068,62,4,2026-05-04 19:10:00
O024023,U020,51,1,2026-05-04 19:31:00
O024014,U443,6,4,2026-05-04 19:46:00
O024012,U221,41,4,2026-05-04 19:51:00
O024024,U068,36,4,2026-05-04 19:58:00
O024023,U020,68,2,2026-05-04 20:10:00
O024034,U091,74,4,2026-05-04 22:13:00
O024041,U095,58,4,2026-05-04 22:29:00
O024037,U289,84,3,2026-05-04 23:16:00
O024042,U328,1,5,2026-05-04 23:51:00
O024051,U335,1,5,2026-05-05 08:43:00
O024052,U127,50,2,2026-05-05 09:00:00
O024050,U349,57,3,2026-05-05 09:22:00
O024053,U325,59,2,2026-05-05 09:24:00
O024055,U383,71,2,2026-05-05 09:25:00
O024058,U297,98,4,2026-05-05 09:38:00
O024065,U055,39,2,2026-05-05 09:43:00
O024059,U344,85,5,2026-05-05 09:55:00
O024062,U037,101,4,2026-05-05 10:22:00
O024050,U349,75,2,2026-05-05 10:24:00
O024069,U035,37,4,2026-05-05 10:42:00
O024052,U127,100,4,2026-05-05 10:42:00
O024077,U495,3,5,2026-05-05 11:30:00
O024058,U297,80,3,2026-05-05 11:32:00
O024071,U284,60,3,2026-05-05 12:17:00
O024082,U024,12,2,2026-05-05 12:47:00
O024083,U122,9,4,2026-05-05 13:08:00
O024078,U388,41,4,2026-05-05 13:44:00
O024091,U216,100,3,2026-05-05 13:56:00
O024080,U154,83,2,2026-05-05 14:00:00
O024085,U094,100,3,2026-05-05 14:13:00
O024092,U474,100,4,2026-05-05 14:38:00
O024101,U317,8,3,2026-05-05 14:52:00
O024097,U070,78,4,2026-05-05 15:07:00
O024089,U312,15,5,2026-05-05 15:07:00
O024098,U163,62,3,2026-05-05 15:08:00
O024098,U163,100,3,2026-05-05 15:33:00
O024114,U268,100,3,2026-05-05 16:24:00
O024117,U111,76,4,2026-05-05 16:46:00
O024104,U371,90,5,2026-05-05 17:58:00
O024118,U485,60,3,2026-05-05 17:58:00
O024132,U383,94,4,2026-05-05 18:23:00
O024131,U289,53,4,2026-05-05 19:08:00
O024122,U247,36,3,2026-05-05 19:13:00
O024118,U485,19,4,2026-05-05 19:15:00
O024117,U111,5,4,2026-05-05 19:17:00
O024133,U447,16,4,2026-05-05 19:29:00
O024137,U417,54,2,2026-05-05 20:02:00
O024147,U039,57,4,2026-05-05 21:15:00
O024146,U169,97,3,2026-05-05 22:40:00
O024152,U056,75,3,2026-05-05 23:06:00
O024154,U086,18,3,2026-05-06 07:30:00
O024159,U163,62,3,2026-05-06 08:12:00
O024160,U392,1,5,2026-05-06 08:58:00
O024164,U008,10,4,2026-05-06 09:03:00
O024159,U163,101,4,2026-05-06 09:15:00
O024173,U268,16,3,2026-05-06 09:41:00
O024187,U306,55,5,2026-05-06 09:57:00
O024193,U164,101,5,2026-05-06 10:07:00
O024184,U374,38,3,2026-05-06 10:11:00
O024162,U392,1,5,2026-05-06 10:18:00
O024166,U491,55,4,2026-05-06 10:36:00
O024190,U299,67,2,2026-05-06 10:48:00
O024182,U319,2,3,2026-05-06 10:54:00
O024194,U164,1,5,2026-05-06 10:57:00
O024175,U453,101,3,2026-05-06 11:09:00
O024182,U319,20,1,2026-05-06 11:12:00
O024178,U446,21,3,2026-05-06 11:21:00
O024196,U360,6,5,2026-05-06 12:14:00
O024199,U079,85,4,2026-05-06 12:17:00
O024192,U093,47,5,2026-05-06 12:21:00
O024198,U150,4,2,2026-05-06 12:26:00
O024207,U419,83,2,2026-05-06 12:30:00
O024197,U067,7,3,2026-05-06 13:05:00
O024208,U448,42,4,2026-05-06 13:32:00
O024203,U355,35,2,2026-05-06 13:33:00
O024205,U485,12,3,2026-05-06 13:34:00
O024216,U117,101,3,2026-05-06 14:11:00
O024212,U393,62,2,2026-05-06 14:31:00
O024211,U056,75,2,2026-05-06 15:10:00
O024210,U034,37,3,2026-05-06 15:14:00
O024228,U485,19,4,2026-05-06 15:25:00
O024225,U409,78,5,2026-05-06 15:34:00
O024228,U485,101,3,2026-05-06 15:41:00
O024222,U325,41,4,2026-05-06 15:47:00
O024230,U284,101,5,2026-05-06 16:11:00
O024217,U308,96,4,2026-05-06 16:15:00
O024221,U479,56,3,2026-05-06 16:27:00
O024247,U411,78,5,2026-05-06 16:48:00
O024239,U186,101,4,2026-05-06 16:53:00
O024245,U206,77,3,2026-05-06 16:55:00
O024246,U165,3,3,2026-05-06 16:58:00
O024233,U101,52,5,2026-05-06 17:00:00
O024223,U467,101,5,2026-05-06 17:10:00
O024250,U018,65,3,2026-05-06 17:16:00
O024255,U467,89,4,2026-05-06 17:29:00
O024230,U284,22,5,2026-05-06 17:48:00
O024236,U265,73,3,2026-05-06 18:19:00
O024256,U236,98,4,2026-05-06 18:26:00
O024261,U259,94,4,2026-05-06 18:33:00
O024252,U333,28,4,2026-05-06 18:58:00
O024240,U171,61,3,2026-05-06 18:58:00
O024254,U020,101,3,2026-05-06 19:07:00
O024262,U324,72,3,2026-05-06 19:17:00
O024247,U411,102,5,2026-05-06 19:19:00
O024251,U196,100,5,2026-05-06 19:24:00
O024260,U216,72,3,2026-05-06 19:32:00
O024267,U068,30,3,2026-05-06 19:55:00
O024268,U168,67,3,2026-05-06 20:50:00
O024272,U289,13,3,2026-05-06 20:58:00
O024269,U362,33,4,2026-05-06 21:25:00
O024270,U167,66,3,2026-05-06 21:26:00
O024272,U289,15,4,2026-05-06 22:47:00
O024275,U138,75,3,2026-05-06 22:56:00
O024282,U252,101,3,2026-05-07 07:30:00
O024281,U037,70,5,2026-05-07 07:35:00
O024276,U244,9,4,2026-05-07 07:48:00
O024302,U459,58,4,2026-05-07 09:22:00
O024286,U338,15,5,2026-05-07 09:25:00
O024311,U342,11,3,2026-05-07 09:32:00
O024314,U250,75,5,2026-05-07 09:39:00
O024295,U281,19,5,2026-05-07 09:42:00
O024290,U304,30,4,2026-05-07 09:46:00
O024285,U113,40,4,2026-05-07 09:54:00
O024306,U165,69,3,2026-05-07 10:05:00
O024318,U407,15,5,2026-05-07 10:25:00
O024309,U150,38,3,2026-05-07 10:34:00
O024321,U362,27,5,2026-05-07 10:38:00
O024299,U165,31,2,2026-05-07 10:43:00
O024294,U439,2,5,2026-05-07 10:50:00
O024293,U124,96,4,2026-05-07 11:04:00
O024303,U469,101,3,2026-05-07 11:09:00
O024296,U141,70,3,2026-05-07 11:11:00
O024323,U208,17,4,2026-05-07 11:17:00
O024326,U469,17,4,2026-05-07 11:25:00
O024316,U089,101,5,2026-05-07 11:26:00
O024322,U194,74,3,2026-05-07 11:37:00
O024330,U301,100,4,2026-05-07 11:54:00
O024332,U286,42,4,2026-05-07 13:02:00
O024331,U468,19,5,2026-05-07 13:09:00
O024334,U008,99,5,2026-05-07 13:28:00
O024330,U301,23,4,2026-05-07 13:29:00
O024323,U208,98,4,2026-05-07 13:36:00
O024340,U419,102,5,2026-05-07 13:52:00
O024340,U419,22,3,2026-05-07 14:09:00
O024338,U057,27,2,2026-05-07 14:35:00
O024342,U083,58,3,2026-05-07 14:49:00
O024342,U083,100,4,2026-05-07 15:03:00
O024349,U369,54,4,2026-05-07 15:08:00
O024352,U293,57,2,2026-05-07 15:11:00
O024354,U128,71,2,2026-05-07 15:12:00
O024350,U463,83,5,2026-05-07 15:15:00
O024333,U467,46,3,2026-05-07 15:17:00
O024339,U041,74,3,2026-05-07 15:24:00
O024347,U059,92,3,2026-05-07 15:42:00
O024340,U419,20,3,2026-05-07 15:51:00
O024358,U267,100,3,2026-05-07 15:59:00
O024362,U167,66,2,2026-05-07 16:25:00
O024350,U463,50,4,2026-05-07 16:32:00
O024359,U018,92,4,2026-05-07 16:37:00
O024350,U463,59,4,2026-05-07 16:48:00
O024351,U216,79,5,2026-05-07 17:03:00
O024367,U008,73,5,2026-05-07 17:03:00
O024372,U295,93,4,2026-05-07 17:08:00
O024351,U216,27,3,2026-05-07 17:12:00
O024346,U227,72,3,2026-05-07 17:22:00
O024356,U307,95,3,2026-05-07 17:35:00
O024369,U244,98,4,2026-05-07 17:41:00
O024377,U307,57,4,2026-05-07 17:59:00
O024358,U267,4,4,2026-05-07 18:14:00
O024381,U265,74,5,2026-05-07 18:20:00
O024374,U322,33,2,2026-05-07 18:47:00
O024380,U374,30,2,2026-05-07 18:51:00
O024374,U322,52,3,2026-05-07 18:53:00
O024373,U138,80,3,2026-05-07 18:56:00
O024382,U121,98,3,2026-05-07 19:12:00
O024386,U115,75,3,2026-05-07 19:38:00
O024389,U169,100,4,2026-05-07 20:32:00
O024380,U374,36,3,2026-05-07 20:47:00
O024390,U159,91,3,2026-05-07 21:13:00
O024386,U115,76,3,2026-05-07 21:29:00
O024399,U435,43,4,2026-05-07 21:53:00
O024397,U260,101,4,2026-05-07 23:34:00
O024401,U098,54,2,2026-05-08 07:34:00
O024410,U094,73,4,2026-05-08 08:10:00
O024415,U428,6,5,2026-05-08 08:25:00
O024423,U165,82,3,2026-05-08 09:00:00
O024422,U245,83,3,2026-05-08 09:17:00
O024408,U202,41,2,2026-05-08 09:22:00
O024429,U042,79,4,2026-05-08 09:27:00
O024436,U098,87,2,2026-05-08 09:33:00
O024411,U299,6,4,2026-05-08 09:39:00
O024414,U086,22,3,2026-05-08 09:41:00
O024415,U428,101,2,2026-05-08 10:01:00
O024425,U451,5,4,2026-05-08 10:52:00
O024449,U453,99,4,2026-05-08 10:55:00
O024431,U154,89,3,2026-05-08 11:05:00
O024444,U266,4,3,2026-05-08 11:10:00
O024433,U392,101,3,2026-05-08 11:13:00
O024439,U008,21,5,2026-05-08 11:28:00
O024445,U245,60,3,2026-05-08 11:29:00
O024423,U165,99,3,2026-05-08 11:40:00
O024444,U266,21,2,2026-05-08 11:44:00
O024438,U269,75,5,2026-05-08 11:47:00
O024441,U228,7,4,2026-05-08 11:59:00
O024435,U347,20,5,2026-05-08 11:59:00
O024433,U392,1,5,2026-05-08 11:59:00
O024434,U218,80,4,2026-05-08 12:10:00
O024440,U293,31,5,2026-05-08 12:22:00
O024456,U212,1,2,2026-05-08 13:53:00
O024454,U333,34,4,2026-05-08 14:07:00
O024460,U221,69,4,2026-05-08 14:59:00
O024481,U289,100,4,2026-05-08 15:42:00
O024464,U134,40,3,2026-05-08 16:07:00
O024469,U248,101,4,2026-05-08 16:23:00
O024471,U044,34,4,2026-05-08 16:30:00
O024486,U286,42,4,2026-05-08 16:56:00
O024494,U383,19,5,2026-05-08 17:14:00
O024481,U289,20,4,2026-05-08 17:44:00
O024483,U435,100,2,2026-05-08 17:48:00
O024489,U247,78,3,2026-05-08 18:06:00
O024485,U095,88,3,2026-05-08 18:07:00
O024492,U322,54,3,2026-05-08 18:35:00
O024509,U392,1,5,2026-05-08 18:46:00
O024491,U230,52,5,2026-05-08 18:52:00
O024496,U294,75,2,2026-05-08 18:59:00
O024512,U304,20,4,2026-05-08 19:09:00
O024513,U163,77,1,2026-05-08 19:17:00
O024497,U410,36,3,2026-05-08 19:33:00
O024505,U347,15,5,2026-05-08 19:35:00
O024506,U027,101,3,2026-05-08 20:05:00
O024519,U378,102,4,2026-05-08 21:02:00
O024514,U091,81,4,2026-05-08 21:11:00
O024518,U050,86,2,2026-05-08 21:51:00
O024519,U378,95,2,2026-05-08 23:29:00
O024520,U351,13,4,2026-05-08 23:59:00
O024525,U108,7,2,2026-05-09 09:08:00
O024531,U089,18,4,2026-05-09 09:56:00
O024524,U204,25,3,2026-05-09 10:19:00
O024527,U469,101,4,2026-05-09 11:18:00
O024527,U469,17,3,2026-05-09 11:21:00
O024545,U482,102,5,2026-05-09 11:23:00
O024526,U475,44,3,2026-05-09 11:31:00
O024549,U071,95,2,2026-05-09 11:43:00
O024543,U349,92,4,2026-05-09 12:07:00
O024548,U102,19,3,2026-05-09 12:22:00
O024542,U348,64,4,2026-05-09 12:25:00
O024558,U402,3,5,2026-05-09 14:02:00
O024562,U138,50,2,2026-05-09 14:12:00
O024571,U295,94,3,2026-05-09 14:42:00
O024557,U281,62,4,2026-05-09 14:43:00
O024572,U142,2,4,2026-05-09 14:59:00
O024563,U411,80,5,2026-05-09 15:09:00
O024586,U438,80,3,2026-05-09 16:36:00
O024575,U425,100,5,2026-05-09 16:48:00
O024576,U068,75,5,2026-05-09 16:51:00
O024576,U068,98,5,2026-05-09 16:55:00
O024585,U490,57,3,2026-05-09 16:59:00
O024583,U248,102,4,2026-05-09 17:10:00
O024598,U411,63,4,2026-05-09 17:24:00
O024580,U078,33,4,2026-05-09 17:34:00
O024582,U093,45,4,2026-05-09 17:34:00
O024583,U248,45,3,2026-05-09 17:46:00
O024589,U230,13,4,2026-05-09 18:07:00
O024602,U377,8,3,2026-05-09 18:07:00
O024597,U238,6,5,2026-05-09 18:18:00
O024612,U438,93,3,2026-05-09 18:22:00
O024606,U268,100,5,2026-05-09 18:30:00
O024585,U490,99,4,2026-05-09 18:33:00
O024591,U004,45,3,2026-05-09 18:37:00
O024589,U230,82,4,2026-05-09 18:59:00
O024592,U285,26,3,2026-05-09 19:01:00
O024590,U165,77,5,2026-05-09 19:13:00
O024595,U328,102,4,2026-05-09 19:17:00
O024602,U377,101,4,2026-05-09 19:25:00
O024596,U436,30,3,2026-05-09 19:30:00
O024609,U162,71,3,2026-05-09 19:47:00
O024615,U474,65,5,2026-05-09 20:34:00
O024616,U435,42,3,2026-05-09 21:09:00
O024620,U168,82,5,2026-05-09 21:35:00
O024624,U253,100,4,2026-05-09 21:42:00
O024623,U368,77,3,2026-05-09 21:51:00
O024621,U111,76,4,2026-05-09 21:55:00
O024623,U368,92,5,2026-05-09 22:28:00
O024640,U097,77,4,2026-05-09 22:58:00
O024640,U097,75,4,2026-05-10 00:44:00
O024644,U319,5,4,2026-05-10 09:01:00
O024658,U037,90,3,2026-05-10 09:47:00
O024651,U333,34,4,2026-05-10 09:56:00
O024660,U280,71,4,2026-05-10 10:23:00
O024655,U036,5,3,2026-05-10 11:02:00
O024665,U162,86,5,2026-05-10 11:15:00
O024649,U202,59,4,2026-05-10 11:19:00
O024669,U458,91,5,2026-05-10 11:33:00
O024672,U317,30,2,2026-05-10 11:42:00
O024678,U362,33,3,2026-05-10 11:50:00
O024661,U384,2,2,2026-05-10 11:53:00
O024662,U312,18,4,2026-05-10 12:00:00
O024667,U392,102,3,2026-05-10 12:19:00
O024676,U196,33,3,2026-05-10 12:34:00
O024681,U055,36,1,2026-05-10 12:52:00
O024664,U274,50,2,2026-05-10 12:57:00
O024667,U392,1,5,2026-05-10 12:59:00
O024679,U150,50,4,2026-05-10 13:08:00
O024677,U055,82,4,2026-05-10 13:25:00
O024682,U500,77,4,2026-05-10 14:00:00
O024674,U451,65,3,2026-05-10 14:01:00
O024683,U178,33,3,2026-05-10 14:12:00
O024682,U500,75,4,2026-05-10 14:28:00
O024691,U351,60,3,2026-05-10 15:23:00
O024689,U037,23,4,2026-05-10 16:08:00
O024686,U285,26,3,2026-05-10 16:09:00
O024706,U020,98,3,2026-05-10 16:52:00
O024694,U428,7,4,2026-05-10 16:54:00
O024712,U479,7,3,2026-05-10 17:37:00
O024695,U148,70,5,2026-05-10 17:39:00
O024692,U457,100,4,2026-05-10 17:40:00
O024700,U224,26,3,2026-05-10 17:44:00
O024710,U242,101,4,2026-05-10 17:48:00
O024711,U277,45,3,2026-05-10 18:01:00
O024710,U242,16,2,2026-05-10 18:04:00
O024719,U367,66,5,2026-05-10 18:10:00
O024724,U135,81,3,2026-05-10 18:39:00
O024705,U167,14,3,2026-05-10 18:46:00
O024717,U331,98,4,2026-05-10 19:06:00
O024720,U102,22,3,2026-05-10 19:16:00
O024713,U138,57,3,2026-05-10 19:31:00
O024713,U138,61,3,2026-05-10 19:46:00
O024711,U277,54,3,2026-05-10 19:49:00
O024720,U102,101,4,2026-05-10 19:53:00
O024722,U385,76,4,2026-05-10 20:09:00
O024730,U379,48,3,2026-05-10 20:10:00
O024714,U289,19,5,2026-05-10 20:12:00
O024736,U304,65,4,2026-05-10 21:10:00
O024726,U393,62,3,2026-05-10 21:27:00
O024738,U192,100,5,2026-05-10 22:38:00
O024737,U029,94,3,2026-05-10 22:49:00
O024739,U226,86,3,2026-05-11 06:20:00
O024743,U498,101,3,2026-05-11 07:20:00
O024744,U127,33,2,2026-05-11 08:02:00
O024752,U037,70,4,2026-05-11 08:05:00
O024748,U150,98,4,2026-05-11 08:46:00
O024746,U120,3,3,2026-05-11 09:35:00
O024745,U252,46,3,2026-05-11 09:42:00
O024750,U031,67,3,2026-05-11 09:49:00
O024761,U458,32,3,2026-05-11 09:57:00
O024763,U407,15,4,2026-05-11 09:58:00
O024758,U071,98,4,2026-05-11 10:15:00
O024762,U167,34,5,2026-05-11 10:38:00
O024765,U455,39,2,2026-05-11 11:09:00
O024774,U457,68,3,2026-05-11 11:21:00
O024764,U399,26,2,2026-05-11 11:31:00
O024775,U449,96,3,2026-05-11 11:36:00
O024791,U297,5,3,2026-05-11 11:40:00
O024786,U337,102,4,2026-05-11 11:49:00
O024770,U130,7,5,2026-05-11 11:54:00
O024779,U252,100,4,2026-05-11 11:58:00
O024795,U076,67,4,2026-05-11 12:05:00
O024792,U079,85,5,2026-05-11 12:07:00
O024778,U447,101,5,2026-05-11 12:18:00
O024788,U354,11,4,2026-05-11 12:19:00
O024789,U467,46,4,2026-05-11 12:30:00
O024784,U268,84,4,2026-05-11 12:40:00
O024793,U107,44,4,2026-05-11 12:53:00
O024796,U162,71,5,2026-05-11 12:58:00
O024791,U297,18,5,2026-05-11 13:01:00
O024796,U162,29,5,2026-05-11 13:13:00
O024795,U076,102,5,2026-05-11 13:30:00
O024808,U003,102,3,2026-05-11 14:11:00
O024801,U122,57,2,2026-05-11 14:15:00
O024800,U001,13,4,2026-05-11 14:37:00
O024808,U003,49,5,2026-05-11 14:39:00
O024815,U429,74,4,2026-05-11 14:39:00
O024806,U158,88,5,2026-05-11 14:45:00
O024809,U028,91,4,2026-05-11 15:10:00
O024802,U141,90,4,2026-05-11 15:28:00
O024799,U333,26,5,2026-05-11 15:45:00
O024801,U122,102,5,2026-05-11 15:53:00
O024807,U382,85,3,2026-05-11 16:01:00
O024814,U324,98,4,2026-05-11 16:12:00
O024814,U324,72,4,2026-05-11 16:18:00
O024810,U134,36,4,2026-05-11 16:26:00
O024833,U453,94,3,2026-05-11 17:12:00
O024819,U319,9,3,2026-05-11 17:25:00
O024834,U213,91,3,2026-05-11 17:39:00
O024832,U317,7,4,2026-05-11 17:58:00
O024825,U388,7,3,2026-05-11 18:35:00
O024840,U128,86,3,2026-05-11 19:28:00
O024843,U212,20,3,2026-05-11 19:34:00
O024838,U303,11,3,2026-05-11 19:35:00
O024846,U178,34,3,2026-05-11 20:03:00
O024843,U212,101,4,2026-05-11 21:00:00
O024849,U425,71,5,2026-05-11 22:21:00
O024850,U459,48,2,2026-05-11 22:49:00
O024851,U265,73,4,2026-05-11 23:05:00
O024853,U326,101,4,2026-05-12 07:24:00
O024859,U031,67,3,2026-05-12 08:15:00
O024858,U467,100,5,2026-05-12 08:30:00
O024853,U326,90,2,2026-05-12 08:33:00
O024852,U088,101,3,2026-05-12 08:39:00
O024871,U458,5,3,2026-05-12 08:55:00
O024857,U083,6,4,2026-05-12 09:08:00
O024867,U164,101,5,2026-05-12 09:09:00
O024868,U277,100,4,2026-05-12 09:17:00
O024872,U035,100,3,2026-05-12 09:29:00
O024882,U028,16,3,2026-05-12 09:34:00
O024873,U293,31,5,2026-05-12 09:36:00
O024869,U390,101,4,2026-05-12 09:36:00
O024867,U164,60,4,2026-05-12 09:56:00
O024886,U106,85,5,2026-05-12 10:04:00
O024889,U244,73,4,2026-05-12 10:13:00
O024883,U225,43,5,2026-05-12 10:23:00
O024864,U392,101,4,2026-05-12 10:27:00
O024881,U206,33,3,2026-05-12 10:31:00
O024889,U244,32,3,2026-05-12 10:34:00
O024875,U108,7,3,2026-05-12 10:55:00
O024881,U206,101,3,2026-05-12 11:54:00
O024886,U106,48,3,2026-05-12 12:06:00
O024892,U116,28,2,2026-05-12 12:09:00
O024898,U349,5,3,2026-05-12 13:10:00
O024893,U116,43,3,2026-05-12 13:11:00
O024899,U348,59,4,2026-05-12 13:23:00
O024892,U116,67,3,2026-05-12 13:44:00
O024897,U333,79,3,2026-05-12 14:32:00
O024902,U247,93,5,2026-05-12 14:59:00
O024905,U324,72,4,2026-05-12 15:05:00
O024907,U322,99,4,2026-05-12 15:29:00
O024913,U068,73,3,2026-05-12 15:32:00
O024923,U127,33,3,2026-05-12 16:06:00
O024908,U058,27,5,2026-05-12 16:12:00
O024912,U439,91,3,2026-05-12 16:12:00
O024919,U150,95,3,2026-05-12 16:16:00
O024903,U293,26,4,2026-05-12 16:22:00
O024907,U322,50,5,2026-05-12 16:27:00
O024926,U277,54,4,2026-05-12 16:43:00
O024931,U462,11,4,2026-05-12 16:59:00
O024921,U179,8,4,2026-05-12 17:00:00
O024926,U277,98,3,2026-05-12 17:03:00
O024916,U201,41,2,2026-05-12 17:08:00
O024938,U039,57,4,2026-05-12 17:14:00
O024922,U238,6,4,2026-05-12 17:19:00
O024936,U327,27,2,2026-05-12 17:34:00
O024936,U327,79,2,2026-05-12 17:42:00
O024947,U086,38,1,2026-05-12 17:44:00
O024930,U049,84,3,2026-05-12 18:08:00
O024923,U127,84,1,2026-05-12 18:22:00
O024957,U167,91,2,2026-05-12 18:59:00
O024932,U108,27,2,2026-05-12 19:07:00
O024955,U474,101,3,2026-05-12 19:10:00
O024927,U333,52,2,2026-05-12 19:13:00
O024960,U178,88,2,2026-05-12 19:21:00
O024961,U427,42,3,2026-05-12 19:48:00
O024943,U302,88,2,2026-05-12 20:05:00
O024958,U020,64,3,2026-05-12 20:35:00
O024951,U275,14,4,2026-05-12 20:39:00
O024950,U003,45,4,2026-05-12 20:45:00
O024952,U286,93,4,2026-05-12 20:47:00
O024961,U427,100,3,2026-05-12 21:17:00
O024962,U176,60,3,2026-05-12 21:47:00
O024966,U049,68,4,2026-05-12 23:07:00
O024966,U049,99,4,2026-05-12 23:30:00
O024970,U098,87,3,2026-05-13 07:31:00
O024978,U374,30,2,2026-05-13 07:43:00
O024973,U034,78,3,2026-05-13 08:08:00
O024973,U034,20,4,2026-05-13 08:13:00
O024977,U479,10,3,2026-05-13 08:14:00
O024980,U306,102,5,2026-05-13 08:28:00
O024969,U356,15,5,2026-05-13 08:36:00
O024976,U071,102,3,2026-05-13 08:36:00
O024972,U361,101,3,2026-05-13 09:25:00
O024993,U149,7,4,2026-05-13 09:57:00
O024976,U071,16,2,2026-05-13 10:02:00
O024999,U333,28,5,2026-05-13 10:11:00
O024982,U106,100,4,2026-05-13 10:16:00
O025002,U361,19,1,2026-05-13 10:33:00
O024994,U037,22,3,2026-05-13 10:43:00
O025013,U218,44,3,2026-05-13 11:28:00
O025022,U145,27,5,2026-05-13 11:53:00
O025006,U121,100,3,2026-05-13 12:33:00
O025014,U372,23,2,2026-05-13 13:31:00
O025035,U379,70,5,2026-05-13 14:46:00
O025025,U229,100,4,2026-05-13 15:01:00
O025040,U074,63,5,2026-05-13 15:46:00
O025031,U049,67,4,2026-05-13 15:49:00
O025041,U098,54,2,2026-05-13 15:52:00
O025034,U218,60,2,2026-05-13 16:10:00
O025029,U494,15,5,2026-05-13 16:16:00
O025042,U319,100,2,2026-05-13 16:43:00
O025049,U102,35,4,2026-05-13 16:55:00
O025038,U197,5,4,2026-05-13 16:57:00
O025036,U383,23,4,2026-05-13 16:57:00
O025055,U216,73,4,2026-05-13 17:17:00
O025053,U393,9,5,2026-05-13 17:25:00
O025058,U079,101,4,2026-05-13 17:29:00
O025043,U003,25,4,2026-05-13 17:33:00
O025061,U036,7,4,2026-05-13 18:28:00
O025050,U176,24,1,2026-05-13 18:54:00
O025058,U079,9,3,2026-05-13 19:22:00
O025060,U181,37,3,2026-05-13 19:50:00
O025066,U027,99,3,2026-05-13 21:20:00
O025077,U367,66,5,2026-05-13 21:49:00
O025078,U169,50,3,2026-05-13 21:59:00
O025069,U196,27,5,2026-05-13 22:28:00
O025072,U192,26,3,2026-05-13 22:46:00
O025073,U440,34,4,2026-05-13 23:04:00
O025075,U265,101,3,2026-05-13 23:21:00
O025079,U119,77,2,2026-05-14 00:19:00
O025087,U396,101,3,2026-05-14 07:32:00
O025083,U165,40,3,2026-05-14 08:23:00
O025090,U098,87,2,2026-05-14 08:39:00
O025091,U094,100,3,2026-05-14 09:10:00
O025101,U076,54,4,2026-05-14 09:24:00
O025085,U006,83,5,2026-05-14 09:29:00
O025089,U267,6,4,2026-05-14 09:36:00
O025085,U006,79,4,2026-05-14 09:45:00
O025112,U028,91,4,2026-05-14 09:58:00
O025117,U375,101,5,2026-05-14 10:01:00
O025114,U399,66,2,2026-05-14 10:14:00
O025110,U124,72,3,2026-05-14 10:25:00
O025099,U090,30,3,2026-05-14 10:37:00
O025111,U295,44,3,2026-05-14 10:42:00
O025110,U124,98,4,2026-05-14 10:43:00
O025112,U028,101,4,2026-05-14 10:46:00
O025095,U232,101,5,2026-05-14 10:53:00
O025107,U347,15,5,2026-05-14 11:33:00
O025115,U410,63,3,2026-05-14 11:45:00
O025126,U360,5,4,2026-05-14 12:08:00
O025135,U132,2,5,2026-05-14 12:18:00
O025118,U354,11,4,2026-05-14 12:49:00
O025127,U413,50,3,2026-05-14 12:51:00
O025123,U026,99,4,2026-05-14 12:57:00
O025130,U275,5,4,2026-05-14 12:57:00
O025131,U254,95,3,2026-05-14 13:28:00
O025140,U450,101,4,2026-05-14 13:40:00
O025141,U410,68,3,2026-05-14 13:56:00
O025144,U312,40,4,2026-05-14 14:26:00
O025140,U450,27,2,2026-05-14 14:28:00
O025138,U206,89,2,2026-05-14 14:32:00
O025155,U475,56,1,2026-05-14 15:33:00
O025146,U311,74,3,2026-05-14 15:38:00
O025161,U036,33,1,2026-05-14 15:42:00
O025149,U222,75,3,2026-05-14 15:47:00
O025161,U036,76,3,2026-05-14 16:11:00
O025156,U072,101,4,2026-05-14 16:45:00
O025177,U382,7,4,2026-05-14 16:56:00
O025165,U412,82,3,2026-05-14 17:06:00
O025184,U284,37,3,2026-05-14 17:48:00
O025162,U500,81,2,2026-05-14 17:55:00
O025173,U433,76,3,2026-05-14 17:58:00
O025171,U332,101,4,2026-05-14 17:58:00
O025157,U102,93,2,2026-05-14 18:00:00
O025183,U274,64,4,2026-05-14 18:07:00
O025160,U435,101,4,2026-05-14 18:13:00
O025172,U197,6,5,2026-05-14 18:22:00
O025162,U500,63,4,2026-05-14 18:32:00
O025164,U463,52,4,2026-05-14 18:49:00
O025180,U216,81,4,2026-05-14 19:31:00
O025199,U028,91,4,2026-05-14 19:57:00
O025196,U290,97,2,2026-05-14 19:58:00
O025191,U493,100,4,2026-05-14 21:02:00
O025199,U028,100,4,2026-05-14 21:11:00
O025204,U289,17,5,2026-05-14 21:22:00
O025197,U334,64,3,2026-05-14 21:23:00
O025199,U028,99,3,2026-05-14 21:51:00
O025208,U227,69,3,2026-05-14 22:07:00
O025206,U295,32,3,2026-05-14 22:20:00
O025212,U091,74,5,2026-05-14 22:44:00
O025208,U227,90,4,2026-05-14 23:09:00
O025204,U289,100,4,2026-05-14 23:22:00
O025214,U055,82,4,2026-05-15 07:22:00
O025216,U137,2,4,2026-05-15 07:39:00
O025219,U150,6,2,2026-05-15 08:09:00
O025226,U252,59,2,2026-05-15 08:57:00
O025219,U150,102,5,2026-05-15 09:03:00
O025225,U238,2,4,2026-05-15 09:12:00
O025235,U449,80,3,2026-05-15 09:30:00
O025233,U278,101,3,2026-05-15 09:37:00
O025233,U278,17,4,2026-05-15 09:45:00
O025218,U249,95,5,2026-05-15 09:48:00
O025220,U369,8,4,2026-05-15 10:00:00
O025221,U148,79,3,2026-05-15 10:04:00
O025222,U247,32,4,2026-05-15 10:08:00
O025229,U272,1,5,2026-05-15 10:16:00
O025247,U342,99,4,2026-05-15 10:45:00
O025230,U072,84,2,2026-05-15 10:46:00
O025229,U272,101,5,2026-05-15 10:50:00
O025234,U333,33,5,2026-05-15 11:25:00
O025247,U342,100,3,2026-05-15 11:28:00
O025242,U091,76,5,2026-05-15 12:00:00
O025245,U136,101,4,2026-05-15 12:15:00
O025261,U247,89,4,2026-05-15 12:18:00
O025245,U136,6,3,2026-05-15 12:19:00
O025251,U194,45,2,2026-05-15 12:42:00
O025253,U349,58,3,2026-05-15 12:45:00
O025261,U247,101,4,2026-05-15 13:07:00
O025262,U326,101,4,2026-05-15 13:15:00
O025265,U072,8,4,2026-05-15 13:41:00
O025258,U207,99,5,2026-05-15 13:56:00
O025265,U072,101,4,2026-05-15 13:58:00
O025264,U483,43,2,2026-05-15 14:37:00
O025271,U106,24,3,2026-05-15 14:40:00
O025269,U497,76,4,2026-05-15 15:22:00
O025295,U131,40,5,2026-05-15 15:26:00
O025289,U497,76,4,2026-05-15 15:32:00
O025283,U467,100,3,2026-05-15 15:48:00
O025268,U455,74,2,2026-05-15 16:00:00
O025282,U250,77,4,2026-05-15 16:01:00
O025284,U312,40,3,2026-05-15 16:16:00
O025291,U412,2,4,2026-05-15 16:19:00
O025271,U106,102,3,2026-05-15 16:28:00
O025281,U163,61,3,2026-05-15 16:31:00
O025299,U289,81,3,2026-05-15 16:54:00
O025285,U468,27,2,2026-05-15 17:13:00
O025286,U068,100,4,2026-05-15 17:22:00
O025287,U481,40,5,2026-05-15 17:31:00
O025297,U274,100,4,2026-05-15 17:35:00
O025311,U238,85,2,2026-05-15 18:06:00
O025306,U301,23,3,2026-05-15 18:10:00
O025320,U351,58,3,2026-05-15 18:29:00
O025306,U301,18,3,2026-05-15 18:34:00
O025309,U311,21,3,2026-05-15 18:40:00
O025315,U324,72,3,2026-05-15 19:10:00
O025313,U316,94,4,2026-05-15 19:12:00
O025318,U165,69,3,2026-05-15 19:20:00
O025311,U238,21,4,2026-05-15 19:26:00
O025309,U311,50,2,2026-05-15 19:35:00
O025322,U034,58,3,2026-05-15 20:45:00
O025329,U095,102,3,2026-05-15 20:56:00
O025331,U425,36,3,2026-05-15 20:57:00
O025325,U496,13,3,2026-05-15 20:57:00
O025328,U050,100,5,2026-05-15 21:25:00
O025332,U351,69,3,2026-05-15 21:50:00
O025334,U121,60,4,2026-05-15 22:03:00
O025330,U496,14,4,2026-05-15 22:30:00
O025334,U121,21,2,2026-05-15 22:45:00
O025337,U328,101,4,2026-05-15 22:50:00
O025344,U486,100,5,2026-05-16 08:24:00
O025349,U312,100,4,2026-05-16 09:59:00
O025344,U486,6,5,2026-05-16 10:23:00
O025356,U068,75,4,2026-05-16 10:35:00
O025351,U108,38,3,2026-05-16 10:39:00
O025345,U197,5,3,2026-05-16 10:48:00
O025350,U293,31,4,2026-05-16 10:49:00
O025358,U359,81,4,2026-05-16 10:55:00
O025359,U259,36,4,2026-05-16 11:05:00
O025353,U296,11,3,2026-05-16 11:16:00
O025362,U138,69,3,2026-05-16 11:47:00
O025357,U024,87,5,2026-05-16 12:08:00
O025374,U311,45,3,2026-05-16 12:14:00
O025379,U124,37,3,2026-05-16 12:16:00
O025380,U050,81,2,2026-05-16 12:17:00
O025364,U372,68,5,2026-05-16 12:33:00
O025381,U259,69,3,2026-05-16 12:36:00
O025367,U225,43,5,2026-05-16 12:51:00
O025368,U286,37,5,2026-05-16 12:52:00
O025365,U089,11,4,2026-05-16 12:55:00
O025387,U340,101,3,2026-05-16 12:59:00
O025360,U056,92,3,2026-05-16 12:59:00
O025379,U124,36,5,2026-05-16 13:26:00
O025391,U373,21,3,2026-05-16 13:40:00
O025389,U411,75,5,2026-05-16 13:41:00
O025388,U328,26,4,2026-05-16 14:27:00
O025391,U373,100,4,2026-05-16 14:47:00
O025400,U218,100,4,2026-05-16 15:11:00
O025398,U260,93,4,2026-05-16 15:30:00
O025393,U344,82,3,2026-05-16 15:45:00
O025393,U344,50,3,2026-05-16 15:59:00
O025398,U260,55,5,2026-05-16 16:01:00
O025407,U024,89,5,2026-05-16 16:19:00
O025411,U366,27,3,2026-05-16 16:24:00
O025415,U324,72,4,2026-05-16 16:25:00
O025402,U166,58,5,2026-05-16 16:48:00
O025401,U254,34,3,2026-05-16 17:47:00
O025422,U226,76,4,2026-05-16 17:57:00
O025425,U321,9,2,2026-05-16 18:04:00
O025421,U121,67,4,2026-05-16 18:04:00
O025413,U175,82,4,2026-05-16 18:16:00
O025431,U429,6,3,2026-05-16 18:50:00
O025423,U083,27,3,2026-05-16 18:56:00
O025417,U333,34,4,2026-05-16 19:11:00
O025437,U312,37,4,2026-05-16 19:25:00
O025421,U121,99,3,2026-05-16 19:29:00
O025432,U392,78,3,2026-05-16 19:49:00
O025433,U057,17,3,2026-05-16 19:53:00
O025439,U020,88,2,2026-05-16 20:56:00
O025450,U213,63,5,2026-05-16 21:22:00
O025438,U171,13,3,2026-05-16 21:46:00
O025442,U362,98,5,2026-05-16 22:01:00
O025442,U362,33,3,2026-05-16 22:09:00
O025457,U296,4,3,2026-05-17 08:56:00
O025463,U145,27,5,2026-05-17 09:27:00
O025461,U418,1,4,2026-05-17 10:02:00
O025464,U383,94,3,2026-05-17 10:54:00
O025470,U469,98,5,2026-05-17 11:23:00
O025469,U093,47,4,2026-05-17 11:33:00
O025468,U475,56,2,2026-05-17 11:45:00
O025477,U360,8,5,2026-05-17 11:58:00
O025473,U028,35,3,2026-05-17 12:42:00
O025476,U242,16,4,2026-05-17 12:47:00
O025491,U474,27,3,2026-05-17 13:01:00
O025488,U456,69,4,2026-05-17 13:12:00
O025486,U464,74,3,2026-05-17 13:17:00
O025477,U360,101,4,2026-05-17 13:19:00
O025486,U464,59,3,2026-05-17 13:39:00
O025489,U443,71,4,2026-05-17 14:08:00
O025490,U401,45,4,2026-05-17 14:22:00
O025496,U468,100,3,2026-05-17 14:35:00
O025494,U111,40,3,2026-05-17 15:12:00
O025500,U119,100,4,2026-05-17 15:43:00
O025495,U360,100,4,2026-05-17 15:45:00
O025507,U274,64,4,2026-05-17 16:05:00
O025512,U025,101,3,2026-05-17 16:51:00
O025501,U348,59,3,2026-05-17 17:22:00
O025519,U057,87,5,2026-05-17 17:41:00
O025509,U226,41,3,2026-05-17 17:49:00
O025525,U023,35,3,2026-05-17 17:58:00
O025528,U247,87,2,2026-05-17 18:00:00
O025529,U149,46,3,2026-05-17 18:16:00
O025516,U378,54,3,2026-05-17 18:33:00
O025517,U336,74,3,2026-05-17 18:55:00
O025529,U149,100,4,2026-05-17 18:56:00
O025529,U149,5,5,2026-05-17 19:04:00
O025533,U356,24,3,2026-05-17 19:29:00
O025524,U224,27,5,2026-05-17 19:31:00
O025540,U322,102,4,2026-05-17 20:32:00
O025558,U095,94,4,2026-05-17 21:46:00
O025556,U168,81,5,2026-05-17 21:54:00
O025566,U003,26,4,2026-05-17 22:00:00
O025562,U411,91,5,2026-05-17 22:03:00
O025553,U060,67,3,2026-05-17 22:13:00
O025561,U027,23,3,2026-05-17 22:15:00
O025565,U230,101,3,2026-05-17 22:50:00
O025567,U168,75,4,2026-05-17 23:07:00
O025563,U307,48,3,2026-05-18 00:17:00
O025569,U277,100,3,2026-05-18 07:45:00
O025581,U225,37,4,2026-05-18 08:28:00
O025584,U396,1,4,2026-05-18 08:50:00
O025587,U293,3,4,2026-05-18 08:51:00
O025587,U293,88,2,2026-05-18 09:23:00
O025596,U108,51,3,2026-05-18 09:39:00
O025574,U477,26,3,2026-05-18 09:48:00
O025576,U275,60,2,2026-05-18 09:49:00
O025580,U008,88,4,2026-05-18 09:54:00
O025569,U277,54,4,2026-05-18 09:55:00
O025585,U206,64,3,2026-05-18 10:02:00
O025595,U289,46,3,2026-05-18 10:04:00
O025602,U453,36,4,2026-05-18 10:13:00
O025571,U369,7,3,2026-05-18 10:17:00
O025590,U124,62,2,2026-05-18 10:20:00
O025595,U289,15,4,2026-05-18 10:20:00
O025572,U083,1,3,2026-05-18 10:40:00
O025586,U407,101,4,2026-05-18 10:57:00
O025599,U058,27,5,2026-05-18 10:57:00
O025597,U451,102,4,2026-05-18 11:12:00
O025589,U006,70,5,2026-05-18 11:15:00
O025606,U125,17,2,2026-05-18 11:31:00
O025607,U496,101,3,2026-05-18 11:37:00
O025593,U334,64,4,2026-05-18 11:40:00
O025619,U232,99,5,2026-05-18 11:56:00
O025608,U273,5,3,2026-05-18 12:00:00
O025616,U214,92,4,2026-05-18 12:09:00
O025618,U354,8,5,2026-05-18 12:35:00
O025619,U232,73,4,2026-05-18 12:42:00
O025614,U230,50,5,2026-05-18 12:47:00
O025622,U276,29,4,2026-05-18 13:04:00
O025624,U074,7,3,2026-05-18 13:26:00
O025620,U071,85,3,2026-05-18 13:36:00
O025627,U382,7,4,2026-05-18 14:04:00
O025627,U382,2,5,2026-05-18 15:03:00
O025631,U273,5,3,2026-05-18 15:18:00
O025625,U183,26,2,2026-05-18 15:19:00
O025623,U173,48,4,2026-05-18 15:38:00
O025628,U178,100,3,2026-05-18 15:51:00
O025632,U453,19,4,2026-05-18 15:55:00
O025637,U286,42,4,2026-05-18 16:21:00
O025641,U247,81,4,2026-05-18 16:24:00
O025641,U247,65,4,2026-05-18 16:24:00
O025651,U392,102,4,2026-05-18 16:35:00
O025641,U247,101,2,2026-05-18 16:56:00
O025649,U445,78,4,2026-05-18 16:57:00
O025653,U356,79,3,2026-05-18 17:08:00
O025644,U455,19,4,2026-05-18 17:10:00
O025662,U020,34,4,2026-05-18 17:39:00
O025658,U170,100,3,2026-05-18 17:40:00
O025645,U475,102,3,2026-05-18 18:06:00
O025651,U392,1,5,2026-05-18 18:31:00
O025671,U289,61,3,2026-05-18 18:39:00
O025663,U338,21,4,2026-05-18 19:20:00
O025663,U338,65,3,2026-05-18 19:41:00
O025668,U107,80,2,2026-05-18 19:46:00
O025677,U443,99,4,2026-05-18 20:11:00
O025684,U354,68,4,2026-05-18 22:24:00
O025683,U060,20,3,2026-05-18 22:45:00
O025685,U285,29,4,2026-05-18 23:03:00
O025686,U153,96,3,2026-05-18 23:57:00
O025694,U467,101,2,2026-05-19 07:36:00
O025692,U294,101,4,2026-05-19 07:46:00
O025691,U281,19,4,2026-05-19 08:24:00
O025695,U234,75,4,2026-05-19 08:43:00
O025695,U234,100,5,2026-05-19 09:22:00
O025713,U109,101,5,2026-05-19 09:33:00
O025702,U165,25,3,2026-05-19 09:49:00
O025709,U449,5,5,2026-05-19 09:49:00
O025724,U050,19,5,2026-05-19 09:58:00
O025692,U294,7,4,2026-05-19 10:01:00
O025729,U324,102,5,2026-05-19 10:07:00
O025713,U109,2,4,2026-05-19 10:23:00
O025723,U162,102,5,2026-05-19 10:34:00
O025725,U454,19,3,2026-05-19 10:39:00
O025723,U162,71,5,2026-05-19 10:41:00
O025703,U415,101,4,2026-05-19 10:51:00
O025731,U215,98,5,2026-05-19 11:04:00
O025722,U127,101,3,2026-05-19 11:33:00
O025737,U130,44,3,2026-05-19 11:49:00
O025726,U142,7,5,2026-05-19 12:10:00
O025737,U130,7,5,2026-05-19 12:14:00
O025735,U275,13,5,2026-05-19 12:27:00
O025739,U149,95,3,2026-05-19 12:28:00
O025740,U478,16,2,2026-05-19 12:36:00
O025733,U215,84,4,2026-05-19 12:44:00
O025740,U478,98,4,2026-05-19 12:46:00
O025733,U215,99,4,2026-05-19 13:09:00
O025740,U478,8,4,2026-05-19 13:25:00
O025742,U301,22,4,2026-05-19 13:30:00
O025748,U491,2,3,2026-05-19 13:39:00
O025746,U284,79,3,2026-05-19 13:40:00
O025749,U225,39,4,2026-05-19 13:50:00
O025741,U093,52,5,2026-05-19 14:06:00
O025753,U478,15,4,2026-05-19 14:34:00
O025756,U324,72,4,2026-05-19 14:36:00
O025763,U402,27,3,2026-05-19 14:47:00
O025747,U071,29,1,2026-05-19 14:49:00
O025749,U225,101,4,2026-05-19 14:53:00
O025761,U359,72,4,2026-05-19 14:56:00
O025758,U115,75,3,2026-05-19 14:57:00
O025749,U225,98,4,2026-05-19 14:58:00
O025752,U322,100,2,2026-05-19 15:44:00
O025767,U371,76,2,2026-05-19 16:02:00
O025769,U138,58,4,2026-05-19 16:05:00
O025753,U478,102,3,2026-05-19 16:10:00
O025775,U037,76,4,2026-05-19 16:12:00
O025751,U469,17,4,2026-05-19 16:13:00
O025764,U274,90,4,2026-05-19 16:15:00
O025767,U371,90,5,2026-05-19 16:26:00
O025755,U242,16,3,2026-05-19 16:29:00
O025757,U275,60,3,2026-05-19 16:29:00
O025773,U278,58,4,2026-05-19 16:37:00
O025762,U402,100,4,2026-05-19 16:37:00
O025766,U101,86,4,2026-05-19 16:41:00
O025762,U402,3,5,2026-05-19 17:00:00
O025769,U138,25,2,2026-05-19 17:19:00
O025790,U376,76,4,2026-05-19 17:46:00
O025767,U371,85,4,2026-05-19 17:48:00
O025768,U271,15,5,2026-05-19 17:48:00
O025776,U164,1,4,2026-05-19 18:03:00
O025797,U148,70,5,2026-05-19 18:24:00
O025785,U447,12,3,2026-05-19 18:59:00
O025796,U132,5,3,2026-05-19 19:29:00
O025792,U293,9,3,2026-05-19 19:57:00
O025806,U362,34,4,2026-05-19 20:06:00
O025803,U227,46,5,2026-05-19 20:23:00
O025798,U164,6,5,2026-05-19 20:39:00
O025804,U284,81,3,2026-05-19 20:58:00
O025812,U025,6,5,2026-05-20 06:30:00
O025812,U025,101,2,2026-05-20 06:33:00
O025819,U247,15,4,2026-05-20 07:40:00
O025824,U479,101,3,2026-05-20 08:16:00
O025827,U180,90,2,2026-05-20 08:48:00
O025830,U305,102,5,2026-05-20 09:20:00
O025820,U321,33,2,2026-05-20 09:35:00
O025814,U130,7,4,2026-05-20 09:36:00
O025833,U200,92,2,2026-05-20 09:54:00
O025842,U308,75,4,2026-05-20 10:04:00
O025816,U267,70,2,2026-05-20 10:06:00
O025850,U374,100,4,2026-05-20 10:19:00
O025823,U080,6,4,2026-05-20 10:19:00
O025819,U247,100,3,2026-05-20 10:19:00
O025852,U312,22,3,2026-05-20 10:21:00
O025839,U476,72,4,2026-05-20 10:25:00
O025838,U166,12,4,2026-05-20 10:41:00
O025862,U224,64,4,2026-05-20 10:41:00
O025861,U039,7,3,2026-05-20 10:59:00
O025855,U186,90,4,2026-05-20 11:06:00
O025836,U219,2,3,2026-05-20 11:11:00
O025848,U344,101,2,2026-05-20 11:29:00
O025869,U028,78,5,2026-05-20 11:37:00
O025840,U273,6,5,2026-05-20 11:48:00
O025847,U136,2,5,2026-05-20 11:52:00
O025851,U410,101,3,2026-05-20 12:02:00
O025853,U469,15,5,2026-05-20 12:18:00
O025860,U451,101,4,2026-05-20 12:49:00
O025876,U094,9,3,2026-05-20 13:00:00
O025869,U028,99,4,2026-05-20 13:07:00
O025871,U106,85,5,2026-05-20 13:19:00
O025882,U396,1,5,2026-05-20 13:37:00
O025884,U072,102,4,2026-05-20 13:55:00
O025878,U154,98,5,2026-05-20 14:05:00
O025873,U091,37,3,2026-05-20 14:06:00
O025884,U072,38,2,2026-05-20 14:45:00
O025880,U120,23,3,2026-05-20 14:50:00
O025891,U072,13,2,2026-05-20 15:20:00
O025895,U104,91,1,2026-05-20 15:33:00
O025885,U379,101,3,2026-05-20 15:33:00
O025900,U200,91,3,2026-05-20 15:37:00
O025880,U120,3,4,2026-05-20 15:41:00
O025885,U379,78,3,2026-05-20 15:45:00
O025888,U192,15,3,2026-05-20 15:51:00
O025888,U192,49,3,2026-05-20 16:12:00
O025885,U379,54,4,2026-05-20 16:28:00
O025898,U121,67,3,2026-05-20 16:28:00
O025889,U033,1,5,2026-05-20 16:39:00
O025891,U072,63,4,2026-05-20 17:01:00
O025917,U132,101,5,2026-05-20 17:07:00
O025900,U200,36,1,2026-05-20 17:27:00
O025893,U483,92,3,2026-05-20 17:38:00
O025925,U122,87,1,2026-05-20 17:40:00
O025896,U373,21,4,2026-05-20 17:54:00
O025927,U089,82,2,2026-05-20 18:05:00
O025935,U449,62,4,2026-05-20 18:23:00
O025933,U054,60,4,2026-05-20 18:39:00
O025910,U132,52,4,2026-05-20 18:42:00
O025918,U003,41,5,2026-05-20 18:46:00
O025907,U401,99,4,2026-05-20 18:55:00
O025917,U132,2,5,2026-05-20 18:57:00
O025923,U274,64,3,2026-05-20 19:33:00
O025936,U367,65,3,2026-05-20 19:43:00
O025939,U114,64,3,2026-05-20 19:46:00
O025931,U167,27,2,2026-05-20 20:16:00
O025941,U135,52,2,2026-05-20 20:18:00
O025934,U493,76,5,2026-05-20 20:19:00
O025944,U303,76,5,2026-05-20 20:34:00
O025938,U424,89,4,2026-05-20 20:43:00
O025943,U408,35,2,2026-05-20 21:35:00
O025940,U360,8,5,2026-05-20 21:43:00
O025955,U165,37,5,2026-05-21 07:43:00
O025959,U324,100,5,2026-05-21 08:17:00
O025960,U338,101,3,2026-05-21 09:49:00
O025963,U419,66,4,2026-05-21 09:59:00
O025984,U206,64,3,2026-05-21 10:00:00
O025967,U427,83,2,2026-05-21 10:11:00
O025986,U238,101,3,2026-05-21 10:22:00
O025993,U093,70,3,2026-05-21 10:26:00
O025969,U058,58,3,2026-05-21 10:28:00
O025973,U005,102,4,2026-05-21 10:56:00
O025970,U260,90,3,2026-05-21 10:58:00
O025987,U127,85,2,2026-05-21 11:32:00
O025993,U093,85,4,2026-05-21 12:00:00
O025986,U238,7,3,2026-05-21 12:03:00
O025984,U206,102,4,2026-05-21 12:10:00
O025994,U285,33,4,2026-05-21 12:11:00
O025998,U243,41,4,2026-05-21 12:27:00
O025996,U344,101,4,2026-05-21 12:52:00
O025996,U344,85,4,2026-05-21 13:53:00
O026004,U278,57,3,2026-05-21 14:16:00
O026005,U275,60,3,2026-05-21 14:25:00
O026005,U275,102,3,2026-05-21 14:28:00
O026011,U148,7,5,2026-05-21 14:33:00
O026015,U468,101,3,2026-05-21 14:36:00
O026006,U333,39,3,2026-05-21 14:38:00
O026014,U274,82,3,2026-05-21 14:49:00
O026022,U411,36,5,2026-05-21 15:11:00
O026025,U164,100,4,2026-05-21 15:17:00
O026008,U096,101,5,2026-05-21 15:19:00
O026015,U468,19,4,2026-05-21 15:25:00
O026016,U426,52,2,2026-05-21 15:35:00
O026030,U356,49,3,2026-05-21 15:56:00
O026026,U201,101,4,2026-05-21 16:10:00
O026036,U221,54,3,2026-05-21 16:14:00
O026034,U150,64,3,2026-05-21 16:15:00
O026040,U127,90,2,2026-05-21 16:34:00
O026031,U101,83,4,2026-05-21 16:40:00
O026038,U462,61,3,2026-05-21 16:59:00
O026022,U411,75,4,2026-05-21 16:59:00
O026044,U365,101,4,2026-05-21 17:15:00
O026028,U101,84,4,2026-05-21 17:19:00
O026052,U295,37,4,2026-05-21 17:41:00
O026037,U219,44,3,2026-05-21 18:02:00
O026061,U150,95,2,2026-05-21 18:26:00
O026050,U072,35,3,2026-05-21 18:46:00
O026044,U365,22,3,2026-05-21 19:20:00
O026068,U275,15,4,2026-05-21 19:28:00
O026057,U247,82,2,2026-05-21 19:59:00
O026073,U443,77,5,2026-05-21 20:17:00
O026058,U167,101,3,2026-05-21 20:25:00
O026069,U058,28,4,2026-05-21 20:40:00
O026072,U490,100,4,2026-05-21 21:14:00
O026076,U404,1,4,2026-05-21 22:00:00
O026074,U168,99,4,2026-05-21 22:28:00
O026081,U435,101,3,2026-05-21 23:27:00
O026078,U095,80,3,2026-05-21 23:27:00
O026086,U428,5,5,2026-05-22 06:44:00
O026087,U252,46,1,2026-05-22 07:22:00
O026084,U238,6,5,2026-05-22 07:56:00
O026090,U449,100,5,2026-05-22 08:07:00
O026088,U086,27,2,2026-05-22 08:21:00
O026084,U238,102,4,2026-05-22 08:51:00
O026098,U437,27,3,2026-05-22 09:07:00
O026112,U068,75,4,2026-05-22 09:08:00
O026101,U092,97,4,2026-05-22 09:12:00
O026106,U031,86,5,2026-05-22 09:31:00
O026091,U383,21,5,2026-05-22 09:38:00
O026126,U028,77,4,2026-05-22 09:56:00
O026122,U354,60,5,2026-05-22 10:12:00
O026124,U086,102,2,2026-05-22 10:22:00
O026114,U042,2,4,2026-05-22 10:22:00
O026121,U380,88,3,2026-05-22 10:30:00
O026119,U276,30,4,2026-05-22 10:44:00
O026105,U269,13,3,2026-05-22 10:54:00
O026115,U205,30,4,2026-05-22 11:07:00
O026107,U374,30,2,2026-05-22 11:14:00
O026123,U455,77,2,2026-05-22 11:16:00
O026109,U098,93,2,2026-05-22 11:21:00
O026128,U284,59,1,2026-05-22 11:25:00
O026127,U286,96,4,2026-05-22 11:28:00
O026111,U294,9,2,2026-05-22 11:28:00
O026131,U238,102,3,2026-05-22 11:36:00
O026125,U247,101,4,2026-05-22 11:46:00
O026134,U372,69,3,2026-05-22 12:06:00
O026139,U179,98,5,2026-05-22 12:19:00
O026133,U121,33,2,2026-05-22 12:34:00
O026127,U286,49,5,2026-05-22 12:43:00
O026142,U297,91,4,2026-05-22 12:57:00
O026157,U035,30,2,2026-05-22 13:25:00
O026137,U225,43,5,2026-05-22 13:26:00
O026147,U349,25,3,2026-05-22 13:31:00
O026149,U150,97,2,2026-05-22 13:46:00
O026158,U433,80,3,2026-05-22 14:07:00
O026144,U212,13,4,2026-05-22 14:14:00
O026150,U451,2,4,2026-05-22 14:23:00
O026155,U351,1,2,2026-05-22 14:23:00
O026153,U149,69,2,2026-05-22 14:53:00
O026168,U458,60,4,2026-05-22 15:01:00
O026149,U150,101,4,2026-05-22 15:18:00
O026161,U299,6,4,2026-05-22 15:33:00
O026151,U034,98,3,2026-05-22 15:34:00
O026174,U375,101,4,2026-05-22 15:47:00
O026154,U468,5,2,2026-05-22 15:51:00
O026170,U475,32,2,2026-05-22 15:55:00
O026192,U056,54,3,2026-05-22 17:01:00
O026183,U360,5,4,2026-05-22 17:03:00
O026189,U167,66,3,2026-05-22 17:04:00
O026182,U037,76,4,2026-05-22 17:22:00
O026169,U361,40,3,2026-05-22 17:24:00
O026179,U478,8,5,2026-05-22 17:55:00
O026177,U449,62,4,2026-05-22 18:02:00
O026192,U056,101,4,2026-05-22 18:02:00
O026189,U167,93,2,2026-05-22 18:04:00
O026191,U273,22,2,2026-05-22 18:41:00
O026205,U381,100,3,2026-05-22 19:03:00
O026196,U056,73,3,2026-05-22 19:21:00
O026199,U102,57,1,2026-05-22 19:27:00
O026201,U025,9,3,2026-05-22 19:35:00
O026211,U438,93,3,2026-05-22 19:40:00
O026210,U312,19,5,2026-05-22 21:04:00
O026220,U344,36,3,2026-05-22 21:11:00
O026217,U040,91,4,2026-05-22 21:50:00
O026226,U168,75,3,2026-05-22 22:10:00
O026223,U393,54,5,2026-05-22 22:37:00
O026214,U317,41,4,2026-05-22 22:38:00
O026221,U328,1,4,2026-05-22 22:45:00
O026224,U242,65,3,2026-05-22 23:12:00
O026220,U344,102,3,2026-05-22 23:36:00
O026227,U277,54,3,2026-05-23 06:38:00
O026233,U146,76,3,2026-05-23 08:27:00
O026229,U221,76,5,2026-05-23 09:11:00
O026236,U370,22,3,2026-05-23 09:14:00
O026239,U495,33,5,2026-05-23 09:43:00
O026247,U086,22,3,2026-05-23 10:15:00
O026241,U226,84,3,2026-05-23 10:43:00
O026249,U295,57,4,2026-05-23 11:09:00
O026235,U165,12,3,2026-05-23 11:28:00
O026248,U324,72,4,2026-05-23 11:33:00
O026251,U150,101,4,2026-05-23 11:37:00
O026251,U150,86,2,2026-05-23 11:58:00
O026272,U353,17,4,2026-05-23 13:29:00
O026260,U363,64,4,2026-05-23 14:11:00
O026273,U352,1,5,2026-05-23 15:16:00
O026280,U318,59,4,2026-05-23 15:29:00
O026279,U500,102,3,2026-05-23 15:46:00
O026283,U381,40,4,2026-05-23 16:22:00
O026280,U318,53,3,2026-05-23 16:32:00
O026284,U028,41,3,2026-05-23 16:49:00
O026277,U333,59,3,2026-05-23 17:05:00
O026293,U025,2,5,2026-05-23 17:54:00
O026291,U162,71,3,2026-05-23 18:00:00
O026289,U242,101,4,2026-05-23 18:02:00
O026288,U322,93,3,2026-05-23 18:02:00
O026294,U165,48,3,2026-05-23 18:14:00
O026303,U303,44,3,2026-05-23 18:32:00
O026297,U267,75,2,2026-05-23 18:39:00
O026298,U072,55,3,2026-05-23 18:53:00
O026307,U411,36,5,2026-05-23 19:07:00
O026295,U245,83,4,2026-05-23 19:20:00
O026306,U301,23,5,2026-05-23 19:42:00
O026304,U060,67,3,2026-05-23 19:44:00
O026308,U495,72,3,2026-05-23 20:06:00
O026305,U291,70,5,2026-05-23 20:07:00
O026304,U060,93,2,2026-05-23 20:49:00
O026321,U056,81,3,2026-05-23 21:27:00
O026315,U225,92,4,2026-05-23 21:41:00
O026320,U362,27,4,2026-05-23 22:01:00
O026313,U020,64,3,2026-05-23 22:25:00
O026324,U245,7,3,2026-05-23 22:57:00
O026319,U435,6,3,2026-05-23 22:59:00
O026322,U248,45,4,2026-05-23 23:53:00
O026334,U301,15,5,2026-05-24 10:06:00
O026330,U247,22,2,2026-05-24 10:14:00
O026337,U267,8,3,2026-05-24 11:54:00
O026345,U229,68,5,2026-05-24 12:07:00
O026349,U165,84,3,2026-05-24 12:14:00
O026333,U245,2,4,2026-05-24 12:22:00
O026340,U360,6,4,2026-05-24 12:24:00
O026342,U236,5,3,2026-05-24 12:45:00
O026351,U475,37,4,2026-05-24 12:48:00
O026346,U359,101,5,2026-05-24 13:45:00
O026367,U050,13,4,2026-05-24 15:13:00
O026374,U265,78,4,2026-05-24 15:47:00
O026380,U351,10,5,2026-05-24 16:07:00
O026375,U084,9,4,2026-05-24 16:13:00
O026377,U049,84,2,2026-05-24 16:14:00
O026359,U170,63,2,2026-05-24 16:23:00
O026369,U213,54,3,2026-05-24 16:32:00
O026384,U451,9,4,2026-05-24 16:34:00
O026358,U461,23,4,2026-05-24 16:35:00
O026372,U169,35,4,2026-05-24 16:38:00
O026378,U083,27,3,2026-05-24 16:42:00
O026378,U083,2,5,2026-05-24 16:53:00
O026391,U142,102,4,2026-05-24 17:17:00
O026387,U471,96,5,2026-05-24 17:58:00
O026395,U067,100,4,2026-05-24 18:03:00
O026394,U285,42,2,2026-05-24 18:04:00
O026379,U367,60,5,2026-05-24 18:34:00
O026403,U067,85,3,2026-05-24 18:50:00
O026401,U425,37,4,2026-05-24 18:53:00
O026402,U253,19,5,2026-05-24 19:01:00
O026404,U034,22,3,2026-05-24 19:13:00
O026404,U034,99,3,2026-05-24 19:29:00
O026414,U291,70,4,2026-05-24 20:26:00
O026408,U411,63,4,2026-05-24 20:35:00
O026406,U168,67,2,2026-05-24 20:39:00
O026409,U057,11,3,2026-05-24 20:44:00
O026415,U116,100,5,2026-05-24 21:19:00
O026417,U286,37,5,2026-05-24 21:27:00
O026410,U119,100,3,2026-05-24 21:33:00
O026419,U395,47,2,2026-05-24 22:31:00
O026416,U367,60,5,2026-05-24 22:56:00
O026422,U056,51,1,2026-05-24 23:00:00
O026425,U189,2,5,2026-05-24 23:50:00
O026426,U403,101,4,2026-05-25 00:28:00
O026429,U127,6,4,2026-05-25 08:01:00
O026440,U108,32,3,2026-05-25 08:03:00
O026441,U375,24,3,2026-05-25 08:20:00
O026444,U420,49,3,2026-05-25 08:26:00
O026443,U402,3,4,2026-05-25 08:35:00
O026441,U375,101,4,2026-05-25 08:47:00
O026450,U086,101,3,2026-05-25 09:10:00
O026436,U166,100,4,2026-05-25 09:18:00
O026429,U127,102,4,2026-05-25 09:31:00
O026431,U494,101,4,2026-05-25 09:58:00
O026447,U398,32,3,2026-05-25 10:01:00
O026455,U148,70,5,2026-05-25 10:08:00
O026458,U374,4,1,2026-05-25 10:40:00
O026468,U034,76,4,2026-05-25 10:47:00
O026466,U234,75,3,2026-05-25 10:49:00
O026474,U141,95,4,2026-05-25 11:16:00
O026476,U310,27,5,2026-05-25 11:25:00
O026473,U040,23,3,2026-05-25 11:34:00
O026453,U247,68,3,2026-05-25 11:47:00
O026472,U299,101,3,2026-05-25 12:03:00
O026477,U475,37,3,2026-05-25 12:16:00
O026472,U299,11,4,2026-05-25 12:21:00
O026469,U150,64,1,2026-05-25 12:21:00
O026478,U325,102,3,2026-05-25 12:31:00
O026478,U325,91,4,2026-05-25 12:42:00
O026485,U081,23,3,2026-05-25 13:02:00
O026475,U351,9,3,2026-05-25 13:37:00
O026483,U172,25,4,2026-05-25 14:01:00
O026482,U271,15,5,2026-05-25 14:01:00
O026494,U274,102,2,2026-05-25 14:39:00
O026501,U322,84,3,2026-05-25 15:10:00
O026495,U420,38,4,2026-05-25 15:27:00
O026488,U449,62,3,2026-05-25 15:28:00
O026504,U342,60,4,2026-05-25 15:28:00
O026511,U413,37,5,2026-05-25 16:09:00
O026512,U150,50,3,2026-05-25 16:22:00
O026496,U062,41,3,2026-05-25 16:26:00
O026490,U020,26,4,2026-05-25 16:38:00
O026518,U146,76,3,2026-05-25 16:50:00
O026517,U252,80,3,2026-05-25 16:54:00
O026520,U440,27,5,2026-05-25 17:05:00
O026520,U440,102,4,2026-05-25 17:07:00
O026498,U238,6,4,2026-05-25 17:28:00
O026508,U192,26,4,2026-05-25 17:38:00
O026526,U308,30,4,2026-05-25 17:40:00
O026514,U206,64,4,2026-05-25 17:50:00
O026511,U413,101,5,2026-05-25 17:52:00
O026506,U482,47,3,2026-05-25 18:01:00
O026534,U242,58,4,2026-05-25 18:23:00
O026519,U439,2,4,2026-05-25 18:53:00
O026528,U498,100,3,2026-05-25 19:11:00
O026528,U498,53,3,2026-05-25 19:30:00
O026531,U469,100,5,2026-05-25 19:51:00
O026531,U469,13,3,2026-05-25 19:58:00
O026535,U095,58,3,2026-05-25 20:32:00
O026544,U029,98,5,2026-05-25 20:32:00
O026549,U259,39,4,2026-05-25 22:39:00
O026553,U497,11,3,2026-05-26 00:17:00
O026562,U024,87,4,2026-05-26 08:17:00
O026561,U165,77,5,2026-05-26 08:35:00
O026555,U238,101,4,2026-05-26 09:04:00
O026574,U278,37,4,2026-05-26 09:07:00
O026582,U264,23,3,2026-05-26 09:42:00
O026561,U165,101,4,2026-05-26 09:55:00
O026568,U163,101,3,2026-05-26 10:03:00
O026576,U293,92,3,2026-05-26 10:09:00
O026592,U072,11,5,2026-05-26 10:10:00
O026597,U060,36,5,2026-05-26 10:23:00
O026576,U293,102,3,2026-05-26 10:24:00
O026583,U388,5,4,2026-05-26 10:34:00
O026578,U083,8,4,2026-05-26 10:35:00
O026595,U292,8,4,2026-05-26 10:36:00
O026580,U182,8,5,2026-05-26 10:36:00
O026564,U486,6,5,2026-05-26 10:37:00
O026581,U491,87,3,2026-05-26 10:39:00
O026587,U164,15,3,2026-05-26 10:39:00
O026596,U167,34,4,2026-05-26 10:50:00
O026581,U491,97,3,2026-05-26 10:52:00
O026591,U370,22,2,2026-05-26 10:59:00
O026572,U247,76,3,2026-05-26 11:00:00
O026603,U404,92,3,2026-05-26 11:07:00
O026594,U031,86,5,2026-05-26 11:23:00
O026579,U335,4,4,2026-05-26 11:26:00
O026599,U307,6,4,2026-05-26 11:45:00
O026600,U307,48,4,2026-05-26 11:46:00
O026582,U264,98,4,2026-05-26 12:01:00
O026588,U293,75,2,2026-05-26 12:09:00
O026609,U275,60,3,2026-05-26 12:12:00
O026605,U003,26,3,2026-05-26 12:35:00
O026612,U463,45,4,2026-05-26 12:52:00
O026610,U359,74,5,2026-05-26 13:32:00
O026613,U374,101,4,2026-05-26 14:03:00
O026610,U359,63,4,2026-05-26 14:54:00
O026622,U419,102,4,2026-05-26 15:02:00
O026618,U434,100,4,2026-05-26 15:11:00
O026631,U227,96,3,2026-05-26 15:54:00
O026616,U230,77,4,2026-05-26 16:08:00
O026630,U411,98,5,2026-05-26 16:25:00
O026627,U090,75,1,2026-05-26 16:40:00
O026644,U284,57,3,2026-05-26 16:49:00
O026629,U026,76,4,2026-05-26 17:56:00
O026642,U489,21,3,2026-05-26 17:57:00
O026635,U098,96,2,2026-05-26 17:59:00
O026639,U284,78,3,2026-05-26 18:06:00
O026649,U276,26,4,2026-05-26 18:15:00
O026639,U284,27,2,2026-05-26 18:16:00
O026658,U402,3,5,2026-05-26 18:48:00
O026637,U072,61,4,2026-05-26 18:52:00
O026662,U479,5,5,2026-05-26 19:12:00
O026659,U036,75,3,2026-05-26 19:25:00
O026654,U216,78,3,2026-05-26 19:29:00
O026648,U134,41,5,2026-05-26 19:29:00
O026667,U050,18,4,2026-05-26 19:34:00
O026661,U025,35,3,2026-05-26 19:35:00
O026656,U206,87,2,2026-05-26 19:36:00
O026652,U225,92,3,2026-05-26 19:45:00
O026673,U379,48,3,2026-05-26 20:15:00
O026652,U225,49,4,2026-05-26 20:17:00
O026654,U216,98,3,2026-05-26 20:34:00
O026665,U295,101,3,2026-05-26 20:36:00
O026673,U379,102,4,2026-05-26 20:46:00
O026669,U057,48,3,2026-05-26 20:58:00
O026679,U093,52,5,2026-05-26 21:22:00
O026674,U212,102,4,2026-05-26 21:54:00
O026677,U259,50,3,2026-05-26 22:17:00
O026680,U121,71,3,2026-05-26 22:23:00
O026675,U236,24,4,2026-05-26 23:10:00
O026698,U041,101,4,2026-05-27 08:08:00
O026697,U197,6,4,2026-05-27 08:11:00
O026681,U108,101,4,2026-05-27 08:32:00
O026690,U374,30,3,2026-05-27 08:39:00
O026704,U385,86,4,2026-05-27 08:43:00
O026683,U298,8,4,2026-05-27 08:49:00
O026698,U041,77,4,2026-05-27 09:55:00
O026706,U281,62,3,2026-05-27 10:08:00
O026714,U475,92,3,2026-05-27 10:13:00
O026699,U008,22,3,2026-05-27 10:17:00
O026694,U247,85,4,2026-05-27 10:23:00
O026707,U055,6,4,2026-05-27 10:25:00
O026701,U433,101,4,2026-05-27 10:33:00
O026723,U076,67,4,2026-05-27 10:53:00
O026714,U475,1,3,2026-05-27 11:01:00
O026718,U167,34,3,2026-05-27 11:08:00
O026714,U475,32,2,2026-05-27 11:14:00
O026711,U131,22,3,2026-05-27 11:16:00
O026715,U274,51,3,2026-05-27 11:17:00
O026728,U404,7,3,2026-05-27 11:24:00
O026710,U319,45,2,2026-05-27 11:28:00
O026714,U475,101,2,2026-05-27 11:34:00
O026728,U404,1,4,2026-05-27 11:43:00
O026730,U134,94,3,2026-05-27 12:03:00
O026730,U134,99,3,2026-05-27 12:09:00
O026734,U338,100,4,2026-05-27 12:13:00
O026726,U058,31,4,2026-05-27 12:18:00
O026725,U359,75,5,2026-05-27 12:52:00
O026733,U275,22,4,2026-05-27 13:12:00
O026736,U432,81,2,2026-05-27 13:47:00
O026737,U458,2,2,2026-05-27 13:50:00
O026751,U404,7,4,2026-05-27 13:54:00
O026735,U286,37,5,2026-05-27 13:57:00
O026740,U036,99,4,2026-05-27 14:06:00
O026736,U432,95,4,2026-05-27 14:14:00
O026742,U169,32,4,2026-05-27 14:20:00
O026755,U138,79,3,2026-05-27 14:22:00
O026758,U326,90,2,2026-05-27 14:39:00
O026756,U322,28,4,2026-05-27 14:45:00
O026750,U154,11,3,2026-05-27 14:47:00
O026737,U458,91,5,2026-05-27 14:49:00
O026744,U029,72,5,2026-05-27 14:57:00
O026762,U095,102,4,2026-05-27 15:15:00
O026753,U213,100,5,2026-05-27 15:32:00
O026761,U154,102,4,2026-05-27 15:43:00
O026753,U213,80,4,2026-05-27 15:48:00
O026757,U050,2,4,2026-05-27 15:52:00
O026764,U282,22,3,2026-05-27 16:27:00
O026768,U052,100,5,2026-05-27 16:28:00
O026771,U150,82,2,2026-05-27 16:45:00
O026764,U282,83,3,2026-05-27 17:06:00
O026777,U168,102,3,2026-05-27 17:56:00
O026776,U392,4,5,2026-05-27 18:00:00
O026786,U215,90,5,2026-05-27 18:05:00
O026788,U435,5,3,2026-05-27 18:54:00
O026779,U033,7,2,2026-05-27 19:07:00
O026790,U225,92,4,2026-05-27 19:23:00
O026787,U362,33,3,2026-05-27 19:27:00
O026794,U236,36,2,2026-05-27 20:37:00
O026790,U225,40,4,2026-05-27 20:46:00
O026786,U215,47,3,2026-05-27 20:49:00
O026801,U095,97,3,2026-05-27 21:42:00
O026806,U248,100,3,2026-05-27 21:51:00
O026803,U304,60,5,2026-05-27 21:57:00
O026799,U447,18,5,2026-05-27 22:37:00
O026808,U265,78,4,2026-05-27 23:06:00
O026808,U265,101,3,2026-05-27 23:34:00
O026802,U170,101,2,2026-05-27 23:43:00
O026814,U008,23,5,2026-05-28 09:31:00
O026823,U046,6,3,2026-05-28 09:40:00
O026819,U301,101,3,2026-05-28 09:41:00
O026819,U301,10,3,2026-05-28 09:46:00
O026815,U005,5,5,2026-05-28 09:47:00
O026813,U375,100,5,2026-05-28 10:01:00
O026831,U003,102,4,2026-05-28 10:04:00
O026813,U375,18,5,2026-05-28 10:07:00
O026822,U293,35,3,2026-05-28 10:28:00
O026820,U419,70,3,2026-05-28 10:43:00
O026828,U494,101,4,2026-05-28 10:59:00
O026825,U216,57,3,2026-05-28 11:00:00
O026826,U343,14,3,2026-05-28 11:04:00
O026832,U291,78,4,2026-05-28 11:34:00
O026835,U449,100,4,2026-05-28 11:50:00
O026831,U003,45,4,2026-05-28 11:55:00
O026840,U201,101,3,2026-05-28 12:22:00
O026840,U201,56,4,2026-05-28 12:56:00
O026838,U148,24,4,2026-05-28 13:17:00
O026853,U497,76,5,2026-05-28 15:11:00
O026852,U351,100,3,2026-05-28 15:24:00
O026847,U407,100,3,2026-05-28 15:31:00
O026869,U461,82,2,2026-05-28 15:59:00
O026873,U046,49,4,2026-05-28 16:08:00
O026850,U150,95,4,2026-05-28 16:15:00
O026871,U004,84,3,2026-05-28 16:32:00
O026879,U452,6,4,2026-05-28 16:32:00
O026881,U463,50,4,2026-05-28 16:32:00
O026859,U242,16,2,2026-05-28 16:33:00
O026860,U421,31,1,2026-05-28 16:46:00
O026875,U352,1,5,2026-05-28 17:02:00
O026887,U433,102,3,2026-05-28 17:08:00
O026857,U271,14,5,2026-05-28 17:09:00
O026888,U464,47,3,2026-05-28 17:10:00
O026881,U463,36,3,2026-05-28 17:13:00
O026880,U324,72,4,2026-05-28 17:23:00
O026886,U236,20,4,2026-05-28 17:25:00
O026867,U120,65,4,2026-05-28 17:37:00
O026896,U060,66,3,2026-05-28 17:40:00
O026865,U176,49,3,2026-05-28 17:44:00
O026867,U120,34,5,2026-05-28 17:53:00
O026871,U004,56,4,2026-05-28 18:01:00
O026879,U452,1,4,2026-05-28 18:26:00
O026885,U134,95,3,2026-05-28 18:32:00
O026882,U164,6,5,2026-05-28 18:44:00
O026903,U075,48,5,2026-05-28 18:53:00
O026897,U127,49,3,2026-05-28 18:56:00
O026892,U036,6,4,2026-05-28 19:36:00
O026907,U142,77,4,2026-05-28 19:48:00
O026908,U328,1,5,2026-05-28 19:59:00
O026911,U216,75,4,2026-05-28 20:46:00
O026909,U083,4,4,2026-05-28 20:59:00
O026903,U075,44,5,2026-05-28 21:11:00
O026914,U253,52,2,2026-05-28 21:33:00
O026905,U097,82,4,2026-05-28 21:37:00
O026917,U265,85,2,2026-05-28 22:15:00
O026922,U124,36,4,2026-05-29 08:48:00
O026935,U356,49,3,2026-05-29 09:15:00
O026922,U124,41,5,2026-05-29 09:26:00
O026932,U008,2,4,2026-05-29 09:26:00
O026949,U062,21,4,2026-05-29 09:32:00
O026945,U374,30,2,2026-05-29 09:35:00
O026951,U486,4,4,2026-05-29 10:08:00
O026937,U165,81,3,2026-05-29 10:11:00
O026927,U355,38,3,2026-05-29 10:18:00
O026933,U397,45,3,2026-05-29 10:22:00
O026950,U399,23,1,2026-05-29 10:49:00
O026957,U059,50,2,2026-05-29 11:26:00
O026956,U316,85,3,2026-05-29 11:34:00
O026942,U286,42,3,2026-05-29 11:34:00
O026954,U150,6,2,2026-05-29 11:36:00
O026953,U312,15,5,2026-05-29 11:47:00
O026951,U486,6,5,2026-05-29 12:06:00
O026952,U281,98,4,2026-05-29 12:25:00
O026960,U453,62,3,2026-05-29 12:57:00
O026961,U107,32,5,2026-05-29 13:31:00
O026965,U108,44,2,2026-05-29 13:43:00
O026971,U190,83,3,2026-05-29 14:20:00
O026972,U225,25,2,2026-05-29 14:44:00
O026974,U238,5,3,2026-05-29 14:46:00
O026972,U225,98,5,2026-05-29 15:00:00
O026989,U067,68,3,2026-05-29 15:14:00
O026976,U076,63,3,2026-05-29 15:17:00
O026986,U275,100,4,2026-05-29 15:24:00
O026997,U375,15,4,2026-05-29 15:36:00
O026996,U225,43,4,2026-05-29 15:39:00
O026984,U175,82,4,2026-05-29 16:19:00
O026988,U206,64,4,2026-05-29 16:32:00
O027005,U304,66,5,2026-05-29 17:04:00
O027003,U244,28,3,2026-05-29 17:10:00
O027003,U244,94,4,2026-05-29 17:11:00
O026982,U419,39,3,2026-05-29 17:33:00
O026998,U215,52,3,2026-05-29 17:45:00
O027012,U230,100,3,2026-05-29 18:33:00
O027011,U127,90,1,2026-05-29 19:14:00
O027020,U167,55,2,2026-05-29 19:33:00
O027027,U289,102,4,2026-05-29 19:47:00
O027033,U283,71,4,2026-05-29 19:55:00
O027036,U078,27,5,2026-05-29 20:31:00
O027031,U148,90,5,2026-05-29 20:40:00
O027030,U089,100,3,2026-05-29 20:49:00
O027035,U082,50,3,2026-05-29 21:03:00
O027034,U327,15,3,2026-05-29 21:08:00
O027038,U446,43,3,2026-05-29 21:23:00
O027026,U271,54,4,2026-05-29 21:40:00
O027034,U327,98,4,2026-05-29 22:03:00
O027045,U248,43,5,2026-05-29 23:24:00
O027039,U328,7,3,2026-05-29 23:26:00
O027046,U482,98,4,2026-05-29 23:37:00
O027046,U482,64,4,2026-05-30 00:00:00
O027047,U498,101,3,2026-05-30 06:54:00
O027049,U319,5,4,2026-05-30 09:01:00
O027055,U381,39,4,2026-05-30 10:22:00
O027053,U319,101,4,2026-05-30 11:07:00
O027058,U060,67,2,2026-05-30 11:36:00
O027064,U375,15,4,2026-05-30 11:47:00
O027063,U411,6,5,2026-05-30 11:54:00
O027060,U080,39,4,2026-05-30 12:00:00
O027059,U472,6,3,2026-05-30 12:13:00
O027071,U212,35,2,2026-05-30 12:47:00
O027064,U375,102,4,2026-05-30 12:47:00
O027078,U102,22,4,2026-05-30 13:19:00
O027076,U362,66,3,2026-05-30 13:33:00
O027072,U289,98,4,2026-05-30 13:34:00
O027072,U289,84,3,2026-05-30 14:30:00
O027072,U289,90,2,2026-05-30 14:36:00
O027073,U463,85,3,2026-05-30 14:44:00
O027089,U165,73,4,2026-05-30 14:59:00
O027078,U102,101,3,2026-05-30 15:09:00
O027085,U250,80,5,2026-05-30 15:15:00
O027083,U230,30,5,2026-05-30 15:18:00
O027084,U178,30,4,2026-05-30 15:18:00
O027096,U036,25,3,2026-05-30 15:30:00
O027086,U367,102,4,2026-05-30 15:50:00
O027098,U204,1,5,2026-05-30 16:02:00
O027091,U109,101,3,2026-05-30 16:20:00
O027095,U360,86,3,2026-05-30 16:23:00
O027107,U388,56,4,2026-05-30 16:29:00
O027104,U205,100,3,2026-05-30 16:39:00
O027089,U165,100,4,2026-05-30 16:49:00
O027102,U138,58,5,2026-05-30 16:52:00
O027091,U109,7,5,2026-05-30 16:58:00
O027091,U109,100,4,2026-05-30 17:00:00
O027108,U320,6,4,2026-05-30 17:17:00
O027094,U108,9,3,2026-05-30 17:22:00
O027100,U304,30,4,2026-05-30 17:32:00
O027102,U138,57,4,2026-05-30 17:38:00
O027102,U138,59,4,2026-05-30 17:56:00
O027122,U259,39,4,2026-05-30 18:00:00
O027112,U170,67,2,2026-05-30 18:14:00
O027117,U464,64,3,2026-05-30 18:17:00
O027099,U439,2,4,2026-05-30 18:26:00
O027127,U173,31,4,2026-05-30 18:30:00
O027119,U060,102,3,2026-05-30 18:34:00
O027120,U026,59,4,2026-05-30 19:02:00
O027131,U194,42,2,2026-05-30 19:07:00
O027110,U482,47,3,2026-05-30 19:10:00
O027114,U094,73,2,2026-05-30 19:20:00
O027122,U259,91,4,2026-05-30 19:22:00
O027125,U230,50,4,2026-05-30 19:28:00
O027135,U148,86,4,2026-05-30 19:35:00
O027119,U060,67,3,2026-05-30 19:38:00
O027133,U390,24,4,2026-05-30 19:46:00
O027121,U225,96,3,2026-05-30 19:51:00
O027133,U390,93,3,2026-05-30 20:47:00
O027134,U362,53,3,2026-05-30 20:50:00
O027141,U020,11,2,2026-05-30 20:58:00
O027133,U390,101,5,2026-05-30 21:13:00
O027143,U201,41,2,2026-05-30 21:15:00
O027142,U273,2,4,2026-05-30 21:17:00
O027137,U491,66,5,2026-05-30 21:18:00
O027142,U273,7,4,2026-05-30 21:43:00
O027145,U260,78,4,2026-05-30 22:09:00
O027138,U149,100,4,2026-05-30 22:15:00
O027139,U455,94,3,2026-05-30 22:38:00
O027151,U088,19,5,2026-05-31 07:36:00
O027150,U449,62,3,2026-05-31 07:36:00
O027157,U165,73,3,2026-05-31 08:22:00
O027153,U037,24,4,2026-05-31 09:03:00
O027159,U035,38,5,2026-05-31 09:30:00
O027154,U388,11,3,2026-05-31 09:59:00
O027167,U370,99,4,2026-05-31 10:04:00
O027155,U130,4,2,2026-05-31 10:17:00
O027160,U108,32,4,2026-05-31 10:17:00
O027162,U455,100,5,2026-05-31 10:34:00
O027171,U478,98,3,2026-05-31 10:51:00
O027161,U036,102,4,2026-05-31 11:51:00
O027167,U370,22,4,2026-05-31 11:54:00
O027165,U305,75,5,2026-05-31 12:04:00
O027164,U058,27,5,2026-05-31 12:09:00
O027161,U036,33,2,2026-05-31 12:10:00
O027175,U169,26,5,2026-05-31 12:57:00
O027174,U275,13,5,2026-05-31 13:01:00
O027178,U164,57,2,2026-05-31 13:08:00
O027176,U001,16,5,2026-05-31 13:09:00
O027181,U024,89,4,2026-05-31 13:38:00
O027182,U274,89,3,2026-05-31 13:51:00
O027197,U401,101,3,2026-05-31 14:23:00
O027197,U401,90,3,2026-05-31 14:28:00
O027184,U248,49,5,2026-05-31 14:45:00
O027205,U188,54,2,2026-05-31 15:35:00
O027195,U453,36,2,2026-05-31 16:00:00
O027202,U164,6,5,2026-05-31 16:15:00
O027204,U213,102,5,2026-05-31 16:27:00
O027217,U437,94,5,2026-05-31 16:43:00
O027208,U169,46,3,2026-05-31 16:43:00
O027214,U127,100,3,2026-05-31 17:01:00
O027228,U098,100,3,2026-05-31 17:08:00
O027220,U435,99,5,2026-05-31 17:16:00
O027209,U192,9,4,2026-05-31 17:19:00
O027209,U192,73,4,2026-05-31 17:23:00
O027220,U435,100,2,2026-05-31 17:29:00
O027219,U273,101,3,2026-05-31 18:01:00
O027239,U198,57,4,2026-05-31 18:04:00
O027239,U198,54,5,2026-05-31 18:04:00
O027224,U018,92,4,2026-05-31 18:28:00
O027249,U056,51,1,2026-05-31 18:37:00
O027238,U242,16,2,2026-05-31 18:42:00
O027233,U379,82,4,2026-05-31 19:06:00
O027244,U478,101,3,2026-05-31 19:11:00
O027244,U478,8,4,2026-05-31 19:21:00
O027242,U382,85,3,2026-05-31 19:41:00
O027235,U293,32,3,2026-05-31 19:44:00
O027230,U138,53,3,2026-05-31 19:53:00
O027251,U328,1,5,2026-05-31 20:11:00
O027251,U328,98,4,2026-05-31 20:35:00
O027248,U425,33,4,2026-05-31 20:40:00
O027253,U457,77,4,2026-05-31 22:15:00
O027259,U474,10,4,2026-05-31 22:33:00
O027261,U055,101,3,2026-06-01 06:56:00
O027262,U215,98,4,2026-06-01 07:54:00
O027261,U055,6,3,2026-06-01 08:06:00
O027262,U215,90,4,2026-06-01 08:11:00
O027273,U250,52,3,2026-06-01 08:13:00
O027266,U249,101,5,2026-06-01 08:17:00
O027279,U323,102,4,2026-06-01 08:37:00
O027274,U433,58,3,2026-06-01 08:58:00
O027263,U252,87,4,2026-06-01 08:59:00
O027290,U455,23,4,2026-06-01 09:02:00
O027282,U106,85,4,2026-06-01 09:10:00
O027269,U112,99,4,2026-06-01 09:17:00
O027266,U249,75,3,2026-06-01 09:36:00
O027289,U494,15,5,2026-06-01 09:38:00
O027283,U278,13,4,2026-06-01 09:41:00
O027288,U034,74,4,2026-06-01 09:56:00
O027287,U163,81,3,2026-06-01 10:22:00
O027277,U483,70,2,2026-06-01 10:24:00
O027296,U163,56,4,2026-06-01 10:24:00
O027274,U433,95,3,2026-06-01 10:25:00
O027286,U498,53,3,2026-06-01 10:29:00
O027290,U455,101,4,2026-06-01 11:05:00
O027287,U163,63,5,2026-06-01 11:13:00
O027295,U411,9,4,2026-06-01 11:20:00
O027300,U498,20,3,2026-06-01 11:45:00
O027305,U265,77,3,2026-06-01 11:46:00
O027294,U107,6,3,2026-06-01 11:56:00
O027302,U238,101,4,2026-06-01 12:20:00
O027317,U068,75,4,2026-06-01 14:19:00
O027311,U347,100,4,2026-06-01 14:33:00
O027316,U259,39,3,2026-06-01 14:38:00
O027323,U212,13,3,2026-06-01 14:45:00
O027329,U186,79,4,2026-06-01 15:05:00
O027331,U122,30,4,2026-06-01 15:18:00
O027314,U302,7,4,2026-06-01 15:20:00
O027326,U374,30,2,2026-06-01 15:23:00
O027319,U150,69,3,2026-06-01 15:36:00
O027334,U008,23,5,2026-06-01 15:50:00
O027335,U478,94,3,2026-06-01 15:56:00
O027337,U272,92,3,2026-06-01 16:00:00
O027337,U272,100,3,2026-06-01 16:20:00
O027336,U284,79,4,2026-06-01 16:21:00
O027340,U297,98,5,2026-06-01 16:21:00
O027322,U394,73,2,2026-06-01 16:33:00
O027330,U374,38,4,2026-06-01 16:53:00
O027343,U135,52,2,2026-06-01 16:55:00
O027354,U198,54,4,2026-06-01 17:12:00
O027329,U186,85,5,2026-06-01 17:16:00
O027328,U020,64,3,2026-06-01 17:20:00
O027339,U029,67,5,2026-06-01 17:26:00
O027336,U284,98,4,2026-06-01 17:31:00
O027351,U192,39,5,2026-06-01 17:54:00
O027349,U178,101,3,2026-06-01 18:06:00
O027337,U272,2,5,2026-06-01 18:07:00
O027343,U135,41,2,2026-06-01 18:40:00
O027360,U248,80,2,2026-06-01 18:40:00
O027364,U402,64,3,2026-06-01 19:27:00
O027364,U402,101,4,2026-06-01 19:41:00
O027360,U248,45,3,2026-06-01 19:51:00
O027357,U003,30,5,2026-06-01 20:01:00
O027374,U116,23,4,2026-06-01 20:13:00
O027363,U391,76,4,2026-06-01 20:19:00
O027377,U474,100,4,2026-06-01 20:43:00
O027373,U173,73,4,2026-06-01 20:59:00
O027379,U404,1,5,2026-06-01 21:25:00
O027381,U216,63,4,2026-06-01 22:10:00
O027387,U285,98,4,2026-06-01 22:14:00
O027382,U365,34,4,2026-06-01 22:38:00
O027384,U435,43,4,2026-06-01 22:50:00
O027378,U198,8,4,2026-06-01 23:04:00
O027377,U474,13,4,2026-06-01 23:06:00
O027385,U478,102,2,2026-06-01 23:52:00
O027393,U048,26,5,2026-06-02 07:51:00
O027392,U058,27,5,2026-06-02 07:56:00
O027388,U127,45,3,2026-06-02 07:58:00
O027398,U349,40,3,2026-06-02 08:03:00
O027394,U383,23,3,2026-06-02 08:20:00
O027400,U407,22,5,2026-06-02 08:30:00
O027394,U383,101,5,2026-06-02 08:54:00
O027396,U036,5,4,2026-06-02 09:24:00
O027395,U089,24,3,2026-06-02 09:27:00
O027389,U088,19,4,2026-06-02 09:30:00
O027408,U105,2,4,2026-06-02 09:39:00
O027425,U178,29,3,2026-06-02 09:51:00
O027403,U130,101,4,2026-06-02 09:59:00
O027425,U178,9,3,2026-06-02 10:28:00
O027406,U463,85,3,2026-06-02 10:28:00
O027417,U421,31,3,2026-06-02 10:34:00
O027415,U324,72,4,2026-06-02 10:35:00
O027412,U166,49,3,2026-06-02 10:44:00
O027414,U286,100,5,2026-06-02 10:56:00
O027414,U286,21,4,2026-06-02 11:03:00
O027420,U485,56,3,2026-06-02 11:41:00
O027423,U035,37,4,2026-06-02 11:43:00
O027418,U226,90,4,2026-06-02 11:56:00
O027437,U102,65,3,2026-06-02 11:56:00
O027435,U457,73,4,2026-06-02 12:15:00
O027441,U333,101,4,2026-06-02 12:29:00
O027436,U024,92,3,2026-06-02 12:50:00
O027444,U275,90,3,2026-06-02 13:05:00
O027434,U157,35,3,2026-06-02 13:13:00
O027447,U183,36,4,2026-06-02 13:22:00
O027434,U157,62,3,2026-06-02 13:40:00
O027441,U333,67,2,2026-06-02 13:40:00
O027456,U068,33,3,2026-06-02 14:24:00
O027439,U349,27,2,2026-06-02 14:24:00
O027455,U249,95,5,2026-06-02 14:26:00
O027457,U392,1,4,2026-06-02 14:36:00
O027451,U479,2,3,2026-06-02 14:45:00
O027463,U032,45,3,2026-06-02 15:32:00
O027454,U073,98,3,2026-06-02 15:42:00
O027464,U141,84,4,2026-06-02 15:49:00
O027453,U083,20,3,2026-06-02 15:50:00
O027457,U392,101,3,2026-06-02 15:50:00
O027453,U083,4,5,2026-06-02 15:57:00
O027453,U083,101,4,2026-06-02 16:06:00
O027470,U260,80,4,2026-06-02 16:17:00
O027465,U071,87,3,2026-06-02 16:24:00
O027475,U315,64,4,2026-06-02 16:38:00
O027479,U005,15,3,2026-06-02 16:47:00
O027483,U382,2,5,2026-06-02 16:57:00
O027471,U140,63,4,2026-06-02 17:18:00
O027464,U141,83,5,2026-06-02 17:19:00
O027479,U005,5,4,2026-06-02 17:31:00
O027478,U299,14,3,2026-06-02 17:36:00
O027490,U033,100,4,2026-06-02 17:48:00
O027494,U197,6,5,2026-06-02 17:55:00
O027476,U468,100,3,2026-06-02 18:21:00
O027497,U227,96,5,2026-06-02 18:23:00
O027485,U435,10,5,2026-06-02 18:26:00
O027490,U033,56,3,2026-06-02 18:39:00
O027477,U127,98,3,2026-06-02 18:44:00
O027487,U238,6,4,2026-06-02 19:20:00
O027505,U335,6,5,2026-06-02 19:22:00
O027486,U392,101,4,2026-06-02 19:24:00
O027487,U238,7,5,2026-06-02 19:30:00
O027489,U451,7,5,2026-06-02 19:34:00
O027493,U268,89,3,2026-06-02 19:45:00
O027492,U202,23,2,2026-06-02 20:23:00
O027510,U474,102,4,2026-06-02 20:25:00
O027500,U056,37,3,2026-06-02 20:40:00
O027499,U367,69,5,2026-06-02 20:57:00
O027498,U206,77,3,2026-06-02 21:04:00
O027497,U227,76,3,2026-06-02 21:05:00
O027514,U167,57,2,2026-06-02 21:27:00
O027512,U138,72,3,2026-06-02 21:53:00
O027516,U093,53,3,2026-06-02 22:06:00
O027513,U040,91,4,2026-06-02 22:26:00
O027519,U178,49,3,2026-06-02 22:39:00
O027519,U178,30,5,2026-06-02 23:05:00
O027516,U093,100,3,2026-06-02 23:30:00
O027518,U248,47,2,2026-06-02 23:47:00
O027526,U088,19,3,2026-06-03 07:20:00
O027530,U392,1,4,2026-06-03 07:30:00
O027529,U163,102,4,2026-06-03 07:53:00
O027525,U277,54,3,2026-06-03 08:04:00
O027528,U243,41,4,2026-06-03 08:05:00
O027533,U494,15,4,2026-06-03 08:25:00
O027523,U463,90,3,2026-06-03 08:33:00
O027548,U497,100,4,2026-06-03 08:34:00
O027523,U463,55,3,2026-06-03 08:38:00
O027535,U355,91,4,2026-06-03 08:40:00
O027530,U392,101,4,2026-06-03 08:46:00
O027543,U117,19,5,2026-06-03 08:57:00
O027557,U036,100,4,2026-06-03 09:23:00
O027551,U247,102,4,2026-06-03 09:28:00
O027543,U117,98,4,2026-06-03 09:37:00
O027539,U141,41,3,2026-06-03 09:40:00
O027560,U272,11,3,2026-06-03 09:45:00
O027531,U068,38,3,2026-06-03 09:50:00
O027527,U108,7,3,2026-06-03 09:54:00
O027555,U374,41,4,2026-06-03 09:56:00
O027565,U498,10,4,2026-06-03 10:11:00
O027556,U333,100,5,2026-06-03 10:11:00
O027536,U146,51,5,2026-06-03 10:18:00
O027560,U272,88,2,2026-06-03 10:18:00
O027543,U117,15,5,2026-06-03 10:32:00
O027561,U100,88,5,2026-06-03 10:45:00
O027553,U347,15,5,2026-06-03 11:08:00
O027551,U247,15,3,2026-06-03 11:22:00
O027573,U167,27,5,2026-06-03 12:29:00
O027574,U068,76,5,2026-06-03 13:16:00
O027578,U254,102,3,2026-06-03 13:28:00
O027582,U369,7,3,2026-06-03 14:53:00
O027582,U369,100,4,2026-06-03 14:55:00
O027585,U028,58,4,2026-06-03 14:57:00
O027592,U410,58,3,2026-06-03 16:02:00
O027604,U150,64,4,2026-06-03 16:51:00
O027597,U479,102,3,2026-06-03 16:52:00
O027584,U413,102,5,2026-06-03 17:00:00
O027602,U006,87,5,2026-06-03 17:01:00
O027592,U410,98,4,2026-06-03 17:12:00
O027607,U276,31,4,2026-06-03 17:16:00
O027600,U025,2,4,2026-06-03 17:24:00
O027600,U025,100,3,2026-06-03 17:33:00
O027602,U006,101,3,2026-06-03 17:46:00
O027613,U197,6,4,2026-06-03 18:35:00
O027620,U057,85,4,2026-06-03 18:39:00
O027606,U008,19,5,2026-06-03 18:47:00
O027614,U429,2,3,2026-06-03 18:50:00
O027624,U360,45,3,2026-06-03 19:22:00
O027617,U238,8,3,2026-06-03 19:44:00
O027626,U453,100,3,2026-06-03 21:30:00
O027635,U040,78,4,2026-06-03 22:21:00
O027631,U020,64,4,2026-06-03 22:58:00
O027634,U438,93,4,2026-06-03 23:53:00
O027647,U086,19,4,2026-06-04 08:05:00
O027652,U463,100,4,2026-06-04 08:18:00
O027648,U107,101,4,2026-06-04 08:27:00
O027640,U439,2,4,2026-06-04 09:03:00
O027645,U458,60,3,2026-06-04 09:12:00
O027654,U165,73,3,2026-06-04 09:23:00
O027650,U451,7,3,2026-06-04 09:30:00
O027641,U451,5,4,2026-06-04 09:37:00
O027638,U204,91,3,2026-06-04 09:40:00
O027658,U204,7,4,2026-06-04 09:49:00
O027664,U003,49,4,2026-06-04 09:51:00
O027656,U215,100,3,2026-06-04 09:58:00
O027649,U410,6,4,2026-06-04 10:27:00
O027654,U165,71,4,2026-06-04 10:42:00
O027676,U411,36,5,2026-06-04 10:48:00
O027658,U204,45,3,2026-06-04 11:02:00
O027662,U252,27,2,2026-06-04 11:10:00
O027673,U122,8,4,2026-06-04 11:19:00
O027680,U475,37,4,2026-06-04 11:39:00
O027677,U167,34,4,2026-06-04 12:26:00
O027675,U102,18,4,2026-06-04 12:47:00
O027683,U202,81,2,2026-06-04 13:20:00
O027678,U399,26,2,2026-06-04 13:24:00
O027691,U269,81,4,2026-06-04 13:49:00
O027680,U475,38,4,2026-06-04 13:55:00
O027696,U067,53,4,2026-06-04 13:56:00
O027685,U289,56,5,2026-06-04 13:56:00
O027685,U289,20,5,2026-06-04 14:30:00
O027700,U035,32,2,2026-06-04 14:35:00
O027682,U178,71,3,2026-06-04 14:39:00
O027701,U016,100,4,2026-06-04 14:42:00
O027705,U326,56,4,2026-06-04 15:17:00
O027696,U067,99,4,2026-06-04 15:26:00
O027707,U292,71,2,2026-06-04 15:50:00
O027701,U016,54,1,2026-06-04 15:54:00
O027711,U224,27,4,2026-06-04 16:54:00
O027715,U312,36,4,2026-06-04 17:01:00
O027720,U407,50,2,2026-06-04 17:14:00
O027729,U102,22,3,2026-06-04 17:25:00
O027735,U478,101,4,2026-06-04 17:39:00
O027723,U271,15,5,2026-06-04 17:49:00
O027735,U478,8,4,2026-06-04 19:01:00
O027732,U093,26,3,2026-06-04 19:06:00
O027724,U196,30,3,2026-06-04 19:09:00
O027734,U026,97,4,2026-06-04 19:25:00
O027736,U215,98,3,2026-06-04 19:35:00
O027750,U289,42,2,2026-06-04 19:51:00
O027751,U259,39,3,2026-06-04 20:09:00
O027739,U085,61,3,2026-06-04 20:16:00
O027759,U213,76,5,2026-06-04 21:59:00
O027759,U213,100,4,2026-06-04 22:16:00
O027753,U474,65,4,2026-06-04 22:17:00
O027757,U138,7,2,2026-06-04 22:21:00
O027757,U138,101,2,2026-06-04 22:36:00
O027761,U050,100,5,2026-06-04 23:48:00
O027770,U072,100,4,2026-06-05 08:19:00
O027773,U297,14,4,2026-06-05 08:49:00
O027770,U072,68,4,2026-06-05 09:09:00
O027771,U127,45,2,2026-06-05 09:21:00
O027772,U008,21,5,2026-06-05 09:55:00
O027776,U180,65,5,2026-06-05 09:58:00
O027772,U008,100,4,2026-06-05 10:05:00
O027766,U035,96,3,2026-06-05 10:06:00
O027775,U057,85,4,2026-06-05 10:17:00
O027777,U335,22,3,2026-06-05 10:53:00
O027777,U335,101,4,2026-06-05 11:06:00
O027780,U313,29,3,2026-06-05 11:25:00
O027778,U327,15,4,2026-06-05 11:42:00
O027782,U493,101,4,2026-06-05 11:50:00
O027783,U192,44,5,2026-06-05 12:10:00
O027789,U148,84,5,2026-06-05 12:20:00
O027782,U493,15,5,2026-06-05 12:21:00
O027787,U072,63,3,2026-06-05 12:34:00
O027796,U311,72,2,2026-06-05 12:35:00
O027792,U308,101,3,2026-06-05 13:32:00
O027797,U166,12,5,2026-06-05 14:09:00
O027800,U267,70,2,2026-06-05 14:17:00
O027801,U090,23,3,2026-06-05 14:54:00
O027808,U494,15,5,2026-06-05 15:00:00
O027807,U212,19,4,2026-06-05 15:02:00
O027803,U059,92,2,2026-06-05 15:09:00
O027814,U377,58,4,2026-06-05 15:12:00
O027804,U438,93,4,2026-06-05 15:18:00
O027817,U419,101,4,2026-06-05 15:37:00
O027816,U333,100,4,2026-06-05 16:01:00
O027820,U150,83,1,2026-06-05 16:24:00
O027811,U006,70,5,2026-06-05 16:37:00
O027811,U006,83,5,2026-06-05 16:55:00
O027829,U324,101,5,2026-06-05 17:21:00
O027831,U307,52,3,2026-06-05 17:48:00
O027820,U150,64,4,2026-06-05 17:54:00
O027827,U135,52,3,2026-06-05 18:26:00
O027845,U463,83,5,2026-06-05 18:37:00
O027837,U312,98,5,2026-06-05 18:42:00
O027860,U426,94,1,2026-06-05 18:45:00
O027849,U328,1,5,2026-06-05 18:50:00
O027845,U463,100,4,2026-06-05 19:06:00
O027864,U455,18,4,2026-06-05 19:07:00
O027861,U138,101,4,2026-06-05 19:19:00
O027859,U366,5,2,2026-06-05 19:29:00
O027850,U032,100,3,2026-06-05 19:30:00
O027858,U486,6,5,2026-06-05 19:34:00
O027861,U138,70,3,2026-06-05 19:49:00
O027862,U469,45,3,2026-06-05 20:05:00
O027857,U168,74,3,2026-06-05 20:07:00
O027866,U285,98,5,2026-06-05 20:24:00
O027859,U366,42,3,2026-06-05 20:24:00
O027857,U168,82,5,2026-06-05 20:47:00
O027876,U216,100,3,2026-06-05 22:44:00
O027877,U055,101,4,2026-06-06 07:51:00
O027878,U479,42,2,2026-06-06 08:47:00
O027882,U241,101,4,2026-06-06 09:42:00
O027888,U150,90,3,2026-06-06 10:23:00
O027893,U482,80,3,2026-06-06 10:37:00
O027890,U274,21,4,2026-06-06 10:38:00
O027889,U347,59,3,2026-06-06 11:23:00
O027891,U296,26,2,2026-06-06 11:24:00
O027885,U206,64,4,2026-06-06 11:41:00
O027889,U347,102,4,2026-06-06 12:03:00
O027902,U260,78,4,2026-06-06 12:24:00
O027904,U032,71,5,2026-06-06 12:49:00
O027907,U278,95,4,2026-06-06 12:51:00
O027901,U183,101,4,2026-06-06 12:52:00
O027903,U463,83,5,2026-06-06 13:00:00
O027903,U463,101,4,2026-06-06 13:02:00
O027900,U212,15,5,2026-06-06 13:33:00
O027924,U098,87,3,2026-06-06 13:36:00
O027917,U222,79,4,2026-06-06 14:01:00
O027919,U317,37,4,2026-06-06 14:18:00
O027921,U020,64,4,2026-06-06 14:31:00
O027920,U018,61,2,2026-06-06 14:57:00
O027926,U167,34,5,2026-06-06 15:02:00
O027919,U317,32,3,2026-06-06 15:06:00
O027923,U500,99,3,2026-06-06 15:13:00
O027940,U301,23,4,2026-06-06 15:26:00
O027936,U150,81,2,2026-06-06 15:41:00
O027934,U061,40,3,2026-06-06 15:47:00
O027945,U001,100,4,2026-06-06 16:12:00
O027935,U049,69,4,2026-06-06 16:13:00
O027941,U438,50,4,2026-06-06 16:52:00
O027951,U238,5,3,2026-06-06 16:57:00
O027933,U265,74,4,2026-06-06 17:09:00
O027937,U446,85,3,2026-06-06 17:24:00
O027948,U253,78,3,2026-06-06 17:35:00
O027961,U244,43,4,2026-06-06 17:52:00
O027967,U098,54,3,2026-06-06 18:00:00
O027958,U107,58,3,2026-06-06 18:11:00
O027948,U253,17,4,2026-06-06 18:30:00
O027948,U253,99,5,2026-06-06 18:33:00
O027953,U374,102,4,2026-06-06 18:44:00
O027973,U411,84,2,2026-06-06 19:38:00
O027973,U411,98,4,2026-06-06 20:04:00
O027976,U346,14,3,2026-06-06 20:46:00
O027983,U439,1,4,2026-06-06 21:04:00
O027971,U295,95,3,2026-06-06 21:05:00
O027984,U334,89,4,2026-06-06 21:53:00
O027978,U216,14,3,2026-06-06 22:02:00
O027980,U093,87,5,2026-06-06 22:21:00
O027979,U443,75,4,2026-06-06 22:59:00
O027992,U204,83,4,2026-06-07 06:55:00
O028001,U238,6,4,2026-06-07 09:18:00
O028007,U441,23,5,2026-06-07 09:51:00
O028012,U370,101,2,2026-06-07 10:51:00
O028005,U454,101,4,2026-06-07 10:53:00
O028008,U101,89,5,2026-06-07 10:56:00
O028006,U132,101,4,2026-06-07 10:57:00
O028017,U464,27,5,2026-06-07 11:00:00
O028017,U464,33,3,2026-06-07 11:09:00
O028017,U464,101,4,2026-06-07 11:16:00
O028022,U453,34,5,2026-06-07 11:36:00
O028023,U093,45,3,2026-06-07 11:43:00
O028002,U471,48,5,2026-06-07 11:43:00
O028022,U453,96,3,2026-06-07 12:06:00
O028031,U411,79,5,2026-06-07 12:13:00
O028005,U454,11,3,2026-06-07 12:14:00
O028016,U446,7,3,2026-06-07 12:23:00
O028034,U456,36,3,2026-06-07 12:27:00
O028015,U465,47,3,2026-06-07 12:29:00
O028021,U485,10,3,2026-06-07 13:00:00
O028016,U446,37,4,2026-06-07 13:15:00
O028023,U093,52,5,2026-06-07 13:25:00
O028011,U453,86,3,2026-06-07 13:30:00
O028025,U440,30,3,2026-06-07 13:34:00
O028024,U153,7,4,2026-06-07 14:11:00
O028044,U190,79,3,2026-06-07 14:33:00
O028034,U456,97,5,2026-06-07 14:37:00
O028039,U312,19,4,2026-06-07 15:19:00
O028037,U050,16,4,2026-06-07 15:23:00
O028047,U052,43,5,2026-06-07 15:46:00
O028040,U332,13,3,2026-06-07 16:17:00
O028045,U490,31,4,2026-06-07 16:19:00
O028046,U318,42,4,2026-06-07 16:46:00
O028061,U176,43,3,2026-06-07 16:56:00
O028066,U315,2,4,2026-06-07 17:33:00
O028075,U202,59,4,2026-06-07 17:45:00
O028074,U397,30,5,2026-06-07 18:02:00
O028051,U253,52,3,2026-06-07 18:17:00
O028063,U068,64,3,2026-06-07 18:40:00
O028060,U127,33,3,2026-06-07 18:45:00
O028063,U068,102,4,2026-06-07 18:48:00
O028073,U150,95,2,2026-06-07 19:19:00
O028070,U031,100,4,2026-06-07 19:43:00
O028077,U226,50,5,2026-06-07 20:11:00
O028086,U455,15,5,2026-06-07 20:14:00
O028079,U247,100,4,2026-06-07 20:30:00
O028079,U247,27,3,2026-06-07 20:38:00
O028080,U230,56,3,2026-06-07 20:45:00
O028091,U411,36,5,2026-06-07 21:12:00
O028098,U101,42,3,2026-06-07 21:57:00
O028093,U008,101,4,2026-06-07 23:26:00
O028113,U083,5,5,2026-06-08 08:34:00
O028115,U293,27,4,2026-06-08 08:53:00
O028134,U233,51,3,2026-06-08 09:27:00
O028120,U031,75,4,2026-06-08 09:35:00
O028110,U455,47,3,2026-06-08 09:38:00
O028105,U071,85,4,2026-06-08 09:39:00
O028134,U233,78,3,2026-06-08 09:57:00
O028117,U121,71,4,2026-06-08 09:58:00
O028120,U031,100,4,2026-06-08 09:59:00
O028131,U421,37,5,2026-06-08 10:07:00
O028123,U249,43,5,2026-06-08 10:19:00
O028114,U271,98,4,2026-06-08 10:19:00
O028145,U455,101,4,2026-06-08 10:55:00
O028118,U057,7,5,2026-06-08 10:56:00
O028120,U031,9,3,2026-06-08 11:03:00
O028137,U068,2,3,2026-06-08 11:04:00
O028148,U286,101,4,2026-06-08 11:08:00
O028145,U455,15,5,2026-06-08 11:23:00
O028132,U202,12,2,2026-06-08 11:44:00
O028150,U044,100,2,2026-06-08 11:48:00
O028130,U409,101,3,2026-06-08 11:56:00
O028135,U244,101,4,2026-06-08 11:57:00
O028156,U288,44,3,2026-06-08 12:19:00
O028158,U374,30,2,2026-06-08 12:23:00
O028147,U225,6,3,2026-06-08 12:35:00
O028144,U004,73,3,2026-06-08 12:38:00
O028173,U248,45,2,2026-06-08 13:38:00
O028166,U288,34,4,2026-06-08 13:43:00
O028172,U413,25,3,2026-06-08 13:47:00
O028176,U352,1,5,2026-06-08 13:49:00
O028174,U469,17,4,2026-06-08 14:00:00
O028179,U106,100,3,2026-06-08 14:22:00
O028168,U225,39,4,2026-06-08 14:31:00
O028167,U032,74,3,2026-06-08 14:36:00
O028163,U058,101,4,2026-06-08 14:37:00
O028163,U058,27,4,2026-06-08 14:43:00
O028187,U467,99,4,2026-06-08 15:00:00
O028189,U463,50,4,2026-06-08 15:08:00
O028195,U115,65,2,2026-06-08 15:34:00
O028175,U186,84,5,2026-06-08 15:38:00
O028174,U469,24,3,2026-06-08 15:49:00
O028187,U467,84,4,2026-06-08 15:55:00
O028198,U359,69,5,2026-06-08 16:05:00
O028180,U075,68,4,2026-06-08 16:18:00
O028181,U166,62,4,2026-06-08 16:31:00
O028203,U276,27,4,2026-06-08 16:34:00
O028195,U115,27,4,2026-06-08 16:36:00
O028204,U227,34,2,2026-06-08 16:54:00
O028217,U208,35,3,2026-06-08 17:36:00
O028207,U352,1,5,2026-06-08 17:37:00
O028201,U212,13,4,2026-06-08 17:47:00
O028213,U343,68,3,2026-06-08 18:00:00
O028221,U360,8,5,2026-06-08 18:38:00
O028228,U500,75,4,2026-06-08 18:48:00
O028214,U196,33,4,2026-06-08 18:51:00
O028219,U304,65,4,2026-06-08 19:07:00
O028217,U208,22,4,2026-06-08 19:11:00
O028222,U457,93,3,2026-06-08 19:32:00
O028235,U154,83,3,2026-06-08 20:26:00
O028233,U469,100,4,2026-06-08 21:26:00
O028242,U292,72,3,2026-06-08 22:05:00
O028244,U188,46,3,2026-06-09 00:25:00
O028245,U187,27,5,2026-06-09 00:48:00
O028249,U197,6,3,2026-06-09 07:25:00
O028252,U172,90,3,2026-06-09 07:29:00
O028247,U146,84,5,2026-06-09 08:04:00
O028260,U098,87,3,2026-06-09 08:12:00
O028251,U130,4,2,2026-06-09 08:13:00
O028257,U415,72,3,2026-06-09 08:17:00
O028258,U296,13,3,2026-06-09 08:37:00
O028263,U036,100,5,2026-06-09 09:34:00
O028258,U296,101,3,2026-06-09 09:48:00
O028253,U449,80,4,2026-06-09 09:59:00
O028277,U362,33,3,2026-06-09 10:19:00
O028263,U036,9,4,2026-06-09 10:43:00
O028259,U206,64,3,2026-06-09 10:56:00
O028276,U479,32,2,2026-06-09 11:23:00
O028283,U404,1,5,2026-06-09 11:54:00
O028271,U284,69,4,2026-06-09 12:08:00
O028282,U449,62,4,2026-06-09 12:21:00
O028284,U266,10,3,2026-06-09 13:20:00
O028288,U351,33,2,2026-06-09 13:47:00
O028304,U066,85,3,2026-06-09 14:21:00
O028302,U481,49,4,2026-06-09 14:47:00
O028301,U372,68,3,2026-06-09 15:04:00
O028296,U299,6,5,2026-06-09 15:11:00
O028303,U086,22,3,2026-06-09 15:14:00
O028297,U036,65,3,2026-06-09 15:21:00
O028306,U024,87,4,2026-06-09 15:30:00
O028298,U396,102,5,2026-06-09 15:36:00
O028311,U107,67,2,2026-06-09 15:38:00
O028304,U066,57,1,2026-06-09 15:40:00
O028298,U396,2,4,2026-06-09 15:42:00
O028310,U382,101,3,2026-06-09 15:42:00
O028319,U150,23,3,2026-06-09 17:08:00
O028314,U075,48,5,2026-06-09 17:12:00
O028334,U043,37,2,2026-06-09 17:31:00
O028332,U429,101,5,2026-06-09 17:35:00
O028318,U374,102,4,2026-06-09 17:43:00
O028320,U004,101,4,2026-06-09 17:50:00
O028327,U453,42,3,2026-06-09 18:27:00
O028344,U291,6,4,2026-06-09 18:29:00
O028350,U121,81,2,2026-06-09 19:05:00
O028326,U057,88,4,2026-06-09 19:12:00
O028331,U383,18,3,2026-06-09 19:16:00
O028339,U167,91,3,2026-06-09 19:52:00
O028342,U498,53,3,2026-06-09 20:00:00
O028347,U308,37,3,2026-06-09 20:04:00
O028338,U434,95,4,2026-06-09 20:07:00
O028349,U478,8,4,2026-06-09 20:08:00
O028345,U447,12,4,2026-06-09 20:18:00
O028360,U188,42,4,2026-06-09 20:42:00
O028356,U164,6,5,2026-06-09 20:49:00
O028361,U095,101,3,2026-06-09 22:39:00
O028362,U052,54,3,2026-06-09 22:44:00
O028365,U138,53,2,2026-06-09 23:39:00
O028363,U401,61,2,2026-06-09 23:41:00
O028362,U052,97,3,2026-06-10 00:03:00
O028370,U008,5,4,2026-06-10 07:36:00
O028373,U408,93,3,2026-06-10 08:15:00
O028371,U048,55,2,2026-06-10 08:26:00
O028366,U441,25,4,2026-06-10 08:46:00
O028375,U031,10,4,2026-06-10 08:48:00
O028381,U313,100,3,2026-06-10 08:57:00
O028379,U266,4,5,2026-06-10 09:06:00
O028394,U169,34,5,2026-06-10 09:31:00
O028393,U138,62,2,2026-06-10 09:34:00
O028381,U313,17,4,2026-06-10 10:07:00
O028380,U433,95,2,2026-06-10 10:18:00
O028375,U031,101,3,2026-06-10 10:19:00
O028384,U337,69,4,2026-06-10 10:42:00
O028394,U169,19,3,2026-06-10 10:43:00
O028402,U351,65,3,2026-06-10 11:02:00
O028400,U337,20,2,2026-06-10 11:37:00
O028404,U101,88,3,2026-06-10 11:47:00
O028405,U364,13,3,2026-06-10 12:16:00
O028403,U289,84,2,2026-06-10 12:34:00
O028401,U274,64,3,2026-06-10 12:34:00
O028407,U274,64,5,2026-06-10 13:19:00
O028406,U275,13,5,2026-06-10 14:13:00
O028416,U154,83,4,2026-06-10 14:13:00
O028423,U348,16,4,2026-06-10 15:13:00
O028433,U410,63,4,2026-06-10 15:18:00
O028438,U216,78,3,2026-06-10 15:28:00
O028431,U426,102,4,2026-06-10 15:30:00
O028425,U149,102,3,2026-06-10 15:47:00
O028425,U149,38,2,2026-06-10 15:48:00
O028450,U169,17,3,2026-06-10 16:25:00
O028429,U182,8,5,2026-06-10 16:31:00
O028434,U308,97,4,2026-06-10 16:44:00
O028453,U463,98,4,2026-06-10 17:01:00
O028454,U395,51,3,2026-06-10 17:07:00
O028444,U072,100,3,2026-06-10 17:28:00
O028439,U196,33,3,2026-06-10 17:31:00
O028448,U127,100,3,2026-06-10 17:42:00
O028452,U447,18,5,2026-06-10 17:47:00
O028444,U072,13,2,2026-06-10 17:53:00
O028446,U324,57,3,2026-06-10 18:00:00
O028446,U324,100,4,2026-06-10 18:05:00
O028459,U127,3,3,2026-06-10 18:16:00
O028458,U138,63,5,2026-06-10 18:52:00
O028463,U101,101,4,2026-06-10 18:59:00
O028473,U367,56,3,2026-06-10 19:19:00
O028456,U247,98,3,2026-06-10 19:22:00
O028475,U453,80,2,2026-06-10 19:34:00
O028464,U411,99,4,2026-06-10 19:40:00
O028469,U229,65,4,2026-06-10 20:11:00
O028478,U227,95,4,2026-06-10 21:01:00
O028468,U216,81,5,2026-06-10 21:08:00
O028477,U070,76,5,2026-06-10 21:59:00
O028479,U049,84,4,2026-06-10 22:18:00
O028484,U411,84,4,2026-06-11 00:00:00
O028489,U284,60,2,2026-06-11 07:25:00
O028493,U475,40,3,2026-06-11 07:40:00
O028497,U048,29,4,2026-06-11 08:32:00
O028500,U477,3,5,2026-06-11 08:37:00
O028493,U475,44,3,2026-06-11 08:48:00
O028489,U284,76,4,2026-06-11 08:54:00
O028505,U165,77,5,2026-06-11 09:06:00
O028487,U388,19,3,2026-06-11 09:08:00
O028496,U284,74,4,2026-06-11 09:19:00
O028492,U476,45,3,2026-06-11 09:21:00
O028511,U148,76,4,2026-06-11 09:36:00
O028490,U468,19,5,2026-06-11 09:39:00
O028489,U284,101,4,2026-06-11 09:43:00
O028496,U284,102,3,2026-06-11 10:06:00
O028493,U475,98,3,2026-06-11 10:08:00
O028512,U413,37,5,2026-06-11 10:40:00
O028501,U491,101,4,2026-06-11 10:42:00
O028503,U233,50,4,2026-06-11 11:09:00
O028517,U127,70,2,2026-06-11 11:29:00
O028508,U083,65,4,2026-06-11 11:31:00
O028527,U142,1,5,2026-06-11 12:01:00
O028521,U369,60,1,2026-06-11 12:11:00
O028531,U017,36,3,2026-06-11 12:15:00
O028517,U127,7,5,2026-06-11 12:26:00
O028523,U387,37,4,2026-06-11 12:37:00
O028520,U071,85,5,2026-06-11 12:45:00
O028535,U180,45,4,2026-06-11 12:47:00
O028532,U201,19,4,2026-06-11 12:49:00
O028525,U485,65,5,2026-06-11 13:15:00
O028539,U375,25,4,2026-06-11 13:20:00
O028533,U371,88,3,2026-06-11 13:22:00
O028538,U392,4,4,2026-06-11 13:42:00
O028527,U142,5,4,2026-06-11 13:52:00
O028539,U375,98,4,2026-06-11 14:13:00
O028533,U371,10,3,2026-06-11 14:16:00
O028537,U293,31,5,2026-06-11 14:20:00
O028545,U497,76,5,2026-06-11 14:52:00
O028542,U225,48,4,2026-06-11 15:26:00
O028540,U228,3,3,2026-06-11 16:11:00
O028558,U289,100,5,2026-06-11 16:28:00
O028547,U435,92,2,2026-06-11 16:40:00
O028544,U137,101,4,2026-06-11 16:43:00
O028558,U289,13,4,2026-06-11 16:50:00
O028549,U068,81,3,2026-06-11 17:11:00
O028555,U291,70,5,2026-06-11 17:19:00
O028572,U192,26,4,2026-06-11 17:39:00
O028565,U098,87,2,2026-06-11 17:42:00
O028562,U150,95,2,2026-06-11 17:43:00
O028574,U318,57,3,2026-06-11 17:53:00
O028571,U036,99,4,2026-06-11 18:28:00
O028571,U036,102,4,2026-06-11 19:20:00
O028580,U259,39,3,2026-06-11 19:23:00
O028582,U028,72,4,2026-06-11 19:35:00
O028571,U036,2,4,2026-06-11 19:42:00
O028580,U259,99,5,2026-06-11 20:23:00
O028586,U478,93,3,2026-06-11 20:40:00
O028588,U440,27,5,2026-06-11 21:07:00
O028584,U435,92,3,2026-06-11 21:11:00
O028584,U435,62,3,2026-06-11 21:31:00
O028583,U343,67,5,2026-06-11 21:37:00
O028588,U440,75,3,2026-06-11 22:32:00
O028592,U153,35,3,2026-06-11 23:04:00
O028594,U401,100,4,2026-06-11 23:07:00
O028595,U086,4,2,2026-06-12 06:19:00
O028610,U072,77,2,2026-06-12 08:11:00
O028620,U082,90,5,2026-06-12 08:34:00
O028600,U032,101,4,2026-06-12 08:36:00
O028608,U127,90,3,2026-06-12 08:39:00
O028607,U333,100,4,2026-06-12 09:01:00
O028602,U072,100,4,2026-06-12 09:05:00
O028613,U491,11,5,2026-06-12 09:37:00
O028619,U308,69,3,2026-06-12 09:51:00
O028601,U237,84,5,2026-06-12 09:51:00
O028603,U333,26,5,2026-06-12 09:59:00
O028618,U485,101,4,2026-06-12 10:06:00
O028606,U126,95,4,2026-06-12 10:20:00
O028623,U211,15,5,2026-06-12 10:20:00
O028617,U453,11,4,2026-06-12 10:24:00
O028640,U265,73,2,2026-06-12 10:36:00
O028639,U082,51,4,2026-06-12 10:37:00
O028628,U455,23,3,2026-06-12 10:46:00
O028632,U277,54,3,2026-06-12 11:07:00
O028637,U031,91,3,2026-06-12 11:18:00
O028649,U247,23,3,2026-06-12 12:16:00
O028633,U289,13,3,2026-06-12 12:28:00
O028635,U275,15,3,2026-06-12 12:37:00
O028653,U475,56,1,2026-06-12 13:04:00
O028656,U469,13,3,2026-06-12 13:26:00
O028652,U388,58,3,2026-06-12 14:05:00
O028657,U396,2,4,2026-06-12 14:10:00
O028651,U443,72,3,2026-06-12 14:45:00
O028654,U416,48,3,2026-06-12 14:46:00
O028675,U142,77,4,2026-06-12 15:16:00
O028675,U142,11,4,2026-06-12 15:16:00
O028665,U419,17,3,2026-06-12 15:32:00
O028681,U311,69,2,2026-06-12 16:14:00
O028674,U200,65,3,2026-06-12 16:18:00
O028677,U080,5,5,2026-06-12 16:41:00
O028687,U150,95,4,2026-06-12 16:48:00
O028681,U311,102,4,2026-06-12 17:00:00
O028670,U450,40,4,2026-06-12 17:28:00
O028695,U450,99,4,2026-06-12 17:41:00
O028701,U449,82,3,2026-06-12 17:48:00
O028702,U428,8,5,2026-06-12 17:54:00
O028683,U041,82,2,2026-06-12 18:26:00
O028697,U101,75,4,2026-06-12 18:48:00
O028709,U478,72,4,2026-06-12 19:36:00
O028695,U450,40,5,2026-06-12 19:37:00
O028714,U443,75,4,2026-06-12 20:39:00
O028709,U478,77,3,2026-06-12 21:20:00
O028713,U446,99,4,2026-06-12 21:26:00
O028711,U067,71,4,2026-06-12 21:45:00
O028713,U446,38,3,2026-06-12 22:16:00
O028718,U212,18,4,2026-06-12 22:56:00
O028718,U212,100,4,2026-06-12 23:06:00
O028726,U215,70,4,2026-06-13 09:37:00
O028722,U277,36,2,2026-06-13 09:47:00
O028728,U293,27,3,2026-06-13 09:55:00
O028734,U006,25,3,2026-06-13 10:35:00
O028735,U068,75,5,2026-06-13 10:51:00
O028736,U324,72,4,2026-06-13 11:11:00
O028732,U086,22,4,2026-06-13 11:50:00
O028762,U482,47,3,2026-06-13 12:00:00
O028730,U072,8,4,2026-06-13 12:04:00
O028749,U491,81,4,2026-06-13 12:12:00
O028751,U469,21,2,2026-06-13 12:19:00
O028733,U275,52,3,2026-06-13 12:33:00
O028743,U206,101,3,2026-06-13 12:40:00
O028761,U363,22,5,2026-06-13 12:44:00
O028742,U335,101,4,2026-06-13 12:53:00
O028761,U363,101,5,2026-06-13 13:02:00
O028770,U043,37,3,2026-06-13 13:19:00
O028769,U253,17,5,2026-06-13 13:22:00
O028755,U312,15,4,2026-06-13 13:24:00
O028766,U167,32,3,2026-06-13 14:23:00
O028773,U362,34,3,2026-06-13 15:08:00
O028777,U016,42,3,2026-06-13 15:21:00
O028774,U273,5,4,2026-06-13 15:32:00
O028787,U243,36,5,2026-06-13 15:38:00
O028787,U243,2,4,2026-06-13 16:10:00
O028790,U447,100,5,2026-06-13 16:18:00
O028791,U206,4,4,2026-06-13 16:27:00
O028784,U160,100,4,2026-06-13 16:32:00
O028779,U162,71,4,2026-06-13 16:36:00
O028785,U249,95,4,2026-06-13 16:38:00
O028792,U455,24,4,2026-06-13 16:52:00
O028776,U216,36,4,2026-06-13 17:01:00
O028800,U020,64,4,2026-06-13 17:09:00
O028798,U417,77,4,2026-06-13 17:30:00
O028788,U284,71,2,2026-06-13 18:01:00
O028803,U086,22,4,2026-06-13 18:08:00
O028817,U286,96,4,2026-06-13 18:11:00
O028801,U479,5,4,2026-06-13 18:13:00
O028799,U351,99,4,2026-06-13 18:33:00
O028795,U310,83,5,2026-06-13 18:40:00
O028824,U401,63,5,2026-06-13 18:48:00
O028819,U108,32,5,2026-06-13 18:49:00
O028825,U054,95,3,2026-06-13 18:50:00
O028819,U108,28,4,2026-06-13 19:23:00
O028803,U086,16,3,2026-06-13 19:31:00
O028807,U140,63,4,2026-06-13 20:03:00
O028829,U308,70,4,2026-06-13 20:21:00
O028820,U498,30,3,2026-06-13 20:39:00
O028817,U286,102,4,2026-06-13 20:39:00
O028832,U351,54,4,2026-06-13 21:02:00
O028832,U351,66,4,2026-06-13 21:14:00
O028845,U307,100,4,2026-06-13 22:01:00
O028842,U196,100,3,2026-06-13 23:20:00
O028841,U069,94,4,2026-06-13 23:25:00
O028854,U131,42,4,2026-06-14 07:38:00
O028853,U486,100,3,2026-06-14 08:02:00
O028853,U486,98,4,2026-06-14 08:09:00
O028851,U086,39,2,2026-06-14 08:11:00
O028858,U471,96,5,2026-06-14 09:34:00
O028867,U200,36,3,2026-06-14 10:00:00
O028856,U479,6,3,2026-06-14 10:01:00
O028864,U344,87,3,2026-06-14 10:09:00
O028859,U098,8,2,2026-06-14 10:24:00
O028861,U102,18,5,2026-06-14 10:30:00
O028874,U449,62,3,2026-06-14 10:37:00
O028880,U093,47,4,2026-06-14 10:41:00
O028866,U106,85,5,2026-06-14 10:46:00
O028860,U146,76,5,2026-06-14 10:51:00
O028868,U297,100,4,2026-06-14 11:22:00
O028864,U344,100,3,2026-06-14 11:59:00
O028892,U447,11,4,2026-06-14 12:03:00
O028898,U020,35,3,2026-06-14 12:12:00
O028887,U164,62,4,2026-06-14 12:22:00
O028900,U479,100,3,2026-06-14 12:26:00
O028899,U056,77,3,2026-06-14 12:49:00
O028891,U212,30,3,2026-06-14 13:10:00
O028888,U404,7,4,2026-06-14 13:35:00
O028902,U023,35,4,2026-06-14 14:01:00
O028901,U295,93,3,2026-06-14 14:11:00
O028910,U055,6,4,2026-06-14 15:30:00
O028903,U344,74,5,2026-06-14 15:31:00
O028915,U375,101,5,2026-06-14 15:37:00
O028908,U048,55,4,2026-06-14 15:46:00
O028912,U292,29,3,2026-06-14 15:48:00
O028904,U121,15,4,2026-06-14 15:51:00
O028909,U383,6,3,2026-06-14 16:01:00
O028918,U392,1,5,2026-06-14 16:16:00
O028922,U178,64,4,2026-06-14 16:37:00
O028913,U057,83,4,2026-06-14 16:37:00
O028926,U333,101,4,2026-06-14 17:02:00
O028916,U187,27,5,2026-06-14 17:05:00
O028917,U080,101,4,2026-06-14 17:08:00
O028915,U375,69,3,2026-06-14 17:12:00
O028909,U383,7,2,2026-06-14 17:15:00
O028932,U141,83,5,2026-06-14 17:15:00
O028913,U057,62,4,2026-06-14 17:27:00
O028937,U400,98,3,2026-06-14 17:38:00
O028943,U328,100,4,2026-06-14 17:43:00
O028939,U035,97,3,2026-06-14 17:45:00
O028923,U401,11,3,2026-06-14 17:57:00
O028936,U260,13,4,2026-06-14 18:01:00
O028937,U400,3,2,2026-06-14 18:03:00
O028934,U378,61,5,2026-06-14 18:25:00
O028942,U312,15,5,2026-06-14 18:30:00
O028951,U351,54,4,2026-06-14 18:32:00
O028947,U348,91,2,2026-06-14 18:55:00
O028955,U404,99,3,2026-06-14 18:55:00
O028961,U413,97,4,2026-06-14 19:17:00
O028954,U176,66,3,2026-06-14 19:49:00
O028959,U372,100,3,2026-06-14 19:58:00
O028948,U094,73,2,2026-06-14 20:11:00
O028963,U379,33,2,2026-06-14 20:11:00
O028962,U248,37,5,2026-06-14 21:27:00
O028966,U419,72,4,2026-06-14 21:28:00
O028960,U446,92,4,2026-06-14 21:32:00
O028971,U402,3,5,2026-06-14 21:47:00
O028974,U216,79,4,2026-06-14 22:10:00
O028968,U216,72,4,2026-06-14 22:20:00
O028968,U216,73,4,2026-06-14 22:53:00
O028979,U184,54,5,2026-06-14 23:33:00
O028973,U196,33,3,2026-06-14 23:34:00
O028974,U216,63,4,2026-06-14 23:35:00
O028976,U360,101,3,2026-06-14 23:40:00
O028980,U126,70,4,2026-06-15 06:59:00
O028987,U239,98,4,2026-06-15 07:51:00
O028989,U031,101,4,2026-06-15 08:15:00
O028981,U165,77,5,2026-06-15 08:35:00
O028991,U461,15,4,2026-06-15 08:39:00
O029007,U374,100,3,2026-06-15 09:34:00
O029010,U033,1,4,2026-06-15 09:50:00
O028997,U244,43,4,2026-06-15 10:01:00
O029023,U391,60,4,2026-06-15 10:28:00
O029018,U305,33,3,2026-06-15 10:30:00
O029020,U093,47,5,2026-06-15 10:34:00
O028993,U383,94,4,2026-06-15 10:46:00
O029003,U485,65,3,2026-06-15 10:53:00
O029019,U150,20,2,2026-06-15 11:07:00
O028998,U333,7,2,2026-06-15 11:11:00
O029019,U150,101,5,2026-06-15 11:13:00
O029013,U110,98,4,2026-06-15 11:33:00
O029005,U033,1,5,2026-06-15 11:40:00
O029020,U093,100,4,2026-06-15 11:41:00
O029005,U033,102,4,2026-06-15 12:05:00
O029025,U102,45,4,2026-06-15 12:23:00
O029026,U121,71,4,2026-06-15 12:34:00
O029027,U427,60,4,2026-06-15 12:42:00
O029022,U445,83,5,2026-06-15 12:44:00
O029029,U247,49,5,2026-06-15 12:51:00
O029036,U089,100,4,2026-06-15 13:53:00
O029030,U383,64,2,2026-06-15 14:10:00
O029034,U276,34,5,2026-06-15 15:31:00
O029050,U057,55,2,2026-06-15 15:49:00
O029041,U447,96,4,2026-06-15 16:01:00
O029060,U469,18,3,2026-06-15 16:06:00
O029057,U273,6,3,2026-06-15 16:07:00
O029043,U301,89,2,2026-06-15 16:08:00
O029036,U089,84,2,2026-06-15 16:11:00
O029047,U271,100,5,2026-06-15 16:18:00
O029042,U072,77,3,2026-06-15 16:46:00
O029059,U091,74,4,2026-06-15 16:53:00
O029067,U120,16,2,2026-06-15 17:09:00
O029058,U157,79,3,2026-06-15 17:11:00
O029046,U192,37,4,2026-06-15 17:19:00
O029069,U233,92,3,2026-06-15 17:30:00
O029066,U351,7,3,2026-06-15 17:44:00
O029060,U469,17,4,2026-06-15 17:55:00
O029054,U184,63,4,2026-06-15 18:04:00
O029070,U296,74,3,2026-06-15 18:04:00
O029073,U110,87,4,2026-06-15 18:23:00
O029057,U273,7,5,2026-06-15 18:23:00
O029069,U233,4,3,2026-06-15 18:32:00
O029089,U148,79,4,2026-06-15 18:39:00
O029065,U289,20,5,2026-06-15 18:59:00
O029074,U495,21,3,2026-06-15 19:03:00
O029085,U273,5,3,2026-06-15 19:25:00
O029083,U367,53,4,2026-06-15 20:01:00
O029078,U178,101,4,2026-06-15 20:07:00
O029083,U367,67,2,2026-06-15 20:10:00
O029076,U299,59,3,2026-06-15 20:21:00
O029095,U459,65,5,2026-06-15 20:25:00
O029078,U178,67,2,2026-06-15 20:29:00
O029080,U227,43,3,2026-06-15 20:30:00
O029091,U404,60,4,2026-06-15 20:35:00
O029091,U404,100,4,2026-06-15 21:29:00
O029096,U411,78,5,2026-06-15 21:43:00
O029094,U093,45,3,2026-06-15 21:59:00
O029101,U253,15,4,2026-06-15 22:03:00
O029102,U500,98,4,2026-06-15 23:24:00
O029110,U164,98,4,2026-06-16 07:32:00
O029113,U197,26,2,2026-06-16 07:50:00
O029107,U356,47,4,2026-06-16 08:14:00
O029121,U055,6,5,2026-06-16 08:27:00
O029113,U197,22,2,2026-06-16 08:46:00
O029123,U247,98,4,2026-06-16 09:02:00
O029111,U150,101,5,2026-06-16 09:16:00
O029115,U321,98,3,2026-06-16 09:23:00
O029129,U463,47,3,2026-06-16 09:24:00
O029125,U455,101,4,2026-06-16 09:28:00
O029128,U068,75,5,2026-06-16 09:28:00
O029114,U034,92,4,2026-06-16 09:40:00
O029124,U223,22,4,2026-06-16 09:50:00
O029126,U197,70,2,2026-06-16 10:02:00
O029127,U166,10,4,2026-06-16 10:08:00
O029123,U247,2,5,2026-06-16 10:09:00
O029126,U197,22,2,2026-06-16 10:15:00
O029145,U127,100,5,2026-06-16 10:34:00
O029134,U058,27,4,2026-06-16 10:34:00
O029139,U413,39,5,2026-06-16 10:40:00
O029120,U428,9,4,2026-06-16 10:42:00
O029125,U455,19,4,2026-06-16 10:44:00
O029141,U273,101,4,2026-06-16 10:49:00
O029147,U238,76,3,2026-06-16 11:24:00
O029148,U328,1,4,2026-06-16 11:49:00
O029148,U328,101,5,2026-06-16 11:52:00
O029147,U238,6,5,2026-06-16 12:22:00
O029153,U110,101,4,2026-06-16 12:32:00
O029147,U238,23,2,2026-06-16 12:34:00
O029149,U284,68,4,2026-06-16 12:47:00
O029151,U293,31,5,2026-06-16 13:19:00
O029162,U453,34,5,2026-06-16 13:55:00
O029156,U410,21,3,2026-06-16 14:06:00
O029162,U453,100,4,2026-06-16 14:10:00
O029158,U228,6,4,2026-06-16 14:16:00
O029162,U453,20,2,2026-06-16 14:26:00
O029169,U072,8,3,2026-06-16 14:36:00
O029159,U166,30,3,2026-06-16 14:41:00
O029166,U491,100,4,2026-06-16 14:41:00
O029167,U305,100,4,2026-06-16 14:46:00
O029171,U402,3,5,2026-06-16 14:54:00
O029169,U072,78,2,2026-06-16 14:56:00
O029160,U495,27,3,2026-06-16 15:03:00
O029154,U396,1,4,2026-06-16 15:09:00
O029168,U379,54,3,2026-06-16 15:36:00
O029161,U432,57,4,2026-06-16 15:47:00
O029189,U168,54,4,2026-06-16 16:34:00
O029183,U422,100,4,2026-06-16 16:56:00
O029191,U202,13,3,2026-06-16 17:02:00
O029200,U253,14,4,2026-06-16 17:19:00
O029201,U359,99,4,2026-06-16 17:38:00
O029182,U496,58,2,2026-06-16 17:48:00
O029193,U018,95,4,2026-06-16 18:02:00
O029209,U169,65,3,2026-06-16 18:05:00
O029198,U463,83,5,2026-06-16 18:31:00
O029190,U428,10,5,2026-06-16 18:34:00
O029199,U121,71,4,2026-06-16 19:02:00
O029212,U383,102,4,2026-06-16 19:03:00
O029192,U396,101,3,2026-06-16 19:14:00
O029199,U121,98,4,2026-06-16 19:26:00
O029195,U495,29,5,2026-06-16 19:30:00
O029204,U169,26,5,2026-06-16 19:40:00
O029213,U455,101,4,2026-06-16 19:48:00
O029215,U381,38,4,2026-06-16 19:59:00
O029212,U383,51,3,2026-06-16 20:14:00
O029206,U307,52,3,2026-06-16 20:19:00
O029219,U383,101,4,2026-06-16 20:39:00
O029208,U416,95,5,2026-06-16 20:43:00
O029213,U455,5,3,2026-06-16 20:54:00
O029219,U383,6,4,2026-06-16 20:55:00
O029227,U018,76,3,2026-06-16 21:14:00
O029218,U435,8,3,2026-06-16 21:35:00
O029227,U018,92,4,2026-06-16 22:20:00
O029226,U366,27,3,2026-06-16 22:27:00
O029229,U490,67,4,2026-06-16 22:27:00
O029229,U490,31,4,2026-06-16 23:18:00
O029233,U088,98,4,2026-06-17 07:52:00
O029233,U088,31,3,2026-06-17 08:08:00
O029245,U006,36,4,2026-06-17 08:30:00
O029237,U275,22,4,2026-06-17 08:34:00
O029245,U006,83,5,2026-06-17 08:42:00
O029242,U475,101,3,2026-06-17 08:46:00
O029253,U439,100,4,2026-06-17 08:56:00
O029252,U402,100,4,2026-06-17 08:59:00
O029247,U109,60,3,2026-06-17 09:03:00
O029269,U075,68,4,2026-06-17 09:19:00
O029266,U109,2,3,2026-06-17 09:23:00
O029259,U107,32,5,2026-06-17 10:06:00
O029272,U039,57,4,2026-06-17 10:07:00
O029257,U225,42,4,2026-06-17 10:20:00
O029240,U293,35,3,2026-06-17 10:20:00
O029250,U463,83,5,2026-06-17 10:42:00
O029258,U142,70,3,2026-06-17 10:44:00
O029272,U039,35,3,2026-06-17 10:49:00
O029268,U071,85,4,2026-06-17 11:22:00
O029257,U225,101,4,2026-06-17 11:27:00
O029272,U039,101,4,2026-06-17 11:58:00
O029280,U453,34,5,2026-06-17 12:21:00
O029294,U198,70,3,2026-06-17 14:07:00
O029284,U307,74,3,2026-06-17 14:25:00
O029295,U326,72,4,2026-06-17 14:50:00
O029293,U411,101,5,2026-06-17 14:58:00
O029311,U230,30,5,2026-06-17 15:08:00
O029312,U111,98,4,2026-06-17 15:30:00
O029316,U164,6,5,2026-06-17 15:34:00
O029307,U443,77,4,2026-06-17 15:36:00
O029288,U356,6,2,2026-06-17 15:39:00
O029299,U312,15,4,2026-06-17 15:53:00
O029291,U434,23,3,2026-06-17 15:55:00
O029294,U198,62,4,2026-06-17 16:04:00
O029299,U312,49,3,2026-06-17 16:08:00
O029307,U443,101,4,2026-06-17 16:11:00
O029305,U091,76,5,2026-06-17 16:18:00
O029303,U455,43,2,2026-06-17 16:22:00
O029319,U500,27,3,2026-06-17 16:53:00
O029301,U057,87,5,2026-06-17 16:56:00
O029321,U401,63,4,2026-06-17 17:02:00
O029328,U351,58,4,2026-06-17 17:04:00
O029313,U324,63,3,2026-06-17 17:09:00
O029317,U245,78,3,2026-06-17 17:10:00
O029327,U373,84,3,2026-06-17 17:11:00
O029324,U325,91,3,2026-06-17 18:38:00
O029333,U274,100,4,2026-06-17 18:41:00
O029334,U288,34,4,2026-06-17 19:45:00
O029339,U385,42,4,2026-06-17 19:51:00
O029332,U441,101,4,2026-06-17 19:58:00
O029331,U411,36,5,2026-06-17 20:04:00
O029345,U248,100,5,2026-06-17 21:48:00
O029346,U020,88,2,2026-06-17 21:59:00
O029340,U095,55,3,2026-06-17 22:36:00
O029347,U351,101,3,2026-06-17 22:54:00
O029343,U360,5,4,2026-06-17 23:19:00
O029343,U360,98,4,2026-06-17 23:32:00
O029350,U429,102,5,2026-06-18 07:55:00
O029366,U037,23,5,2026-06-18 08:19:00
O029354,U333,32,5,2026-06-18 08:39:00
O029356,U072,59,4,2026-06-18 08:52:00
O029356,U072,63,4,2026-06-18 08:54:00
O029372,U284,21,4,2026-06-18 08:58:00
O029360,U034,81,4,2026-06-18 09:02:00
O029375,U485,101,3,2026-06-18 09:02:00
O029372,U284,101,3,2026-06-18 09:15:00
O029382,U142,101,4,2026-06-18 09:21:00
O029385,U375,24,4,2026-06-18 09:25:00
O029362,U086,101,4,2026-06-18 09:25:00
O029370,U167,55,1,2026-06-18 09:26:00
O029373,U150,6,3,2026-06-18 09:30:00
O029359,U408,64,5,2026-06-18 09:36:00
O029375,U485,1,3,2026-06-18 09:38:00
O029386,U062,101,4,2026-06-18 09:40:00
O029355,U375,15,5,2026-06-18 09:43:00
O029386,U062,42,3,2026-06-18 09:43:00
O029388,U180,102,4,2026-06-18 10:05:00
O029392,U112,6,4,2026-06-18 10:14:00
O029358,U127,1,5,2026-06-18 10:19:00
O029384,U039,101,4,2026-06-18 10:27:00
O029394,U384,19,2,2026-06-18 10:29:00
O029375,U485,61,3,2026-06-18 10:31:00
O029379,U071,85,4,2026-06-18 11:01:00
O029394,U384,37,4,2026-06-18 11:10:00
O029395,U463,70,3,2026-06-18 11:23:00
O029390,U006,97,3,2026-06-18 11:48:00
O029393,U360,6,4,2026-06-18 12:06:00
O029386,U062,14,5,2026-06-18 12:12:00
O029404,U035,101,3,2026-06-18 12:50:00
O029400,U121,78,2,2026-06-18 13:01:00
O029404,U035,9,3,2026-06-18 14:31:00
O029414,U265,73,3,2026-06-18 14:49:00
O029418,U285,29,4,2026-06-18 15:20:00
O029411,U192,26,4,2026-06-18 15:40:00
O029425,U458,39,3,2026-06-18 15:44:00
O029408,U168,81,3,2026-06-18 16:14:00
O029409,U426,59,3,2026-06-18 16:16:00
O029415,U429,101,4,2026-06-18 16:54:00
O029426,U415,2,4,2026-06-18 17:10:00
O029418,U285,28,5,2026-06-18 17:13:00
O029419,U455,23,3,2026-06-18 17:29:00
O029445,U481,49,5,2026-06-18 17:34:00
O029422,U427,102,3,2026-06-18 17:51:00
O029440,U018,44,4,2026-06-18 18:07:00
O029427,U315,81,2,2026-06-18 18:12:00
O029428,U130,7,5,2026-06-18 18:14:00
O029435,U238,101,4,2026-06-18 18:31:00
O029452,U315,99,4,2026-06-18 18:41:00
O029450,U213,76,5,2026-06-18 18:49:00
O029429,U278,10,3,2026-06-18 18:54:00
O029455,U377,53,3,2026-06-18 19:09:00
O029435,U238,1,3,2026-06-18 19:17:00
O029447,U169,101,4,2026-06-18 19:37:00
O029456,U458,5,3,2026-06-18 20:03:00
O029448,U475,47,2,2026-06-18 20:15:00
O029451,U248,43,4,2026-06-18 20:26:00
O029449,U356,47,3,2026-06-18 20:27:00
O029456,U458,91,5,2026-06-18 20:32:00
O029455,U377,101,4,2026-06-18 20:49:00
O029458,U281,62,4,2026-06-18 20:53:00
O029451,U248,59,1,2026-06-18 20:54:00
O029457,U178,30,4,2026-06-18 21:15:00
O029468,U222,89,4,2026-06-18 22:24:00
O029471,U411,81,5,2026-06-18 23:55:00
O029480,U273,101,2,2026-06-19 08:13:00
O029475,U221,102,4,2026-06-19 08:15:00
O029474,U202,59,5,2026-06-19 08:30:00
O029484,U005,5,4,2026-06-19 08:30:00
O029479,U071,85,5,2026-06-19 08:37:00
O029492,U200,75,3,2026-06-19 08:52:00
O029494,U275,19,5,2026-06-19 08:58:00
O029484,U005,100,3,2026-06-19 09:06:00
O029476,U100,88,4,2026-06-19 09:28:00
O029495,U238,5,4,2026-06-19 09:53:00
O029480,U273,2,5,2026-06-19 10:03:00
O029489,U463,101,4,2026-06-19 10:15:00
O029497,U241,101,4,2026-06-19 10:25:00
O029496,U053,80,1,2026-06-19 10:26:00
O029508,U226,100,4,2026-06-19 10:34:00
O029497,U241,73,3,2026-06-19 10:54:00
O029498,U058,26,4,2026-06-19 10:56:00
O029498,U058,36,3,2026-06-19 11:18:00
O029501,U149,86,3,2026-06-19 11:25:00
O029507,U250,100,4,2026-06-19 12:03:00
O029508,U226,74,3,2026-06-19 12:23:00
O029513,U276,99,4,2026-06-19 12:38:00
O029512,U453,36,5,2026-06-19 13:55:00
O029528,U474,30,2,2026-06-19 14:39:00
O029527,U162,71,4,2026-06-19 14:48:00
O029520,U212,13,3,2026-06-19 14:51:00
O029515,U494,99,5,2026-06-19 15:01:00
O029515,U494,73,3,2026-06-19 15:06:00
O029540,U184,49,3,2026-06-19 15:28:00
O029525,U060,36,5,2026-06-19 15:32:00
O029532,U375,24,3,2026-06-19 15:36:00
O029522,U385,75,4,2026-06-19 15:54:00
O029525,U060,101,3,2026-06-19 16:19:00
O029552,U428,2,3,2026-06-19 16:32:00
O029539,U375,89,2,2026-06-19 16:42:00
O029558,U271,15,4,2026-06-19 17:15:00
O029541,U149,38,2,2026-06-19 17:22:00
O029545,U242,91,4,2026-06-19 17:28:00
O029560,U307,100,4,2026-06-19 17:47:00
O029561,U138,98,2,2026-06-19 17:48:00
O029545,U242,99,4,2026-06-19 17:50:00
O029562,U057,58,3,2026-06-19 17:56:00
O029547,U312,18,4,2026-06-19 17:56:00
O029568,U363,8,5,2026-06-19 18:02:00
O029575,U447,96,3,2026-06-19 18:34:00
O029561,U138,100,2,2026-06-19 19:09:00
O029562,U057,75,4,2026-06-19 19:21:00
O029569,U328,75,4,2026-06-19 19:56:00
O029575,U447,101,4,2026-06-19 20:59:00
O029577,U111,99,3,2026-06-19 21:00:00
O029579,U299,65,3,2026-06-19 21:17:00
O029578,U028,91,2,2026-06-19 21:42:00
O029587,U265,85,2,2026-06-19 22:26:00
O029585,U018,95,5,2026-06-19 22:51:00
O029590,U049,99,5,2026-06-19 23:08:00
O029597,U086,22,5,2026-06-20 07:58:00
O029598,U085,30,3,2026-06-20 08:25:00
O029604,U391,101,4,2026-06-20 09:31:00
O029601,U225,96,4,2026-06-20 09:47:00
O029599,U219,100,2,2026-06-20 09:56:00
O029604,U391,57,4,2026-06-20 10:10:00
O029603,U167,3,5,2026-06-20 10:10:00
O029605,U289,101,5,2026-06-20 10:15:00
O029605,U289,89,2,2026-06-20 10:27:00
O029616,U036,101,3,2026-06-20 10:41:00
O029609,U186,26,3,2026-06-20 10:47:00
O029611,U284,94,3,2026-06-20 11:24:00
O029627,U474,101,3,2026-06-20 11:42:00
O029606,U085,7,5,2026-06-20 11:56:00
O029629,U020,64,4,2026-06-20 11:58:00
O029616,U036,4,4,2026-06-20 12:04:00
O029612,U222,79,4,2026-06-20 12:22:00
O029628,U216,65,5,2026-06-20 12:32:00
O029622,U265,36,4,2026-06-20 12:38:00
O029631,U443,72,3,2026-06-20 12:38:00
O029615,U150,85,3,2026-06-20 12:47:00
O029632,U367,60,4,2026-06-20 13:10:00
O029628,U216,37,3,2026-06-20 13:10:00
O029628,U216,63,3,2026-06-20 13:19:00
O029627,U474,53,5,2026-06-20 14:02:00
O029632,U367,102,5,2026-06-20 14:29:00
O029631,U443,78,3,2026-06-20 14:31:00
O029634,U207,34,4,2026-06-20 14:32:00
O029632,U367,57,4,2026-06-20 15:13:00
O029639,U500,63,3,2026-06-20 15:28:00
O029638,U451,7,5,2026-06-20 15:43:00
O029637,U144,74,5,2026-06-20 15:51:00
O029651,U037,22,4,2026-06-20 16:47:00
O029647,U071,40,2,2026-06-20 16:52:00
O029649,U225,39,4,2026-06-20 17:05:00
O029646,U024,87,4,2026-06-20 17:15:00
O029664,U176,59,2,2026-06-20 17:20:00
O029642,U274,63,3,2026-06-20 17:26:00
O029665,U095,27,4,2026-06-20 17:37:00
O029667,U284,40,4,2026-06-20 17:41:00
O029653,U227,61,3,2026-06-20 17:41:00
O029664,U176,66,3,2026-06-20 17:45:00
O029668,U028,58,2,2026-06-20 17:52:00
O029669,U111,102,3,2026-06-20 18:23:00
O029672,U130,102,4,2026-06-20 18:39:00
O029669,U111,82,4,2026-06-20 18:50:00
O029660,U098,87,2,2026-06-20 19:09:00
O029663,U052,43,4,2026-06-20 19:16:00
O029672,U130,6,4,2026-06-20 19:18:00
O029690,U111,81,4,2026-06-20 20:43:00
O029686,U391,66,5,2026-06-20 21:36:00
O029696,U253,61,3,2026-06-20 22:38:00
O029694,U010,48,3,2026-06-20 23:15:00
O029702,U137,5,4,2026-06-21 07:49:00
O029700,U165,102,4,2026-06-21 09:20:00
O029715,U383,71,2,2026-06-21 09:54:00
O029718,U238,1,4,2026-06-21 10:59:00
O029710,U413,36,4,2026-06-21 11:18:00
O029714,U132,53,3,2026-06-21 11:27:00
O029733,U183,92,3,2026-06-21 12:14:00
O029725,U402,31,3,2026-06-21 12:15:00
O029722,U073,87,3,2026-06-21 12:21:00
O029741,U315,88,3,2026-06-21 12:32:00
O029741,U315,30,3,2026-06-21 12:43:00
O029723,U276,28,4,2026-06-21 12:57:00
O029727,U245,6,5,2026-06-21 12:59:00
O029743,U009,37,4,2026-06-21 13:46:00
O029733,U183,26,2,2026-06-21 13:57:00
O029742,U435,43,3,2026-06-21 14:04:00
O029730,U446,48,5,2026-06-21 14:17:00
O029732,U425,49,4,2026-06-21 14:18:00
O029731,U194,26,4,2026-06-21 14:29:00
O029746,U493,100,5,2026-06-21 14:41:00
O029753,U375,24,3,2026-06-21 14:43:00
O029745,U023,46,3,2026-06-21 14:56:00
O029740,U153,48,3,2026-06-21 15:10:00
O029764,U468,19,5,2026-06-21 15:47:00
O029767,U401,80,3,2026-06-21 15:52:00
O029753,U375,13,3,2026-06-21 16:14:00
O029765,U248,100,4,2026-06-21 16:31:00
O029770,U452,6,5,2026-06-21 16:42:00
O029764,U468,100,4,2026-06-21 16:55:00
O029783,U072,11,5,2026-06-21 17:38:00
O029774,U492,90,4,2026-06-21 17:40:00
O029756,U407,21,4,2026-06-21 17:47:00
O029776,U028,101,4,2026-06-21 17:57:00
O029779,U464,101,4,2026-06-21 18:14:00
O029794,U401,72,3,2026-06-21 18:31:00
O029773,U469,17,5,2026-06-21 18:41:00
O029793,U184,32,3,2026-06-21 18:52:00
O029794,U401,98,4,2026-06-21 19:04:00
O029773,U469,98,4,2026-06-21 19:06:00
O029785,U230,52,3,2026-06-21 19:21:00
O029788,U315,50,4,2026-06-21 19:21:00
O029787,U168,85,2,2026-06-21 19:28:00
O029790,U433,92,2,2026-06-21 20:10:00
O029795,U374,30,3,2026-06-21 20:15:00
O029803,U198,63,4,2026-06-21 20:41:00
O029799,U150,95,3,2026-06-21 20:54:00
O029804,U057,80,3,2026-06-21 20:58:00
O029802,U080,45,3,2026-06-21 21:26:00
O029806,U173,26,4,2026-06-21 21:45:00
O029811,U428,22,2,2026-06-22 06:49:00
O029812,U296,54,2,2026-06-22 06:58:00
O029813,U088,61,4,2026-06-22 08:28:00
O029815,U465,90,4,2026-06-22 08:43:00
O029824,U072,9,4,2026-06-22 08:48:00
O029820,U301,23,3,2026-06-22 08:54:00
O029829,U228,8,4,2026-06-22 08:54:00
O029811,U428,98,3,2026-06-22 08:57:00
O029831,U275,100,4,2026-06-22 09:08:00
O029834,U370,15,3,2026-06-22 09:57:00
O029818,U427,17,3,2026-06-22 10:09:00
O029831,U275,13,5,2026-06-22 10:11:00
O029836,U404,7,5,2026-06-22 10:13:00
O029828,U162,70,4,2026-06-22 10:17:00
O029845,U312,15,5,2026-06-22 10:27:00
O029823,U281,101,5,2026-06-22 10:38:00
O029840,U071,98,3,2026-06-22 10:39:00
O029840,U071,85,5,2026-06-22 10:40:00
O029824,U072,100,3,2026-06-22 10:45:00
O029830,U427,100,3,2026-06-22 11:05:00
O029835,U375,24,3,2026-06-22 11:07:00
O029854,U108,3,5,2026-06-22 11:39:00
O029855,U077,26,4,2026-06-22 11:43:00
O029850,U220,90,3,2026-06-22 11:45:00
O029856,U454,101,3,2026-06-22 11:47:00
O029851,U229,10,3,2026-06-22 11:49:00
O029850,U220,98,3,2026-06-22 11:58:00
O029850,U220,57,3,2026-06-22 12:10:00
O029851,U229,37,3,2026-06-22 12:14:00
O029853,U428,25,2,2026-06-22 12:18:00
O029857,U360,100,3,2026-06-22 12:34:00
O029862,U132,2,5,2026-06-22 12:34:00
O029858,U352,38,4,2026-06-22 12:56:00
O029857,U360,6,4,2026-06-22 13:09:00
O029860,U165,102,4,2026-06-22 13:23:00
O029867,U083,52,3,2026-06-22 13:43:00
O029863,U407,85,4,2026-06-22 13:49:00
O029869,U380,67,4,2026-06-22 13:50:00
O029864,U109,7,5,2026-06-22 14:27:00
O029872,U469,20,4,2026-06-22 15:06:00
O029881,U167,26,3,2026-06-22 15:08:00
O029884,U072,7,4,2026-06-22 15:26:00
O029887,U478,93,4,2026-06-22 15:31:00
O029880,U267,102,3,2026-06-22 15:34:00
O029890,U150,30,2,2026-06-22 15:40:00
O029879,U489,16,4,2026-06-22 15:41:00
O029880,U267,63,2,2026-06-22 15:43:00
O029881,U167,100,3,2026-06-22 16:13:00
O029874,U035,41,5,2026-06-22 16:19:00
O029894,U121,16,3,2026-06-22 16:49:00
O029884,U072,99,4,2026-06-22 16:51:00
O029883,U111,6,3,2026-06-22 17:06:00
O029894,U121,101,4,2026-06-22 17:29:00
O029905,U367,15,2,2026-06-22 17:44:00
O029893,U069,94,3,2026-06-22 18:10:00
O029902,U260,20,5,2026-06-22 18:10:00
O029895,U247,101,3,2026-06-22 18:32:00
O029914,U050,33,3,2026-06-22 18:35:00
O029901,U467,71,3,2026-06-22 18:43:00
O029911,U036,26,2,2026-06-22 18:56:00
O029895,U247,32,5,2026-06-22 18:58:00
O029905,U367,101,5,2026-06-22 18:59:00
O029904,U449,99,4,2026-06-22 19:04:00
O029904,U449,80,3,2026-06-22 19:14:00
O029915,U435,40,3,2026-06-22 19:35:00
O029902,U260,35,3,2026-06-22 19:35:00
O029919,U401,63,4,2026-06-22 19:54:00
O029920,U351,18,3,2026-06-22 19:56:00
O029910,U434,94,5,2026-06-22 20:26:00
O029931,U067,7,4,2026-06-22 21:06:00
O029920,U351,100,3,2026-06-22 21:29:00
O029923,U206,64,3,2026-06-22 22:04:00
O029932,U216,63,4,2026-06-22 22:33:00
O029936,U222,100,5,2026-06-22 22:48:00
O029933,U417,36,4,2026-06-22 23:30:00
O029939,U252,71,3,2026-06-23 07:06:00
O029946,U451,100,4,2026-06-23 08:26:00
O029946,U451,90,3,2026-06-23 08:46:00
O029951,U202,76,2,2026-06-23 08:52:00
O029949,U392,7,4,2026-06-23 09:09:00
O029958,U204,17,3,2026-06-23 09:12:00
O029954,U299,7,4,2026-06-23 09:15:00
O029953,U016,44,3,2026-06-23 09:18:00
O029970,U083,46,2,2026-06-23 09:28:00
O029944,U071,85,4,2026-06-23 09:29:00
O029949,U392,1,4,2026-06-23 09:34:00
O029959,U441,23,4,2026-06-23 09:34:00
O029975,U230,26,5,2026-06-23 09:47:00
O029974,U388,41,3,2026-06-23 09:52:00
O029942,U162,26,5,2026-06-23 09:55:00
O029976,U392,1,5,2026-06-23 09:56:00
O029958,U204,101,5,2026-06-23 10:14:00
O029967,U247,47,4,2026-06-23 10:23:00
O029961,U089,25,4,2026-06-23 10:27:00
O029960,U333,39,3,2026-06-23 10:39:00
O029960,U333,52,3,2026-06-23 10:41:00
O029968,U058,27,4,2026-06-23 10:58:00
O029966,U500,98,3,2026-06-23 11:33:00
O029984,U095,66,3,2026-06-23 11:34:00
O029981,U212,16,5,2026-06-23 11:35:00
O029982,U385,90,5,2026-06-23 11:53:00
O029971,U202,81,2,2026-06-23 12:07:00
O029973,U095,58,4,2026-06-23 12:20:00
O029985,U165,73,3,2026-06-23 12:50:00
O029981,U212,98,4,2026-06-23 12:50:00
O029995,U072,8,3,2026-06-23 12:52:00
O029986,U272,6,5,2026-06-23 13:03:00
O029987,U057,101,4,2026-06-23 13:51:00
O029989,U485,100,3,2026-06-23 14:06:00
O029998,U443,75,4,2026-06-23 14:47:00
O030003,U308,90,3,2026-06-23 14:49:00
O030012,U500,75,3,2026-06-23 15:05:00
O030013,U335,2,4,2026-06-23 15:43:00
O030010,U127,90,2,2026-06-23 15:45:00
O030017,U248,49,5,2026-06-23 15:51:00
O030018,U149,24,3,2026-06-23 15:58:00
O030011,U335,1,4,2026-06-23 16:05:00
O030008,U322,50,4,2026-06-23 16:13:00
O030019,U038,1,4,2026-06-23 16:23:00
O030001,U288,34,4,2026-06-23 16:24:00
O030008,U322,79,3,2026-06-23 16:32:00
O030006,U020,64,3,2026-06-23 16:41:00
O030003,U308,91,4,2026-06-23 17:05:00
O030005,U455,94,4,2026-06-23 17:08:00
O030012,U500,76,4,2026-06-23 17:09:00
O030011,U335,7,3,2026-06-23 17:16:00
O030028,U301,23,4,2026-06-23 17:19:00
O030024,U083,82,3,2026-06-23 17:25:00
O030022,U014,3,5,2026-06-23 17:25:00
O030020,U458,32,4,2026-06-23 17:36:00
O030013,U335,100,4,2026-06-23 17:37:00
O030016,U062,101,4,2026-06-23 17:39:00
O030036,U196,33,2,2026-06-23 17:52:00
O030016,U062,77,3,2026-06-23 18:02:00
O030038,U224,27,4,2026-06-23 18:09:00
O030025,U215,90,3,2026-06-23 18:29:00
O030030,U385,89,3,2026-06-23 18:31:00
O030026,U328,1,5,2026-06-23 18:40:00
O030028,U301,101,2,2026-06-23 18:42:00
O030023,U468,19,5,2026-06-23 18:42:00
O030034,U308,23,4,2026-06-23 18:45:00
O030040,U351,56,3,2026-06-23 18:58:00
O030024,U083,52,2,2026-06-23 19:01:00
O030048,U473,93,5,2026-06-23 19:10:00
O030047,U359,72,5,2026-06-23 19:25:00
O030046,U179,8,4,2026-06-23 19:25:00
O030039,U323,7,3,2026-06-23 19:39:00
O030050,U056,102,4,2026-06-23 21:11:00
O030065,U435,84,3,2026-06-23 21:53:00
O030062,U169,17,4,2026-06-23 22:23:00
O030061,U018,58,3,2026-06-23 23:03:00
O030063,U367,100,4,2026-06-23 23:25:00
O030067,U184,32,4,2026-06-23 23:59:00
O030068,U072,60,3,2026-06-24 08:22:00
O030074,U375,24,4,2026-06-24 08:23:00
O030074,U375,98,4,2026-06-24 08:32:00
O030071,U165,101,3,2026-06-24 09:42:00
O030095,U275,101,4,2026-06-24 09:57:00
O030096,U274,101,3,2026-06-24 10:01:00
O030074,U375,102,4,2026-06-24 10:04:00
O030095,U275,60,3,2026-06-24 10:05:00
O030069,U485,33,2,2026-06-24 10:11:00
O030078,U455,94,3,2026-06-24 10:13:00
O030080,U338,2,3,2026-06-24 10:19:00
O030099,U149,6,4,2026-06-24 10:20:00
O030085,U277,95,1,2026-06-24 10:21:00
O030084,U410,102,4,2026-06-24 10:31:00
O030080,U338,99,4,2026-06-24 10:32:00
O030077,U463,88,3,2026-06-24 10:51:00
O030100,U308,46,3,2026-06-24 10:56:00
O030095,U275,15,4,2026-06-24 11:09:00
O030089,U271,15,5,2026-06-24 11:15:00
O030101,U225,28,4,2026-06-24 12:18:00
O030103,U039,7,4,2026-06-24 12:40:00
O030107,U150,25,3,2026-06-24 13:02:00
O030102,U020,100,3,2026-06-24 13:22:00
O030104,U184,59,4,2026-06-24 13:26:00
O030106,U450,102,4,2026-06-24 13:53:00
O030117,U184,101,4,2026-06-24 14:03:00
O030104,U184,66,5,2026-06-24 14:13:00
O030105,U086,101,2,2026-06-24 14:39:00
O030114,U057,63,3,2026-06-24 14:45:00
O030127,U150,81,3,2026-06-24 14:56:00
O030119,U383,49,3,2026-06-24 15:12:00
O030109,U382,70,2,2026-06-24 15:25:00
O030117,U184,53,3,2026-06-24 15:26:00
O030133,U416,48,4,2026-06-24 15:30:00
O030132,U231,22,2,2026-06-24 15:48:00
O030125,U382,2,5,2026-06-24 15:55:00
O030117,U184,102,5,2026-06-24 15:58:00
O030125,U382,100,4,2026-06-24 16:07:00
O030111,U233,55,4,2026-06-24 16:14:00
O030148,U242,37,4,2026-06-24 16:31:00
O030135,U037,37,5,2026-06-24 16:33:00
O030137,U285,26,4,2026-06-24 16:54:00
O030134,U485,98,3,2026-06-24 16:59:00
O030146,U345,43,2,2026-06-24 17:08:00
O030143,U335,102,4,2026-06-24 17:26:00
O030124,U435,46,2,2026-06-24 17:34:00
O030129,U234,97,4,2026-06-24 17:35:00
O030143,U335,1,4,2026-06-24 17:42:00
O030152,U294,28,2,2026-06-24 17:51:00
O030134,U485,67,3,2026-06-24 17:57:00
O030160,U230,101,4,2026-06-24 18:02:00
O030156,U198,54,3,2026-06-24 18:16:00
O030161,U433,89,3,2026-06-24 18:38:00
O030160,U230,50,5,2026-06-24 19:13:00
O030167,U057,65,2,2026-06-24 19:18:00
O030168,U274,45,4,2026-06-24 19:29:00
O030166,U067,53,4,2026-06-24 20:03:00
O030167,U057,31,2,2026-06-24 20:27:00
O030174,U167,3,5,2026-06-24 21:38:00
O030173,U006,79,4,2026-06-24 22:01:00
O030176,U411,101,5,2026-06-24 22:18:00
O030186,U041,94,2,2026-06-25 07:55:00
O030182,U356,15,4,2026-06-25 08:20:00
O030188,U275,101,3,2026-06-25 08:21:00
O030192,U106,48,3,2026-06-25 08:54:00
O030194,U165,71,4,2026-06-25 08:54:00
O030180,U108,7,4,2026-06-25 08:56:00
O030193,U324,72,5,2026-06-25 09:14:00
O030201,U150,23,3,2026-06-25 09:16:00
O030193,U324,68,3,2026-06-25 09:33:00
O030193,U324,101,4,2026-06-25 10:02:00
O030208,U081,52,2,2026-06-25 10:11:00
O030208,U081,28,2,2026-06-25 10:28:00
O030218,U412,10,3,2026-06-25 10:31:00
O030196,U319,100,3,2026-06-25 10:38:00
O030198,U182,28,3,2026-06-25 10:42:00
O030204,U332,27,4,2026-06-25 10:48:00
O030212,U382,8,3,2026-06-25 11:04:00
O030215,U453,102,3,2026-06-25 11:59:00
O030224,U348,82,3,2026-06-25 12:01:00
O030211,U494,73,3,2026-06-25 12:11:00
O030230,U392,102,3,2026-06-25 13:14:00
O030225,U338,14,3,2026-06-25 13:23:00
O030229,U396,10,3,2026-06-25 13:49:00
O030240,U060,78,3,2026-06-25 14:14:00
O030236,U425,86,3,2026-06-25 14:16:00
O030240,U060,46,3,2026-06-25 15:00:00
O030242,U376,102,3,2026-06-25 15:06:00
O030230,U392,1,4,2026-06-25 15:10:00
O030235,U134,41,5,2026-06-25 15:28:00
O030240,U060,77,5,2026-06-25 15:31:00
O030248,U206,64,3,2026-06-25 15:41:00
O030246,U278,4,3,2026-06-25 15:58:00
O030253,U494,73,4,2026-06-25 16:20:00
O030247,U401,59,3,2026-06-25 16:25:00
O030241,U206,102,3,2026-06-25 16:39:00
O030264,U212,19,4,2026-06-25 17:45:00
O030252,U230,52,4,2026-06-25 17:47:00
O030259,U230,22,4,2026-06-25 17:56:00
O030255,U094,6,3,2026-06-25 18:15:00
O030274,U361,62,3,2026-06-25 18:47:00
O030278,U057,87,4,2026-06-25 18:48:00
O030278,U057,75,3,2026-06-25 19:18:00
O030275,U351,58,4,2026-06-25 19:50:00
O030283,U014,100,4,2026-06-25 20:03:00
O030285,U239,18,5,2026-06-25 20:10:00
O030278,U057,10,4,2026-06-25 20:41:00
O030281,U245,1,5,2026-06-25 20:42:00
O030286,U455,18,5,2026-06-25 21:05:00
O030280,U170,101,3,2026-06-25 21:12:00
O030282,U020,101,3,2026-06-25 21:32:00
O030284,U141,33,3,2026-06-25 21:40:00
O030297,U456,63,4,2026-06-25 22:14:00
O030293,U188,44,3,2026-06-25 22:15:00
O030292,U192,15,4,2026-06-25 22:45:00
O030289,U102,98,3,2026-06-25 23:21:00
O030296,U176,43,4,2026-06-26 00:39:00
O030299,U428,2,3,2026-06-26 06:22:00
O030300,U370,2,3,2026-06-26 07:56:00
O030304,U152,2,5,2026-06-26 08:08:00
O030305,U225,102,4,2026-06-26 08:19:00
O030311,U463,5,4,2026-06-26 08:22:00
O030298,U108,48,2,2026-06-26 08:46:00
O030306,U485,53,4,2026-06-26 09:05:00
O030315,U374,52,2,2026-06-26 09:52:00
O030309,U164,6,5,2026-06-26 09:58:00
O030315,U374,38,4,2026-06-26 09:59:00
O030312,U415,2,5,2026-06-26 10:08:00
O030304,U152,40,2,2026-06-26 10:08:00
O030330,U293,100,4,2026-06-26 10:27:00
O030319,U229,65,4,2026-06-26 10:39:00
O030327,U057,79,4,2026-06-26 10:42:00
O030314,U001,16,5,2026-06-26 10:43:00
O030328,U165,19,3,2026-06-26 10:56:00
O030320,U024,87,4,2026-06-26 11:05:00
O030315,U374,102,4,2026-06-26 11:09:00
O030329,U247,16,2,2026-06-26 11:14:00
O030333,U468,21,3,2026-06-26 11:16:00
O030340,U040,101,4,2026-06-26 11:26:00
O030326,U398,101,3,2026-06-26 11:34:00
O030333,U468,25,3,2026-06-26 11:39:00
O030346,U016,45,4,2026-06-26 11:53:00
O030343,U144,27,5,2026-06-26 12:17:00
O030337,U020,64,3,2026-06-26 12:25:00
O030354,U482,64,3,2026-06-26 12:53:00
O030356,U036,65,2,2026-06-26 13:16:00
O030344,U328,1,5,2026-06-26 13:29:00
O030356,U036,81,2,2026-06-26 13:31:00
O030357,U149,5,4,2026-06-26 13:33:00
O030364,U091,6,3,2026-06-26 13:42:00
O030349,U363,98,4,2026-06-26 13:45:00
O030363,U327,15,4,2026-06-26 13:46:00
O030352,U380,49,3,2026-06-26 13:53:00
O030350,U399,23,2,2026-06-26 14:16:00
O030347,U184,59,4,2026-06-26 14:17:00
O030348,U301,15,4,2026-06-26 14:28:00
O030354,U482,98,4,2026-06-26 14:44:00
O030366,U027,93,3,2026-06-26 15:02:00
O030355,U410,100,3,2026-06-26 15:09:00
O030361,U294,6,5,2026-06-26 15:25:00
O030378,U344,76,4,2026-06-26 15:43:00
O030381,U360,38,3,2026-06-26 15:49:00
O030376,U214,95,5,2026-06-26 16:09:00
O030382,U297,19,5,2026-06-26 16:11:00
O030372,U201,58,3,2026-06-26 16:13:00
O030369,U086,22,3,2026-06-26 16:31:00
O030383,U244,25,4,2026-06-26 16:33:00
O030383,U244,58,3,2026-06-26 16:45:00
O030388,U298,101,4,2026-06-26 17:26:00
O030387,U025,100,3,2026-06-26 17:30:00
O030408,U422,23,3,2026-06-26 17:43:00
O030409,U312,15,4,2026-06-26 17:59:00
O030380,U301,23,4,2026-06-26 18:04:00
O030393,U221,41,4,2026-06-26 18:07:00
O030409,U312,101,3,2026-06-26 18:07:00
O030414,U498,98,3,2026-06-26 18:15:00
O030395,U281,19,4,2026-06-26 18:23:00
O030410,U176,1,1,2026-06-26 18:33:00
O030404,U130,100,3,2026-06-26 18:39:00
O030392,U065,6,5,2026-06-26 18:48:00
O030400,U040,60,2,2026-06-26 19:00:00
O030410,U176,41,3,2026-06-26 19:12:00
O030396,U213,75,5,2026-06-26 19:29:00
O030415,U255,101,4,2026-06-26 19:32:00
O030404,U130,4,3,2026-06-26 19:34:00
O030408,U422,85,3,2026-06-26 19:47:00
O030415,U255,97,3,2026-06-26 20:19:00
O030424,U307,48,3,2026-06-26 20:53:00
O030426,U446,43,4,2026-06-26 21:10:00
O030418,U242,54,4,2026-06-26 21:17:00
O030433,U023,100,2,2026-06-26 21:25:00
O030432,U459,55,3,2026-06-26 21:32:00
O030434,U138,79,3,2026-06-26 21:39:00
O030423,U035,53,2,2026-06-26 21:46:00
O030428,U404,4,4,2026-06-26 21:48:00
O030438,U395,75,4,2026-06-26 22:35:00
O030432,U459,75,4,2026-06-26 22:52:00
O030432,U459,5,3,2026-06-26 22:55:00
O030434,U138,102,4,2026-06-26 23:19:00
O030441,U219,66,3,2026-06-27 10:04:00
O030457,U188,44,3,2026-06-27 10:26:00
O030454,U409,82,3,2026-06-27 10:45:00
O030467,U360,2,5,2026-06-27 10:53:00
O030455,U247,67,4,2026-06-27 10:56:00
O030458,U427,24,2,2026-06-27 11:14:00
O030462,U037,100,4,2026-06-27 11:27:00
O030453,U008,101,4,2026-06-27 11:40:00
O030476,U360,8,5,2026-06-27 11:59:00
O030456,U332,27,5,2026-06-27 11:59:00
O030484,U479,1,5,2026-06-27 12:19:00
O030480,U196,100,5,2026-06-27 12:26:00
O030470,U028,71,4,2026-06-27 12:49:00
O030479,U108,2,3,2026-06-27 12:58:00
O030487,U127,101,4,2026-06-27 13:25:00
O030490,U274,42,4,2026-06-27 13:31:00
O030478,U324,72,4,2026-06-27 13:32:00
O030475,U440,29,5,2026-06-27 13:38:00
O030474,U333,34,3,2026-06-27 14:17:00
O030483,U496,85,2,2026-06-27 14:35:00
O030491,U260,65,4,2026-06-27 14:42:00
O030493,U012,56,3,2026-06-27 14:48:00
O030501,U148,85,4,2026-06-27 14:56:00
O030489,U490,67,5,2026-06-27 15:01:00
O030492,U206,101,3,2026-06-27 15:02:00
O030503,U031,84,3,2026-06-27 15:27:00
O030489,U490,100,4,2026-06-27 15:37:00
O030505,U281,62,3,2026-06-27 15:57:00
O030497,U377,53,4,2026-06-27 15:59:00
O030500,U343,82,3,2026-06-27 16:31:00
O030503,U031,102,3,2026-06-27 16:36:00
O030515,U237,45,4,2026-06-27 16:36:00
O030499,U328,1,5,2026-06-27 16:57:00
O030508,U443,76,4,2026-06-27 17:33:00
O030509,U075,91,3,2026-06-27 17:34:00
O030512,U315,100,4,2026-06-27 17:35:00
O030516,U486,7,5,2026-06-27 17:51:00
O030523,U483,62,3,2026-06-27 18:24:00
O030527,U224,56,2,2026-06-27 18:24:00
O030532,U367,53,4,2026-06-27 19:01:00
O030527,U224,100,3,2026-06-27 19:04:00
O030520,U106,48,2,2026-06-27 19:18:00
O030531,U328,63,2,2026-06-27 19:35:00
O030524,U037,22,3,2026-06-27 19:45:00
O030532,U367,100,4,2026-06-27 21:09:00
O030538,U216,79,4,2026-06-27 21:43:00
O030545,U183,102,4,2026-06-27 23:01:00
O030546,U028,96,4,2026-06-27 23:08:00
O030544,U261,44,4,2026-06-27 23:18:00
O030550,U238,99,4,2026-06-28 07:55:00
O030548,U165,77,4,2026-06-28 09:04:00
O030549,U221,76,5,2026-06-28 09:45:00
O030551,U244,100,3,2026-06-28 10:00:00
O030555,U089,31,1,2026-06-28 10:14:00
O030559,U463,90,4,2026-06-28 11:00:00
O030570,U301,15,3,2026-06-28 11:22:00
O030565,U200,65,3,2026-06-28 12:13:00
O030574,U184,30,4,2026-06-28 12:16:00
O030569,U475,37,4,2026-06-28 12:30:00
O030571,U495,48,2,2026-06-28 12:48:00
O030574,U184,54,4,2026-06-28 12:49:00
O030579,U224,101,4,2026-06-28 13:16:00
O030575,U167,96,3,2026-06-28 13:25:00
O030583,U446,77,3,2026-06-28 14:06:00
O030580,U097,77,3,2026-06-28 14:18:00
O030576,U057,90,4,2026-06-28 14:19:00
O030576,U057,98,5,2026-06-28 14:22:00
O030581,U074,100,4,2026-06-28 14:34:00
O030585,U224,29,2,2026-06-28 14:41:00
O030584,U168,67,3,2026-06-28 15:28:00
O030594,U208,101,4,2026-06-28 15:30:00
O030587,U481,40,3,2026-06-28 15:45:00
O030597,U056,51,3,2026-06-28 16:09:00
O030602,U184,55,4,2026-06-28 16:14:00
O030592,U401,61,3,2026-06-28 16:18:00
O030590,U478,8,4,2026-06-28 16:26:00
O030595,U166,100,4,2026-06-28 16:57:00
O030608,U057,89,5,2026-06-28 17:23:00
O030601,U020,37,3,2026-06-28 17:25:00
O030616,U388,32,3,2026-06-28 17:33:00
O030620,U478,93,3,2026-06-28 17:38:00
O030598,U352,9,5,2026-06-28 17:48:00
O030606,U372,17,3,2026-06-28 17:50:00
O030599,U009,44,4,2026-06-28 18:00:00
O030600,U265,81,3,2026-06-28 18:10:00
O030601,U020,64,5,2026-06-28 18:19:00
O030611,U167,102,3,2026-06-28 18:22:00
O030609,U238,41,3,2026-06-28 18:26:00
O030613,U346,44,3,2026-06-28 18:42:00
O030634,U074,7,5,2026-06-28 19:27:00
O030609,U238,5,3,2026-06-28 19:40:00
O030634,U074,101,5,2026-06-28 19:44:00
O030623,U443,76,4,2026-06-28 20:10:00
O030625,U020,64,3,2026-06-28 20:24:00
O030645,U068,80,4,2026-06-28 20:47:00
O030633,U019,38,5,2026-06-28 21:14:00
O030652,U500,1,3,2026-06-28 21:58:00
O030646,U315,22,4,2026-06-28 22:16:00
O030641,U404,7,4,2026-06-28 22:28:00
O030659,U295,100,5,2026-06-28 22:32:00
O030645,U068,26,2,2026-06-28 22:58:00
O030646,U315,40,3,2026-06-28 23:10:00
O030650,U089,43,3,2026-06-28 23:16:00
O030647,U337,73,4,2026-06-28 23:24:00
O030651,U138,54,4,2026-06-28 23:44:00
O030658,U292,76,4,2026-06-28 23:47:00
O030660,U042,101,5,2026-06-29 06:57:00
O030662,U465,83,3,2026-06-29 09:19:00
O030680,U101,88,4,2026-06-29 09:36:00
O030679,U421,91,5,2026-06-29 09:36:00
O030669,U321,100,4,2026-06-29 09:52:00
O030695,U284,80,4,2026-06-29 09:58:00
O030683,U163,100,3,2026-06-29 09:59:00
O030677,U058,7,2,2026-06-29 10:04:00
O030668,U463,52,3,2026-06-29 10:25:00
O030696,U396,4,3,2026-06-29 10:36:00
O030675,U008,22,3,2026-06-29 10:38:00
O030681,U467,75,2,2026-06-29 10:40:00
O030684,U349,25,4,2026-06-29 10:50:00
O030699,U121,102,3,2026-06-29 11:16:00
O030670,U086,22,3,2026-06-29 11:20:00
O030691,U469,17,4,2026-06-29 11:54:00
O030699,U121,93,3,2026-06-29 11:56:00
O030694,U389,27,5,2026-06-29 12:11:00
O030694,U389,101,3,2026-06-29 12:34:00
O030704,U250,95,3,2026-06-29 13:17:00
O030709,U275,21,5,2026-06-29 14:06:00
O030704,U250,2,2,2026-06-29 14:30:00
O030707,U490,5,4,2026-06-29 14:30:00
O030708,U057,79,5,2026-06-29 14:48:00
O030705,U242,56,4,2026-06-29 14:54:00
O030707,U490,101,4,2026-06-29 15:05:00
O030711,U102,22,4,2026-06-29 15:19:00
O030717,U034,20,2,2026-06-29 15:40:00
O030736,U419,4,3,2026-06-29 16:29:00
O030728,U149,1,3,2026-06-29 16:33:00
O030729,U343,74,2,2026-06-29 16:33:00
O030738,U072,8,3,2026-06-29 16:39:00
O030729,U343,100,4,2026-06-29 16:43:00
O030715,U322,93,4,2026-06-29 16:50:00
O030733,U446,101,3,2026-06-29 17:05:00
O030737,U500,75,3,2026-06-29 17:07:00
O030735,U276,28,4,2026-06-29 17:18:00
O030721,U101,86,3,2026-06-29 17:19:00
O030716,U419,60,3,2026-06-29 17:20:00
O030732,U139,60,4,2026-06-29 17:37:00
O030727,U215,84,3,2026-06-29 17:55:00
O030726,U293,31,4,2026-06-29 17:56:00
O030741,U169,32,4,2026-06-29 17:57:00
O030745,U345,43,3,2026-06-29 18:03:00
O030727,U215,102,4,2026-06-29 18:05:00
O030743,U215,101,4,2026-06-29 18:24:00
O030748,U219,41,2,2026-06-29 19:10:00
O030752,U483,88,5,2026-06-29 19:34:00
O030745,U345,4,4,2026-06-29 19:41:00
O030753,U443,101,4,2026-06-29 19:43:00
O030749,U429,102,4,2026-06-29 20:11:00
O030746,U173,73,5,2026-06-29 20:35:00
O030761,U157,44,3,2026-06-29 20:54:00
O030750,U028,72,4,2026-06-29 21:09:00
O030754,U299,17,3,2026-06-29 21:25:00
O030756,U083,100,3,2026-06-29 21:31:00
O030765,U292,72,4,2026-06-29 21:52:00
O030760,U168,82,4,2026-06-29 22:02:00
O030757,U138,13,3,2026-06-29 22:43:00
O030758,U018,58,3,2026-06-29 22:53:00
O030762,U016,37,5,2026-06-29 23:04:00
O030766,U315,37,4,2026-06-29 23:48:00
O030766,U315,78,3,2026-06-30 00:02:00
O030771,U252,49,3,2026-06-30 06:39:00
O030770,U479,9,3,2026-06-30 06:47:00
O030775,U229,53,4,2026-06-30 07:50:00
O030776,U375,101,4,2026-06-30 08:27:00
O030772,U197,6,4,2026-06-30 08:43:00
O030782,U288,72,3,2026-06-30 09:20:00
O030773,U338,100,3,2026-06-30 09:30:00
O030774,U382,102,4,2026-06-30 09:43:00
O030794,U104,100,4,2026-06-30 09:53:00
O030801,U297,21,5,2026-06-30 10:06:00
O030793,U398,99,4,2026-06-30 10:24:00
O030774,U382,6,4,2026-06-30 10:28:00
O030796,U219,95,3,2026-06-30 11:00:00
O030797,U375,102,5,2026-06-30 11:06:00
O030789,U252,98,3,2026-06-30 11:10:00
O030800,U402,102,4,2026-06-30 11:15:00
O030805,U228,101,4,2026-06-30 11:28:00
O030819,U057,80,3,2026-06-30 11:28:00
O030797,U375,21,4,2026-06-30 11:33:00
O030807,U349,95,3,2026-06-30 11:57:00
O030825,U443,75,5,2026-06-30 11:59:00
O030812,U186,70,2,2026-06-30 12:04:00
O030815,U324,99,5,2026-06-30 12:10:00
O030806,U108,7,3,2026-06-30 12:11:00
O030817,U147,5,4,2026-06-30 12:23:00
O030821,U099,15,4,2026-06-30 12:47:00
O030837,U378,53,5,2026-06-30 13:32:00
O030838,U469,7,3,2026-06-30 13:44:00
O030835,U101,75,3,2026-06-30 13:45:00
O030843,U020,64,3,2026-06-30 13:48:00
O030838,U469,15,4,2026-06-30 13:51:00
O030828,U324,72,4,2026-06-30 13:53:00
O030834,U342,68,4,2026-06-30 14:06:00
O030838,U469,101,4,2026-06-30 14:07:00
O030834,U342,60,3,2026-06-30 14:56:00
O030856,U299,100,4,2026-06-30 15:05:00
O030854,U340,101,3,2026-06-30 15:17:00
O030858,U052,87,3,2026-06-30 15:57:00
O030857,U276,34,4,2026-06-30 16:05:00
O030863,U216,79,4,2026-06-30 16:05:00
O030852,U057,79,5,2026-06-30 16:18:00
O030851,U419,28,2,2026-06-30 16:45:00
O030872,U413,39,5,2026-06-30 16:49:00
O030871,U198,93,3,2026-06-30 17:03:00
O030859,U086,22,4,2026-06-30 17:05:00
O030875,U259,91,4,2026-06-30 17:40:00
O030861,U025,29,2,2026-06-30 18:16:00
O030880,U255,49,3,2026-06-30 18:42:00
O030876,U241,83,4,2026-06-30 19:00:00
O030879,U469,17,5,2026-06-30 19:11:00
O030870,U040,5,5,2026-06-30 19:25:00
O030883,U404,99,3,2026-06-30 19:40:00
O030884,U068,75,5,2026-06-30 19:45:00
O030881,U447,68,3,2026-06-30 20:33:00
O030887,U068,75,5,2026-06-30 21:10:00
O030886,U259,74,3,2026-06-30 21:29:00
O030895,U213,70,5,2026-06-30 21:31:00
O030892,U285,42,4,2026-06-30 21:44:00
O030891,U474,57,3,2026-06-30 21:49:00
O030896,U184,53,5,2026-06-30 22:51:00
O030905,U127,90,3,2026-07-01 07:32:00
O030910,U071,25,3,2026-07-01 08:26:00
O030899,U042,7,5,2026-07-01 08:35:00
O030914,U225,91,5,2026-07-01 08:43:00
O030903,U243,36,5,2026-07-01 08:50:00
O030924,U265,81,3,2026-07-01 09:21:00
O030928,U034,70,4,2026-07-01 09:54:00
O030917,U098,87,3,2026-07-01 10:03:00
O030915,U275,13,5,2026-07-01 10:08:00
O030927,U369,44,2,2026-07-01 10:35:00
O030929,U481,91,3,2026-07-01 10:38:00
O030912,U400,100,4,2026-07-01 10:39:00
O030909,U293,31,4,2026-07-01 10:42:00
O030937,U375,101,4,2026-07-01 10:44:00
O030923,U162,71,5,2026-07-01 10:47:00
O030920,U419,52,2,2026-07-01 10:47:00
O030910,U071,90,5,2026-07-01 10:51:00
O030922,U448,38,2,2026-07-01 11:14:00
O030940,U298,7,5,2026-07-01 12:15:00
O030937,U375,13,4,2026-07-01 12:17:00
O030946,U022,69,3,2026-07-01 12:34:00
O030942,U375,89,3,2026-07-01 12:40:00
O030948,U468,100,4,2026-07-01 12:44:00
O030949,U333,37,4,2026-07-01 13:51:00
O030952,U121,64,1,2026-07-01 13:58:00
O030949,U333,90,5,2026-07-01 14:26:00
O030964,U284,98,4,2026-07-01 15:37:00
O030951,U152,9,2,2026-07-01 16:06:00
O030963,U147,100,4,2026-07-01 16:11:00
O030964,U284,76,3,2026-07-01 16:11:00
O030953,U112,75,2,2026-07-01 16:27:00
O030965,U204,102,4,2026-07-01 16:31:00
O030975,U027,102,5,2026-07-01 16:52:00
O030972,U202,81,3,2026-07-01 17:06:00
O030956,U167,34,4,2026-07-01 17:13:00
O030978,U058,27,4,2026-07-01 17:48:00
O030966,U411,79,5,2026-07-01 18:09:00
O030969,U169,29,4,2026-07-01 18:16:00
O030973,U036,2,3,2026-07-01 18:28:00
O030975,U027,37,4,2026-07-01 18:58:00
O030981,U237,45,5,2026-07-01 19:16:00
O030980,U370,22,3,2026-07-01 19:39:00
O030992,U315,40,2,2026-07-01 19:42:00
O030988,U411,63,4,2026-07-01 19:50:00
O030983,U400,101,3,2026-07-01 20:06:00
O030985,U490,28,3,2026-07-01 20:15:00
O030994,U102,12,3,2026-07-01 20:19:00
O030995,U315,68,5,2026-07-01 20:48:00
O030999,U261,36,5,2026-07-01 20:50:00
O030993,U115,27,4,2026-07-01 21:09:00
O030992,U315,100,3,2026-07-01 21:11:00
O030997,U002,91,2,2026-07-01 22:08:00
O031004,U216,73,3,2026-07-01 22:12:00
O031003,U328,1,5,2026-07-01 23:18:00
O031007,U469,20,4,2026-07-02 07:21:00
O031007,U469,100,3,2026-07-02 07:26:00
O031013,U278,28,3,2026-07-02 08:03:00
O031005,U204,4,4,2026-07-02 08:26:00
O031019,U297,15,4,2026-07-02 08:27:00
O031017,U269,75,4,2026-07-02 08:50:00
O031010,U370,72,2,2026-07-02 09:01:00
O031018,U374,30,2,2026-07-02 09:20:00
O031018,U374,59,2,2026-07-02 09:44:00
O031014,U301,15,4,2026-07-02 09:46:00
O031012,U498,101,3,2026-07-02 09:48:00
O031019,U297,22,4,2026-07-02 10:04:00
O031022,U238,6,5,2026-07-02 10:04:00
O031027,U108,8,3,2026-07-02 10:05:00
O031043,U344,50,2,2026-07-02 10:56:00
O031026,U324,13,5,2026-07-02 10:59:00
O031031,U293,72,3,2026-07-02 10:59:00
O031038,U306,101,5,2026-07-02 11:24:00
O031035,U308,98,4,2026-07-02 11:41:00
O031027,U108,30,3,2026-07-02 11:42:00
O031036,U072,56,3,2026-07-02 11:45:00
O031030,U184,66,4,2026-07-02 11:45:00
O031028,U206,87,2,2026-07-02 11:46:00
O031030,U184,98,4,2026-07-02 12:05:00
O031036,U072,69,3,2026-07-02 12:15:00
O031050,U106,48,3,2026-07-02 12:30:00
O031049,U041,97,2,2026-07-02 13:09:00
O031051,U419,101,3,2026-07-02 13:11:00
O031054,U375,91,4,2026-07-02 13:45:00
O031054,U375,101,4,2026-07-02 13:59:00
O031056,U416,23,4,2026-07-02 14:29:00
O031054,U375,15,5,2026-07-02 15:00:00
O031054,U375,19,4,2026-07-02 15:10:00
O031063,U083,4,5,2026-07-02 15:14:00
O031071,U207,59,3,2026-07-02 15:30:00
O031059,U425,77,4,2026-07-02 15:31:00
O031058,U235,23,4,2026-07-02 15:32:00
O031056,U416,62,3,2026-07-02 15:49:00
O031070,U068,78,5,2026-07-02 15:51:00
O031075,U084,101,4,2026-07-02 16:28:00
O031073,U486,98,4,2026-07-02 16:29:00
O031062,U008,10,4,2026-07-02 16:29:00
O031079,U468,34,2,2026-07-02 16:30:00
O031064,U150,66,3,2026-07-02 16:32:00
O031071,U207,102,3,2026-07-02 17:02:00
O031081,U478,37,4,2026-07-02 17:08:00
O031076,U268,86,3,2026-07-02 17:24:00
O031068,U467,2,2,2026-07-02 17:24:00
O031071,U207,26,4,2026-07-02 17:25:00
O031089,U058,27,4,2026-07-02 18:02:00
O031083,U032,76,4,2026-07-02 18:05:00
O031083,U032,2,4,2026-07-02 18:23:00
O031089,U058,100,3,2026-07-02 18:29:00
O031090,U212,24,4,2026-07-02 18:35:00
O031097,U127,90,3,2026-07-02 18:55:00
O031080,U095,72,3,2026-07-02 19:04:00
O031081,U478,99,4,2026-07-02 19:10:00
O031098,U100,90,5,2026-07-02 19:16:00
O031101,U338,25,2,2026-07-02 19:20:00
O031104,U494,73,4,2026-07-02 19:48:00
O031103,U328,1,5,2026-07-02 20:02:00
O031113,U207,36,3,2026-07-02 20:05:00
O031115,U363,95,5,2026-07-02 20:13:00
O031109,U367,66,5,2026-07-02 20:25:00
O031107,U242,67,3,2026-07-02 20:41:00
O031113,U207,59,3,2026-07-02 21:08:00
O031120,U111,88,3,2026-07-02 21:22:00
O031102,U289,10,3,2026-07-02 21:23:00
O031116,U401,61,3,2026-07-02 21:24:00
O031114,U462,56,4,2026-07-02 21:50:00
O031120,U111,100,3,2026-07-02 21:51:00
O031120,U111,10,3,2026-07-02 21:57:00
O031111,U265,73,2,2026-07-02 22:19:00
O031117,U065,100,4,2026-07-02 22:27:00
O031121,U192,37,4,2026-07-02 23:09:00
O031125,U433,100,4,2026-07-03 06:59:00
O031125,U433,54,3,2026-07-03 07:04:00
O031133,U139,67,5,2026-07-03 08:03:00
O031123,U415,9,3,2026-07-03 08:16:00
O031126,U335,15,3,2026-07-03 08:44:00
O031141,U308,102,4,2026-07-03 09:02:00
O031153,U360,4,5,2026-07-03 09:15:00
O031156,U033,102,3,2026-07-03 09:19:00
O031145,U289,10,5,2026-07-03 09:31:00
O031135,U089,19,5,2026-07-03 09:34:00
O031143,U086,101,3,2026-07-03 09:48:00
O031128,U294,75,3,2026-07-03 09:48:00
O031131,U108,35,3,2026-07-03 09:54:00
O031134,U238,101,5,2026-07-03 09:59:00
O031154,U076,67,3,2026-07-03 10:00:00
O031133,U139,54,4,2026-07-03 10:04:00
O031145,U289,101,4,2026-07-03 10:08:00
O031138,U410,101,4,2026-07-03 10:18:00
O031154,U076,101,4,2026-07-03 10:21:00
O031130,U326,31,3,2026-07-03 10:22:00
O031132,U229,60,4,2026-07-03 10:24:00
O031135,U089,101,3,2026-07-03 10:39:00
O031150,U128,70,3,2026-07-03 10:43:00
O031163,U098,101,4,2026-07-03 10:45:00
O031159,U216,78,4,2026-07-03 10:54:00
O031155,U186,80,3,2026-07-03 11:13:00
O031164,U427,91,3,2026-07-03 11:20:00
O031157,U335,85,5,2026-07-03 12:07:00
O031174,U039,39,3,2026-07-03 12:15:00
O031178,U453,101,4,2026-07-03 12:15:00
O031180,U455,18,4,2026-07-03 12:19:00
O031163,U098,54,2,2026-07-03 12:24:00
O031177,U041,88,2,2026-07-03 12:25:00
O031181,U407,15,5,2026-07-03 12:40:00
O031177,U041,101,3,2026-07-03 12:48:00
O031182,U429,1,4,2026-07-03 13:02:00
O031181,U407,16,3,2026-07-03 13:04:00
O031169,U378,9,2,2026-07-03 13:15:00
O031188,U004,78,5,2026-07-03 13:20:00
O031190,U281,21,5,2026-07-03 13:52:00
O031195,U020,64,4,2026-07-03 14:06:00
O031172,U359,51,2,2026-07-03 14:09:00
O031186,U083,101,4,2026-07-03 14:34:00
O031187,U299,14,4,2026-07-03 14:42:00
O031206,U150,30,2,2026-07-03 14:46:00
O031183,U463,83,5,2026-07-03 14:51:00
O031202,U426,76,4,2026-07-03 14:54:00
O031194,U166,100,4,2026-07-03 15:00:00
O031194,U166,9,4,2026-07-03 15:18:00
O031199,U443,41,2,2026-07-03 15:35:00
O031186,U083,8,4,2026-07-03 15:36:00
O031184,U392,10,2,2026-07-03 15:37:00
O031189,U371,90,5,2026-07-03 15:48:00
O031199,U443,75,5,2026-07-03 15:49:00
O031224,U068,70,4,2026-07-03 16:15:00
O031203,U267,49,3,2026-07-03 16:15:00
O031216,U271,43,5,2026-07-03 16:18:00
O031214,U041,74,3,2026-07-03 16:56:00
O031216,U271,15,5,2026-07-03 17:07:00
O031219,U328,1,5,2026-07-03 17:12:00
O031206,U150,45,3,2026-07-03 17:16:00
O031220,U404,6,3,2026-07-03 17:21:00
O031234,U243,65,3,2026-07-03 18:13:00
O031221,U072,7,3,2026-07-03 18:17:00
O031229,U429,1,4,2026-07-03 18:38:00
O031225,U285,57,2,2026-07-03 18:44:00
O031233,U276,57,2,2026-07-03 19:00:00
O031246,U173,73,4,2026-07-03 19:10:00
O031228,U321,33,3,2026-07-03 19:21:00
O031244,U478,100,3,2026-07-03 19:21:00
O031238,U277,16,5,2026-07-03 19:28:00
O031242,U111,2,3,2026-07-03 19:31:00
O031251,U367,57,3,2026-07-03 19:46:00
O031238,U277,22,4,2026-07-03 19:52:00
O031247,U292,72,3,2026-07-03 20:03:00
O031262,U360,95,3,2026-07-03 20:46:00
O031260,U121,71,3,2026-07-03 21:01:00
O031252,U411,36,5,2026-07-03 21:05:00
O031245,U148,101,4,2026-07-03 21:05:00
O031259,U387,69,4,2026-07-03 22:11:00
O031278,U449,63,3,2026-07-04 10:00:00
O031282,U124,49,4,2026-07-04 10:12:00
O031285,U404,101,3,2026-07-04 10:12:00
O031283,U419,7,3,2026-07-04 10:32:00
O031292,U293,66,4,2026-07-04 10:50:00
O031293,U057,40,2,2026-07-04 10:59:00
O031290,U152,9,4,2026-07-04 11:06:00
O031297,U411,75,5,2026-07-04 11:14:00
O031291,U100,90,4,2026-07-04 11:38:00
O031310,U274,90,3,2026-07-04 11:46:00
O031286,U495,33,4,2026-07-04 11:56:00
O031316,U453,81,4,2026-07-04 12:04:00
O031296,U206,102,3,2026-07-04 12:05:00
O031300,U379,86,2,2026-07-04 12:08:00
O031322,U293,31,4,2026-07-04 12:11:00
O031305,U196,56,2,2026-07-04 12:12:00
O031307,U180,65,5,2026-07-04 12:17:00
O031315,U083,27,3,2026-07-04 12:29:00
O031304,U101,101,4,2026-07-04 12:36:00
O031295,U249,31,4,2026-07-04 12:43:00
O031320,U316,97,3,2026-07-04 12:55:00
O031308,U269,5,5,2026-07-04 12:58:00
O031302,U148,47,4,2026-07-04 12:58:00
O031303,U242,100,4,2026-07-04 13:04:00
O031322,U293,26,4,2026-07-04 13:30:00
O031321,U023,79,3,2026-07-04 14:33:00
O031331,U490,102,4,2026-07-04 15:05:00
O031340,U435,7,4,2026-07-04 15:28:00
O031339,U230,81,4,2026-07-04 15:36:00
O031334,U393,62,3,2026-07-04 15:46:00
O031337,U451,21,3,2026-07-04 15:50:00
O031333,U427,33,3,2026-07-04 16:49:00
O031346,U236,44,2,2026-07-04 16:51:00
O031361,U351,22,5,2026-07-04 16:53:00
O031342,U020,26,4,2026-07-04 16:59:00
O031340,U435,92,3,2026-07-04 17:01:00
O031340,U435,98,2,2026-07-04 17:12:00
O031341,U317,38,3,2026-07-04 17:53:00
O031360,U276,28,5,2026-07-04 18:06:00
O031349,U495,27,4,2026-07-04 18:09:00
O031366,U101,32,3,2026-07-04 18:20:00
O031365,U284,101,4,2026-07-04 18:42:00
O031376,U328,26,3,2026-07-04 19:22:00
O031381,U443,99,3,2026-07-04 19:24:00
O031367,U449,80,3,2026-07-04 19:29:00
O031380,U365,34,4,2026-07-04 19:48:00
O031371,U441,101,3,2026-07-04 19:54:00
O031370,U056,69,3,2026-07-04 20:02:00
O031377,U020,64,4,2026-07-04 20:13:00
O031384,U401,57,3,2026-07-04 21:07:00
O031386,U078,54,4,2026-07-04 21:53:00
O031388,U220,89,5,2026-07-04 21:57:00
O031382,U429,101,3,2026-07-04 21:58:00
O031391,U170,43,2,2026-07-04 23:00:00
O031394,U449,46,2,2026-07-05 07:25:00
O031398,U221,9,2,2026-07-05 08:31:00
O031397,U298,101,4,2026-07-05 09:45:00
O031405,U277,101,4,2026-07-05 09:51:00
O031404,U208,101,3,2026-07-05 10:04:00
O031406,U313,37,3,2026-07-05 10:51:00
O031419,U500,6,4,2026-07-05 11:22:00
O031404,U208,88,4,2026-07-05 11:37:00
O031424,U446,89,3,2026-07-05 11:52:00
O031401,U229,65,4,2026-07-05 11:52:00
O031410,U332,100,4,2026-07-05 12:06:00
O031409,U485,35,3,2026-07-05 12:07:00
O031401,U229,69,3,2026-07-05 12:08:00
O031418,U363,94,5,2026-07-05 12:13:00
O031414,U374,98,3,2026-07-05 12:21:00
O031404,U208,21,5,2026-07-05 12:26:00
O031426,U322,32,4,2026-07-05 12:29:00
O031417,U021,101,4,2026-07-05 12:39:00
O031416,U370,15,3,2026-07-05 13:16:00
O031429,U413,9,4,2026-07-05 13:22:00
O031423,U325,36,4,2026-07-05 13:53:00
O031425,U285,24,3,2026-07-05 13:53:00
O031426,U322,1,3,2026-07-05 13:54:00
O031434,U295,43,4,2026-07-05 14:03:00
O031436,U108,58,2,2026-07-05 14:30:00
O031437,U025,2,4,2026-07-05 14:36:00
O031441,U324,56,5,2026-07-05 15:01:00
O031439,U084,11,3,2026-07-05 15:07:00
O031440,U248,15,2,2026-07-05 15:14:00
O031453,U439,56,3,2026-07-05 15:57:00
O031436,U108,102,3,2026-07-05 16:00:00
O031439,U084,96,3,2026-07-05 16:05:00
O031452,U238,11,3,2026-07-05 16:14:00
O031438,U268,41,2,2026-07-05 16:27:00
O031445,U218,80,5,2026-07-05 17:05:00
O031462,U332,29,3,2026-07-05 17:15:00
O031467,U183,6,4,2026-07-05 17:33:00
O031444,U058,34,4,2026-07-05 17:38:00
O031469,U098,102,4,2026-07-05 17:59:00
O031469,U098,98,3,2026-07-05 18:13:00
O031466,U407,5,3,2026-07-05 18:19:00
O031455,U169,100,5,2026-07-05 18:42:00
O031458,U024,98,4,2026-07-05 18:50:00
O031473,U285,26,2,2026-07-05 18:54:00
O031463,U086,22,4,2026-07-05 18:55:00
O031470,U455,23,2,2026-07-05 18:58:00
O031485,U437,100,5,2026-07-05 19:28:00
O031484,U411,37,5,2026-07-05 19:30:00
O031484,U411,100,5,2026-07-05 19:55:00
O031488,U331,26,3,2026-07-05 20:37:00
O031482,U049,84,3,2026-07-05 20:41:00
O031482,U049,101,5,2026-07-05 20:50:00
O031495,U331,43,5,2026-07-05 21:09:00
O031490,U082,86,4,2026-07-05 21:57:00
O031499,U192,7,4,2026-07-05 22:04:00
O031500,U253,101,5,2026-07-05 22:43:00
O031505,U343,102,4,2026-07-06 07:42:00
O031510,U092,92,3,2026-07-06 08:07:00
O031504,U031,86,4,2026-07-06 08:20:00
O031513,U299,6,4,2026-07-06 08:31:00
O031518,U032,83,4,2026-07-06 08:47:00
O031517,U281,12,4,2026-07-06 08:52:00
O031520,U144,48,5,2026-07-06 09:01:00
O031506,U171,74,4,2026-07-06 09:08:00
O031523,U302,98,3,2026-07-06 09:33:00
O031509,U361,62,4,2026-07-06 09:42:00
O031523,U302,7,2,2026-07-06 09:50:00
O031521,U275,13,5,2026-07-06 09:51:00
O031530,U269,81,5,2026-07-06 09:57:00
O031516,U324,30,3,2026-07-06 10:11:00
O031526,U377,99,4,2026-07-06 10:18:00
O031521,U275,101,4,2026-07-06 10:39:00
O031548,U084,101,4,2026-07-06 10:50:00
O031545,U394,44,4,2026-07-06 11:00:00
O031540,U186,100,4,2026-07-06 11:15:00
O031522,U427,101,4,2026-07-06 11:30:00
O031541,U081,15,3,2026-07-06 11:46:00
O031550,U181,82,4,2026-07-06 11:57:00
O031537,U121,71,3,2026-07-06 11:59:00
O031533,U491,93,4,2026-07-06 12:24:00
O031536,U383,34,2,2026-07-06 12:24:00
O031549,U150,64,2,2026-07-06 13:27:00
O031560,U360,101,4,2026-07-06 13:47:00
O031563,U154,85,5,2026-07-06 13:56:00
O031565,U149,6,5,2026-07-06 14:11:00
O031557,U284,78,4,2026-07-06 14:22:00
O031566,U083,26,3,2026-07-06 14:27:00
O031558,U226,50,4,2026-07-06 14:28:00
O031554,U242,58,3,2026-07-06 14:28:00
O031552,U178,88,3,2026-07-06 14:31:00
O031561,U363,13,4,2026-07-06 14:36:00
O031571,U478,77,3,2026-07-06 15:02:00
O031570,U367,57,5,2026-07-06 15:16:00
O031578,U056,102,3,2026-07-06 16:17:00
O031572,U367,20,5,2026-07-06 16:34:00
O031585,U437,94,5,2026-07-06 16:52:00
O031575,U469,100,4,2026-07-06 16:53:00
O031581,U468,100,4,2026-07-06 17:21:00
O031584,U401,64,4,2026-07-06 17:27:00
O031593,U127,66,3,2026-07-06 17:41:00
O031582,U004,102,4,2026-07-06 18:11:00
O031599,U169,34,4,2026-07-06 18:16:00
O031592,U238,11,2,2026-07-06 18:16:00
O031578,U056,51,2,2026-07-06 18:21:00
O031590,U500,63,4,2026-07-06 18:29:00
O031605,U075,48,5,2026-07-06 18:39:00
O031580,U434,42,4,2026-07-06 18:48:00
O031581,U468,49,2,2026-07-06 18:57:00
O031595,U167,51,3,2026-07-06 19:14:00
O031596,U141,88,4,2026-07-06 19:26:00
O031606,U022,66,3,2026-07-06 19:31:00
O031594,U165,40,2,2026-07-06 19:43:00
O031604,U372,100,4,2026-07-06 20:25:00
O031600,U158,98,5,2026-07-06 20:32:00
O031601,U449,42,3,2026-07-06 20:40:00
O031614,U409,75,3,2026-07-06 21:08:00
O031607,U016,48,3,2026-07-06 21:11:00
O031615,U168,82,5,2026-07-06 21:19:00
O031607,U016,93,3,2026-07-06 21:41:00
O031609,U225,101,4,2026-07-06 21:55:00
O031615,U168,81,5,2026-07-06 22:15:00
O031627,U127,62,2,2026-07-07 07:38:00
O031619,U086,22,3,2026-07-07 07:54:00
O031631,U219,66,3,2026-07-07 08:01:00
O031625,U244,101,4,2026-07-07 08:04:00
O031636,U238,101,4,2026-07-07 08:49:00
O031625,U244,73,5,2026-07-07 08:51:00
O031621,U106,90,4,2026-07-07 08:52:00
O031632,U356,81,2,2026-07-07 09:04:00
O031638,U497,11,3,2026-07-07 09:35:00
O031643,U284,82,4,2026-07-07 09:52:00
O031661,U052,42,4,2026-07-07 11:02:00
O031649,U407,100,3,2026-07-07 11:07:00
O031669,U167,27,4,2026-07-07 11:07:00
O031672,U016,37,3,2026-07-07 11:09:00
O031663,U340,34,3,2026-07-07 11:14:00
O031672,U016,101,3,2026-07-07 11:23:00
O031645,U238,6,5,2026-07-07 11:51:00
O031650,U467,42,2,2026-07-07 12:10:00
O031658,U276,45,2,2026-07-07 12:19:00
O031657,U035,37,5,2026-07-07 12:25:00
O031679,U307,48,4,2026-07-07 12:40:00
O031680,U206,64,3,2026-07-07 12:42:00
O031678,U275,13,5,2026-07-07 12:55:00
O031667,U020,89,3,2026-07-07 13:11:00
O031687,U359,102,4,2026-07-07 13:48:00
O031685,U485,60,4,2026-07-07 14:07:00
O031693,U121,65,4,2026-07-07 14:23:00
O031694,U453,88,3,2026-07-07 14:57:00
O031690,U283,29,4,2026-07-07 15:00:00
O031688,U249,41,3,2026-07-07 15:00:00
O031691,U463,101,4,2026-07-07 15:12:00
O031700,U490,31,4,2026-07-07 15:13:00
O031698,U308,86,4,2026-07-07 15:24:00
O031684,U351,99,3,2026-07-07 15:57:00
O031703,U102,22,3,2026-07-07 16:00:00
O031703,U102,101,3,2026-07-07 16:05:00
O031696,U058,26,3,2026-07-07 16:09:00
O031705,U108,3,3,2026-07-07 16:10:00
O031711,U388,102,5,2026-07-07 16:28:00
O031699,U322,48,5,2026-07-07 16:32:00
O031723,U034,8,2,2026-07-07 16:38:00
O031693,U121,101,4,2026-07-07 16:45:00
O031709,U225,83,3,2026-07-07 16:51:00
O031693,U121,71,5,2026-07-07 17:06:00
O031728,U167,34,5,2026-07-07 17:09:00
O031729,U484,96,3,2026-07-07 18:03:00
O031725,U056,73,2,2026-07-07 18:13:00
O031718,U202,63,4,2026-07-07 18:14:00
O031722,U121,66,3,2026-07-07 18:15:00
O031725,U056,40,3,2026-07-07 18:17:00
O031713,U049,83,2,2026-07-07 18:29:00
O031710,U378,63,4,2026-07-07 18:38:00
O031727,U482,27,3,2026-07-07 18:40:00
O031735,U496,35,2,2026-07-07 19:00:00
O031728,U167,102,3,2026-07-07 19:00:00
O031734,U212,15,5,2026-07-07 19:08:00
O031730,U108,8,3,2026-07-07 19:09:00
O031724,U199,69,2,2026-07-07 19:18:00
O031725,U056,77,3,2026-07-07 19:24:00
O031743,U473,100,5,2026-07-07 19:29:00
O031731,U275,60,3,2026-07-07 19:33:00
O031733,U312,15,5,2026-07-07 19:41:00
O031744,U295,94,3,2026-07-07 20:16:00
O031747,U500,72,4,2026-07-07 20:29:00
O031746,U067,71,4,2026-07-07 20:38:00
O031744,U295,33,2,2026-07-07 20:49:00
O031749,U009,100,3,2026-07-07 21:21:00
O031748,U367,66,4,2026-07-07 21:50:00
O031753,U303,76,5,2026-07-08 00:18:00
O031758,U498,61,2,2026-07-08 07:17:00
O031755,U428,7,4,2026-07-08 07:35:00
O031755,U428,5,5,2026-07-08 07:39:00
O031756,U098,91,2,2026-07-08 07:58:00
O031768,U491,90,4,2026-07-08 08:11:00
O031762,U412,65,4,2026-07-08 08:12:00
O031758,U498,3,2,2026-07-08 08:15:00
O031757,U204,1,4,2026-07-08 08:31:00
O031757,U204,101,4,2026-07-08 08:34:00
O031765,U083,27,3,2026-07-08 09:28:00
O031782,U242,102,4,2026-07-08 09:29:00
O031769,U033,1,5,2026-07-08 09:44:00
O031781,U409,4,2,2026-07-08 09:46:00
O031791,U022,99,5,2026-07-08 09:58:00
O031759,U419,46,3,2026-07-08 10:01:00
O031789,U413,39,5,2026-07-08 10:06:00
O031776,U293,64,2,2026-07-08 10:25:00
O031794,U037,22,3,2026-07-08 10:26:00
O031792,U469,101,4,2026-07-08 10:30:00
O031779,U249,12,4,2026-07-08 10:53:00
O031783,U150,66,2,2026-07-08 11:01:00
O031773,U025,2,5,2026-07-08 11:14:00
O031778,U467,101,4,2026-07-08 11:19:00
O031795,U003,8,4,2026-07-08 11:24:00
O031787,U469,101,5,2026-07-08 11:44:00
O031778,U467,26,2,2026-07-08 11:52:00
O031808,U102,19,3,2026-07-08 12:00:00
O031808,U102,18,4,2026-07-08 12:03:00
O031788,U247,36,4,2026-07-08 12:06:00
O031806,U268,101,4,2026-07-08 12:28:00
O031793,U324,72,3,2026-07-08 12:36:00
O031804,U396,21,2,2026-07-08 13:17:00
O031805,U338,102,4,2026-07-08 13:26:00
O031815,U068,101,4,2026-07-08 14:00:00
O031819,U110,87,4,2026-07-08 14:38:00
O031815,U068,75,5,2026-07-08 15:21:00
O031813,U197,30,3,2026-07-08 15:35:00
O031823,U062,21,2,2026-07-08 15:38:00
O031827,U197,21,2,2026-07-08 16:01:00
O031834,U244,63,4,2026-07-08 16:22:00
O031816,U212,18,4,2026-07-08 16:27:00
O031841,U108,32,3,2026-07-08 16:55:00
O031817,U154,83,3,2026-07-08 16:55:00
O031836,U290,97,3,2026-07-08 17:18:00
O031848,U364,13,3,2026-07-08 17:23:00
O031844,U137,2,4,2026-07-08 17:25:00
O031847,U273,75,4,2026-07-08 17:40:00
O031840,U163,65,4,2026-07-08 17:41:00
O031850,U112,57,5,2026-07-08 17:46:00
O031838,U479,5,5,2026-07-08 17:57:00
O031845,U369,7,3,2026-07-08 18:23:00
O031855,U396,102,4,2026-07-08 19:00:00
O031858,U453,34,4,2026-07-08 19:10:00
O031851,U458,102,4,2026-07-08 19:25:00
O031854,U259,102,4,2026-07-08 19:50:00
O031849,U379,41,3,2026-07-08 19:55:00
O031864,U059,26,4,2026-07-08 20:46:00
O031866,U218,76,4,2026-07-08 20:59:00
O031855,U396,2,4,2026-07-08 21:16:00
O031859,U352,100,4,2026-07-08 21:37:00
O031863,U028,54,4,2026-07-08 22:25:00
O031865,U028,91,3,2026-07-08 22:42:00
O031868,U050,93,3,2026-07-09 00:28:00
O031873,U127,68,1,2026-07-09 07:34:00
O031877,U419,63,3,2026-07-09 08:26:00
O031876,U072,98,4,2026-07-09 08:51:00
O031884,U272,99,4,2026-07-09 09:00:00
O031893,U461,102,3,2026-07-09 09:20:00
O031880,U211,15,5,2026-07-09 09:21:00
O031892,U277,11,4,2026-07-09 09:24:00
O031902,U122,8,4,2026-07-09 09:39:00
O031886,U231,22,2,2026-07-09 09:50:00
O031888,U463,57,4,2026-07-09 09:53:00
O031908,U139,59,5,2026-07-09 10:08:00
O031907,U001,22,4,2026-07-09 10:15:00
O031911,U112,26,3,2026-07-09 10:24:00
O031894,U031,90,4,2026-07-09 10:54:00
O031912,U068,73,3,2026-07-09 11:19:00
O031908,U139,99,5,2026-07-09 11:24:00
O031900,U375,13,3,2026-07-09 11:34:00
O031893,U461,43,3,2026-07-09 11:41:00
O031906,U069,101,3,2026-07-09 11:48:00
O031900,U375,16,5,2026-07-09 12:06:00
O031919,U040,23,4,2026-07-09 12:09:00
O031922,U022,18,5,2026-07-09 12:17:00
O031915,U031,7,2,2026-07-09 12:31:00
O031927,U289,66,3,2026-07-09 12:47:00
O031926,U149,30,3,2026-07-09 12:56:00
O031932,U458,96,4,2026-07-09 12:56:00
O031927,U289,101,4,2026-07-09 13:12:00
O031924,U332,27,5,2026-07-09 13:46:00
O031938,U167,20,3,2026-07-09 13:53:00
O031923,U016,42,4,2026-07-09 13:59:00
O031926,U149,46,3,2026-07-09 14:06:00
O031924,U332,54,3,2026-07-09 14:15:00
O031939,U272,88,4,2026-07-09 14:42:00
O031932,U458,60,4,2026-07-09 14:45:00
O031928,U206,101,3,2026-07-09 14:48:00
O031941,U049,77,3,2026-07-09 14:54:00
O031946,U259,29,2,2026-07-09 14:59:00
O031932,U458,98,4,2026-07-09 15:10:00
O031933,U324,72,4,2026-07-09 15:10:00
O031947,U494,101,3,2026-07-09 15:10:00
O031935,U468,98,4,2026-07-09 15:16:00
O031950,U436,56,3,2026-07-09 15:16:00
O031947,U494,73,4,2026-07-09 15:21:00
O031953,U410,99,4,2026-07-09 15:33:00
O031937,U421,27,4,2026-07-09 15:47:00
O031938,U167,66,3,2026-07-09 15:48:00
O031955,U247,13,4,2026-07-09 15:53:00
O031954,U320,100,5,2026-07-09 15:57:00
O031949,U304,30,4,2026-07-09 16:01:00
O031950,U436,102,5,2026-07-09 16:09:00
O031942,U278,35,3,2026-07-09 16:12:00
O031949,U304,62,4,2026-07-09 16:19:00
O031953,U410,6,3,2026-07-09 16:27:00
O031951,U471,90,4,2026-07-09 16:36:00
O031964,U344,79,4,2026-07-09 17:04:00
O031966,U451,2,3,2026-07-09 17:13:00
O031966,U451,6,5,2026-07-09 17:27:00
O031959,U204,100,4,2026-07-09 17:44:00
O031961,U197,99,2,2026-07-09 17:58:00
O031976,U139,100,4,2026-07-09 18:03:00
O031978,U479,32,3,2026-07-09 18:16:00
O031970,U476,31,3,2026-07-09 18:40:00
O031979,U453,81,4,2026-07-09 18:57:00
O031982,U164,77,2,2026-07-09 19:01:00
O031973,U411,82,5,2026-07-09 19:16:00
O031987,U477,3,4,2026-07-09 19:32:00
O031977,U447,96,4,2026-07-09 20:36:00
O031986,U328,1,5,2026-07-09 20:53:00
O031985,U154,57,1,2026-07-09 20:54:00
O031983,U351,71,3,2026-07-09 20:57:00
O031988,U034,37,3,2026-07-09 21:20:00
O031984,U308,62,5,2026-07-09 21:20:00
O031993,U411,36,5,2026-07-09 21:42:00
O031995,U481,82,2,2026-07-09 21:56:00
O031989,U377,98,4,2026-07-09 22:01:00
O031990,U184,11,4,2026-07-09 22:24:00
O031989,U377,8,4,2026-07-09 22:33:00
O031994,U328,1,4,2026-07-09 23:09:00
O031997,U127,33,2,2026-07-10 08:18:00
O032006,U165,28,2,2026-07-10 08:52:00
O032015,U071,85,4,2026-07-10 09:02:00
O032003,U282,99,2,2026-07-10 09:10:00
O032004,U275,60,3,2026-07-10 09:51:00
O032008,U360,8,4,2026-07-10 10:24:00
O032019,U260,55,5,2026-07-10 10:26:00
O032014,U377,83,4,2026-07-10 10:26:00
O032023,U449,62,4,2026-07-10 10:27:00
O032016,U278,33,4,2026-07-10 10:51:00
O032011,U333,47,3,2026-07-10 10:53:00
O032017,U299,6,4,2026-07-10 11:08:00
O032026,U164,100,4,2026-07-10 11:08:00
O032017,U299,98,5,2026-07-10 11:10:00
O032011,U333,28,5,2026-07-10 11:24:00
O032021,U284,17,4,2026-07-10 11:32:00
O032012,U058,100,3,2026-07-10 11:35:00
O032040,U469,17,4,2026-07-10 11:53:00
O032036,U274,50,3,2026-07-10 12:06:00
O032048,U470,2,4,2026-07-10 12:08:00
O032021,U284,15,3,2026-07-10 12:13:00
O032037,U110,87,3,2026-07-10 12:40:00
O032043,U253,38,2,2026-07-10 12:57:00
O032053,U451,73,2,2026-07-10 14:07:00
O032061,U068,75,5,2026-07-10 15:04:00
O032052,U091,77,5,2026-07-10 15:15:00
O032056,U378,58,2,2026-07-10 15:42:00
O032063,U469,17,4,2026-07-10 15:45:00
O032061,U068,95,4,2026-07-10 16:00:00
O032060,U372,41,4,2026-07-10 16:01:00
O032080,U464,64,4,2026-07-10 16:14:00
O032064,U277,102,4,2026-07-10 16:41:00
O032084,U277,58,3,2026-07-10 16:56:00
O032073,U449,80,3,2026-07-10 16:57:00
O032081,U351,98,3,2026-07-10 16:57:00
O032065,U092,49,4,2026-07-10 17:01:00
O032065,U092,98,3,2026-07-10 17:06:00
O032077,U003,85,5,2026-07-10 17:23:00
O032091,U491,54,4,2026-07-10 17:29:00
O032062,U201,58,3,2026-07-10 17:31:00
O032073,U449,36,4,2026-07-10 17:46:00
O032067,U138,101,3,2026-07-10 17:47:00
O032076,U284,79,4,2026-07-10 18:10:00
O032085,U302,21,4,2026-07-10 18:26:00
O032081,U351,30,2,2026-07-10 18:28:00
O032081,U351,101,4,2026-07-10 18:40:00
O032100,U285,26,4,2026-07-10 18:40:00
O032102,U492,46,3,2026-07-10 19:23:00
O032099,U077,71,3,2026-07-10 19:41:00
O032101,U036,6,3,2026-07-10 19:43:00
O032109,U258,31,3,2026-07-10 20:06:00
O032120,U482,27,5,2026-07-10 22:29:00
O032116,U456,37,5,2026-07-10 22:33:00
O032117,U067,54,3,2026-07-10 22:41:00
O032118,U159,91,4,2026-07-10 23:53:00
O032119,U218,75,4,2026-07-11 00:10:00
O032125,U146,88,4,2026-07-11 08:43:00
O032121,U449,101,4,2026-07-11 08:54:00
O032124,U452,8,3,2026-07-11 09:38:00
O032126,U130,7,4,2026-07-11 10:23:00
O032141,U067,102,4,2026-07-11 10:31:00
O032138,U168,68,3,2026-07-11 10:50:00
O032139,U333,101,5,2026-07-11 10:53:00
O032128,U024,87,5,2026-07-11 11:04:00
O032128,U024,101,4,2026-07-11 11:04:00
O032150,U447,25,5,2026-07-11 11:15:00
O032161,U321,83,5,2026-07-11 11:50:00
O032158,U102,18,5,2026-07-11 12:03:00
O032153,U337,75,4,2026-07-11 12:18:00
O032174,U261,36,5,2026-07-11 12:29:00
O032135,U111,81,3,2026-07-11 12:32:00
O032155,U322,84,4,2026-07-11 12:37:00
O032158,U102,16,2,2026-07-11 12:37:00
O032177,U049,68,4,2026-07-11 12:46:00
O032147,U417,100,3,2026-07-11 12:50:00
O032169,U324,72,4,2026-07-11 12:50:00
O032164,U225,44,4,2026-07-11 13:00:00
O032163,U299,7,4,2026-07-11 13:14:00
O032152,U044,34,5,2026-07-11 13:18:00
O032148,U272,2,5,2026-07-11 13:21:00
O032164,U225,39,4,2026-07-11 13:23:00
O032172,U387,37,5,2026-07-11 13:23:00
O032160,U110,101,4,2026-07-11 13:39:00
O032173,U489,100,3,2026-07-11 13:41:00
O032167,U141,83,5,2026-07-11 13:59:00
O032180,U066,50,5,2026-07-11 14:18:00
O032176,U440,35,4,2026-07-11 14:28:00
O032167,U141,58,3,2026-07-11 14:30:00
O032168,U265,98,4,2026-07-11 14:36:00
O032180,U066,47,3,2026-07-11 14:48:00
O032189,U095,42,3,2026-07-11 15:08:00
O032182,U333,26,5,2026-07-11 15:28:00
O032183,U494,102,5,2026-07-11 15:39:00
O032195,U215,89,5,2026-07-11 15:47:00
O032179,U192,96,4,2026-07-11 15:49:00
O032185,U260,78,4,2026-07-11 15:51:00
O032187,U198,100,3,2026-07-11 16:21:00
O032206,U481,49,4,2026-07-11 16:36:00
O032197,U086,22,4,2026-07-11 16:37:00
O032208,U469,21,4,2026-07-11 16:45:00
O032190,U237,47,5,2026-07-11 16:57:00
O032212,U110,30,3,2026-07-11 17:10:00
O032192,U328,6,5,2026-07-11 17:25:00
O032200,U395,81,3,2026-07-11 17:41:00
O032215,U041,100,2,2026-07-11 17:42:00
O032204,U372,68,3,2026-07-11 17:50:00
O032214,U104,91,3,2026-07-11 19:05:00
O032234,U157,79,2,2026-07-11 19:22:00
O032236,U482,90,2,2026-07-11 19:30:00
O032216,U169,29,3,2026-07-11 19:35:00
O032221,U001,81,3,2026-07-11 20:06:00
O032243,U351,101,3,2026-07-11 20:10:00
O032219,U352,40,3,2026-07-11 20:11:00
O032220,U273,5,5,2026-07-11 20:14:00
O032232,U301,46,1,2026-07-11 20:25:00
O032232,U301,102,3,2026-07-11 21:06:00
O032240,U067,13,4,2026-07-11 21:09:00
O032246,U213,102,4,2026-07-11 21:21:00
O032243,U351,5,1,2026-07-11 21:28:00
O032247,U347,19,4,2026-07-11 21:44:00
O032238,U003,22,4,2026-07-11 21:47:00
O032251,U367,57,4,2026-07-11 22:59:00
O032248,U157,16,3,2026-07-11 23:34:00
O032252,U238,7,4,2026-07-12 07:02:00
O032255,U356,98,4,2026-07-12 07:28:00
O032260,U086,20,2,2026-07-12 09:35:00
O032262,U086,72,2,2026-07-12 09:39:00
O032261,U275,13,5,2026-07-12 09:45:00
O032257,U031,98,3,2026-07-12 10:31:00
O032262,U086,99,2,2026-07-12 10:49:00
O032258,U221,41,3,2026-07-12 11:02:00
O032270,U447,19,4,2026-07-12 11:11:00
O032280,U020,64,5,2026-07-12 11:46:00
O032276,U034,98,3,2026-07-12 11:52:00
O032272,U242,98,3,2026-07-12 12:01:00
O032264,U165,82,4,2026-07-12 12:16:00
O032281,U289,81,4,2026-07-12 12:22:00
O032284,U201,15,3,2026-07-12 12:35:00
O032277,U495,2,3,2026-07-12 12:53:00
O032285,U443,70,2,2026-07-12 13:32:00
O032278,U455,26,3,2026-07-12 13:47:00
O032286,U379,77,4,2026-07-12 14:13:00
O032284,U201,19,5,2026-07-12 14:35:00
O032289,U121,78,3,2026-07-12 15:24:00
O032295,U455,100,3,2026-07-12 15:33:00
O032304,U169,3,5,2026-07-12 15:49:00
O032293,U446,101,4,2026-07-12 15:55:00
O032308,U040,82,4,2026-07-12 16:30:00
O032299,U060,67,3,2026-07-12 16:32:00
O032293,U446,48,5,2026-07-12 16:51:00
O032300,U138,59,3,2026-07-12 17:00:00
O032298,U247,15,5,2026-07-12 17:06:00
O032292,U196,21,3,2026-07-12 17:09:00
O032301,U060,96,4,2026-07-12 17:09:00
O032294,U019,35,3,2026-07-12 17:15:00
O032302,U496,35,2,2026-07-12 17:47:00
O032300,U138,65,4,2026-07-12 17:51:00
O032307,U441,14,4,2026-07-12 17:55:00
O032307,U441,27,3,2026-07-12 18:05:00
O032316,U388,93,2,2026-07-12 18:09:00
O032305,U452,6,4,2026-07-12 18:14:00
O032315,U498,20,4,2026-07-12 18:35:00
O032331,U216,101,3,2026-07-12 18:45:00
O032319,U333,39,3,2026-07-12 18:55:00
O032320,U368,42,4,2026-07-12 19:13:00
O032319,U333,102,4,2026-07-12 19:14:00
O032315,U498,30,3,2026-07-12 19:23:00
O032317,U463,83,5,2026-07-12 19:26:00
O032329,U019,100,4,2026-07-12 19:56:00
O032323,U497,40,2,2026-07-12 20:11:00
O032338,U468,47,3,2026-07-12 20:15:00
O032331,U216,63,4,2026-07-12 20:37:00
O032341,U138,50,2,2026-07-12 21:26:00
O032345,U292,76,4,2026-07-12 22:58:00
O032352,U100,1,2,2026-07-13 08:17:00
O032348,U136,7,3,2026-07-13 09:04:00
O032349,U247,15,3,2026-07-13 09:13:00
O032353,U375,102,3,2026-07-13 09:23:00
O032363,U089,19,5,2026-07-13 09:50:00
O032354,U396,2,4,2026-07-13 10:01:00
O032358,U335,15,4,2026-07-13 10:05:00
O032380,U271,16,4,2026-07-13 10:22:00
O032369,U220,83,3,2026-07-13 10:30:00
O032377,U469,21,3,2026-07-13 10:34:00
O032353,U375,24,3,2026-07-13 10:36:00
O032373,U370,5,4,2026-07-13 11:02:00
O032374,U324,13,5,2026-07-13 11:26:00
O032375,U414,65,3,2026-07-13 11:29:00
O032370,U139,56,3,2026-07-13 11:42:00
O032372,U166,10,3,2026-07-13 11:58:00
O032391,U153,101,3,2026-07-13 12:09:00
O032379,U293,48,2,2026-07-13 12:19:00
O032380,U271,101,3,2026-07-13 12:23:00
O032389,U184,102,3,2026-07-13 12:28:00
O032376,U115,76,3,2026-07-13 12:35:00
O032384,U260,12,3,2026-07-13 12:37:00
O032381,U265,75,3,2026-07-13 12:56:00
O032393,U089,54,3,2026-07-13 13:22:00
O032393,U089,19,5,2026-07-13 13:27:00
O032389,U184,13,3,2026-07-13 13:48:00
O032388,U142,4,4,2026-07-13 13:56:00
O032394,U485,100,4,2026-07-13 14:15:00
O032401,U495,100,5,2026-07-13 14:22:00
O032415,U035,38,5,2026-07-13 15:17:00
O032402,U398,14,3,2026-07-13 15:25:00
O032409,U206,77,3,2026-07-13 15:39:00
O032425,U034,82,3,2026-07-13 15:44:00
O032401,U495,27,5,2026-07-13 15:47:00
O032416,U425,70,4,2026-07-13 15:53:00
O032418,U152,9,3,2026-07-13 15:54:00
O032413,U486,6,5,2026-07-13 15:55:00
O032397,U197,6,5,2026-07-13 16:10:00
O032410,U490,67,4,2026-07-13 16:13:00
O032437,U086,38,1,2026-07-13 16:49:00
O032419,U390,98,4,2026-07-13 17:24:00
O032428,U058,83,4,2026-07-13 17:30:00
O032442,U153,64,3,2026-07-13 17:31:00
O032441,U188,102,4,2026-07-13 17:32:00
O032411,U216,81,5,2026-07-13 17:38:00
O032444,U241,83,3,2026-07-13 17:39:00
O032426,U149,100,4,2026-07-13 17:48:00
O032433,U272,6,4,2026-07-13 18:05:00
O032427,U284,79,3,2026-07-13 18:16:00
O032438,U392,1,5,2026-07-13 18:19:00
O032447,U088,12,4,2026-07-13 18:23:00
O032445,U145,44,3,2026-07-13 18:24:00
O032458,U453,72,5,2026-07-13 18:36:00
O032434,U374,102,4,2026-07-13 18:44:00
O032436,U218,80,5,2026-07-13 18:53:00
O032434,U374,30,3,2026-07-13 19:00:00
O032441,U188,40,5,2026-07-13 19:31:00
O032451,U178,30,5,2026-07-13 20:13:00
O032463,U068,75,4,2026-07-13 21:22:00
O032468,U464,62,4,2026-07-13 22:45:00
O032468,U464,99,4,2026-07-13 23:42:00
O032479,U445,38,3,2026-07-14 08:09:00
O032480,U164,6,5,2026-07-14 08:23:00
O032484,U146,76,4,2026-07-14 08:30:00
O032486,U139,63,5,2026-07-14 08:55:00
O032482,U048,27,5,2026-07-14 08:59:00
O032487,U275,101,4,2026-07-14 09:23:00
O032491,U106,48,3,2026-07-14 09:24:00
O032487,U275,13,5,2026-07-14 09:27:00
O032485,U055,6,5,2026-07-14 09:42:00
O032483,U305,82,3,2026-07-14 09:43:00
O032489,U068,75,4,2026-07-14 10:12:00
O032506,U202,81,2,2026-07-14 10:18:00
O032494,U024,87,4,2026-07-14 10:23:00
O032496,U284,58,2,2026-07-14 10:29:00
O032505,U420,56,2,2026-07-14 10:45:00
O032495,U325,91,3,2026-07-14 10:49:00
O032501,U421,37,5,2026-07-14 10:49:00
O032486,U139,54,5,2026-07-14 10:54:00
O032511,U315,80,5,2026-07-14 11:15:00
O032507,U284,94,3,2026-07-14 11:20:00
O032497,U427,54,2,2026-07-14 11:30:00
O032503,U127,101,3,2026-07-14 11:35:00
O032513,U374,30,2,2026-07-14 12:28:00
O032512,U281,19,5,2026-07-14 12:30:00
O032514,U293,55,3,2026-07-14 13:00:00
O032518,U182,40,2,2026-07-14 13:14:00
O032511,U315,101,5,2026-07-14 13:20:00
O032526,U322,69,3,2026-07-14 13:28:00
O032524,U174,100,3,2026-07-14 13:32:00
O032525,U278,33,5,2026-07-14 13:42:00
O032534,U242,40,4,2026-07-14 14:00:00
O032519,U297,25,4,2026-07-14 14:06:00
O032526,U322,21,3,2026-07-14 14:08:00
O032520,U159,91,4,2026-07-14 14:23:00
O032529,U351,13,5,2026-07-14 14:26:00
O032536,U354,100,4,2026-07-14 14:38:00
O032543,U242,58,5,2026-07-14 14:47:00
O032539,U068,75,4,2026-07-14 14:49:00
O032544,U017,96,4,2026-07-14 14:53:00
O032539,U068,54,5,2026-07-14 15:01:00
O032526,U322,89,5,2026-07-14 15:20:00
O032542,U229,56,3,2026-07-14 15:23:00
O032537,U376,69,4,2026-07-14 15:30:00
O032545,U411,2,4,2026-07-14 15:37:00
O032526,U322,102,3,2026-07-14 15:42:00
O032529,U351,27,3,2026-07-14 16:12:00
O032555,U260,65,4,2026-07-14 16:17:00
O032536,U354,20,3,2026-07-14 16:20:00
O032539,U068,95,3,2026-07-14 16:35:00
O032542,U229,101,4,2026-07-14 16:38:00
O032541,U360,86,4,2026-07-14 16:55:00
O032551,U377,34,4,2026-07-14 17:36:00
O032561,U500,63,2,2026-07-14 17:45:00
O032556,U370,22,3,2026-07-14 17:48:00
O032556,U370,102,3,2026-07-14 17:54:00
O032564,U500,6,4,2026-07-14 18:05:00
O032557,U410,28,3,2026-07-14 18:17:00
O032560,U088,19,4,2026-07-14 18:23:00
O032574,U449,62,4,2026-07-14 18:59:00
O032567,U089,22,5,2026-07-14 19:09:00
O032580,U463,46,4,2026-07-14 19:20:00
O032566,U351,56,4,2026-07-14 19:30:00
O032575,U214,92,5,2026-07-14 19:40:00
O032567,U089,99,5,2026-07-14 20:08:00
O032581,U110,67,4,2026-07-14 20:24:00
O032574,U449,46,3,2026-07-14 20:29:00
O032585,U438,84,3,2026-07-14 21:04:00
O032582,U442,55,3,2026-07-14 21:55:00
O032595,U202,81,3,2026-07-15 06:57:00
O032596,U165,73,4,2026-07-15 07:20:00
O032599,U286,42,5,2026-07-15 07:49:00
O032614,U041,101,4,2026-07-15 08:55:00
O032602,U297,13,5,2026-07-15 09:10:00
O032609,U106,89,4,2026-07-15 09:36:00
O032621,U211,35,4,2026-07-15 10:08:00
O032617,U083,44,3,2026-07-15 10:08:00
O032604,U485,59,4,2026-07-15 10:19:00
O032608,U180,100,5,2026-07-15 10:20:00
O032622,U127,90,3,2026-07-15 10:27:00
O032616,U165,40,3,2026-07-15 10:33:00
O032616,U165,75,3,2026-07-15 10:59:00
O032626,U275,47,3,2026-07-15 11:01:00
O032620,U479,101,4,2026-07-15 11:05:00
O032615,U278,101,4,2026-07-15 11:14:00
O032618,U293,26,3,2026-07-15 11:50:00
O032630,U491,26,5,2026-07-15 12:17:00
O032637,U446,36,5,2026-07-15 12:41:00
O032645,U375,40,4,2026-07-15 12:54:00
O032635,U036,6,5,2026-07-15 13:14:00
O032647,U164,8,4,2026-07-15 13:17:00
O032650,U438,94,4,2026-07-15 13:30:00
O032638,U032,86,3,2026-07-15 13:32:00
O032643,U491,66,4,2026-07-15 13:41:00
O032638,U032,99,3,2026-07-15 13:47:00
O032642,U407,102,3,2026-07-15 13:52:00
O032634,U389,27,5,2026-07-15 14:03:00
O032653,U286,99,4,2026-07-15 14:20:00
O032666,U367,69,4,2026-07-15 14:54:00
O032662,U278,75,5,2026-07-15 15:27:00
O032667,U346,65,3,2026-07-15 15:35:00
O032661,U035,91,2,2026-07-15 16:01:00
O032677,U200,36,3,2026-07-15 16:09:00
O032676,U284,74,4,2026-07-15 16:15:00
O032671,U058,28,5,2026-07-15 16:20:00
O032684,U352,1,5,2026-07-15 16:45:00
O032678,U413,39,5,2026-07-15 17:02:00
O032670,U383,94,3,2026-07-15 17:40:00
O032680,U141,41,4,2026-07-15 17:56:00
O032675,U094,73,3,2026-07-15 17:57:00
O032687,U127,34,3,2026-07-15 18:12:00
O032695,U292,72,3,2026-07-15 18:14:00
O032698,U388,49,3,2026-07-15 18:31:00
O032701,U101,88,4,2026-07-15 18:33:00
O032697,U059,26,4,2026-07-15 19:12:00
O032700,U138,8,3,2026-07-15 19:35:00
O032712,U263,38,3,2026-07-15 19:53:00
O032718,U016,42,3,2026-07-15 20:17:00
O032714,U458,99,4,2026-07-15 20:30:00
O032706,U401,80,3,2026-07-15 20:35:00
O032714,U458,60,4,2026-07-15 20:44:00
O032709,U324,13,5,2026-07-15 21:09:00
O032722,U184,63,4,2026-07-15 21:32:00
O032721,U159,76,4,2026-07-15 21:47:00
O032715,U006,87,5,2026-07-15 22:08:00
O032716,U142,98,3,2026-07-15 22:10:00
O032726,U378,63,4,2026-07-15 22:43:00
O032728,U213,54,4,2026-07-15 23:44:00
O032729,U445,67,4,2026-07-16 06:39:00
O032733,U469,21,3,2026-07-16 07:48:00
O032737,U239,10,3,2026-07-16 07:55:00
O032729,U445,93,3,2026-07-16 08:09:00
O032740,U163,64,2,2026-07-16 08:18:00
O032730,U025,6,5,2026-07-16 08:32:00
O032747,U374,101,4,2026-07-16 08:57:00
O032757,U167,34,5,2026-07-16 09:32:00
O032761,U398,31,4,2026-07-16 10:11:00
O032732,U349,37,3,2026-07-16 10:13:00
O032751,U335,7,5,2026-07-16 10:32:00
O032762,U169,100,4,2026-07-16 10:43:00
O032755,U377,34,4,2026-07-16 11:24:00
O032773,U101,50,4,2026-07-16 11:56:00
O032758,U495,26,5,2026-07-16 12:01:00
O032767,U028,81,3,2026-07-16 12:08:00
O032768,U141,101,4,2026-07-16 12:11:00
O032769,U455,23,4,2026-07-16 13:02:00
O032787,U208,19,2,2026-07-16 13:27:00
O032791,U392,1,5,2026-07-16 13:51:00
O032783,U014,34,3,2026-07-16 13:53:00
O032790,U205,102,5,2026-07-16 14:03:00
O032793,U360,8,4,2026-07-16 14:19:00
O032783,U014,54,3,2026-07-16 14:27:00
O032780,U225,8,3,2026-07-16 14:54:00
O032779,U006,83,5,2026-07-16 15:09:00
O032803,U206,101,3,2026-07-16 15:50:00
O032791,U392,102,2,2026-07-16 16:02:00
O032801,U272,101,4,2026-07-16 16:06:00
O032804,U395,31,2,2026-07-16 16:26:00
O032803,U206,102,4,2026-07-16 16:51:00
O032813,U402,3,5,2026-07-16 17:16:00
O032818,U336,91,2,2026-07-16 17:24:00
O032816,U315,81,3,2026-07-16 17:44:00
O032819,U361,33,3,2026-07-16 18:10:00
O032806,U005,5,5,2026-07-16 18:11:00
O032830,U317,33,3,2026-07-16 18:12:00
O032826,U214,49,3,2026-07-16 18:12:00
O032829,U150,90,3,2026-07-16 18:29:00
O032839,U198,54,5,2026-07-16 18:47:00
O032839,U198,101,3,2026-07-16 19:15:00
O032821,U172,49,4,2026-07-16 19:28:00
O032831,U283,31,3,2026-07-16 19:47:00
O032848,U352,30,4,2026-07-16 19:50:00
O032838,U320,7,4,2026-07-16 20:03:00
O032844,U438,57,4,2026-07-16 20:08:00
O032835,U360,93,2,2026-07-16 20:26:00
O032835,U360,29,3,2026-07-16 20:27:00
O032844,U438,100,4,2026-07-16 20:37:00
O032845,U363,36,5,2026-07-16 20:52:00
O032853,U285,26,5,2026-07-16 21:24:00
O032859,U216,81,5,2026-07-16 22:19:00
O032860,U500,75,4,2026-07-16 22:23:00
O032850,U068,75,4,2026-07-16 22:34:00
O032863,U238,6,3,2026-07-17 07:30:00
O032873,U197,6,5,2026-07-17 08:17:00
O032864,U122,55,5,2026-07-17 08:23:00
O032865,U243,41,5,2026-07-17 08:43:00
O032873,U197,98,3,2026-07-17 08:48:00
O032877,U284,101,4,2026-07-17 09:09:00
O032871,U072,61,5,2026-07-17 09:18:00
O032894,U139,67,5,2026-07-17 09:50:00
O032896,U272,5,5,2026-07-17 09:52:00
O032895,U372,100,4,2026-07-17 10:02:00
O032890,U040,42,4,2026-07-17 10:23:00
O032893,U090,28,2,2026-07-17 10:33:00
O032883,U345,8,3,2026-07-17 11:19:00
O032897,U447,18,4,2026-07-17 11:49:00
O032906,U433,27,3,2026-07-17 11:56:00
O032903,U443,95,3,2026-07-17 12:04:00
O032911,U001,75,3,2026-07-17 12:26:00
O032915,U322,33,2,2026-07-17 13:37:00
O032913,U164,8,4,2026-07-17 13:47:00
O032922,U374,38,3,2026-07-17 14:05:00
O032911,U001,102,3,2026-07-17 14:28:00
O032921,U213,2,5,2026-07-17 14:50:00
O032931,U154,83,4,2026-07-17 15:07:00
O032919,U478,98,4,2026-07-17 15:38:00
O032929,U453,99,4,2026-07-17 15:51:00
O032919,U478,77,3,2026-07-17 16:05:00
O032936,U342,18,4,2026-07-17 17:11:00
O032937,U276,45,3,2026-07-17 17:12:00
O032947,U165,88,3,2026-07-17 17:16:00
O032942,U467,50,4,2026-07-17 17:18:00
O032943,U041,100,3,2026-07-17 17:29:00
O032952,U367,72,4,2026-07-17 17:56:00
O032955,U102,18,5,2026-07-17 18:12:00
O032938,U057,79,5,2026-07-17 18:15:00
O032951,U297,100,5,2026-07-17 18:34:00
O032946,U452,6,4,2026-07-17 18:59:00
O032959,U401,53,3,2026-07-17 19:13:00
O032963,U328,6,5,2026-07-17 19:33:00
O032958,U068,75,5,2026-07-17 19:49:00
O032954,U148,71,3,2026-07-17 20:06:00
O032966,U110,39,3,2026-07-17 20:10:00
O032967,U101,45,5,2026-07-17 21:06:00
O032963,U328,59,4,2026-07-17 21:30:00
O032963,U328,100,5,2026-07-17 21:48:00
O032970,U328,1,5,2026-07-17 21:53:00
O032975,U194,94,3,2026-07-17 21:59:00
O032971,U115,100,3,2026-07-17 22:06:00
O032974,U213,76,5,2026-07-17 22:26:00
O032972,U340,100,4,2026-07-17 22:40:00
O032981,U298,41,4,2026-07-18 07:47:00
O032980,U449,62,3,2026-07-18 08:24:00
O032985,U165,40,3,2026-07-18 08:49:00
O032983,U449,62,4,2026-07-18 09:10:00
O032989,U427,59,2,2026-07-18 10:18:00
O033001,U154,74,3,2026-07-18 10:22:00
O032995,U364,101,3,2026-07-18 10:47:00
O032990,U235,65,4,2026-07-18 10:57:00
O032989,U427,5,2,2026-07-18 11:11:00
O032992,U072,8,4,2026-07-18 11:30:00
O033008,U020,34,3,2026-07-18 11:37:00
O033001,U154,83,2,2026-07-18 11:44:00
O033018,U074,8,4,2026-07-18 11:44:00
O033005,U135,100,4,2026-07-18 11:51:00
O033017,U167,66,2,2026-07-18 11:57:00
O033022,U198,60,5,2026-07-18 12:21:00
O032998,U372,68,4,2026-07-18 12:37:00
O033013,U139,67,5,2026-07-18 12:54:00
O033016,U163,100,3,2026-07-18 13:00:00
O033007,U101,75,3,2026-07-18 13:23:00
O033027,U274,77,3,2026-07-18 13:27:00
O033009,U150,101,3,2026-07-18 13:42:00
O033032,U039,62,3,2026-07-18 14:51:00
O033030,U411,70,5,2026-07-18 15:18:00
O033034,U468,19,5,2026-07-18 15:36:00
O033039,U086,25,3,2026-07-18 16:17:00
O033041,U068,75,5,2026-07-18 16:43:00
O033044,U404,100,3,2026-07-18 16:53:00
O033054,U485,69,3,2026-07-18 17:00:00
O033052,U494,15,5,2026-07-18 17:04:00
O033059,U035,41,4,2026-07-18 17:24:00
O033042,U035,37,4,2026-07-18 17:42:00
O033043,U328,6,5,2026-07-18 17:58:00
O033057,U411,14,3,2026-07-18 18:12:00
O033045,U197,6,4,2026-07-18 18:13:00
O033065,U307,80,4,2026-07-18 18:33:00
O033063,U206,77,3,2026-07-18 18:41:00
O033073,U443,101,4,2026-07-18 18:48:00
O033058,U260,76,3,2026-07-18 18:59:00
O033065,U307,65,4,2026-07-18 18:59:00
O033075,U224,64,4,2026-07-18 19:12:00
O033072,U303,76,4,2026-07-18 19:16:00
O033081,U213,76,5,2026-07-18 19:18:00
O033073,U443,79,4,2026-07-18 19:18:00
O033067,U435,4,4,2026-07-18 19:48:00
O033087,U478,93,4,2026-07-18 19:56:00
O033091,U188,46,2,2026-07-18 21:04:00
O033085,U315,40,4,2026-07-18 21:08:00
O033082,U192,95,3,2026-07-18 21:21:00
O033083,U157,25,2,2026-07-18 21:26:00
O033081,U213,68,2,2026-07-18 21:46:00
O033085,U315,101,4,2026-07-18 21:54:00
O033098,U371,11,3,2026-07-18 22:29:00
O033102,U212,13,4,2026-07-18 22:32:00
O033092,U184,54,4,2026-07-18 22:34:00
O033089,U474,65,4,2026-07-18 22:44:00
O033093,U134,40,2,2026-07-18 23:05:00
O033099,U201,100,3,2026-07-18 23:50:00
O033095,U443,70,3,2026-07-18 23:53:00
O033104,U020,2,2,2026-07-19 00:45:00
O033107,U127,101,4,2026-07-19 08:42:00
O033105,U219,100,3,2026-07-19 08:44:00
O033113,U037,101,4,2026-07-19 08:56:00
O033106,U137,56,2,2026-07-19 09:00:00
O033115,U278,2,3,2026-07-19 09:59:00
O033115,U278,20,3,2026-07-19 10:26:00
O033112,U370,9,2,2026-07-19 10:42:00
O033122,U491,66,5,2026-07-19 10:51:00
O033124,U084,23,4,2026-07-19 10:58:00
O033131,U001,13,3,2026-07-19 11:00:00
O033133,U164,101,3,2026-07-19 11:17:00
O033143,U494,73,3,2026-07-19 11:46:00
O033119,U374,30,3,2026-07-19 11:47:00
O033129,U225,39,4,2026-07-19 11:48:00
O033137,U168,82,4,2026-07-19 11:50:00
O033126,U286,38,5,2026-07-19 12:08:00
O033141,U485,67,2,2026-07-19 13:08:00
O033139,U450,40,4,2026-07-19 13:09:00
O033145,U017,100,3,2026-07-19 13:24:00
O033149,U216,34,3,2026-07-19 13:25:00
O033150,U216,79,4,2026-07-19 14:12:00
O033158,U500,82,3,2026-07-19 14:58:00
O033159,U401,97,2,2026-07-19 15:01:00
O033151,U050,101,4,2026-07-19 15:12:00
O033155,U360,36,3,2026-07-19 15:17:00
O033172,U259,39,2,2026-07-19 15:38:00
O033167,U335,1,3,2026-07-19 16:00:00
O033154,U036,77,3,2026-07-19 16:02:00
O033167,U335,2,4,2026-07-19 16:15:00
O033160,U083,5,4,2026-07-19 16:17:00
O033170,U046,100,5,2026-07-19 16:44:00
O033177,U275,17,4,2026-07-19 16:59:00
O033166,U167,3,4,2026-07-19 17:38:00
O033177,U275,100,4,2026-07-19 17:44:00
O033176,U264,32,4,2026-07-19 18:46:00
O033187,U328,6,5,2026-07-19 18:46:00
O033184,U303,78,5,2026-07-19 19:12:00
O033183,U340,59,4,2026-07-19 19:26:00
O033181,U225,92,5,2026-07-19 19:33:00
O033195,U265,73,3,2026-07-19 20:11:00
O033205,U354,68,5,2026-07-19 21:32:00
O033201,U067,54,4,2026-07-19 21:58:00
O033197,U333,60,4,2026-07-19 22:00:00
O033204,U148,84,5,2026-07-19 22:24:00
O033203,U442,28,3,2026-07-19 22:25:00
O033201,U067,53,4,2026-07-19 22:31:00
O033201,U067,102,5,2026-07-19 22:41:00
O033204,U148,88,4,2026-07-19 23:05:00
O033202,U158,88,5,2026-07-19 23:37:00
O033208,U482,81,3,2026-07-19 23:58:00
O033220,U219,96,4,2026-07-20 08:05:00
O033216,U058,59,4,2026-07-20 08:36:00
O033214,U465,4,3,2026-07-20 09:01:00
O033222,U383,101,4,2026-07-20 09:37:00
O033219,U234,13,3,2026-07-20 09:47:00
O033229,U106,100,4,2026-07-20 09:49:00
O033222,U383,82,3,2026-07-20 09:53:00
O033250,U122,9,3,2026-07-20 10:12:00
O033237,U277,54,2,2026-07-20 10:14:00
O033236,U165,75,5,2026-07-20 10:29:00
O033226,U037,86,5,2026-07-20 10:34:00
O033234,U068,75,5,2026-07-20 10:35:00
O033224,U068,75,5,2026-07-20 10:37:00
O033251,U380,10,5,2026-07-20 10:38:00
O033231,U014,34,2,2026-07-20 10:38:00
O033234,U068,39,3,2026-07-20 11:11:00
O033259,U327,15,3,2026-07-20 11:15:00
O033238,U164,46,4,2026-07-20 11:16:00
O033239,U375,15,5,2026-07-20 11:24:00
O033254,U083,101,3,2026-07-20 11:39:00
O033267,U101,31,3,2026-07-20 11:53:00
O033250,U122,101,4,2026-07-20 11:54:00
O033253,U382,101,4,2026-07-20 11:56:00
O033243,U284,82,4,2026-07-20 12:02:00
O033247,U271,15,5,2026-07-20 12:09:00
O033266,U111,100,3,2026-07-20 12:28:00
O033274,U111,89,3,2026-07-20 13:53:00
O033275,U005,102,4,2026-07-20 14:33:00
O033278,U098,100,3,2026-07-20 15:14:00
O033274,U111,77,4,2026-07-20 15:15:00
O033280,U389,28,3,2026-07-20 15:36:00
O033287,U095,5,3,2026-07-20 15:50:00
O033287,U095,66,4,2026-07-20 16:20:00
O033279,U379,100,3,2026-07-20 16:30:00
O033293,U110,39,3,2026-07-20 16:34:00
O033288,U084,9,4,2026-07-20 16:39:00
O033279,U379,29,3,2026-07-20 16:55:00
O033296,U335,7,5,2026-07-20 17:07:00
O033305,U106,102,3,2026-07-20 17:55:00
O033313,U328,98,3,2026-07-20 17:55:00
O033307,U411,28,4,2026-07-20 18:00:00
O033290,U215,10,3,2026-07-20 18:00:00
O033293,U110,5,4,2026-07-20 18:40:00
O033314,U335,75,3,2026-07-20 18:50:00
O033313,U328,101,5,2026-07-20 19:00:00
O033305,U106,48,2,2026-07-20 19:03:00
O033311,U355,41,4,2026-07-20 19:23:00
O033307,U411,37,5,2026-07-20 19:27:00
O033320,U049,98,3,2026-07-20 19:28:00
O033314,U335,101,3,2026-07-20 19:39:00
O033313,U328,1,5,2026-07-20 19:46:00
O033317,U020,67,2,2026-07-20 19:49:00
O033326,U216,75,4,2026-07-20 20:08:00
O033317,U020,53,2,2026-07-20 20:11:00
O033330,U242,36,5,2026-07-20 20:32:00
O033317,U020,64,3,2026-07-20 20:40:00
O033322,U447,94,3,2026-07-20 21:09:00
O033331,U289,84,2,2026-07-20 21:23:00
O033328,U307,100,5,2026-07-20 21:45:00
O033337,U401,101,3,2026-07-20 22:55:00
O033339,U102,65,2,2026-07-20 23:34:00
O033334,U435,2,4,2026-07-20 23:56:00
O033337,U401,64,4,2026-07-21 00:13:00
O033340,U108,34,4,2026-07-21 08:07:00
O033341,U058,64,3,2026-07-21 08:18:00
O033346,U325,31,3,2026-07-21 08:43:00
O033347,U297,22,4,2026-07-21 08:44:00
O033359,U455,5,3,2026-07-21 09:02:00
O033358,U451,6,5,2026-07-21 09:14:00
O033360,U065,6,5,2026-07-21 09:24:00
O033380,U485,57,3,2026-07-21 09:54:00
O033359,U455,82,3,2026-07-21 10:00:00
O033373,U268,2,3,2026-07-21 10:11:00
O033363,U182,22,3,2026-07-21 10:53:00
O033374,U349,101,4,2026-07-21 10:53:00
O033359,U455,101,4,2026-07-21 11:05:00
O033383,U169,26,5,2026-07-21 11:10:00
O033379,U245,4,4,2026-07-21 11:28:00
O033382,U094,6,2,2026-07-21 11:31:00
O033367,U164,6,5,2026-07-21 11:34:00
O033388,U216,79,4,2026-07-21 11:44:00
O033389,U024,87,4,2026-07-21 11:54:00
O033384,U135,15,2,2026-07-21 12:25:00
O033386,U164,5,4,2026-07-21 12:57:00
O033391,U469,17,5,2026-07-21 13:59:00
O033407,U035,68,2,2026-07-21 14:35:00
O033409,U168,100,4,2026-07-21 14:37:00
O033403,U006,70,5,2026-07-21 14:48:00
O033405,U231,58,3,2026-07-21 14:51:00
O033397,U101,88,5,2026-07-21 14:59:00
O033408,U294,7,4,2026-07-21 15:10:00
O033415,U312,19,5,2026-07-21 15:27:00
O033417,U402,27,3,2026-07-21 15:32:00
O033407,U035,101,3,2026-07-21 15:37:00
O033412,U272,98,4,2026-07-21 16:06:00
O033420,U040,67,3,2026-07-21 16:19:00
O033423,U426,76,4,2026-07-21 16:37:00
O033412,U272,101,5,2026-07-21 16:50:00
O033430,U415,2,5,2026-07-21 17:21:00
O033422,U415,9,3,2026-07-21 17:23:00
O033431,U349,58,3,2026-07-21 17:52:00
O033416,U265,76,4,2026-07-21 17:56:00
O033417,U402,3,4,2026-07-21 18:04:00
O033438,U274,42,3,2026-07-21 18:29:00
O033424,U495,30,3,2026-07-21 18:49:00
O033441,U181,36,3,2026-07-21 18:51:00
O033432,U374,30,2,2026-07-21 19:12:00
O033446,U275,60,3,2026-07-21 19:32:00
O033432,U374,44,3,2026-07-21 19:50:00
O033450,U119,70,5,2026-07-21 19:50:00
O033438,U274,102,4,2026-07-21 20:06:00
O033444,U109,7,5,2026-07-21 20:27:00
O033443,U344,59,2,2026-07-21 21:08:00
O033455,U020,26,5,2026-07-21 21:26:00
O033458,U121,54,4,2026-07-21 21:28:00
O033451,U213,75,5,2026-07-21 21:53:00
O033458,U121,78,3,2026-07-21 22:15:00
O033461,U086,101,3,2026-07-22 07:54:00
O033460,U038,7,4,2026-07-22 08:19:00
O033462,U127,31,3,2026-07-22 08:35:00
O033477,U106,48,3,2026-07-22 08:42:00
O033479,U247,65,5,2026-07-22 08:53:00
O033461,U086,22,3,2026-07-22 09:03:00
O033482,U058,27,5,2026-07-22 09:12:00
O033491,U214,92,5,2026-07-22 09:34:00
O033481,U277,100,5,2026-07-22 10:37:00
O033503,U149,7,5,2026-07-22 10:46:00
O033496,U277,54,4,2026-07-22 10:54:00
O033493,U165,48,3,2026-07-22 11:44:00
O033495,U110,55,4,2026-07-22 12:04:00
O033506,U349,58,4,2026-07-22 12:11:00
O033499,U271,25,2,2026-07-22 12:20:00
O033505,U108,35,3,2026-07-22 12:28:00
O033515,U120,16,2,2026-07-22 12:56:00
O033509,U372,74,3,2026-07-22 13:01:00
O033524,U328,1,5,2026-07-22 13:47:00
O033524,U328,44,3,2026-07-22 13:52:00
O033511,U404,98,5,2026-07-22 14:05:00
O033522,U091,29,3,2026-07-22 14:10:00
O033519,U236,31,2,2026-07-22 14:24:00
O033530,U284,45,3,2026-07-22 14:47:00
O033535,U122,100,3,2026-07-22 14:49:00
O033523,U411,81,5,2026-07-22 14:57:00
O033538,U491,34,4,2026-07-22 15:32:00
O033528,U435,6,4,2026-07-22 15:32:00
O033540,U463,89,4,2026-07-22 15:49:00
O033536,U333,52,4,2026-07-22 17:00:00
O033555,U225,43,5,2026-07-22 17:04:00
O033556,U110,69,3,2026-07-22 17:13:00
O033559,U089,98,4,2026-07-22 17:16:00
O033544,U289,32,3,2026-07-22 17:17:00
O033546,U312,11,2,2026-07-22 18:27:00
O033561,U042,90,4,2026-07-22 18:37:00
O033556,U110,101,3,2026-07-22 18:46:00
O033550,U004,57,4,2026-07-22 19:06:00
O033560,U429,1,5,2026-07-22 19:13:00
O033569,U168,67,3,2026-07-22 19:28:00
O033570,U457,98,4,2026-07-22 20:02:00
O033565,U261,91,2,2026-07-22 20:36:00
O033566,U293,6,3,2026-07-22 20:42:00
O033567,U308,12,4,2026-07-22 20:59:00
O033575,U023,79,3,2026-07-22 21:10:00
O033573,U389,96,2,2026-07-22 21:19:00
O033582,U303,72,5,2026-07-22 23:00:00
O033580,U482,47,3,2026-07-22 23:35:00
O033586,U221,76,5,2026-07-23 07:41:00
O033588,U324,13,5,2026-07-23 07:45:00
O033587,U383,102,4,2026-07-23 08:03:00
O033585,U165,77,5,2026-07-23 08:43:00
O033595,U033,101,3,2026-07-23 09:11:00
O033595,U033,1,4,2026-07-23 09:23:00
O033604,U221,76,4,2026-07-23 09:44:00
O033593,U137,7,4,2026-07-23 10:24:00
O033617,U150,18,3,2026-07-23 10:28:00
O033600,U102,16,4,2026-07-23 10:30:00
O033607,U006,70,5,2026-07-23 10:37:00
O033602,U130,100,4,2026-07-23 10:39:00
O033605,U451,7,4,2026-07-23 10:39:00
O033607,U006,29,4,2026-07-23 10:46:00
O033598,U281,19,5,2026-07-23 10:47:00
O033608,U079,9,2,2026-07-23 11:14:00
O033605,U451,81,3,2026-07-23 11:22:00
O033612,U374,16,2,2026-07-23 11:28:00
O033622,U440,74,2,2026-07-23 12:03:00
O033633,U163,62,3,2026-07-23 13:03:00
O033627,U192,26,3,2026-07-23 13:16:00
O033628,U296,74,3,2026-07-23 13:18:00
O033624,U059,34,3,2026-07-23 13:25:00
O033635,U050,10,4,2026-07-23 13:49:00
O033628,U296,4,3,2026-07-23 14:01:00
O033626,U379,77,4,2026-07-23 14:13:00
O033638,U379,76,3,2026-07-23 14:44:00
O033634,U183,98,3,2026-07-23 14:55:00
O033632,U293,26,4,2026-07-23 15:08:00
O033657,U108,38,3,2026-07-23 15:31:00
O033646,U109,79,3,2026-07-23 16:03:00
O033647,U360,9,3,2026-07-23 16:16:00
O033654,U058,89,2,2026-07-23 16:26:00
O033658,U469,17,4,2026-07-23 16:27:00
O033649,U137,7,5,2026-07-23 16:29:00
O033659,U258,58,3,2026-07-23 16:37:00
O033646,U109,7,4,2026-07-23 16:42:00
O033666,U452,6,5,2026-07-23 17:23:00
O033663,U111,71,4,2026-07-23 17:35:00
O033676,U035,78,2,2026-07-23 17:47:00
O033667,U325,86,2,2026-07-23 17:48:00
O033670,U024,89,5,2026-07-23 17:51:00
O033685,U368,36,5,2026-07-23 18:28:00
O033684,U008,101,4,2026-07-23 18:56:00
O033680,U271,22,5,2026-07-23 18:56:00
O033677,U040,83,3,2026-07-23 19:32:00
O033685,U368,37,5,2026-07-23 19:47:00
O033689,U206,64,3,2026-07-23 20:00:00
O033691,U216,101,2,2026-07-23 20:07:00
O033693,U304,63,4,2026-07-23 20:23:00
O033687,U328,1,5,2026-07-23 20:42:00
O033691,U216,63,3,2026-07-23 21:10:00
O033700,U265,77,3,2026-07-23 22:13:00
O033696,U308,46,5,2026-07-23 22:21:00
O033697,U446,37,4,2026-07-23 23:03:00
O033698,U050,93,3,2026-07-23 23:43:00
O033701,U354,100,4,2026-07-23 23:58:00
O033719,U410,15,4,2026-07-24 08:40:00
O033718,U031,46,3,2026-07-24 08:43:00
O033715,U139,67,4,2026-07-24 09:06:00
O033710,U333,28,5,2026-07-24 09:14:00
O033704,U498,12,4,2026-07-24 09:36:00
O033722,U402,100,4,2026-07-24 09:53:00
O033735,U033,101,3,2026-07-24 09:56:00
O033737,U286,69,4,2026-07-24 09:58:00
O033728,U141,37,4,2026-07-24 09:58:00
O033705,U467,46,5,2026-07-24 10:00:00
O033717,U106,48,3,2026-07-24 10:04:00
O033719,U410,101,4,2026-07-24 10:18:00
O033743,U202,81,2,2026-07-24 10:21:00
O033724,U293,99,3,2026-07-24 10:22:00
O033723,U278,72,5,2026-07-24 10:50:00
O033736,U494,101,4,2026-07-24 10:55:00
O033743,U202,101,2,2026-07-24 11:16:00
O033732,U293,31,4,2026-07-24 11:19:00
O033737,U286,96,4,2026-07-24 11:21:00
O033747,U108,52,2,2026-07-24 11:41:00
O033748,U110,74,4,2026-07-24 12:05:00
O033748,U110,30,3,2026-07-24 12:06:00
O033745,U178,75,2,2026-07-24 12:45:00
O033759,U150,6,3,2026-07-24 12:49:00
O033750,U298,20,4,2026-07-24 12:49:00
O033745,U178,100,3,2026-07-24 13:02:00
O033760,U141,89,3,2026-07-24 13:20:00
O033757,U476,10,3,2026-07-24 13:24:00
O033749,U349,88,4,2026-07-24 13:27:00
O033752,U154,83,4,2026-07-24 13:38:00
O033761,U294,7,4,2026-07-24 14:12:00
O033755,U248,102,4,2026-07-24 14:38:00
O033755,U248,52,3,2026-07-24 14:51:00
O033769,U391,23,4,2026-07-24 14:57:00
O033764,U188,52,4,2026-07-24 15:00:00
O033777,U380,33,4,2026-07-24 15:05:00
O033774,U108,100,5,2026-07-24 15:18:00
O033765,U308,83,3,2026-07-24 15:19:00
O033768,U304,65,4,2026-07-24 15:21:00
O033778,U071,63,2,2026-07-24 15:44:00
O033762,U121,68,4,2026-07-24 15:48:00
O033785,U469,15,5,2026-07-24 15:59:00
O033792,U165,77,4,2026-07-24 16:01:00
O033770,U388,78,3,2026-07-24 16:08:00
O033792,U165,71,4,2026-07-24 16:48:00
O033779,U165,73,4,2026-07-24 17:09:00
O033804,U104,91,3,2026-07-24 17:27:00
O033801,U024,87,5,2026-07-24 17:48:00
O033808,U469,98,3,2026-07-24 17:52:00
O033807,U328,72,3,2026-07-24 18:18:00
O033811,U111,41,4,2026-07-24 19:27:00
O033819,U090,75,2,2026-07-24 22:00:00
O033820,U138,65,4,2026-07-24 22:03:00
O033822,U095,64,3,2026-07-25 00:33:00
O033829,U108,6,3,2026-07-25 09:09:00
O033825,U085,101,4,2026-07-25 09:12:00
O033829,U108,101,4,2026-07-25 09:28:00
O033838,U322,84,3,2026-07-25 09:42:00
O033831,U127,8,3,2026-07-25 09:49:00
O033842,U058,102,4,2026-07-25 10:16:00
O033837,U121,71,2,2026-07-25 10:17:00
O033844,U302,2,4,2026-07-25 10:49:00
O033846,U275,22,4,2026-07-25 10:53:00
O033832,U132,2,5,2026-07-25 11:01:00
O033843,U417,71,4,2026-07-25 11:24:00
O033836,U238,7,4,2026-07-25 11:35:00
O033833,U127,33,3,2026-07-25 11:37:00
O033837,U121,101,3,2026-07-25 11:51:00
O033841,U413,29,4,2026-07-25 12:21:00
O033851,U326,58,4,2026-07-25 12:53:00
O033850,U303,100,4,2026-07-25 13:02:00
O033850,U303,76,4,2026-07-25 13:17:00
O033850,U303,36,4,2026-07-25 13:50:00
O033852,U194,66,1,2026-07-25 13:57:00
O033858,U344,88,3,2026-07-25 14:19:00
O033863,U401,64,4,2026-07-25 15:29:00
O033863,U401,84,3,2026-07-25 15:40:00
O033861,U039,17,3,2026-07-25 15:42:00
O033865,U390,21,3,2026-07-25 16:10:00
O033866,U284,22,5,2026-07-25 16:51:00
O033872,U186,51,4,2026-07-25 16:51:00
O033891,U003,90,3,2026-07-25 17:01:00
O033877,U323,7,5,2026-07-25 17:13:00
O033866,U284,54,3,2026-07-25 17:23:00
O033871,U401,93,3,2026-07-25 17:27:00
O033896,U141,88,4,2026-07-25 18:00:00
O033875,U435,15,3,2026-07-25 18:00:00
O033892,U315,64,2,2026-07-25 18:06:00
O033886,U206,92,2,2026-07-25 18:08:00
O033896,U141,83,5,2026-07-25 18:12:00
O033904,U333,59,4,2026-07-25 18:12:00
O033893,U139,101,5,2026-07-25 18:16:00
O033909,U178,27,4,2026-07-25 18:19:00
O033902,U095,91,4,2026-07-25 18:19:00
O033912,U049,84,3,2026-07-25 18:28:00
O033903,U384,96,2,2026-07-25 18:31:00
O033880,U071,70,3,2026-07-25 18:34:00
O033882,U233,33,4,2026-07-25 18:45:00
O033909,U178,30,4,2026-07-25 18:48:00
O033900,U213,76,5,2026-07-25 19:27:00
O033911,U392,41,4,2026-07-25 20:03:00
O033897,U447,10,5,2026-07-25 20:06:00
O033923,U267,67,2,2026-07-25 20:39:00
O033929,U194,98,3,2026-07-25 21:03:00
O033919,U292,59,3,2026-07-25 21:06:00
O033932,U091,76,5,2026-07-25 21:31:00
O033916,U459,65,4,2026-07-25 21:38:00
O033929,U194,94,3,2026-07-25 22:02:00
O033933,U453,77,3,2026-07-25 22:02:00
O033934,U411,63,3,2026-07-25 22:46:00
O033925,U110,91,3,2026-07-25 23:02:00
O033933,U453,56,3,2026-07-25 23:22:00
O033930,U474,65,5,2026-07-25 23:23:00
O033932,U091,102,5,2026-07-25 23:49:00
O033937,U055,57,2,2026-07-26 07:24:00
O033938,U086,101,3,2026-07-26 08:04:00
O033940,U219,102,4,2026-07-26 08:41:00
O033936,U055,101,4,2026-07-26 08:43:00
O033936,U055,35,3,2026-07-26 08:52:00
O033941,U165,101,3,2026-07-26 09:12:00
O033940,U219,36,4,2026-07-26 09:26:00
O033950,U016,35,3,2026-07-26 10:10:00
O033941,U165,77,5,2026-07-26 11:19:00
O033956,U187,101,4,2026-07-26 11:23:00
O033961,U072,8,3,2026-07-26 11:38:00
O033960,U404,77,2,2026-07-26 11:46:00
O033948,U293,35,4,2026-07-26 11:51:00
O033959,U404,7,4,2026-07-26 11:53:00
O033966,U150,69,4,2026-07-26 11:57:00
O033944,U202,63,4,2026-07-26 11:59:00
O033971,U467,52,4,2026-07-26 12:00:00
O033970,U236,101,3,2026-07-26 12:02:00
O033954,U230,81,5,2026-07-26 12:10:00
O033967,U119,41,3,2026-07-26 12:13:00
O033962,U467,85,3,2026-07-26 12:17:00
O033950,U016,42,4,2026-07-26 12:21:00
O033952,U089,101,5,2026-07-26 12:41:00
O033968,U379,74,4,2026-07-26 12:47:00
O033973,U400,100,4,2026-07-26 13:18:00
O033960,U404,40,2,2026-07-26 13:22:00
O033975,U378,63,4,2026-07-26 13:46:00
O033976,U367,51,3,2026-07-26 14:00:00
O033980,U135,52,3,2026-07-26 14:16:00
O033969,U408,3,4,2026-07-26 14:21:00
O033972,U142,4,4,2026-07-26 14:23:00
O033979,U446,48,4,2026-07-26 14:27:00
O033985,U289,75,3,2026-07-26 14:51:00
O033983,U497,7,3,2026-07-26 15:43:00
O033998,U072,11,3,2026-07-26 16:02:00
O033994,U093,5,4,2026-07-26 16:15:00
O033994,U093,47,4,2026-07-26 16:31:00
O033985,U289,32,3,2026-07-26 16:45:00
O033988,U441,8,5,2026-07-26 16:59:00
O033985,U289,15,4,2026-07-26 17:19:00
O034001,U197,5,4,2026-07-26 17:31:00
O033991,U436,30,3,2026-07-26 17:42:00
O034015,U445,51,3,2026-07-26 18:00:00
O033994,U093,102,4,2026-07-26 18:17:00
O034016,U248,49,5,2026-07-26 18:47:00
O034003,U132,101,5,2026-07-26 18:53:00
O034006,U490,57,4,2026-07-26 19:06:00
O034024,U138,35,3,2026-07-26 19:29:00
O034027,U265,75,5,2026-07-26 19:43:00
O034023,U121,100,3,2026-07-26 20:10:00
O034021,U242,101,5,2026-07-26 20:29:00
O034017,U434,40,4,2026-07-26 20:29:00
O034030,U304,4,4,2026-07-26 20:29:00
O034028,U443,102,4,2026-07-26 20:30:00
O034022,U121,71,3,2026-07-26 21:32:00
O034028,U443,79,4,2026-07-26 21:49:00
O034030,U304,61,4,2026-07-26 22:17:00
O034033,U347,6,3,2026-07-26 23:14:00
O034045,U252,46,3,2026-07-27 07:48:00
O034036,U428,5,4,2026-07-27 08:26:00
O034051,U163,102,4,2026-07-27 09:00:00
O034060,U035,39,4,2026-07-27 09:13:00
O034053,U366,98,4,2026-07-27 09:26:00
O034057,U469,6,4,2026-07-27 09:31:00
O034046,U164,6,5,2026-07-27 09:37:00
O034041,U108,4,2,2026-07-27 09:40:00
O034061,U206,92,2,2026-07-27 10:02:00
O034053,U366,40,5,2026-07-27 10:03:00
O034054,U374,100,4,2026-07-27 10:08:00
O034054,U374,30,2,2026-07-27 10:15:00
O034042,U229,63,3,2026-07-27 10:17:00
O034059,U344,81,3,2026-07-27 10:22:00
O034058,U046,49,5,2026-07-27 10:25:00
O034071,U184,54,3,2026-07-27 10:34:00
O034064,U293,27,4,2026-07-27 10:37:00
O034047,U479,1,5,2026-07-27 10:44:00
O034076,U479,5,5,2026-07-27 10:48:00
O034077,U248,48,4,2026-07-27 12:04:00
O034078,U275,100,3,2026-07-27 12:05:00
O034087,U186,85,5,2026-07-27 13:05:00
O034085,U333,28,5,2026-07-27 13:38:00
O034087,U186,51,4,2026-07-27 13:42:00
O034083,U343,100,3,2026-07-27 13:50:00
O034087,U186,5,3,2026-07-27 13:55:00
O034089,U139,72,4,2026-07-27 14:31:00
O034094,U058,27,5,2026-07-27 14:43:00
O034080,U101,52,4,2026-07-27 14:48:00
O034084,U321,83,5,2026-07-27 14:53:00
O034091,U071,101,4,2026-07-27 15:44:00
O034092,U068,34,3,2026-07-27 15:46:00
O034107,U265,37,4,2026-07-27 15:51:00
O034095,U443,71,3,2026-07-27 16:18:00
O034106,U389,102,3,2026-07-27 16:33:00
O034113,U165,73,4,2026-07-27 16:34:00
O034101,U398,86,4,2026-07-27 16:44:00
O034116,U148,7,3,2026-07-27 17:00:00
O034092,U068,100,5,2026-07-27 17:08:00
O034117,U137,7,4,2026-07-27 17:35:00
O034132,U192,98,4,2026-07-27 17:37:00
O034115,U382,80,3,2026-07-27 17:46:00
O034103,U464,66,3,2026-07-27 17:51:00
O034137,U031,27,3,2026-07-27 17:54:00
O034105,U372,68,5,2026-07-27 17:55:00
O034103,U464,78,2,2026-07-27 17:58:00
O034112,U220,50,3,2026-07-27 18:01:00
O034104,U040,84,4,2026-07-27 18:08:00
O034123,U106,102,3,2026-07-27 18:12:00
O034122,U328,50,2,2026-07-27 18:19:00
O034130,U130,48,2,2026-07-27 19:01:00
O034136,U086,89,2,2026-07-27 19:03:00
O034143,U078,51,3,2026-07-27 19:05:00
O034140,U150,94,2,2026-07-27 19:07:00
O034134,U356,47,2,2026-07-27 19:09:00
O034137,U031,46,4,2026-07-27 19:11:00
O034132,U192,15,4,2026-07-27 19:13:00
O034131,U463,61,2,2026-07-27 19:19:00
O034146,U265,73,2,2026-07-27 19:56:00
O034148,U091,41,4,2026-07-27 20:42:00
O034142,U490,100,3,2026-07-27 21:17:00
O034144,U173,22,4,2026-07-27 21:28:00
O034155,U212,46,4,2026-07-27 21:59:00
O034157,U285,26,3,2026-07-27 23:54:00
O034158,U165,37,4,2026-07-28 07:14:00
O034160,U326,101,4,2026-07-28 08:17:00
O034162,U485,61,5,2026-07-28 08:19:00
O034163,U391,94,4,2026-07-28 09:10:00
O034167,U127,1,5,2026-07-28 09:25:00
O034161,U197,6,5,2026-07-28 09:26:00
O034169,U238,9,4,2026-07-28 09:51:00
O034191,U494,15,5,2026-07-28 09:54:00
O034180,U404,6,3,2026-07-28 09:54:00
O034181,U033,1,4,2026-07-28 10:05:00
O034182,U322,48,5,2026-07-28 10:22:00
O034194,U086,98,3,2026-07-28 10:36:00
O034179,U297,14,5,2026-07-28 10:40:00
O034170,U068,78,5,2026-07-28 10:41:00
O034184,U104,32,2,2026-07-28 10:56:00
O034189,U024,85,3,2026-07-28 11:00:00
O034187,U374,38,5,2026-07-28 11:37:00
O034185,U465,30,5,2026-07-28 12:01:00
O034196,U478,93,3,2026-07-28 12:22:00
O034202,U265,73,4,2026-07-28 12:28:00
O034192,U086,22,3,2026-07-28 12:38:00
O034197,U363,95,5,2026-07-28 12:44:00
O034208,U383,71,3,2026-07-28 13:09:00
O034215,U224,47,3,2026-07-28 13:43:00
O034200,U456,75,4,2026-07-28 13:59:00
O034217,U312,24,4,2026-07-28 14:15:00
O034221,U135,69,5,2026-07-28 14:16:00
O034203,U168,82,5,2026-07-28 14:23:00
O034206,U356,96,3,2026-07-28 15:01:00
O034218,U055,4,4,2026-07-28 15:14:00
O034212,U082,86,5,2026-07-28 15:45:00
O034232,U109,7,4,2026-07-28 15:46:00
O034231,U271,23,4,2026-07-28 15:52:00
O034210,U003,56,3,2026-07-28 16:01:00
O034214,U274,33,3,2026-07-28 16:07:00
O034236,U139,67,5,2026-07-28 16:15:00
O034247,U219,100,3,2026-07-28 16:37:00
O034233,U072,8,3,2026-07-28 16:46:00
O034222,U421,37,5,2026-07-28 16:48:00
O034254,U001,16,5,2026-07-28 16:58:00
O034227,U101,73,2,2026-07-28 17:34:00
O034256,U082,88,3,2026-07-28 17:36:00
O034239,U083,90,2,2026-07-28 17:41:00
O034245,U471,55,5,2026-07-28 17:51:00
O034246,U322,84,3,2026-07-28 17:53:00
O034240,U058,28,4,2026-07-28 17:56:00
O034261,U344,36,2,2026-07-28 17:57:00
O034244,U183,78,3,2026-07-28 18:10:00
O034235,U326,26,1,2026-07-28 18:11:00
O034262,U389,28,3,2026-07-28 18:35:00
O034258,U294,1,4,2026-07-28 18:40:00
O034252,U230,26,4,2026-07-28 18:41:00
O034266,U349,11,3,2026-07-28 18:58:00
O034243,U058,59,2,2026-07-28 19:04:00
O034259,U451,35,3,2026-07-28 19:11:00
O034251,U319,40,3,2026-07-28 19:13:00
O034271,U198,98,4,2026-07-28 19:44:00
O034275,U050,95,3,2026-07-28 19:49:00
O034264,U470,85,3,2026-07-28 19:52:00
O034277,U012,57,4,2026-07-28 20:04:00
O034267,U089,82,4,2026-07-28 20:25:00
O034268,U360,34,4,2026-07-28 20:27:00
O034282,U446,43,4,2026-07-28 20:51:00
O034279,U057,79,4,2026-07-28 20:55:00
O034273,U367,66,5,2026-07-28 20:59:00
O034268,U360,6,5,2026-07-28 21:13:00
O034284,U227,102,4,2026-07-28 21:47:00
O034281,U426,36,4,2026-07-28 23:14:00
O034295,U083,5,5,2026-07-29 08:37:00
O034295,U083,101,3,2026-07-29 08:43:00
O034292,U244,93,4,2026-07-29 08:59:00
O034288,U086,101,3,2026-07-29 09:21:00
O034301,U132,101,4,2026-07-29 09:21:00
O034306,U376,37,3,2026-07-29 09:48:00
O034290,U391,86,3,2026-07-29 10:05:00
O034304,U058,29,4,2026-07-29 10:18:00
O034316,U297,18,5,2026-07-29 10:42:00
O034303,U333,100,5,2026-07-29 10:48:00
O034299,U458,32,3,2026-07-29 10:55:00
O034319,U438,93,3,2026-07-29 11:02:00
O034301,U132,2,5,2026-07-29 11:08:00
O034308,U174,39,4,2026-07-29 11:16:00
O034319,U438,83,4,2026-07-29 11:31:00
O034313,U312,86,4,2026-07-29 11:33:00
O034314,U198,102,4,2026-07-29 12:28:00
O034325,U344,83,3,2026-07-29 13:32:00
O034325,U344,85,4,2026-07-29 13:37:00
O034339,U121,15,5,2026-07-29 14:10:00
O034328,U451,44,3,2026-07-29 14:21:00
O034332,U293,80,2,2026-07-29 14:42:00
O034352,U153,8,3,2026-07-29 15:15:00
O034357,U106,58,2,2026-07-29 15:24:00
O034342,U153,7,5,2026-07-29 15:50:00
O034347,U080,100,3,2026-07-29 15:52:00
O034354,U299,5,4,2026-07-29 15:57:00
O034349,U099,18,3,2026-07-29 16:22:00
O034367,U404,7,5,2026-07-29 16:22:00
O034352,U153,100,5,2026-07-29 16:26:00
O034339,U121,56,3,2026-07-29 16:31:00
O034339,U121,100,4,2026-07-29 16:34:00
O034378,U281,19,5,2026-07-29 16:41:00
O034343,U150,66,2,2026-07-29 16:43:00
O034348,U250,63,4,2026-07-29 17:01:00
O034366,U257,49,3,2026-07-29 17:17:00
O034375,U324,72,3,2026-07-29 17:37:00
O034369,U058,35,2,2026-07-29 17:42:00
O034372,U422,44,2,2026-07-29 17:45:00
O034390,U057,42,4,2026-07-29 18:19:00
O034371,U373,13,5,2026-07-29 18:19:00
O034368,U068,74,4,2026-07-29 18:23:00
O034384,U226,46,4,2026-07-29 18:27:00
O034385,U057,56,2,2026-07-29 18:27:00
O034399,U315,14,4,2026-07-29 18:37:00
O034391,U252,23,2,2026-07-29 18:43:00
O034398,U363,8,5,2026-07-29 19:18:00
O034379,U372,68,4,2026-07-29 19:25:00
O034392,U127,5,2,2026-07-29 19:40:00
O034405,U343,74,1,2026-07-29 19:44:00
O034407,U322,56,3,2026-07-29 19:45:00
O034395,U494,15,5,2026-07-29 19:45:00
O034388,U215,4,3,2026-07-29 19:59:00
O034386,U383,71,3,2026-07-29 20:05:00
O034403,U216,102,3,2026-07-29 20:06:00
O034402,U111,81,3,2026-07-29 20:21:00
O034392,U127,75,2,2026-07-29 20:28:00
O034397,U275,12,4,2026-07-29 20:34:00
O034403,U216,63,3,2026-07-29 20:38:00
O034395,U494,73,2,2026-07-29 20:41:00
O034407,U322,49,3,2026-07-29 20:46:00
O034418,U336,72,4,2026-07-29 22:00:00
O034409,U421,37,4,2026-07-29 22:25:00
O034419,U289,101,4,2026-07-29 22:55:00
O034417,U067,100,3,2026-07-29 22:56:00
O034414,U257,55,2,2026-07-29 23:40:00
O034416,U447,19,5,2026-07-29 23:54:00
O034431,U081,13,4,2026-07-30 08:04:00
O034423,U305,101,5,2026-07-30 08:33:00
O034426,U068,75,5,2026-07-30 08:34:00
O034434,U154,99,4,2026-07-30 08:40:00
O034424,U419,73,3,2026-07-30 08:41:00
O034420,U449,62,4,2026-07-30 08:45:00
O034435,U035,101,3,2026-07-30 08:51:00
O034435,U035,98,3,2026-07-30 09:11:00
O034448,U366,93,3,2026-07-30 09:12:00
O034421,U071,85,5,2026-07-30 09:21:00
O034434,U154,83,4,2026-07-30 09:25:00
O034450,U396,6,3,2026-07-30 09:33:00
O034433,U140,63,4,2026-07-30 09:52:00
O034452,U284,73,3,2026-07-30 09:59:00
O034449,U374,100,3,2026-07-30 10:04:00
O034438,U388,1,5,2026-07-30 10:10:00
O034433,U140,54,3,2026-07-30 10:11:00
O034454,U225,27,3,2026-07-30 10:15:00
O034435,U035,41,5,2026-07-30 10:23:00
O034448,U366,39,5,2026-07-30 10:32:00
O034455,U023,51,3,2026-07-30 12:38:00
O034470,U184,66,5,2026-07-30 13:41:00
O034464,U447,19,5,2026-07-30 13:53:00
O034470,U184,101,4,2026-07-30 13:55:00
O034466,U402,3,5,2026-07-30 14:04:00
O034477,U374,100,3,2026-07-30 14:28:00
O034484,U447,8,3,2026-07-30 14:36:00
O034476,U186,90,4,2026-07-30 14:38:00
O034473,U311,101,3,2026-07-30 15:05:00
O034472,U138,72,4,2026-07-30 15:05:00
O034468,U483,85,5,2026-07-30 15:24:00
O034475,U326,70,3,2026-07-30 15:34:00
O034475,U326,58,3,2026-07-30 15:46:00
O034480,U182,9,3,2026-07-30 15:51:00
O034474,U455,56,3,2026-07-30 16:02:00
O034482,U391,70,2,2026-07-30 16:23:00
O034499,U399,65,3,2026-07-30 16:23:00
O034489,U160,41,5,2026-07-30 16:41:00
O034490,U463,74,4,2026-07-30 16:42:00
O034487,U140,7,4,2026-07-30 16:46:00
O034515,U459,57,3,2026-07-30 17:07:00
O034508,U157,19,4,2026-07-30 17:12:00
O034513,U225,102,4,2026-07-30 17:24:00
O034513,U225,98,4,2026-07-30 17:28:00
O034512,U035,39,4,2026-07-30 17:35:00
O034499,U399,15,3,2026-07-30 17:48:00
O034501,U196,88,4,2026-07-30 18:00:00
O034493,U292,64,3,2026-07-30 18:00:00
O034511,U471,71,5,2026-07-30 18:10:00
O034526,U464,2,4,2026-07-30 18:15:00
O034524,U236,44,3,2026-07-30 18:17:00
O034522,U184,7,5,2026-07-30 18:28:00
O034522,U184,54,3,2026-07-30 18:42:00
O034519,U233,79,4,2026-07-30 18:43:00
O034503,U206,64,3,2026-07-30 18:47:00
O034534,U382,2,5,2026-07-30 18:48:00
O034527,U137,2,4,2026-07-30 19:03:00
O034532,U385,4,4,2026-07-30 19:14:00
O034530,U095,6,3,2026-07-30 19:20:00
O034528,U344,85,3,2026-07-30 19:21:00
O034529,U318,7,3,2026-07-30 19:34:00
O034527,U137,102,4,2026-07-30 19:46:00
O034531,U077,64,3,2026-07-30 19:47:00
O034524,U236,22,4,2026-07-30 19:53:00
O034518,U478,77,3,2026-07-30 20:02:00
O034533,U455,98,5,2026-07-30 20:26:00
O034540,U392,41,4,2026-07-30 20:53:00
O034539,U372,48,2,2026-07-30 21:34:00
O034546,U440,100,5,2026-07-30 22:11:00
O034547,U219,42,5,2026-07-31 06:54:00
O034548,U238,101,3,2026-07-31 08:22:00
O034569,U083,99,4,2026-07-31 09:13:00
O034565,U086,19,4,2026-07-31 09:14:00
O034554,U299,59,2,2026-07-31 09:25:00
O034559,U305,33,3,2026-07-31 09:25:00
O034550,U273,5,4,2026-07-31 09:34:00
O034580,U271,69,3,2026-07-31 09:45:00
O034583,U202,69,2,2026-07-31 09:51:00
O034556,U108,102,2,2026-07-31 09:51:00
O034564,U008,100,5,2026-07-31 09:58:00
O034557,U089,5,4,2026-07-31 10:14:00
O034567,U455,99,4,2026-07-31 10:14:00
O034572,U491,34,5,2026-07-31 10:14:00
O034569,U083,76,2,2026-07-31 10:18:00
O034556,U108,29,4,2026-07-31 10:26:00
O034591,U459,67,3,2026-07-31 10:30:00
O034563,U166,30,3,2026-07-31 10:34:00
O034575,U278,89,4,2026-07-31 10:36:00
O034584,U326,67,2,2026-07-31 10:38:00
O034567,U455,101,3,2026-07-31 10:43:00
O034569,U083,7,5,2026-07-31 10:53:00
O034578,U055,8,4,2026-07-31 11:08:00
O034565,U086,22,5,2026-07-31 11:31:00
O034576,U006,83,5,2026-07-31 11:34:00
O034569,U083,2,5,2026-07-31 11:43:00
O034598,U340,51,4,2026-07-31 12:11:00
O034589,U101,84,5,2026-07-31 12:13:00
O034581,U110,66,5,2026-07-31 12:14:00
O034604,U356,101,4,2026-07-31 13:18:00
O034606,U249,43,4,2026-07-31 14:39:00
O034599,U068,37,5,2026-07-31 14:41:00
O034614,U212,13,4,2026-07-31 15:01:00
O034611,U373,98,3,2026-07-31 15:19:00
O034604,U356,18,5,2026-07-31 15:41:00
O034625,U138,55,3,2026-07-31 15:46:00
O034621,U213,77,3,2026-07-31 16:27:00
O034635,U331,15,2,2026-07-31 16:30:00
O034623,U139,9,4,2026-07-31 16:31:00
O034632,U326,90,3,2026-07-31 16:45:00
O034613,U212,62,3,2026-07-31 17:00:00
O034630,U110,102,3,2026-07-31 17:00:00
O034618,U413,97,3,2026-07-31 17:13:00
O034632,U326,63,3,2026-07-31 17:16:00
O034625,U138,52,2,2026-07-31 17:19:00
O034645,U165,37,3,2026-07-31 17:28:00
O034644,U244,17,4,2026-07-31 17:31:00
O034646,U094,28,2,2026-07-31 17:41:00
O034626,U154,47,2,2026-07-31 17:47:00
O034636,U192,99,4,2026-07-31 18:00:00
O034631,U496,47,3,2026-07-31 18:15:00
O034655,U333,80,3,2026-07-31 18:55:00
O034649,U031,85,4,2026-07-31 18:59:00
O034642,U413,39,5,2026-07-31 19:02:00
O034656,U169,34,4,2026-07-31 19:05:00
O034645,U165,3,3,2026-07-31 19:34:00
O034654,U139,100,5,2026-07-31 20:40:00
O034660,U265,73,2,2026-07-31 20:51:00
O034663,U189,94,4,2026-07-31 21:20:00
O034658,U036,2,3,2026-07-31 21:37:00
O034662,U230,50,5,2026-07-31 22:09:00
O034673,U221,11,4,2026-08-01 08:38:00
O034673,U221,101,4,2026-08-01 08:52:00
O034674,U479,7,4,2026-08-01 09:07:00
O034672,U086,22,3,2026-08-01 10:00:00
O034674,U479,45,3,2026-08-01 10:34:00
O034693,U380,50,4,2026-08-01 11:12:00
O034698,U220,50,4,2026-08-01 12:41:00
O034694,U343,101,2,2026-08-01 13:04:00
O034696,U299,89,3,2026-08-01 13:04:00
O034701,U003,26,4,2026-08-01 13:18:00
O034700,U028,51,2,2026-08-01 14:31:00
O034714,U128,90,5,2026-08-01 16:18:00
O034714,U128,102,3,2026-08-01 16:35:00
O034704,U166,30,4,2026-08-01 16:56:00
O034705,U292,71,3,2026-08-01 17:03:00
O034725,U418,68,5,2026-08-01 17:08:00
O034719,U359,100,3,2026-08-01 17:27:00
O034707,U331,93,4,2026-08-01 17:35:00
O034708,U157,89,3,2026-08-01 17:45:00
O034729,U275,77,3,2026-08-01 17:49:00
O034712,U134,33,1,2026-08-01 18:03:00
O034719,U359,91,5,2026-08-01 18:16:00
O034713,U377,43,3,2026-08-01 18:32:00
O034728,U213,76,5,2026-08-01 19:00:00
O034732,U469,17,4,2026-08-01 19:07:00
O034728,U213,37,5,2026-08-01 19:27:00
O034727,U299,7,4,2026-08-01 19:35:00
O034750,U328,66,3,2026-08-01 19:41:00
O034736,U328,1,4,2026-08-01 20:04:00
O034734,U227,37,5,2026-08-01 20:16:00
O034753,U456,68,3,2026-08-01 20:16:00
O034749,U482,47,3,2026-08-01 20:24:00
O034735,U127,6,4,2026-08-01 20:26:00
O034742,U275,60,3,2026-08-01 20:57:00
O034747,U128,89,3,2026-08-01 20:59:00
O034758,U178,101,3,2026-08-01 21:16:00
O034745,U020,96,2,2026-08-01 21:17:00
O034746,U074,63,5,2026-08-01 21:19:00
O034742,U275,100,4,2026-08-01 21:19:00
O034751,U242,41,4,2026-08-01 21:25:00
O034749,U482,26,3,2026-08-01 21:32:00
O034743,U455,23,3,2026-08-01 21:32:00
O034760,U169,26,5,2026-08-01 21:44:00
O034753,U456,101,4,2026-08-01 22:01:00
O034762,U184,66,5,2026-08-01 22:34:00
O034753,U456,19,3,2026-08-01 22:38:00
O034758,U178,5,3,2026-08-01 23:22:00
O034759,U435,46,4,2026-08-01 23:30:00
O034755,U089,73,4,2026-08-01 23:42:00
O034769,U226,50,3,2026-08-02 08:21:00
O034766,U388,101,4,2026-08-02 08:34:00
O034782,U019,39,5,2026-08-02 10:40:00
O034790,U057,80,3,2026-08-02 10:53:00
O034777,U083,98,5,2026-08-02 10:57:00
O034776,U319,101,4,2026-08-02 10:59:00
O034787,U163,7,4,2026-08-02 11:30:00
O034801,U178,49,3,2026-08-02 11:41:00
O034770,U086,12,2,2026-08-02 11:51:00
O034778,U334,11,3,2026-08-02 12:06:00
O034777,U083,13,2,2026-08-02 12:08:00
O034783,U268,86,3,2026-08-02 12:11:00
O034805,U095,54,4,2026-08-02 12:11:00
O034775,U486,24,3,2026-08-02 12:13:00
O034807,U259,69,3,2026-08-02 12:24:00
O034779,U416,53,5,2026-08-02 12:30:00
O034802,U378,37,2,2026-08-02 12:36:00
O034792,U411,100,5,2026-08-02 12:42:00
O034796,U491,38,4,2026-08-02 12:58:00
O034810,U003,30,4,2026-08-02 13:12:00
O034795,U019,39,5,2026-08-02 13:30:00
O034809,U433,84,3,2026-08-02 13:49:00
O034799,U471,102,5,2026-08-02 14:00:00
O034816,U354,55,4,2026-08-02 14:59:00
O034810,U003,100,4,2026-08-02 15:07:00
O034834,U072,11,4,2026-08-02 16:09:00
O034813,U208,21,5,2026-08-02 16:11:00
O034825,U379,80,4,2026-08-02 16:27:00
O034815,U259,39,4,2026-08-02 16:27:00
O034830,U083,27,2,2026-08-02 16:34:00
O034817,U288,29,3,2026-08-02 16:44:00
O034840,U273,101,3,2026-08-02 17:14:00
O034839,U101,89,5,2026-08-02 17:17:00
O034839,U101,83,4,2026-08-02 17:26:00
O034826,U390,15,5,2026-08-02 17:32:00
O034832,U238,7,4,2026-08-02 17:37:00
O034827,U165,77,5,2026-08-02 17:49:00
O034824,U058,27,4,2026-08-02 18:05:00
O034831,U116,100,4,2026-08-02 18:10:00
O034844,U478,77,4,2026-08-02 18:31:00
O034841,U214,92,4,2026-08-02 18:55:00
O034842,U197,6,5,2026-08-02 18:58:00
O034845,U059,100,4,2026-08-02 19:42:00
O034851,U020,35,5,2026-08-02 19:55:00
O034857,U459,65,5,2026-08-02 20:48:00
O034856,U077,64,3,2026-08-02 20:55:00
O034864,U265,100,3,2026-08-02 21:07:00
O034860,U434,95,5,2026-08-02 21:23:00
O034859,U344,86,2,2026-08-02 21:54:00
O034863,U214,93,3,2026-08-02 21:55:00
O034864,U265,54,3,2026-08-02 22:52:00
O034871,U138,68,4,2026-08-03 00:14:00
O034869,U070,78,4,2026-08-03 00:22:00
O034871,U138,101,3,2026-08-03 00:42:00
O034880,U369,7,4,2026-08-03 07:48:00
O034877,U275,101,4,2026-08-03 08:05:00
O034877,U275,98,3,2026-08-03 08:06:00
O034876,U271,15,5,2026-08-03 09:09:00
O034884,U383,71,3,2026-08-03 09:14:00
O034887,U058,27,5,2026-08-03 09:24:00
O034882,U296,100,3,2026-08-03 09:31:00
O034892,U110,75,4,2026-08-03 09:38:00
O034883,U139,63,5,2026-08-03 09:52:00
O034900,U110,80,3,2026-08-03 09:57:00
O034918,U468,27,2,2026-08-03 10:09:00
O034907,U252,101,4,2026-08-03 10:23:00
O034907,U252,20,2,2026-08-03 10:25:00
O034889,U008,23,5,2026-08-03 10:31:00
O034913,U184,11,4,2026-08-03 10:35:00
O034899,U382,5,4,2026-08-03 10:50:00
O034888,U463,83,5,2026-08-03 10:52:00
O034916,U407,19,5,2026-08-03 11:02:00
O034906,U422,94,2,2026-08-03 11:03:00
O034898,U455,18,4,2026-08-03 11:05:00
O034912,U036,22,3,2026-08-03 11:07:00
O034912,U036,7,5,2026-08-03 11:22:00
O034921,U464,28,4,2026-08-03 11:48:00
O034910,U036,100,4,2026-08-03 12:10:00
O034928,U197,5,5,2026-08-03 12:10:00
O034908,U382,100,5,2026-08-03 12:10:00
O034917,U477,101,4,2026-08-03 12:15:00
O034926,U072,101,3,2026-08-03 12:33:00
O034929,U455,14,3,2026-08-03 13:45:00
O034923,U344,29,4,2026-08-03 13:52:00
O034933,U494,32,3,2026-08-03 14:05:00
O034940,U413,50,2,2026-08-03 14:23:00
O034944,U338,24,4,2026-08-03 14:25:00
O034934,U375,15,4,2026-08-03 14:29:00
O034949,U106,48,3,2026-08-03 14:59:00
O034943,U050,39,5,2026-08-03 15:34:00
O034962,U023,39,3,2026-08-03 15:49:00
O034962,U023,30,4,2026-08-03 15:58:00
O034963,U452,6,5,2026-08-03 16:14:00
O034942,U123,29,3,2026-08-03 16:15:00
O034966,U072,8,4,2026-08-03 16:18:00
O034944,U338,101,3,2026-08-03 16:22:00
O034961,U276,2,3,2026-08-03 16:25:00
O034946,U409,14,2,2026-08-03 16:45:00
O034961,U276,31,4,2026-08-03 16:55:00
O034957,U024,100,3,2026-08-03 17:05:00
O034952,U141,33,2,2026-08-03 17:07:00
O034962,U023,32,3,2026-08-03 17:27:00
O034983,U454,92,4,2026-08-03 17:30:00
O034955,U178,100,3,2026-08-03 17:32:00
O034979,U418,2,5,2026-08-03 17:38:00
O034976,U192,101,4,2026-08-03 17:49:00
O034986,U042,90,2,2026-08-03 17:50:00
O034959,U142,73,4,2026-08-03 18:01:00
O034979,U418,17,2,2026-08-03 18:15:00
O034969,U164,10,4,2026-08-03 18:33:00
O034985,U248,39,2,2026-08-03 19:02:00
O034984,U495,30,3,2026-08-03 19:34:00
O034981,U101,22,3,2026-08-03 20:00:00
O034991,U158,74,5,2026-08-03 20:41:00
O034997,U028,82,4,2026-08-03 20:50:00
O034989,U141,84,4,2026-08-03 21:08:00
O034996,U148,7,4,2026-08-03 21:20:00
O034998,U265,36,3,2026-08-03 21:52:00
O034998,U265,102,2,2026-08-03 22:15:00
O034999,U379,54,4,2026-08-03 22:31:00
O035013,U238,6,5,2026-08-04 08:21:00
O035009,U326,63,5,2026-08-04 08:35:00
O035016,U469,15,5,2026-08-04 08:55:00
O035014,U139,11,3,2026-08-04 09:07:00
O035014,U139,8,4,2026-08-04 09:10:00
O035008,U458,102,4,2026-08-04 09:18:00
O035017,U433,68,3,2026-08-04 09:30:00
O035023,U141,83,5,2026-08-04 09:37:00
O035026,U219,42,4,2026-08-04 09:49:00
O035017,U433,15,4,2026-08-04 10:07:00
O035033,U242,87,3,2026-08-04 10:22:00
O035025,U072,7,3,2026-08-04 10:25:00
O035024,U386,2,5,2026-08-04 10:32:00
O035024,U386,99,3,2026-08-04 10:53:00
O035035,U086,15,3,2026-08-04 11:03:00
O035025,U072,8,4,2026-08-04 11:19:00
O035041,U402,100,3,2026-08-04 11:26:00
O035039,U289,102,4,2026-08-04 11:30:00
O035044,U097,77,5,2026-08-04 11:41:00
O035030,U286,42,4,2026-08-04 12:11:00
O035040,U360,8,5,2026-08-04 12:20:00
O035046,U328,77,3,2026-08-04 12:24:00
O035037,U098,54,2,2026-08-04 12:28:00
O035052,U348,101,4,2026-08-04 12:34:00
O035051,U284,92,3,2026-08-04 13:01:00
O035039,U289,42,3,2026-08-04 13:07:00
O035045,U429,1,5,2026-08-04 13:09:00
O035036,U308,99,3,2026-08-04 13:10:00
O035056,U293,35,3,2026-08-04 13:17:00
O035051,U284,100,3,2026-08-04 13:24:00
O035042,U356,19,3,2026-08-04 13:27:00
O035054,U324,63,5,2026-08-04 14:27:00
O035064,U020,100,3,2026-08-04 14:35:00
O035058,U020,64,3,2026-08-04 14:55:00
O035069,U035,38,5,2026-08-04 14:56:00
O035056,U293,54,2,2026-08-04 15:03:00
O035052,U348,18,5,2026-08-04 15:09:00
O035072,U199,37,3,2026-08-04 15:49:00
O035069,U035,19,1,2026-08-04 16:07:00
O035063,U265,81,5,2026-08-04 16:21:00
O035068,U149,5,5,2026-08-04 16:26:00
O035084,U101,52,5,2026-08-04 16:32:00
O035074,U351,71,3,2026-08-04 16:45:00
O035066,U335,88,4,2026-08-04 17:15:00
O035083,U491,101,3,2026-08-04 17:27:00
O035078,U259,94,3,2026-08-04 17:45:00
O035080,U082,79,4,2026-08-04 17:49:00
O035081,U360,8,5,2026-08-04 18:08:00
O035096,U449,100,4,2026-08-04 18:27:00
O035093,U449,101,4,2026-08-04 19:22:00
O035095,U388,58,3,2026-08-04 19:48:00
O035096,U449,62,3,2026-08-04 20:39:00
O035108,U375,98,3,2026-08-04 20:44:00
O035108,U375,100,4,2026-08-04 21:17:00
O035114,U192,15,4,2026-08-04 21:54:00
O035114,U192,27,4,2026-08-04 21:55:00
O035108,U375,15,5,2026-08-04 22:05:00
O035112,U390,93,3,2026-08-04 22:07:00
O035116,U500,96,2,2026-08-04 23:56:00
O035118,U127,54,3,2026-08-05 06:44:00
O035120,U154,11,4,2026-08-05 07:22:00
O035125,U293,87,4,2026-08-05 08:46:00
O035130,U450,102,3,2026-08-05 09:00:00
O035119,U296,1,5,2026-08-05 09:21:00
O035120,U154,101,4,2026-08-05 09:25:00
O035129,U479,5,5,2026-08-05 09:43:00
O035146,U431,7,3,2026-08-05 10:03:00
O035140,U455,5,4,2026-08-05 10:11:00
O035150,U102,15,2,2026-08-05 10:12:00
O035157,U304,57,5,2026-08-05 11:41:00
O035143,U148,70,5,2026-08-05 11:53:00
O035144,U068,102,4,2026-08-05 11:58:00
O035152,U382,1,4,2026-08-05 12:03:00
O035148,U106,96,4,2026-08-05 12:06:00
O035162,U156,46,3,2026-08-05 12:41:00
O035154,U040,9,4,2026-08-05 13:28:00
O035170,U475,27,1,2026-08-05 14:47:00
O035181,U216,96,2,2026-08-05 14:59:00
O035178,U238,35,3,2026-08-05 15:11:00
O035168,U178,98,4,2026-08-05 15:17:00
O035163,U037,22,2,2026-08-05 15:23:00
O035177,U260,101,4,2026-08-05 15:34:00
O035173,U259,37,3,2026-08-05 15:44:00
O035179,U167,3,4,2026-08-05 16:19:00
O035170,U475,94,2,2026-08-05 16:43:00
O035185,U113,12,5,2026-08-05 16:44:00
O035169,U378,63,4,2026-08-05 16:48:00
O035184,U198,48,3,2026-08-05 16:56:00
O035195,U418,8,5,2026-08-05 16:56:00
O035181,U216,57,3,2026-08-05 17:05:00
O035208,U281,100,3,2026-08-05 17:07:00
O035218,U458,32,3,2026-08-05 17:08:00
O035200,U035,49,3,2026-08-05 17:24:00
O035194,U374,30,3,2026-08-05 17:48:00
O035204,U254,68,5,2026-08-05 17:56:00
O035199,U374,97,3,2026-08-05 18:02:00
O035208,U281,47,3,2026-08-05 18:10:00
O035202,U276,86,4,2026-08-05 18:12:00
O035220,U346,87,4,2026-08-05 18:16:00
O035224,U050,33,2,2026-08-05 18:22:00
O035198,U206,87,2,2026-08-05 18:29:00
O035206,U268,99,3,2026-08-05 18:34:00
O035192,U419,19,4,2026-08-05 18:44:00
O035193,U139,11,3,2026-08-05 18:47:00
O035210,U360,101,4,2026-08-05 18:50:00
O035215,U490,72,3,2026-08-05 18:55:00
O035212,U159,91,2,2026-08-05 19:08:00
O035211,U360,8,4,2026-08-05 19:11:00
O035216,U491,23,3,2026-08-05 19:44:00
O035232,U036,45,3,2026-08-05 19:50:00
O035225,U427,74,2,2026-08-05 20:04:00
O035226,U411,56,3,2026-08-05 20:22:00
O035227,U184,59,4,2026-08-05 20:38:00
O035231,U410,98,4,2026-08-05 20:45:00
O035229,U150,66,3,2026-08-05 21:40:00
O035235,U057,100,4,2026-08-05 21:46:00
O035234,U192,101,4,2026-08-05 21:46:00
O035235,U057,54,2,2026-08-05 22:38:00
O035240,U436,12,3,2026-08-05 23:55:00
O035251,U455,3,3,2026-08-06 08:28:00
O035246,U164,6,4,2026-08-06 08:52:00
O035256,U374,30,2,2026-08-06 08:53:00
O035261,U335,4,5,2026-08-06 09:08:00
O035251,U455,100,4,2026-08-06 09:12:00
O035265,U238,101,4,2026-08-06 09:18:00
O035265,U238,1,4,2026-08-06 10:06:00
O035265,U238,6,4,2026-08-06 11:09:00
O035261,U335,101,4,2026-08-06 11:15:00
O035273,U245,5,5,2026-08-06 11:18:00
O035276,U059,3,4,2026-08-06 11:36:00
O035271,U451,16,4,2026-08-06 11:45:00
O035279,U459,36,3,2026-08-06 11:49:00
O035266,U062,18,5,2026-08-06 12:01:00
O035285,U276,26,3,2026-08-06 12:03:00
O035289,U286,42,5,2026-08-06 12:30:00
O035282,U446,19,4,2026-08-06 12:31:00
O035284,U260,100,5,2026-08-06 13:05:00
O035282,U446,37,5,2026-08-06 13:07:00
O035287,U057,88,4,2026-08-06 13:18:00
O035296,U452,6,3,2026-08-06 13:20:00
O035294,U392,1,4,2026-08-06 14:13:00
O035300,U150,95,3,2026-08-06 14:35:00
O035297,U475,37,3,2026-08-06 15:21:00
O035318,U056,77,5,2026-08-06 16:04:00
O035317,U476,13,3,2026-08-06 16:18:00
O035315,U244,67,4,2026-08-06 16:33:00
O035312,U317,102,3,2026-08-06 16:34:00
O035324,U253,21,4,2026-08-06 16:38:00
O035306,U158,87,5,2026-08-06 16:44:00
O035301,U404,99,3,2026-08-06 16:44:00
O035318,U056,78,4,2026-08-06 16:46:00
O035310,U268,70,4,2026-08-06 16:51:00
O035317,U476,48,3,2026-08-06 16:51:00
O035325,U413,95,5,2026-08-06 16:52:00
O035320,U108,28,4,2026-08-06 16:58:00
O035326,U260,98,5,2026-08-06 16:59:00
O035321,U367,66,5,2026-08-06 17:02:00
O035322,U141,83,5,2026-08-06 17:14:00
O035326,U260,91,4,2026-08-06 17:59:00
O035313,U168,83,2,2026-08-06 18:04:00
O035338,U352,74,3,2026-08-06 18:16:00
O035325,U413,36,5,2026-08-06 18:56:00
O035349,U455,5,3,2026-08-06 19:14:00
O035337,U165,75,4,2026-08-06 19:16:00
O035339,U128,71,3,2026-08-06 19:39:00
O035338,U352,98,4,2026-08-06 19:44:00
O035349,U455,16,5,2026-08-06 19:44:00
O035337,U165,102,4,2026-08-06 19:51:00
O035350,U178,1,4,2026-08-06 19:53:00
O035351,U248,100,4,2026-08-06 19:58:00
O035348,U184,71,4,2026-08-06 21:07:00
O035343,U367,71,4,2026-08-06 21:10:00
O035345,U478,86,2,2026-08-06 21:37:00
O035352,U028,91,4,2026-08-06 21:39:00
O035351,U248,84,3,2026-08-06 22:07:00
O035357,U003,49,5,2026-08-07 00:08:00
O035359,U127,33,4,2026-08-07 07:49:00
O035380,U458,48,4,2026-08-07 09:21:00
O035375,U135,29,4,2026-08-07 09:26:00
O035367,U150,94,2,2026-08-07 09:28:00
O035371,U286,100,5,2026-08-07 09:41:00
O035388,U260,12,4,2026-08-07 09:48:00
O035394,U408,64,5,2026-08-07 10:09:00
O035366,U008,52,3,2026-08-07 10:12:00
O035374,U006,97,3,2026-08-07 10:37:00
O035377,U344,102,4,2026-08-07 10:50:00
O035397,U212,100,4,2026-08-07 10:53:00
O035385,U360,101,3,2026-08-07 11:03:00
O035392,U071,85,4,2026-08-07 11:09:00
O035397,U212,89,3,2026-08-07 11:15:00
O035385,U360,8,5,2026-08-07 11:25:00
O035391,U080,1,4,2026-08-07 11:29:00
O035399,U395,8,2,2026-08-07 11:32:00
O035403,U122,20,2,2026-08-07 13:18:00
O035398,U372,28,3,2026-08-07 13:23:00
O035406,U148,47,3,2026-08-07 14:22:00
O035410,U225,43,5,2026-08-07 14:29:00
O035425,U290,66,2,2026-08-07 15:26:00
O035426,U122,7,3,2026-08-07 15:34:00
O035412,U189,4,5,2026-08-07 15:39:00
O035418,U322,33,4,2026-08-07 16:13:00
O035419,U281,100,4,2026-08-07 16:17:00
O035412,U189,101,4,2026-08-07 16:37:00
O035417,U329,23,4,2026-08-07 16:45:00
O035419,U281,34,3,2026-08-07 17:02:00
O035424,U333,39,3,2026-08-07 17:36:00
O035422,U230,52,4,2026-08-07 17:43:00
O035442,U215,73,3,2026-08-07 17:47:00
O035427,U476,46,3,2026-08-07 18:08:00
O035432,U485,78,2,2026-08-07 18:17:00
O035444,U086,14,2,2026-08-07 19:23:00
O035447,U157,24,4,2026-08-07 19:50:00
O035448,U328,77,3,2026-08-07 19:55:00
O035462,U375,15,4,2026-08-07 19:59:00
O035455,U371,8,3,2026-08-07 20:42:00
O035447,U157,94,4,2026-08-07 20:50:00
O035465,U020,34,4,2026-08-07 21:43:00
O035452,U284,55,2,2026-08-07 21:46:00
O035460,U278,29,5,2026-08-07 21:52:00
O035466,U020,3,3,2026-08-07 21:52:00
O035459,U039,56,5,2026-08-07 21:57:00
O035472,U295,86,3,2026-08-07 22:29:00
O035474,U095,77,2,2026-08-07 22:35:00
O035471,U242,69,4,2026-08-07 23:09:00
O035482,U165,98,5,2026-08-08 08:06:00
O035483,U085,7,5,2026-08-08 08:07:00
O035485,U055,2,4,2026-08-08 08:15:00
O035481,U428,6,4,2026-08-08 08:22:00
O035481,U428,71,2,2026-08-08 09:07:00
O035479,U319,99,3,2026-08-08 09:20:00
O035487,U498,15,3,2026-08-08 09:50:00
O035496,U341,36,4,2026-08-08 10:06:00
O035494,U108,7,3,2026-08-08 10:24:00
O035501,U418,18,2,2026-08-08 10:25:00
O035489,U088,19,3,2026-08-08 10:35:00
O035505,U254,19,2,2026-08-08 10:36:00
O035502,U091,100,4,2026-08-08 10:51:00
O035511,U374,38,3,2026-08-08 11:07:00
O035493,U006,93,4,2026-08-08 11:12:00
O035492,U289,13,3,2026-08-08 11:16:00
O035503,U224,64,4,2026-08-08 11:22:00
O035491,U066,23,4,2026-08-08 11:27:00
O035505,U254,100,4,2026-08-08 11:30:00
O035514,U032,101,5,2026-08-08 11:31:00
O035519,U024,89,3,2026-08-08 11:38:00
O035514,U032,102,3,2026-08-08 11:40:00
O035521,U491,78,3,2026-08-08 12:17:00
O035507,U429,101,3,2026-08-08 12:31:00
O035522,U187,67,2,2026-08-08 12:37:00
O035509,U059,26,5,2026-08-08 12:46:00
O035502,U091,77,4,2026-08-08 12:55:00
O035512,U293,101,3,2026-08-08 13:09:00
O035504,U108,7,3,2026-08-08 13:13:00
O035510,U376,33,3,2026-08-08 13:25:00
O035515,U411,80,5,2026-08-08 13:25:00
O035525,U317,7,4,2026-08-08 13:43:00
O035515,U411,82,5,2026-08-08 13:43:00
O035526,U238,6,5,2026-08-08 13:49:00
O035524,U474,55,4,2026-08-08 14:02:00
O035520,U206,101,3,2026-08-08 14:22:00
O035518,U420,36,5,2026-08-08 14:22:00
O035528,U215,90,5,2026-08-08 14:25:00
O035521,U491,43,4,2026-08-08 14:32:00
O035522,U187,27,5,2026-08-08 14:36:00
O035533,U102,20,4,2026-08-08 14:40:00
O035538,U067,11,4,2026-08-08 15:13:00
O035539,U074,68,4,2026-08-08 15:46:00
O035529,U377,20,3,2026-08-08 15:53:00
O035542,U056,82,3,2026-08-08 16:09:00
O035548,U399,99,2,2026-08-08 16:14:00
O035550,U458,32,4,2026-08-08 16:18:00
O035542,U056,100,3,2026-08-08 16:28:00
O035554,U058,100,4,2026-08-08 16:31:00
O035541,U343,54,5,2026-08-08 16:50:00
O035556,U352,1,5,2026-08-08 17:32:00
O035554,U058,17,4,2026-08-08 17:33:00
O035565,U110,44,4,2026-08-08 18:05:00
O035552,U003,39,3,2026-08-08 18:07:00
O035573,U495,32,3,2026-08-08 18:19:00
O035572,U402,3,5,2026-08-08 18:43:00
O035574,U474,99,5,2026-08-08 19:00:00
O035584,U387,78,4,2026-08-08 20:11:00
O035573,U495,100,4,2026-08-08 20:21:00
O035578,U265,73,2,2026-08-08 20:23:00
O035582,U124,100,4,2026-08-08 20:25:00
O035582,U124,41,5,2026-08-08 20:34:00
O035588,U411,36,5,2026-08-08 20:53:00
O035583,U087,58,5,2026-08-08 21:10:00
O035585,U242,100,5,2026-08-08 21:46:00
O035593,U340,18,4,2026-08-08 23:22:00
O035597,U428,8,4,2026-08-09 08:55:00
O035598,U296,6,3,2026-08-09 09:56:00
O035620,U463,101,4,2026-08-09 10:59:00
O035626,U246,27,5,2026-08-09 11:34:00
O035607,U055,6,5,2026-08-09 11:44:00
O035608,U491,80,4,2026-08-09 11:48:00
O035608,U491,32,4,2026-08-09 11:53:00
O035617,U284,72,5,2026-08-09 11:58:00
O035631,U378,60,4,2026-08-09 12:13:00
O035611,U127,6,4,2026-08-09 12:19:00
O035633,U317,88,3,2026-08-09 12:41:00
O035635,U440,34,4,2026-08-09 12:57:00
O035617,U284,81,3,2026-08-09 13:16:00
O035623,U456,62,3,2026-08-09 13:36:00
O035624,U268,89,3,2026-08-09 13:44:00
O035621,U238,6,5,2026-08-09 13:46:00
O035639,U474,100,5,2026-08-09 13:50:00
O035639,U474,65,4,2026-08-09 14:17:00
O035639,U474,61,4,2026-08-09 14:20:00
O035647,U338,20,3,2026-08-09 14:51:00
O035642,U184,101,4,2026-08-09 15:38:00
O035649,U164,5,4,2026-08-09 16:16:00
O035651,U449,80,3,2026-08-09 16:25:00
O035653,U485,60,4,2026-08-09 17:04:00
O035646,U390,15,4,2026-08-09 17:13:00
O035661,U240,80,2,2026-08-09 17:16:00
O035648,U401,51,4,2026-08-09 17:18:00
O035667,U359,75,5,2026-08-09 18:16:00
O035663,U153,53,3,2026-08-09 18:18:00
O035671,U338,91,3,2026-08-09 18:58:00
O035675,U354,60,3,2026-08-09 19:20:00
O035676,U455,15,3,2026-08-09 19:22:00
O035674,U403,84,4,2026-08-09 19:33:00
O035673,U255,42,4,2026-08-09 19:52:00
O035677,U111,98,3,2026-08-09 19:53:00
O035670,U485,57,3,2026-08-09 20:00:00
O035684,U049,100,4,2026-08-09 20:16:00
O035685,U254,3,3,2026-08-09 22:19:00
O035688,U020,3,3,2026-08-09 22:25:00
O035690,U156,76,3,2026-08-09 22:52:00
O035692,U482,47,2,2026-08-09 23:41:00
O035696,U477,35,2,2026-08-10 07:29:00
O035707,U275,11,3,2026-08-10 08:38:00
O035706,U148,101,4,2026-08-10 08:54:00
O035698,U137,101,4,2026-08-10 09:34:00
O035705,U008,99,4,2026-08-10 09:47:00
O035723,U479,5,5,2026-08-10 09:52:00
O035718,U470,9,3,2026-08-10 09:58:00
O035715,U406,17,3,2026-08-10 10:15:00
O035701,U333,3,3,2026-08-10 10:45:00
O035716,U469,15,5,2026-08-10 11:14:00
O035725,U328,1,5,2026-08-10 11:25:00
O035721,U171,61,3,2026-08-10 11:38:00
O035730,U002,10,3,2026-08-10 11:48:00
O035736,U333,100,4,2026-08-10 12:14:00
O035738,U304,99,5,2026-08-10 12:16:00
O035724,U476,50,2,2026-08-10 12:31:00
O035736,U333,80,3,2026-08-10 12:40:00
O035725,U328,100,4,2026-08-10 12:45:00
O035733,U067,62,4,2026-08-10 12:52:00
O035741,U326,72,4,2026-08-10 13:03:00
O035741,U326,8,5,2026-08-10 13:30:00
O035751,U493,15,5,2026-08-10 13:31:00
O035747,U293,31,5,2026-08-10 13:52:00
O035752,U094,95,3,2026-08-10 13:59:00
O035743,U278,12,3,2026-08-10 14:15:00
O035740,U036,9,5,2026-08-10 14:25:00
O035737,U167,27,5,2026-08-10 14:38:00
O035747,U293,26,4,2026-08-10 14:43:00
O035742,U250,71,3,2026-08-10 15:01:00
O035748,U117,15,5,2026-08-10 15:04:00
O035746,U150,64,2,2026-08-10 15:11:00
O035754,U197,86,3,2026-08-10 15:17:00
O035761,U378,63,4,2026-08-10 15:25:00
O035748,U117,98,4,2026-08-10 15:55:00
O035764,U003,30,5,2026-08-10 16:15:00
O035754,U197,98,3,2026-08-10 16:17:00
O035774,U259,39,3,2026-08-10 16:18:00
O035760,U071,101,4,2026-08-10 16:43:00
O035775,U156,46,3,2026-08-10 16:45:00
O035776,U358,77,3,2026-08-10 16:54:00
O035768,U066,25,2,2026-08-10 17:09:00
O035773,U349,28,3,2026-08-10 17:11:00
O035781,U359,71,4,2026-08-10 17:43:00
O035765,U153,10,4,2026-08-10 17:46:00
O035777,U479,5,4,2026-08-10 17:47:00
O035767,U273,5,4,2026-08-10 17:55:00
O035784,U328,2,4,2026-08-10 17:55:00
O035783,U006,83,5,2026-08-10 17:59:00
O035778,U123,100,5,2026-08-10 18:25:00
O035778,U123,80,5,2026-08-10 18:44:00
O035797,U436,41,3,2026-08-10 19:04:00
O035784,U328,1,3,2026-08-10 19:34:00
O035798,U435,98,4,2026-08-10 19:50:00
O035794,U335,15,4,2026-08-10 19:52:00
O035803,U106,48,4,2026-08-10 19:55:00
O035806,U253,90,2,2026-08-10 20:06:00
O035799,U111,100,5,2026-08-10 20:15:00
O035807,U265,97,3,2026-08-10 20:21:00
O035807,U265,100,4,2026-08-10 20:37:00
O035811,U168,82,4,2026-08-10 21:01:00
O035802,U199,50,2,2026-08-10 21:03:00
O035802,U199,102,4,2026-08-10 21:13:00
O035815,U245,101,4,2026-08-10 21:16:00
O035810,U039,100,4,2026-08-10 22:01:00
O035816,U057,27,3,2026-08-10 22:32:00
O035809,U394,62,3,2026-08-10 22:33:00
O035812,U213,101,4,2026-08-10 22:38:00
O035813,U259,36,4,2026-08-10 22:39:00
O035817,U167,100,4,2026-08-11 00:12:00
O035817,U167,92,3,2026-08-11 00:35:00
O035823,U273,6,4,2026-08-11 07:27:00
O035826,U072,63,3,2026-08-11 07:43:00
O035829,U463,83,5,2026-08-11 07:45:00
O035819,U498,67,3,2026-08-11 08:24:00
O035822,U402,35,4,2026-08-11 08:52:00
O035830,U267,97,3,2026-08-11 08:53:00
O035831,U374,30,3,2026-08-11 09:04:00
O035833,U072,8,3,2026-08-11 09:30:00
O035826,U072,100,3,2026-08-11 09:31:00
O035820,U479,6,4,2026-08-11 09:32:00
O035825,U408,64,4,2026-08-11 09:40:00
O035829,U463,98,3,2026-08-11 09:56:00
O035846,U312,19,4,2026-08-11 10:20:00
O035832,U455,25,3,2026-08-11 10:28:00
O035844,U083,5,5,2026-08-11 10:43:00
O035838,U123,100,5,2026-08-11 10:56:00
O035839,U269,81,5,2026-08-11 10:59:00
O035854,U135,87,2,2026-08-11 11:47:00
O035864,U112,101,4,2026-08-11 12:38:00
O035865,U463,90,3,2026-08-11 13:09:00
O035865,U463,83,5,2026-08-11 13:17:00
O035859,U142,6,5,2026-08-11 13:53:00
O035862,U491,102,3,2026-08-11 14:24:00
O035875,U324,72,3,2026-08-11 14:28:00
O035871,U474,30,4,2026-08-11 14:33:00
O035864,U112,6,5,2026-08-11 15:17:00
O035868,U493,100,5,2026-08-11 15:20:00
O035882,U167,39,3,2026-08-11 16:44:00
O035892,U379,41,2,2026-08-11 16:45:00
O035890,U354,76,4,2026-08-11 17:12:00
O035883,U485,60,4,2026-08-11 17:31:00
O035887,U436,13,4,2026-08-11 17:44:00
O035895,U299,7,4,2026-08-11 18:03:00
O035893,U112,102,4,2026-08-11 18:22:00
O035893,U112,29,4,2026-08-11 18:28:00
O035891,U122,54,3,2026-08-11 18:37:00
O035907,U334,102,5,2026-08-11 18:45:00
O035894,U213,76,5,2026-08-11 18:52:00
O035885,U225,61,4,2026-08-11 18:54:00
O035899,U186,76,5,2026-08-11 19:44:00
O035906,U436,65,5,2026-08-11 19:52:00
O035905,U139,101,4,2026-08-11 20:08:00
O035904,U095,28,2,2026-08-11 20:11:00
O035908,U453,93,3,2026-08-11 20:13:00
O035902,U036,33,2,2026-08-11 20:26:00
O035902,U036,65,1,2026-08-11 20:29:00
O035910,U443,10,2,2026-08-11 20:51:00
O035917,U027,38,4,2026-08-11 20:57:00
O035907,U334,64,2,2026-08-11 21:01:00
O035913,U035,39,4,2026-08-11 21:19:00
O035919,U020,64,4,2026-08-11 22:17:00
O035920,U484,43,3,2026-08-11 22:25:00
O035922,U411,81,5,2026-08-11 22:47:00
O035916,U285,26,5,2026-08-11 22:58:00
O035923,U252,35,2,2026-08-12 07:13:00
O035933,U081,101,2,2026-08-12 08:44:00
O035925,U219,44,4,2026-08-12 08:46:00
O035938,U433,77,3,2026-08-12 08:49:00
O035944,U357,7,5,2026-08-12 09:25:00
O035929,U109,37,3,2026-08-12 09:34:00
O035943,U299,101,4,2026-08-12 09:38:00
O035930,U449,96,3,2026-08-12 09:48:00
O035927,U202,29,2,2026-08-12 09:56:00
O035953,U438,80,3,2026-08-12 09:59:00
O035947,U133,40,3,2026-08-12 10:04:00
O035942,U297,19,5,2026-08-12 10:18:00
O035963,U059,26,5,2026-08-12 10:57:00
O035960,U065,89,2,2026-08-12 11:03:00
O035951,U078,34,5,2026-08-12 11:23:00
O035957,U301,14,5,2026-08-12 11:26:00
O035956,U035,100,4,2026-08-12 11:38:00
O035944,U357,101,4,2026-08-12 11:43:00
O035957,U301,79,3,2026-08-12 12:03:00
O035958,U160,49,4,2026-08-12 12:12:00
O035953,U438,101,4,2026-08-12 12:13:00
O035954,U150,67,2,2026-08-12 12:16:00
O035970,U494,15,5,2026-08-12 12:25:00
O035967,U006,100,5,2026-08-12 12:30:00
O035972,U284,101,5,2026-08-12 13:36:00
O035976,U463,98,5,2026-08-12 13:55:00
O035980,U392,1,5,2026-08-12 14:37:00
O035977,U250,100,5,2026-08-12 15:06:00
O035976,U463,89,2,2026-08-12 15:16:00
O035974,U469,100,4,2026-08-12 15:23:00
O035990,U438,93,4,2026-08-12 15:36:00
O035992,U363,3,5,2026-08-12 15:45:00
O035984,U331,43,5,2026-08-12 16:31:00
O036005,U059,92,2,2026-08-12 16:44:00
O035993,U453,34,5,2026-08-12 17:09:00
O035991,U080,7,3,2026-08-12 17:17:00
O035986,U427,23,4,2026-08-12 17:20:00
O036011,U126,51,3,2026-08-12 17:21:00
O035999,U342,31,3,2026-08-12 17:22:00
O035988,U396,2,4,2026-08-12 17:32:00
O036007,U283,29,5,2026-08-12 17:35:00
O036005,U059,26,4,2026-08-12 17:53:00
O035998,U026,70,3,2026-08-12 17:59:00
O036018,U427,39,3,2026-08-12 18:16:00
O036012,U275,15,4,2026-08-12 18:29:00
O036003,U248,43,4,2026-08-12 18:57:00
O036019,U265,74,5,2026-08-12 19:00:00
O036027,U474,81,2,2026-08-12 19:06:00
O036004,U130,33,2,2026-08-12 19:08:00
O036015,U315,57,2,2026-08-12 19:38:00
O036032,U138,100,2,2026-08-12 20:08:00
O036016,U221,76,5,2026-08-12 20:17:00
O036024,U091,102,4,2026-08-12 20:36:00
O036023,U368,92,5,2026-08-12 20:40:00
O036032,U138,63,4,2026-08-12 21:27:00
O036034,U453,101,3,2026-08-12 21:30:00
O036039,U134,102,4,2026-08-12 22:21:00
O036044,U482,102,4,2026-08-12 22:29:00
O036041,U056,69,2,2026-08-12 22:38:00
O036037,U020,34,4,2026-08-12 23:04:00
O036036,U411,81,5,2026-08-12 23:27:00
O036043,U387,39,3,2026-08-12 23:34:00
O036045,U357,101,4,2026-08-13 07:00:00
O036052,U238,6,4,2026-08-13 07:46:00
O036049,U083,9,4,2026-08-13 08:02:00
O036055,U206,64,4,2026-08-13 08:41:00
O036056,U031,63,4,2026-08-13 09:03:00
O036076,U471,45,5,2026-08-13 10:14:00
O036077,U235,65,3,2026-08-13 10:36:00
O036070,U463,101,3,2026-08-13 10:41:00
O036066,U322,84,4,2026-08-13 11:03:00
O036076,U471,100,5,2026-08-13 12:14:00
O036082,U008,18,4,2026-08-13 12:50:00
O036086,U081,14,4,2026-08-13 13:47:00
O036087,U225,39,3,2026-08-13 13:57:00
O036089,U138,100,5,2026-08-13 14:23:00
O036099,U296,10,3,2026-08-13 14:53:00
O036086,U081,101,4,2026-08-13 14:54:00
O036098,U184,59,4,2026-08-13 14:57:00
O036085,U351,66,4,2026-08-13 15:02:00
O036106,U072,100,4,2026-08-13 15:07:00
O036108,U485,65,4,2026-08-13 15:37:00
O036104,U266,30,5,2026-08-13 15:38:00
O036095,U335,2,4,2026-08-13 15:54:00
O036106,U072,63,4,2026-08-13 16:01:00
O036113,U024,87,4,2026-08-13 16:26:00
O036111,U409,78,4,2026-08-13 16:49:00
O036102,U254,25,1,2026-08-13 16:52:00
O036104,U266,8,3,2026-08-13 16:57:00
O036113,U024,76,3,2026-08-13 16:57:00
O036121,U498,69,2,2026-08-13 17:14:00
O036107,U037,38,5,2026-08-13 17:28:00
O036112,U313,51,5,2026-08-13 17:28:00
O036120,U411,98,5,2026-08-13 17:29:00
O036114,U482,47,4,2026-08-13 17:31:00
O036120,U411,78,5,2026-08-13 17:38:00
O036115,U102,18,4,2026-08-13 17:45:00
O036119,U225,52,2,2026-08-13 17:51:00
O036134,U040,34,3,2026-08-13 17:51:00
O036117,U438,57,5,2026-08-13 18:01:00
O036132,U028,91,4,2026-08-13 18:03:00
O036126,U184,99,5,2026-08-13 18:16:00
O036116,U146,100,3,2026-08-13 18:25:00
O036140,U100,47,4,2026-08-13 18:41:00
O036139,U321,36,3,2026-08-13 19:11:00
O036123,U427,24,2,2026-08-13 19:17:00
O036143,U363,84,5,2026-08-13 19:21:00
O036132,U028,69,4,2026-08-13 20:03:00
O036152,U259,37,2,2026-08-13 20:28:00
O036149,U413,64,3,2026-08-13 20:35:00
O036154,U242,100,4,2026-08-13 21:02:00
O036148,U274,50,3,2026-08-13 21:35:00
O036149,U413,100,5,2026-08-13 22:32:00
O036153,U246,64,3,2026-08-13 22:38:00
O036151,U336,70,5,2026-08-13 23:05:00
O036160,U119,47,2,2026-08-14 00:05:00
O036164,U356,101,3,2026-08-14 07:32:00
O036166,U108,7,2,2026-08-14 08:23:00
O036179,U293,3,4,2026-08-14 09:14:00
O036174,U088,19,5,2026-08-14 09:27:00
O036175,U277,40,2,2026-08-14 09:30:00
O036166,U108,3,2,2026-08-14 10:01:00
O036168,U079,87,4,2026-08-14 10:08:00
O036168,U079,85,5,2026-08-14 10:09:00
O036175,U277,98,4,2026-08-14 10:15:00
O036185,U116,98,4,2026-08-14 10:36:00
O036191,U312,101,4,2026-08-14 11:09:00
O036175,U277,31,3,2026-08-14 11:32:00
O036192,U010,93,3,2026-08-14 11:33:00
O036190,U230,30,4,2026-08-14 11:38:00
O036186,U031,67,3,2026-08-14 11:38:00
O036186,U031,51,4,2026-08-14 11:39:00
O036191,U312,20,4,2026-08-14 12:20:00
O036199,U299,102,4,2026-08-14 13:38:00
O036202,U102,79,2,2026-08-14 13:46:00
O036208,U458,94,4,2026-08-14 14:07:00
O036209,U184,98,4,2026-08-14 14:34:00
O036207,U006,83,4,2026-08-14 14:36:00
O036215,U154,83,3,2026-08-14 15:24:00
O036216,U474,59,4,2026-08-14 15:26:00
O036203,U379,22,3,2026-08-14 15:45:00
O036223,U428,101,3,2026-08-14 15:51:00
O036226,U188,7,2,2026-08-14 15:59:00
O036224,U438,84,3,2026-08-14 16:29:00
O036218,U150,66,2,2026-08-14 16:34:00
O036212,U335,7,4,2026-08-14 17:07:00
O036221,U426,59,3,2026-08-14 17:12:00
O036229,U094,4,5,2026-08-14 17:15:00
O036232,U451,62,3,2026-08-14 17:19:00
O036239,U305,33,3,2026-08-14 17:25:00
O036244,U275,72,3,2026-08-14 17:45:00
O036240,U333,64,4,2026-08-14 17:48:00
O036231,U464,26,5,2026-08-14 17:54:00
O036223,U428,6,5,2026-08-14 18:06:00
O036253,U165,73,5,2026-08-14 18:07:00
O036246,U320,7,5,2026-08-14 18:11:00
O036256,U110,44,3,2026-08-14 18:16:00
O036228,U442,101,5,2026-08-14 18:33:00
O036242,U456,75,3,2026-08-14 19:30:00
O036238,U196,27,5,2026-08-14 19:34:00
O036263,U040,83,3,2026-08-14 19:39:00
O036256,U110,100,3,2026-08-14 20:02:00
O036254,U463,60,3,2026-08-14 20:14:00
O036251,U358,50,3,2026-08-14 20:19:00
O036258,U184,20,3,2026-08-14 20:48:00
O036267,U023,70,3,2026-08-14 21:54:00
O036270,U283,27,5,2026-08-14 22:12:00
O036269,U333,64,3,2026-08-14 22:41:00
O036276,U179,1,5,2026-08-15 07:05:00
O036284,U154,83,4,2026-08-15 09:41:00
O036288,U441,24,3,2026-08-15 09:56:00
O036277,U498,71,3,2026-08-15 09:59:00
O036291,U308,69,5,2026-08-15 10:13:00
O036281,U296,100,3,2026-08-15 11:03:00
O036299,U351,73,1,2026-08-15 11:16:00
O036300,U284,82,4,2026-08-15 11:30:00
O036291,U308,101,5,2026-08-15 11:32:00
O036298,U359,99,4,2026-08-15 11:32:00
O036305,U385,10,5,2026-08-15 11:38:00
O036302,U363,58,5,2026-08-15 11:41:00
O036294,U317,37,4,2026-08-15 11:47:00
O036292,U058,27,5,2026-08-15 11:52:00
O036306,U372,55,4,2026-08-15 11:59:00
O036296,U446,89,3,2026-08-15 11:59:00
O036310,U225,41,4,2026-08-15 12:19:00
O036290,U128,71,2,2026-08-15 12:25:00
O036310,U225,43,5,2026-08-15 12:26:00
O036315,U141,52,4,2026-08-15 12:27:00
O036308,U184,67,4,2026-08-15 12:50:00
O036308,U184,100,5,2026-08-15 13:01:00
O036317,U328,21,3,2026-08-15 13:03:00
O036302,U363,34,5,2026-08-15 13:05:00
O036309,U036,75,3,2026-08-15 13:13:00
O036317,U328,6,5,2026-08-15 13:19:00
O036315,U141,33,3,2026-08-15 13:20:00
O036315,U141,74,3,2026-08-15 13:38:00
O036297,U040,83,5,2026-08-15 13:41:00
O036314,U265,37,3,2026-08-15 14:04:00
O036306,U372,68,4,2026-08-15 14:12:00
O036318,U351,10,4,2026-08-15 14:24:00
O036326,U482,27,4,2026-08-15 14:50:00
O036327,U178,9,4,2026-08-15 14:56:00
O036331,U325,100,3,2026-08-15 15:22:00
O036326,U482,100,5,2026-08-15 15:37:00
O036321,U455,94,2,2026-08-15 15:38:00
O036337,U035,101,3,2026-08-15 16:07:00
O036341,U478,8,5,2026-08-15 16:09:00
O036323,U467,73,2,2026-08-15 16:18:00
O036328,U183,101,4,2026-08-15 16:18:00
O036328,U183,71,4,2026-08-15 16:23:00
O036342,U025,7,3,2026-08-15 16:42:00
O036346,U119,41,4,2026-08-15 16:51:00
O036336,U164,6,5,2026-08-15 17:12:00
O036332,U020,2,2,2026-08-15 17:15:00
O036350,U194,26,4,2026-08-15 17:15:00
O036346,U119,82,3,2026-08-15 17:36:00
O036351,U310,84,3,2026-08-15 17:44:00
O036348,U070,78,3,2026-08-15 18:12:00
O036339,U336,75,5,2026-08-15 18:13:00
O036354,U367,68,4,2026-08-15 18:16:00
O036338,U148,7,3,2026-08-15 18:23:00
O036360,U455,79,4,2026-08-15 18:31:00
O036367,U056,75,3,2026-08-15 18:50:00
O036363,U154,83,3,2026-08-15 18:55:00
O036351,U310,27,3,2026-08-15 19:00:00
O036347,U447,69,3,2026-08-15 19:02:00
O036377,U317,91,5,2026-08-15 19:44:00
O036360,U455,95,2,2026-08-15 19:57:00
O036372,U413,40,3,2026-08-15 20:09:00
O036375,U153,102,3,2026-08-15 20:11:00
O036378,U167,44,3,2026-08-15 20:12:00
O036379,U354,67,3,2026-08-15 20:16:00
O036365,U020,28,5,2026-08-15 20:20:00
O036373,U184,63,4,2026-08-15 20:28:00
O036385,U003,81,4,2026-08-15 21:39:00
O036387,U102,17,3,2026-08-15 22:19:00
O036378,U167,3,5,2026-08-15 22:23:00
O036378,U167,101,4,2026-08-15 22:32:00
O036390,U360,80,2,2026-08-15 23:19:00
O036389,U002,56,4,2026-08-16 00:21:00
O036392,U238,5,2,2026-08-16 07:28:00
O036391,U098,87,2,2026-08-16 07:59:00
O036394,U479,9,4,2026-08-16 08:59:00
O036402,U034,102,3,2026-08-16 09:52:00
O036395,U449,80,3,2026-08-16 10:02:00
O036401,U463,83,4,2026-08-16 10:37:00
O036400,U372,68,4,2026-08-16 10:46:00
O036418,U165,77,5,2026-08-16 11:46:00
O036421,U227,39,5,2026-08-16 11:51:00
O036408,U455,19,4,2026-08-16 12:07:00
O036425,U320,7,5,2026-08-16 12:26:00
O036403,U165,32,2,2026-08-16 12:29:00
O036423,U289,32,3,2026-08-16 12:32:00
O036411,U274,36,3,2026-08-16 13:23:00
O036431,U216,79,5,2026-08-16 13:46:00
O036426,U198,100,4,2026-08-16 13:49:00
O036414,U469,15,5,2026-08-16 13:56:00
O036435,U451,6,5,2026-08-16 14:32:00
O036431,U216,101,4,2026-08-16 15:06:00
O036442,U072,63,5,2026-08-16 15:17:00
O036440,U349,63,2,2026-08-16 15:22:00
O036443,U392,2,4,2026-08-16 15:27:00
O036440,U349,9,4,2026-08-16 15:28:00
O036443,U392,102,3,2026-08-16 15:33:00
O036441,U242,49,4,2026-08-16 16:14:00
O036451,U407,22,5,2026-08-16 16:37:00
O036444,U469,101,4,2026-08-16 16:41:00
O036444,U469,19,4,2026-08-16 16:41:00
O036459,U328,71,4,2026-08-16 16:54:00
O036443,U392,20,3,2026-08-16 16:59:00
O036460,U098,9,3,2026-08-16 17:13:00
O036437,U121,78,2,2026-08-16 17:14:00
O036456,U440,27,4,2026-08-16 17:24:00
O036463,U225,42,3,2026-08-16 17:39:00
O036462,U238,11,2,2026-08-16 18:18:00
O036471,U255,36,4,2026-08-16 18:30:00
O036459,U328,102,4,2026-08-16 19:07:00
O036458,U169,38,3,2026-08-16 19:20:00
O036488,U462,59,5,2026-08-16 20:01:00
O036476,U358,78,3,2026-08-16 20:39:00
O036492,U225,52,3,2026-08-16 20:56:00
O036479,U116,26,3,2026-08-16 21:00:00
O036497,U079,47,2,2026-08-16 21:12:00
O036493,U379,37,4,2026-08-16 21:18:00
O036503,U093,45,4,2026-08-16 21:41:00
O036490,U168,82,5,2026-08-16 22:14:00
O036502,U443,101,4,2026-08-16 22:24:00
O036505,U184,8,3,2026-08-16 23:27:00
O036500,U102,100,4,2026-08-16 23:45:00
O036514,U150,101,5,2026-08-17 07:48:00
O036516,U083,100,4,2026-08-17 07:52:00
O036515,U469,10,4,2026-08-17 08:03:00
O036522,U361,94,3,2026-08-17 08:09:00
O036508,U055,75,3,2026-08-17 08:12:00
O036511,U479,5,5,2026-08-17 08:29:00
O036510,U197,6,5,2026-08-17 08:30:00
O036524,U427,101,2,2026-08-17 08:33:00
O036511,U479,15,4,2026-08-17 08:47:00
O036506,U197,6,4,2026-08-17 08:53:00
O036523,U375,101,5,2026-08-17 08:54:00
O036521,U375,101,3,2026-08-17 09:07:00
O036510,U197,5,4,2026-08-17 09:12:00
O036519,U275,22,5,2026-08-17 09:27:00
O036529,U231,101,3,2026-08-17 09:35:00
O036514,U150,14,3,2026-08-17 09:39:00
O036539,U225,102,4,2026-08-17 09:44:00
O036548,U312,98,4,2026-08-17 09:46:00
O036536,U377,53,4,2026-08-17 09:48:00
O036552,U058,27,5,2026-08-17 09:53:00
O036533,U104,79,2,2026-08-17 10:05:00
O036548,U312,41,4,2026-08-17 10:07:00
O036525,U301,24,4,2026-08-17 10:11:00
O036558,U306,7,3,2026-08-17 10:15:00
O036549,U455,7,3,2026-08-17 10:25:00
O036559,U320,7,4,2026-08-17 10:29:00
O036530,U451,102,4,2026-08-17 10:57:00
O036555,U220,50,4,2026-08-17 11:02:00
O036565,U114,28,5,2026-08-17 11:12:00
O036530,U451,90,2,2026-08-17 11:21:00
O036547,U156,76,3,2026-08-17 11:52:00
O036557,U020,100,3,2026-08-17 12:47:00
O036561,U482,28,4,2026-08-17 12:52:00
O036579,U382,102,3,2026-08-17 12:52:00
O036562,U040,91,4,2026-08-17 13:09:00
O036563,U095,78,5,2026-08-17 13:17:00
O036570,U008,70,4,2026-08-17 13:42:00
O036583,U109,7,4,2026-08-17 13:46:00
O036580,U256,63,2,2026-08-17 13:46:00
O036584,U289,71,4,2026-08-17 14:01:00
O036581,U341,48,4,2026-08-17 14:29:00
O036592,U265,74,5,2026-08-17 14:52:00
O036591,U494,98,4,2026-08-17 16:37:00
O036587,U001,16,4,2026-08-17 16:40:00
O036597,U089,10,3,2026-08-17 16:42:00
O036600,U248,37,5,2026-08-17 17:07:00
O036609,U382,7,3,2026-08-17 17:16:00
O036601,U060,77,4,2026-08-17 17:18:00
O036603,U249,102,4,2026-08-17 17:26:00
O036611,U325,44,3,2026-08-17 17:34:00
O036615,U184,54,4,2026-08-17 17:34:00
O036616,U500,91,3,2026-08-17 17:40:00
O036614,U177,54,3,2026-08-17 18:07:00
O036612,U260,20,5,2026-08-17 18:34:00
O036632,U274,102,3,2026-08-17 18:41:00
O036623,U261,37,4,2026-08-17 18:43:00
O036614,U177,100,4,2026-08-17 18:56:00
O036631,U349,58,4,2026-08-17 18:59:00
O036606,U360,8,4,2026-08-17 19:03:00
O036623,U261,102,4,2026-08-17 19:04:00
O036614,U177,6,4,2026-08-17 19:06:00
O036629,U397,101,3,2026-08-17 19:08:00
O036617,U057,98,4,2026-08-17 19:09:00
O036624,U028,98,4,2026-08-17 19:13:00
O036617,U057,79,5,2026-08-17 19:27:00
O036634,U116,85,3,2026-08-17 19:35:00
O036633,U169,32,4,2026-08-17 20:19:00
O036637,U171,61,4,2026-08-17 20:54:00
O036639,U101,84,5,2026-08-17 22:26:00
O036640,U500,54,3,2026-08-17 22:27:00
O036644,U449,62,3,2026-08-18 06:40:00
O036644,U449,98,4,2026-08-18 07:00:00
O036651,U290,10,4,2026-08-18 08:09:00
O036649,U455,83,3,2026-08-18 08:38:00
O036649,U455,19,5,2026-08-18 08:49:00
O036652,U352,7,5,2026-08-18 09:09:00
O036654,U244,85,3,2026-08-18 09:09:00
O036655,U081,21,5,2026-08-18 09:20:00
O036661,U314,5,4,2026-08-18 09:37:00
O036667,U364,88,4,2026-08-18 09:52:00
O036660,U356,10,3,2026-08-18 09:55:00
O036675,U058,28,4,2026-08-18 10:14:00
O036669,U204,100,5,2026-08-18 10:18:00
O036659,U025,2,4,2026-08-18 10:19:00
O036680,U344,100,4,2026-08-18 10:27:00
O036670,U055,6,4,2026-08-18 10:41:00
O036671,U229,10,2,2026-08-18 10:58:00
O036656,U025,2,4,2026-08-18 11:02:00
O036660,U356,101,4,2026-08-18 11:04:00
O036668,U333,101,5,2026-08-18 11:04:00
O036665,U399,100,4,2026-08-18 11:17:00
O036687,U421,10,3,2026-08-18 11:37:00
O036666,U495,29,5,2026-08-18 11:38:00
O036689,U312,20,4,2026-08-18 11:41:00
O036680,U344,83,4,2026-08-18 11:43:00
O036674,U098,54,2,2026-08-18 12:16:00
O036692,U182,6,5,2026-08-18 12:37:00
O036676,U163,63,5,2026-08-18 12:45:00
O036691,U455,15,4,2026-08-18 12:45:00
O036695,U028,101,5,2026-08-18 12:46:00
O036686,U377,53,4,2026-08-18 12:58:00
O036683,U246,27,5,2026-08-18 13:01:00
O036704,U331,32,3,2026-08-18 13:47:00
O036709,U471,24,3,2026-08-18 14:04:00
O036711,U101,46,4,2026-08-18 14:04:00
O036699,U232,97,3,2026-08-18 14:33:00
O036712,U275,100,5,2026-08-18 14:35:00
O036706,U478,70,3,2026-08-18 15:01:00
O036703,U275,60,3,2026-08-18 15:03:00
O036713,U102,100,3,2026-08-18 15:11:00
O036715,U267,76,3,2026-08-18 15:18:00
O036709,U471,38,5,2026-08-18 15:31:00
O036706,U478,77,4,2026-08-18 16:01:00
O036720,U138,20,4,2026-08-18 16:07:00
O036733,U139,56,4,2026-08-18 16:45:00
O036730,U243,40,4,2026-08-18 16:59:00
O036739,U486,1,3,2026-08-18 17:30:00
O036725,U108,64,4,2026-08-18 17:45:00
O036745,U479,5,5,2026-08-18 17:54:00
O036748,U340,98,4,2026-08-18 18:05:00
O036741,U184,23,3,2026-08-18 18:16:00
O036741,U184,101,4,2026-08-18 18:29:00
O036747,U198,100,5,2026-08-18 18:31:00
O036748,U340,17,3,2026-08-18 18:43:00
O036742,U346,100,3,2026-08-18 19:03:00
O036744,U159,22,4,2026-08-18 19:42:00
O036741,U184,55,4,2026-08-18 19:48:00
O036758,U091,76,5,2026-08-18 21:37:00
O036762,U040,16,4,2026-08-18 22:16:00
O036767,U298,101,4,2026-08-19 08:08:00
O036779,U008,10,5,2026-08-19 08:38:00
O036771,U441,25,4,2026-08-19 09:13:00
O036765,U108,29,5,2026-08-19 09:18:00
O036770,U239,22,3,2026-08-19 09:23:00
O036766,U186,47,4,2026-08-19 09:56:00
O036792,U225,98,5,2026-08-19 09:59:00
O036789,U428,100,4,2026-08-19 10:10:00
O036795,U275,101,4,2026-08-19 10:19:00
O036796,U400,44,5,2026-08-19 10:56:00
O036802,U455,12,3,2026-08-19 11:30:00
O036793,U326,63,5,2026-08-19 11:52:00
O036807,U322,101,4,2026-08-19 11:53:00
O036807,U322,93,3,2026-08-19 11:53:00
O036804,U265,73,2,2026-08-19 12:07:00
O036797,U432,89,3,2026-08-19 12:42:00
O036800,U379,41,2,2026-08-19 12:55:00
O036805,U396,5,5,2026-08-19 13:09:00
O036802,U455,22,3,2026-08-19 13:17:00
O036817,U347,19,3,2026-08-19 13:24:00
O036814,U172,18,5,2026-08-19 13:37:00
O036808,U469,15,5,2026-08-19 13:46:00
O036824,U413,48,5,2026-08-19 14:09:00
O036815,U485,72,3,2026-08-19 14:24:00
O036824,U413,78,3,2026-08-19 14:25:00
O036810,U478,77,5,2026-08-19 14:35:00
O036812,U058,27,5,2026-08-19 14:52:00
O036827,U052,42,4,2026-08-19 15:14:00
O036832,U094,101,3,2026-08-19 15:54:00
O036833,U284,93,3,2026-08-19 15:57:00
O036845,U130,4,3,2026-08-19 16:12:00
O036844,U213,76,5,2026-08-19 16:39:00
O036837,U471,37,5,2026-08-19 16:55:00
O036829,U360,88,3,2026-08-19 16:59:00
O036831,U367,102,5,2026-08-19 17:17:00
O036860,U265,37,3,2026-08-19 17:21:00
O036843,U290,98,5,2026-08-19 17:47:00
O036862,U406,18,3,2026-08-19 17:59:00
O036861,U426,98,4,2026-08-19 18:50:00
O036861,U426,76,5,2026-08-19 18:52:00
O036873,U068,75,5,2026-08-19 18:54:00
O036863,U394,39,4,2026-08-19 18:57:00
O036867,U017,97,3,2026-08-19 18:57:00
O036864,U189,66,3,2026-08-19 18:59:00
O036877,U138,79,3,2026-08-19 19:31:00
O036858,U058,31,4,2026-08-19 19:37:00
O036868,U056,51,3,2026-08-19 20:10:00
O036870,U056,72,2,2026-08-19 20:39:00
O036886,U285,29,4,2026-08-19 20:54:00
O036873,U068,98,4,2026-08-19 21:14:00
O036884,U426,76,5,2026-08-19 21:33:00
O036879,U156,46,3,2026-08-19 21:44:00
O036876,U404,1,5,2026-08-19 21:46:00
O036878,U485,75,2,2026-08-19 21:49:00
O036888,U087,102,4,2026-08-19 22:33:00
O036883,U240,8,5,2026-08-19 23:06:00
O036890,U447,12,4,2026-08-20 00:30:00
O036893,U449,41,3,2026-08-20 07:38:00
O036891,U130,7,5,2026-08-20 07:55:00
O036901,U204,102,4,2026-08-20 08:03:00
O036900,U122,10,3,2026-08-20 08:47:00
O036915,U402,3,4,2026-08-20 09:29:00
O036904,U127,33,3,2026-08-20 09:31:00
O036905,U360,101,5,2026-08-20 09:41:00
O036918,U274,98,4,2026-08-20 09:48:00
O036928,U240,8,5,2026-08-20 09:48:00
O036906,U455,5,3,2026-08-20 09:54:00
O036905,U360,8,4,2026-08-20 09:56:00
O036927,U083,46,2,2026-08-20 10:19:00
O036919,U328,6,5,2026-08-20 10:38:00
O036916,U421,37,5,2026-08-20 11:31:00
O036932,U148,101,5,2026-08-20 11:52:00
O036937,U128,47,3,2026-08-20 12:08:00
O036930,U166,100,4,2026-08-20 12:12:00
O036936,U198,11,4,2026-08-20 12:15:00
O036934,U376,76,5,2026-08-20 12:42:00
O036936,U198,98,4,2026-08-20 13:07:00
O036942,U150,16,5,2026-08-20 13:25:00
O036953,U004,56,3,2026-08-20 13:27:00
O036953,U004,100,5,2026-08-20 13:48:00
O036952,U124,41,4,2026-08-20 14:12:00
O036950,U239,24,4,2026-08-20 14:56:00
O036961,U028,91,4,2026-08-20 14:56:00
O036947,U106,85,5,2026-08-20 14:58:00
O036957,U147,5,5,2026-08-20 15:37:00
O036949,U160,43,4,2026-08-20 15:50:00
O036956,U248,45,4,2026-08-20 15:51:00
O036959,U057,70,3,2026-08-20 15:55:00
O036963,U091,74,3,2026-08-20 15:58:00
O036962,U419,62,2,2026-08-20 16:24:00
O036976,U206,64,4,2026-08-20 17:17:00
O036969,U433,76,3,2026-08-20 17:25:00
O036981,U464,98,4,2026-08-20 17:36:00
O036970,U048,101,4,2026-08-20 17:44:00
O036965,U267,2,4,2026-08-20 17:51:00
O036971,U275,100,4,2026-08-20 17:52:00
O036976,U206,8,3,2026-08-20 17:55:00
O036974,U225,21,1,2026-08-20 17:56:00
O036976,U206,100,4,2026-08-20 18:03:00
O036981,U464,64,3,2026-08-20 18:14:00
O036982,U026,59,5,2026-08-20 18:51:00
O036977,U050,39,4,2026-08-20 19:02:00
O036997,U138,54,4,2026-08-20 20:23:00
O036996,U138,68,3,2026-08-20 20:47:00
O036999,U058,101,5,2026-08-20 21:25:00
O037002,U213,96,3,2026-08-20 21:31:00
O036995,U406,23,5,2026-08-20 21:33:00
O037001,U218,100,4,2026-08-20 21:34:00
O037001,U218,60,2,2026-08-20 22:22:00
O037005,U411,77,5,2026-08-21 00:31:00
O037010,U055,82,4,2026-08-21 07:15:00
O037016,U284,80,4,2026-08-21 08:24:00
O037030,U127,33,3,2026-08-21 08:59:00
O037029,U226,100,3,2026-08-21 09:03:00
O037025,U293,27,3,2026-08-21 09:06:00
O037024,U058,28,5,2026-08-21 09:10:00
O037011,U165,77,4,2026-08-21 09:23:00
O037022,U055,6,4,2026-08-21 09:26:00
O037017,U080,99,4,2026-08-21 09:27:00
O037011,U165,101,4,2026-08-21 09:27:00
O037027,U267,6,5,2026-08-21 09:35:00
O037038,U099,101,3,2026-08-21 10:02:00
O037038,U099,15,3,2026-08-21 10:08:00
O037021,U293,31,4,2026-08-21 10:23:00
O037037,U456,75,4,2026-08-21 10:41:00
O037025,U293,100,4,2026-08-21 10:45:00
O037026,U301,8,3,2026-08-21 11:05:00
O037032,U098,78,2,2026-08-21 11:31:00
O037045,U128,71,4,2026-08-21 13:16:00
O037048,U050,93,3,2026-08-21 13:18:00
O037046,U171,61,4,2026-08-21 13:22:00
O037050,U468,22,4,2026-08-21 13:55:00
O037056,U369,100,4,2026-08-21 14:18:00
O037052,U446,40,5,2026-08-21 14:28:00
O037055,U022,19,4,2026-08-21 14:47:00
O037071,U413,28,3,2026-08-21 15:17:00
O037082,U456,95,3,2026-08-21 15:30:00
O037071,U413,100,5,2026-08-21 15:34:00
O037075,U338,74,3,2026-08-21 15:47:00
O037079,U483,43,4,2026-08-21 16:02:00
O037071,U413,98,4,2026-08-21 16:21:00
O037090,U256,6,4,2026-08-21 16:23:00
O037090,U256,100,4,2026-08-21 16:29:00
O037084,U088,27,5,2026-08-21 16:30:00
O037073,U141,84,4,2026-08-21 16:33:00
O037086,U068,100,4,2026-08-21 16:38:00
O037066,U358,78,3,2026-08-21 16:39:00
O037068,U167,76,1,2026-08-21 16:43:00
O037093,U022,46,2,2026-08-21 16:54:00
O037082,U456,71,4,2026-08-21 17:09:00
O037097,U407,15,4,2026-08-21 17:18:00
O037086,U068,73,5,2026-08-21 17:22:00
O037097,U407,63,3,2026-08-21 17:41:00
O037085,U089,16,3,2026-08-21 17:56:00
O037099,U375,102,5,2026-08-21 17:57:00
O037099,U375,24,4,2026-08-21 18:27:00
O037091,U049,69,5,2026-08-21 18:38:00
O037101,U428,7,4,2026-08-21 19:10:00
O037110,U002,78,3,2026-08-21 20:17:00
O037119,U168,81,5,2026-08-21 20:26:00
O037124,U248,49,5,2026-08-21 21:18:00
O037119,U168,80,4,2026-08-21 23:06:00
O037122,U075,101,4,2026-08-21 23:14:00
O037125,U317,26,2,2026-08-21 23:47:00
O037136,U031,79,3,2026-08-22 08:27:00
O037133,U479,5,4,2026-08-22 08:30:00
O037132,U356,102,4,2026-08-22 08:48:00
O037137,U202,81,2,2026-08-22 09:34:00
O037140,U277,54,3,2026-08-22 09:59:00
O037141,U433,100,3,2026-08-22 10:03:00
O037148,U374,38,4,2026-08-22 10:05:00
O037153,U124,49,3,2026-08-22 10:20:00
O037152,U468,16,3,2026-08-22 10:30:00
O037146,U455,101,4,2026-08-22 10:31:00
O037145,U272,88,4,2026-08-22 10:44:00
O037157,U250,64,5,2026-08-22 10:49:00
O037157,U250,75,5,2026-08-22 11:00:00
O037152,U468,19,4,2026-08-22 11:09:00
O037156,U413,32,3,2026-08-22 11:31:00
O037160,U093,45,5,2026-08-22 11:56:00
O037154,U351,7,2,2026-08-22 12:17:00
O037168,U265,78,5,2026-08-22 12:31:00
O037162,U463,46,3,2026-08-22 13:15:00
O037159,U355,30,4,2026-08-22 13:28:00
O037169,U184,54,3,2026-08-22 13:54:00
O037162,U463,101,5,2026-08-22 13:57:00
O037175,U098,87,2,2026-08-22 14:12:00
O037170,U207,27,3,2026-08-22 14:41:00
O037168,U265,97,2,2026-08-22 14:43:00
O037178,U333,38,4,2026-08-22 14:50:00
O037183,U455,20,3,2026-08-22 16:25:00
O037200,U295,68,4,2026-08-22 16:33:00
O037203,U419,25,4,2026-08-22 16:49:00
O037195,U344,86,3,2026-08-22 16:59:00
O037189,U431,1,5,2026-08-22 17:02:00
O037183,U455,23,3,2026-08-22 17:04:00
O037182,U457,38,3,2026-08-22 17:27:00
O037207,U469,14,4,2026-08-22 17:38:00
O037220,U218,101,4,2026-08-22 17:46:00
O037196,U447,14,5,2026-08-22 17:46:00
O037223,U439,15,3,2026-08-22 18:05:00
O037205,U233,33,5,2026-08-22 18:15:00
O037219,U168,77,3,2026-08-22 18:20:00
O037207,U469,85,3,2026-08-22 18:20:00
O037230,U039,7,3,2026-08-22 18:21:00
O037228,U108,30,3,2026-08-22 18:47:00
O037199,U095,28,2,2026-08-22 18:49:00
O037202,U196,91,3,2026-08-22 19:00:00
O037229,U009,61,3,2026-08-22 19:07:00
O037210,U328,102,4,2026-08-22 19:18:00
O037221,U016,35,2,2026-08-22 19:21:00
O037227,U250,77,5,2026-08-22 19:38:00
O037237,U315,101,3,2026-08-22 19:48:00
O037232,U411,58,4,2026-08-22 19:51:00
O037237,U315,40,3,2026-08-22 20:17:00
O037233,U148,84,5,2026-08-22 20:19:00
O037226,U308,44,5,2026-08-22 20:25:00
O037242,U248,102,4,2026-08-22 22:34:00
O037243,U456,80,4,2026-08-22 23:25:00
O037247,U317,37,3,2026-08-23 00:34:00
O037250,U314,98,3,2026-08-23 07:44:00
O037254,U226,50,2,2026-08-23 08:54:00
O037251,U197,101,4,2026-08-23 09:07:00
O037256,U108,35,3,2026-08-23 10:06:00
O037268,U139,35,4,2026-08-23 10:42:00
O037267,U218,20,3,2026-08-23 10:57:00
O037265,U401,46,3,2026-08-23 10:59:00
O037277,U434,9,2,2026-08-23 11:28:00
O037282,U379,101,4,2026-08-23 11:29:00
O037261,U245,31,4,2026-08-23 11:40:00
O037263,U494,101,4,2026-08-23 11:56:00
O037285,U003,18,4,2026-08-23 11:58:00
O037273,U451,7,5,2026-08-23 12:15:00
O037280,U449,80,3,2026-08-23 12:17:00
O037282,U379,40,3,2026-08-23 12:22:00
O037272,U319,41,3,2026-08-23 12:50:00
O037284,U425,77,5,2026-08-23 12:51:00
O037264,U474,60,4,2026-08-23 12:55:00
O037286,U164,101,5,2026-08-23 13:15:00
O037272,U319,6,4,2026-08-23 13:25:00
O037280,U449,6,4,2026-08-23 13:38:00
O037289,U102,102,4,2026-08-23 13:45:00
O037288,U246,75,3,2026-08-23 14:00:00
O037303,U091,82,4,2026-08-23 15:11:00
O037295,U048,81,4,2026-08-23 15:16:00
O037299,U148,84,5,2026-08-23 15:33:00
O037292,U318,59,3,2026-08-23 16:11:00
O037294,U285,29,5,2026-08-23 16:11:00
O037291,U458,32,4,2026-08-23 16:13:00
O037292,U318,26,4,2026-08-23 16:42:00
O037302,U181,82,3,2026-08-23 16:52:00
O037310,U482,64,4,2026-08-23 16:59:00
O037296,U240,8,4,2026-08-23 17:09:00
O037306,U324,30,3,2026-08-23 17:10:00
O037311,U314,2,5,2026-08-23 17:19:00
O037310,U482,47,3,2026-08-23 17:30:00
O037325,U443,77,5,2026-08-23 17:31:00
O037307,U072,8,2,2026-08-23 17:51:00
O037307,U072,53,3,2026-08-23 18:00:00
O037324,U440,5,3,2026-08-23 18:06:00
O037332,U449,80,2,2026-08-23 18:07:00
O037316,U498,60,3,2026-08-23 18:16:00
O037312,U335,11,3,2026-08-23 18:21:00
O037320,U139,68,3,2026-08-23 18:46:00
O037341,U284,101,3,2026-08-23 18:58:00
O037318,U171,61,3,2026-08-23 18:58:00
O037340,U438,93,2,2026-08-23 19:03:00
O037321,U453,34,5,2026-08-23 19:10:00
O037338,U276,101,2,2026-08-23 19:58:00
O037331,U308,91,5,2026-08-23 19:59:00
O037342,U091,76,4,2026-08-23 20:01:00
O037343,U340,15,3,2026-08-23 20:03:00
O037335,U283,36,3,2026-08-23 20:04:00
O037350,U409,99,5,2026-08-23 20:16:00
O037344,U169,26,5,2026-08-23 20:24:00
O037330,U068,78,5,2026-08-23 20:25:00
O037339,U463,85,4,2026-08-23 20:30:00
O037339,U463,51,4,2026-08-23 20:32:00
O037350,U409,54,3,2026-08-23 20:33:00
O037358,U216,69,4,2026-08-23 20:47:00
O037352,U496,96,3,2026-08-23 20:47:00
O037343,U340,23,3,2026-08-23 20:48:00
O037357,U095,95,3,2026-08-23 20:50:00
O037341,U284,77,3,2026-08-23 21:13:00
O037345,U297,14,5,2026-08-23 21:30:00
O037356,U093,52,4,2026-08-23 21:42:00
O037360,U218,101,4,2026-08-23 21:52:00
O037362,U083,69,3,2026-08-23 22:39:00
O037361,U239,24,4,2026-08-23 23:04:00
O037364,U351,71,4,2026-08-23 23:38:00
O037367,U215,90,4,2026-08-24 07:10:00
O037369,U006,92,4,2026-08-24 07:23:00
O037371,U463,101,3,2026-08-24 07:51:00
O037368,U038,11,2,2026-08-24 08:25:00
O037371,U463,90,3,2026-08-24 08:55:00
O037380,U326,11,5,2026-08-24 08:57:00
O037390,U139,7,5,2026-08-24 09:16:00
O037405,U132,2,5,2026-08-24 09:26:00
O037395,U165,69,3,2026-08-24 09:29:00
O037403,U325,97,3,2026-08-24 09:39:00
O037370,U419,66,4,2026-08-24 09:51:00
O037389,U276,28,5,2026-08-24 09:56:00
O037391,U089,82,3,2026-08-24 09:59:00
O037415,U022,6,4,2026-08-24 10:01:00
O037397,U392,86,4,2026-08-24 10:01:00
O037412,U277,101,3,2026-08-24 10:07:00
O037393,U137,101,4,2026-08-24 10:18:00
O037378,U455,15,4,2026-08-24 10:21:00
O037381,U301,19,3,2026-08-24 10:33:00
O037379,U451,19,3,2026-08-24 10:34:00
O037382,U267,100,3,2026-08-24 10:43:00
O037407,U370,41,3,2026-08-24 10:46:00
O037392,U024,87,4,2026-08-24 10:47:00
O037409,U404,102,5,2026-08-24 10:51:00
O037386,U392,1,4,2026-08-24 10:53:00
O037384,U068,100,4,2026-08-24 11:00:00
O037419,U128,99,3,2026-08-24 11:02:00
O037409,U404,7,4,2026-08-24 11:15:00
O037395,U165,100,4,2026-08-24 11:31:00
O037394,U011,22,3,2026-08-24 11:44:00
O037414,U345,7,3,2026-08-24 11:54:00
O037417,U164,6,4,2026-08-24 12:48:00
O037423,U150,95,2,2026-08-24 13:02:00
O037427,U165,101,4,2026-08-24 13:37:00
O037432,U303,7,3,2026-08-24 13:51:00
O037427,U165,73,4,2026-08-24 13:55:00
O037432,U303,95,4,2026-08-24 13:56:00
O037425,U492,89,3,2026-08-24 13:57:00
O037429,U249,43,5,2026-08-24 14:32:00
O037435,U469,12,4,2026-08-24 14:54:00
O037441,U374,100,2,2026-08-24 15:02:00
O037427,U165,71,4,2026-08-24 15:09:00
O037434,U066,22,5,2026-08-24 15:09:00
O037440,U063,102,3,2026-08-24 15:10:00
O037434,U066,14,4,2026-08-24 15:16:00
O037431,U169,100,4,2026-08-24 15:19:00
O037430,U063,93,3,2026-08-24 15:31:00
O037454,U380,12,3,2026-08-24 15:42:00
O037426,U034,76,3,2026-08-24 15:42:00
O037442,U178,27,4,2026-08-24 15:44:00
O037439,U299,6,5,2026-08-24 15:51:00
O037445,U148,71,3,2026-08-24 16:22:00
O037464,U293,101,4,2026-08-24 16:39:00
O037458,U166,102,4,2026-08-24 16:48:00
O037440,U063,42,5,2026-08-24 17:01:00
O037472,U372,68,5,2026-08-24 17:07:00
O037458,U166,45,3,2026-08-24 18:05:00
O037476,U010,101,3,2026-08-24 18:11:00
O037470,U378,100,3,2026-08-24 19:01:00
O037467,U196,27,4,2026-08-24 19:04:00
O037485,U059,92,2,2026-08-24 20:46:00
O037482,U214,92,4,2026-08-24 21:16:00
O037480,U097,82,4,2026-08-24 21:28:00
O037489,U205,28,5,2026-08-24 22:30:00
O037494,U023,39,2,2026-08-24 23:18:00
O037491,U121,71,3,2026-08-24 23:29:00
O037493,U095,26,4,2026-08-25 00:19:00
O037493,U095,58,4,2026-08-25 00:38:00
O037503,U165,98,3,2026-08-25 07:35:00
O037507,U215,86,5,2026-08-25 07:43:00
O037504,U127,52,3,2026-08-25 08:35:00
O037504,U127,100,3,2026-08-25 08:58:00
O037517,U252,13,1,2026-08-25 09:03:00
O037519,U433,82,3,2026-08-25 09:20:00
O037522,U312,101,4,2026-08-25 09:20:00
O037515,U164,33,4,2026-08-25 09:43:00
O037505,U226,87,3,2026-08-25 09:59:00
O037511,U024,87,4,2026-08-25 10:19:00
O037528,U080,5,5,2026-08-25 10:29:00
O037540,U216,36,4,2026-08-25 11:23:00
O037530,U437,94,5,2026-08-25 11:25:00
O037529,U480,2,4,2026-08-25 11:28:00
O037534,U274,90,4,2026-08-25 11:52:00
O037532,U183,52,3,2026-08-25 11:55:00
O037546,U405,89,1,2026-08-25 13:09:00
O037553,U184,54,5,2026-08-25 13:29:00
O037538,U101,90,5,2026-08-25 13:46:00
O037546,U405,15,5,2026-08-25 14:01:00
O037547,U475,82,3,2026-08-25 14:06:00
O037550,U313,81,4,2026-08-25 14:16:00
O037558,U406,15,3,2026-08-25 14:55:00
O037561,U093,90,2,2026-08-25 15:09:00
O037549,U197,74,2,2026-08-25 15:11:00
O037579,U033,2,3,2026-08-25 15:25:00
O037558,U406,101,3,2026-08-25 15:45:00
O037571,U379,101,3,2026-08-25 15:55:00
O037558,U406,23,4,2026-08-25 16:08:00
O037581,U434,101,5,2026-08-25 16:18:00
O037555,U149,6,4,2026-08-25 16:21:00
O037560,U494,28,2,2026-08-25 16:33:00
O037569,U328,1,4,2026-08-25 16:35:00
O037572,U024,101,3,2026-08-25 17:01:00
O037600,U285,7,2,2026-08-25 17:23:00
O037603,U058,85,2,2026-08-25 17:30:00
O037578,U048,41,4,2026-08-25 17:52:00
O037592,U198,54,4,2026-08-25 18:01:00
O037598,U058,82,2,2026-08-25 18:06:00
O037583,U453,15,4,2026-08-25 18:16:00
O037594,U298,55,4,2026-08-25 18:19:00
O037604,U138,77,2,2026-08-25 18:33:00
O037589,U127,90,4,2026-08-25 18:44:00
O037591,U102,12,3,2026-08-25 18:57:00
O037602,U333,34,4,2026-08-25 19:11:00
O037607,U025,1,3,2026-08-25 19:57:00
O037609,U402,3,5,2026-08-25 20:16:00
O037615,U149,101,3,2026-08-25 20:23:00
O037618,U435,9,4,2026-08-25 20:35:00
O037609,U402,35,3,2026-08-25 20:49:00
O037621,U218,80,5,2026-08-25 20:50:00
O037613,U102,15,2,2026-08-25 20:58:00
O037625,U473,95,4,2026-08-25 21:15:00
O037618,U435,89,1,2026-08-25 21:20:00
O037616,U089,19,5,2026-08-25 21:53:00
O037621,U218,99,4,2026-08-25 21:55:00
O037619,U374,30,2,2026-08-25 22:18:00
O037622,U440,100,4,2026-08-25 22:35:00
O037633,U142,7,5,2026-08-26 07:30:00
O037638,U369,7,4,2026-08-26 08:03:00
O037648,U382,102,3,2026-08-26 08:46:00
O037637,U455,15,4,2026-08-26 09:02:00
O037652,U416,48,3,2026-08-26 09:05:00
O037640,U127,33,2,2026-08-26 09:32:00
O037633,U142,2,5,2026-08-26 09:39:00
O037655,U032,98,4,2026-08-26 09:40:00
O037644,U085,7,5,2026-08-26 09:46:00
O037657,U086,22,4,2026-08-26 09:50:00
O037645,U475,32,3,2026-08-26 10:02:00
O037635,U278,75,4,2026-08-26 10:03:00
O037661,U014,31,5,2026-08-26 10:13:00
O037650,U206,29,3,2026-08-26 10:32:00
O037655,U032,10,4,2026-08-26 10:40:00
O037651,U211,14,4,2026-08-26 10:46:00
O037647,U166,13,4,2026-08-26 10:52:00
O037668,U319,101,4,2026-08-26 11:08:00
O037654,U464,64,4,2026-08-26 11:49:00
O037678,U413,95,2,2026-08-26 11:57:00
O037671,U083,8,4,2026-08-26 12:22:00
O037676,U101,52,4,2026-08-26 13:14:00
O037675,U351,101,3,2026-08-26 13:32:00
O037690,U343,101,3,2026-08-26 13:36:00
O037681,U441,25,4,2026-08-26 14:05:00
O037690,U343,34,1,2026-08-26 14:15:00
O037691,U419,66,3,2026-08-26 14:36:00
O037685,U322,84,3,2026-08-26 14:41:00
O037702,U461,33,3,2026-08-26 14:47:00
O037683,U206,102,4,2026-08-26 15:08:00
O037686,U277,89,3,2026-08-26 15:14:00
O037690,U343,23,2,2026-08-26 15:14:00
O037704,U278,89,5,2026-08-26 15:33:00
O037702,U461,100,4,2026-08-26 15:39:00
O037684,U005,5,5,2026-08-26 15:40:00
O037693,U354,7,4,2026-08-26 16:13:00
O037715,U116,43,3,2026-08-26 16:41:00
O037708,U293,8,2,2026-08-26 17:00:00
O037703,U035,3,2,2026-08-26 17:05:00
O037698,U028,64,3,2026-08-26 17:10:00
O037718,U411,81,5,2026-08-26 17:16:00
O037703,U035,38,4,2026-08-26 17:19:00
O037714,U375,18,5,2026-08-26 17:54:00
O037725,U221,76,4,2026-08-26 17:57:00
O037705,U275,13,5,2026-08-26 18:02:00
O037709,U221,10,3,2026-08-26 18:09:00
O037729,U150,95,2,2026-08-26 18:43:00
O037719,U135,102,4,2026-08-26 18:47:00
O037727,U171,61,3,2026-08-26 19:07:00
O037726,U165,73,4,2026-08-26 19:13:00
O037733,U227,101,5,2026-08-26 19:30:00
O037730,U432,87,3,2026-08-26 19:43:00
O037734,U207,59,2,2026-08-26 20:19:00
O037741,U250,56,4,2026-08-26 20:30:00
O037730,U432,36,3,2026-08-26 20:36:00
O037738,U189,42,3,2026-08-26 20:43:00
O037737,U478,8,4,2026-08-26 20:52:00
O037738,U189,96,5,2026-08-26 21:21:00
O037750,U102,20,4,2026-08-26 21:22:00
O037740,U500,91,4,2026-08-26 21:40:00
O037736,U271,15,5,2026-08-26 21:56:00
O037751,U128,45,4,2026-08-26 22:06:00
O037739,U458,91,5,2026-08-26 22:18:00
O037752,U049,84,4,2026-08-26 22:32:00
O037746,U411,79,5,2026-08-26 22:41:00
O037748,U184,7,5,2026-08-26 22:51:00
O037755,U025,11,3,2026-08-27 06:49:00
O037763,U256,6,4,2026-08-27 07:50:00
O037768,U275,13,5,2026-08-27 07:54:00
O037766,U025,2,5,2026-08-27 08:08:00
O037776,U369,101,5,2026-08-27 08:29:00
O037776,U369,6,5,2026-08-27 08:58:00
O037790,U238,6,5,2026-08-27 09:28:00
O037780,U058,27,5,2026-08-27 09:32:00
O037770,U137,2,4,2026-08-27 09:37:00
O037757,U388,58,4,2026-08-27 09:45:00
O037786,U464,6,4,2026-08-27 09:45:00
O037759,U006,40,4,2026-08-27 09:47:00
O037808,U333,50,3,2026-08-27 09:51:00
O037764,U310,83,5,2026-08-27 10:07:00
O037804,U410,6,2,2026-08-27 10:09:00
O037810,U180,62,3,2026-08-27 10:20:00
O037785,U306,62,3,2026-08-27 10:22:00
O037814,U039,9,4,2026-08-27 10:49:00
O037776,U369,82,2,2026-08-27 10:53:00
O037780,U058,100,4,2026-08-27 11:01:00
O037781,U072,8,3,2026-08-27 11:01:00
O037783,U005,5,5,2026-08-27 11:06:00
O037788,U293,73,3,2026-08-27 11:25:00
O037813,U005,5,5,2026-08-27 11:30:00
O037796,U479,5,5,2026-08-27 11:37:00
O037809,U245,2,5,2026-08-27 11:38:00
O037796,U479,9,2,2026-08-27 11:47:00
O037819,U208,21,5,2026-08-27 11:49:00
O037801,U083,32,2,2026-08-27 11:55:00
O037802,U213,76,5,2026-08-27 12:04:00
O037822,U451,7,5,2026-08-27 12:06:00
O037817,U056,102,3,2026-08-27 12:45:00
O037818,U412,101,4,2026-08-27 13:00:00
O037831,U189,2,5,2026-08-27 13:25:00
O037829,U128,71,3,2026-08-27 13:25:00
O037817,U056,37,2,2026-08-27 13:31:00
O037819,U208,13,3,2026-08-27 13:38:00
O037819,U208,15,3,2026-08-27 14:14:00
O037833,U049,84,3,2026-08-27 14:17:00
O037822,U451,31,2,2026-08-27 14:22:00
O037822,U451,5,3,2026-08-27 14:34:00
O037830,U246,102,4,2026-08-27 14:37:00
O037823,U048,81,3,2026-08-27 14:51:00
O037827,U273,2,4,2026-08-27 14:55:00
O037831,U189,7,5,2026-08-27 14:59:00
O037846,U293,101,3,2026-08-27 15:05:00
O037839,U206,75,3,2026-08-27 15:53:00
O037847,U272,3,4,2026-08-27 16:09:00
O037861,U229,68,4,2026-08-27 16:15:00
O037848,U035,41,4,2026-08-27 16:19:00
O037856,U467,75,4,2026-08-27 16:39:00
O037846,U293,93,2,2026-08-27 16:46:00
O037856,U467,88,4,2026-08-27 17:02:00
O037871,U404,59,2,2026-08-27 17:31:00
O037871,U404,51,2,2026-08-27 17:31:00
O037856,U467,89,4,2026-08-27 17:47:00
O037872,U135,84,1,2026-08-27 17:59:00
O037866,U275,33,4,2026-08-27 18:18:00
O037871,U404,6,3,2026-08-27 18:25:00
O037864,U124,96,4,2026-08-27 19:00:00
O037876,U438,93,3,2026-08-27 19:58:00
O037877,U383,94,3,2026-08-27 20:13:00
O037881,U242,58,3,2026-08-27 21:08:00
O037882,U196,100,4,2026-08-27 21:28:00
O037885,U312,94,3,2026-08-27 21:34:00
O037884,U453,36,4,2026-08-27 21:49:00
O037888,U426,82,3,2026-08-27 22:08:00
O037880,U225,92,4,2026-08-27 22:19:00
O037885,U312,100,4,2026-08-27 22:55:00
O037886,U248,45,4,2026-08-27 22:57:00
O037887,U435,6,5,2026-08-27 23:23:00
O037890,U130,7,5,2026-08-28 07:50:00
O037898,U137,2,5,2026-08-28 08:30:00
O037901,U144,78,5,2026-08-28 08:30:00
O037892,U370,27,2,2026-08-28 08:32:00
O037903,U335,4,5,2026-08-28 08:33:00
O037894,U164,2,4,2026-08-28 08:59:00
O037911,U360,101,5,2026-08-28 09:37:00
O037912,U278,13,3,2026-08-28 09:41:00
O037917,U458,32,3,2026-08-28 09:45:00
O037909,U068,75,4,2026-08-28 09:53:00
O037908,U374,30,3,2026-08-28 10:02:00
O037914,U184,101,4,2026-08-28 10:02:00
O037911,U360,86,3,2026-08-28 10:41:00
O037911,U360,5,4,2026-08-28 10:42:00
O037907,U268,101,3,2026-08-28 11:11:00
O037915,U135,101,4,2026-08-28 11:34:00
O037920,U463,83,4,2026-08-28 11:42:00
O037932,U392,100,3,2026-08-28 12:51:00
O037924,U067,100,5,2026-08-28 12:53:00
O037935,U234,100,4,2026-08-28 13:33:00
O037938,U037,22,3,2026-08-28 13:54:00
O037935,U234,36,5,2026-08-28 13:59:00
O037932,U392,1,4,2026-08-28 14:41:00
O037940,U389,27,4,2026-08-28 14:56:00
O037952,U024,89,4,2026-08-28 15:13:00
O037944,U344,98,3,2026-08-28 15:20:00
O037935,U234,54,4,2026-08-28 15:25:00
O037950,U240,60,4,2026-08-28 15:41:00
O037937,U248,45,4,2026-08-28 15:54:00
O037936,U206,92,2,2026-08-28 15:57:00
O037947,U374,30,2,2026-08-28 16:04:00
O037950,U240,99,5,2026-08-28 16:33:00
O037944,U344,68,2,2026-08-28 16:44:00
O037968,U419,55,3,2026-08-28 16:47:00
O037948,U083,90,2,2026-08-28 16:58:00
O037960,U057,89,5,2026-08-28 17:15:00
O037961,U411,63,4,2026-08-28 17:29:00
O037948,U083,101,3,2026-08-28 17:35:00
O037948,U083,8,5,2026-08-28 17:36:00
O037960,U057,85,5,2026-08-28 17:59:00
O037974,U273,5,4,2026-08-28 18:06:00
O037970,U224,26,4,2026-08-28 18:08:00
O037969,U349,11,4,2026-08-28 18:08:00
O037972,U020,39,1,2026-08-28 18:21:00
O037978,U063,48,4,2026-08-28 19:12:00
O037975,U443,102,5,2026-08-28 19:33:00
O037987,U271,30,3,2026-08-28 19:35:00
O037983,U033,101,2,2026-08-28 20:23:00
O037982,U303,91,3,2026-08-28 20:26:00
O037997,U259,48,3,2026-08-28 21:19:00
O037995,U367,53,5,2026-08-28 22:19:00
O037999,U125,82,3,2026-08-28 22:48:00
O038000,U474,53,5,2026-08-28 23:08:00
O038003,U049,84,3,2026-08-29 00:05:00
O038005,U031,89,4,2026-08-29 08:33:00
O038006,U226,101,4,2026-08-29 08:36:00
O038009,U237,92,3,2026-08-29 08:52:00
O038018,U396,2,4,2026-08-29 10:08:00
O038010,U031,2,3,2026-08-29 10:25:00
O038021,U312,22,4,2026-08-29 10:30:00
O038015,U275,60,4,2026-08-29 10:56:00
O038020,U285,26,2,2026-08-29 11:08:00
O038025,U331,11,3,2026-08-29 11:22:00
O038027,U004,86,3,2026-08-29 11:36:00
O038024,U370,23,2,2026-08-29 11:46:00
O038028,U117,15,5,2026-08-29 13:07:00
O038036,U446,39,4,2026-08-29 13:08:00
O038033,U168,82,5,2026-08-29 13:12:00
O038029,U329,19,4,2026-08-29 14:03:00
O038031,U320,68,3,2026-08-29 14:17:00
O038042,U411,102,5,2026-08-29 14:22:00
O038046,U091,75,4,2026-08-29 14:43:00
O038044,U227,35,3,2026-08-29 14:50:00
O038037,U028,101,4,2026-08-29 15:13:00
O038038,U086,22,4,2026-08-29 15:27:00
O038057,U440,30,3,2026-08-29 15:35:00
O038052,U217,102,5,2026-08-29 15:37:00
O038050,U259,74,2,2026-08-29 16:40:00
O038065,U375,13,4,2026-08-29 17:13:00
O038052,U217,63,3,2026-08-29 17:19:00
O038053,U421,91,5,2026-08-29 17:46:00
O038063,U267,7,3,2026-08-29 17:53:00
O038062,U194,69,3,2026-08-29 18:07:00
O038069,U370,6,5,2026-08-29 18:10:00
O038083,U384,92,4,2026-08-29 18:13:00
O038079,U071,76,4,2026-08-29 18:18:00
O038085,U040,61,4,2026-08-29 18:55:00
O038064,U198,54,5,2026-08-29 19:04:00
O038082,U071,90,4,2026-08-29 19:43:00
O038078,U229,100,3,2026-08-29 19:59:00
O038077,U392,92,4,2026-08-29 20:06:00
O038095,U432,54,4,2026-08-29 21:41:00
O038102,U095,34,3,2026-08-29 22:00:00
O038095,U432,101,4,2026-08-29 22:30:00
O038097,U259,41,4,2026-08-29 23:25:00
O038106,U498,11,3,2026-08-30 07:42:00
O038107,U011,50,3,2026-08-30 09:49:00
O038112,U025,102,2,2026-08-30 10:34:00
O038119,U299,87,2,2026-08-30 10:50:00
O038116,U428,40,2,2026-08-30 11:05:00
O038124,U493,59,4,2026-08-30 12:03:00
O038135,U376,101,4,2026-08-30 12:20:00
O038127,U446,44,3,2026-08-30 12:22:00
O038129,U333,72,4,2026-08-30 12:40:00
O038130,U067,1,3,2026-08-30 13:42:00
O038140,U360,6,4,2026-08-30 14:38:00
O038150,U372,68,4,2026-08-30 14:51:00
O038158,U274,63,4,2026-08-30 15:05:00
O038159,U184,54,5,2026-08-30 15:24:00
O038161,U315,100,3,2026-08-30 15:45:00
O038157,U201,15,5,2026-08-30 15:48:00
O038161,U315,31,3,2026-08-30 15:49:00
O038162,U025,23,4,2026-08-30 15:56:00
O038168,U458,60,4,2026-08-30 16:00:00
O038152,U138,101,3,2026-08-30 16:07:00
O038178,U412,6,5,2026-08-30 16:24:00
O038143,U319,8,4,2026-08-30 16:28:00
O038149,U382,101,3,2026-08-30 16:35:00
O038154,U265,74,4,2026-08-30 16:37:00
O038152,U138,5,3,2026-08-30 16:43:00
O038161,U315,56,3,2026-08-30 16:46:00
O038155,U109,1,5,2026-08-30 16:48:00
O038165,U449,84,3,2026-08-30 16:48:00
O038146,U196,27,5,2026-08-30 16:53:00
O038177,U478,70,3,2026-08-30 17:07:00
O038170,U277,100,3,2026-08-30 17:23:00
O038163,U299,96,3,2026-08-30 17:36:00
O038160,U326,90,2,2026-08-30 17:44:00
O038201,U248,43,4,2026-08-30 17:59:00
O038182,U372,62,4,2026-08-30 18:03:00
O038165,U449,62,3,2026-08-30 18:16:00
O038199,U218,33,3,2026-08-30 18:23:00
O038195,U459,67,3,2026-08-30 18:24:00
O038191,U213,76,5,2026-08-30 18:30:00
O038175,U474,80,4,2026-08-30 18:46:00
O038198,U058,29,3,2026-08-30 19:23:00
O038205,U463,84,4,2026-08-30 19:29:00
O038204,U433,75,2,2026-08-30 19:42:00
O038185,U063,100,4,2026-08-30 19:50:00
O038194,U153,46,3,2026-08-30 20:04:00
O038210,U464,73,3,2026-08-30 20:13:00
O038193,U435,32,2,2026-08-30 20:15:00
O038208,U265,102,4,2026-08-30 20:29:00
O038207,U196,27,5,2026-08-30 20:29:00
O038208,U265,37,4,2026-08-30 20:58:00
O038220,U058,34,5,2026-08-30 21:36:00
O038220,U058,3,4,2026-08-30 21:41:00
O038214,U040,60,4,2026-08-30 21:43:00
O038218,U351,54,3,2026-08-30 22:50:00
O038223,U303,78,5,2026-08-30 22:54:00
O038215,U175,82,4,2026-08-30 23:01:00
O038221,U214,42,4,2026-08-30 23:19:00
O038223,U303,101,4,2026-08-30 23:50:00
O038226,U163,65,4,2026-08-31 07:34:00
O038227,U200,65,2,2026-08-31 07:40:00
O038228,U123,80,4,2026-08-31 07:57:00
O038234,U321,83,5,2026-08-31 07:59:00
O038238,U296,100,4,2026-08-31 08:09:00
O038233,U058,98,3,2026-08-31 08:13:00
O038239,U229,10,4,2026-08-31 08:32:00
O038247,U150,64,2,2026-08-31 09:21:00
O038249,U335,6,5,2026-08-31 09:25:00
O038245,U079,9,3,2026-08-31 09:34:00
O038254,U278,73,3,2026-08-31 09:47:00
O038244,U057,98,4,2026-08-31 10:29:00
O038236,U139,61,5,2026-08-31 10:43:00
O038247,U150,89,2,2026-08-31 10:45:00
O038249,U335,1,4,2026-08-31 10:46:00
O038257,U367,67,3,2026-08-31 10:47:00
O038260,U094,8,3,2026-08-31 11:12:00
O038272,U286,42,4,2026-08-31 11:31:00
O038274,U266,8,4,2026-08-31 11:32:00
O038258,U453,12,3,2026-08-31 11:40:00
O038262,U333,70,3,2026-08-31 12:08:00
O038266,U453,100,4,2026-08-31 12:53:00
O038272,U286,101,5,2026-08-31 12:54:00
O038277,U080,101,4,2026-08-31 13:22:00
O038275,U143,26,4,2026-08-31 13:26:00
O038271,U204,1,5,2026-08-31 13:34:00
O038283,U447,102,4,2026-08-31 13:43:00
O038281,U149,38,3,2026-08-31 13:47:00
O038273,U335,101,4,2026-08-31 13:51:00
O038286,U478,8,4,2026-08-31 14:09:00
O038280,U068,75,4,2026-08-31 14:44:00
O038296,U315,68,5,2026-08-31 15:03:00
O038290,U481,71,3,2026-08-31 15:24:00
O038307,U199,98,5,2026-08-31 15:28:00
O038288,U400,48,4,2026-08-31 15:36:00
O038311,U355,3,4,2026-08-31 15:37:00
O038295,U407,22,4,2026-08-31 15:58:00
O038292,U192,77,4,2026-08-31 16:02:00
O038307,U199,16,5,2026-08-31 16:03:00
O038300,U217,16,4,2026-08-31 16:17:00
O038322,U124,96,5,2026-08-31 16:19:00
O038302,U072,14,4,2026-08-31 16:25:00
O038303,U260,100,5,2026-08-31 16:28:00
O038300,U217,14,5,2026-08-31 16:33:00
O038304,U178,74,2,2026-08-31 16:41:00
O038312,U038,7,4,2026-08-31 16:43:00
O038302,U072,8,3,2026-08-31 17:12:00
O038325,U293,14,2,2026-08-31 17:30:00
O038316,U455,15,4,2026-08-31 17:32:00
O038332,U296,101,4,2026-08-31 17:35:00
O038334,U390,101,5,2026-08-31 17:41:00
O038305,U402,3,5,2026-08-31 17:47:00
O038333,U217,63,3,2026-08-31 17:54:00
O038310,U448,55,2,2026-08-31 18:02:00
O038315,U419,93,2,2026-08-31 18:09:00
O038326,U216,28,2,2026-08-31 18:28:00
O038320,U244,74,3,2026-08-31 18:31:00
O038324,U495,100,4,2026-08-31 18:35:00
O038330,U417,63,3,2026-08-31 18:42:00
O038324,U495,13,4,2026-08-31 18:46:00
O038341,U411,98,5,2026-08-31 19:18:00
O038328,U216,40,2,2026-08-31 19:33:00
O038340,U125,82,3,2026-08-31 19:34:00
O038341,U411,54,5,2026-08-31 19:49:00
O038339,U464,48,2,2026-08-31 20:01:00
O038336,U121,71,5,2026-08-31 20:02:00
O038344,U265,77,3,2026-08-31 20:24:00
O038342,U184,67,5,2026-08-31 21:13:00
O038351,U184,13,3,2026-08-31 21:30:00
O038353,U111,49,2,2026-08-31 22:42:00
O038354,U354,102,5,2026-08-31 22:58:00
O038355,U367,56,4,2026-08-31 23:12:00
O038351,U184,100,5,2026-08-31 23:26:00
O038354,U354,20,4,2026-08-31 23:57:00
O038363,U419,66,4,2026-09-01 07:41:00
O038367,U127,34,2,2026-09-01 08:04:00
O038373,U072,8,3,2026-09-01 08:23:00
O038359,U238,6,5,2026-09-01 08:43:00
O038366,U006,100,3,2026-09-01 09:03:00
O038382,U388,58,4,2026-09-01 09:15:00
O038357,U086,27,1,2026-09-01 09:15:00
O038370,U150,23,3,2026-09-01 09:24:00
O038366,U006,51,5,2026-09-01 09:25:00
O038368,U498,30,2,2026-09-01 09:50:00
O038369,U398,33,4,2026-09-01 10:15:00
O038402,U008,101,5,2026-09-01 10:16:00
O038403,U463,50,4,2026-09-01 10:18:00
O038403,U463,46,2,2026-09-01 10:20:00
O038399,U284,14,5,2026-09-01 10:24:00
O038387,U139,32,4,2026-09-01 10:32:00
O038388,U407,22,4,2026-09-01 10:41:00
O038383,U275,13,5,2026-09-01 10:42:00
O038404,U312,15,4,2026-09-01 10:51:00
O038379,U234,102,5,2026-09-01 10:55:00
O038390,U441,27,3,2026-09-01 11:02:00
O038384,U476,22,5,2026-09-01 11:03:00
O038392,U429,1,4,2026-09-01 11:08:00
O038398,U469,17,4,2026-09-01 11:14:00
O038397,U374,30,2,2026-09-01 11:15:00
O038390,U441,19,4,2026-09-01 11:16:00
O038393,U167,102,4,2026-09-01 11:17:00
O038408,U276,100,4,2026-09-01 13:44:00
O038405,U238,83,2,2026-09-01 14:25:00
O038421,U024,89,5,2026-09-01 14:58:00
O038421,U024,100,4,2026-09-01 15:21:00
O038429,U039,45,3,2026-09-01 15:28:00
O038418,U060,67,3,2026-09-01 15:33:00
O038430,U378,41,2,2026-09-01 15:40:00
O038420,U186,52,4,2026-09-01 15:50:00
O038428,U188,67,3,2026-09-01 16:41:00
O038438,U293,84,3,2026-09-01 17:22:00
O038460,U383,71,3,2026-09-01 17:28:00
O038439,U335,58,3,2026-09-01 17:29:00
O038426,U033,1,4,2026-09-01 17:44:00
O038459,U084,63,4,2026-09-01 17:45:00
O038461,U316,58,3,2026-09-01 17:57:00
O038463,U134,98,4,2026-09-01 18:00:00
O038453,U288,34,5,2026-09-01 18:15:00
O038466,U406,15,3,2026-09-01 18:17:00
O038443,U336,70,5,2026-09-01 18:17:00
O038458,U445,66,4,2026-09-01 18:22:00
O038441,U150,77,3,2026-09-01 18:23:00
O038447,U134,41,5,2026-09-01 18:26:00
O038464,U139,67,5,2026-09-01 18:28:00
O038451,U121,69,3,2026-09-01 18:32:00
O038465,U180,53,4,2026-09-01 18:38:00
O038455,U017,38,4,2026-09-01 18:52:00
O038470,U095,58,4,2026-09-01 19:45:00
O038471,U242,54,4,2026-09-01 19:59:00
O038477,U087,58,5,2026-09-01 20:00:00
O038482,U067,54,4,2026-09-01 20:39:00
O038481,U106,48,3,2026-09-01 20:57:00
O038475,U057,67,3,2026-09-01 21:13:00
O038472,U395,78,4,2026-09-01 21:14:00
O038478,U183,48,3,2026-09-01 21:17:00
O038484,U184,66,5,2026-09-01 21:26:00
O038469,U439,56,3,2026-09-01 21:31:00
O038474,U102,79,3,2026-09-01 21:32:00
O038476,U057,98,5,2026-09-01 21:33:00
O038487,U110,75,3,2026-09-01 22:02:00
O038485,U500,77,4,2026-09-01 22:12:00
O038477,U087,100,4,2026-09-01 22:19:00
O038484,U184,100,3,2026-09-01 22:57:00
O038491,U023,73,2,2026-09-01 22:57:00
O038492,U314,6,4,2026-09-02 07:14:00
O038492,U314,80,3,2026-09-02 07:46:00
O038503,U165,98,4,2026-09-02 07:50:00
O038504,U271,15,5,2026-09-02 07:51:00
O038497,U293,46,2,2026-09-02 08:17:00
O038505,U480,100,4,2026-09-02 08:36:00
O038512,U286,42,4,2026-09-02 09:34:00
O038522,U410,100,4,2026-09-02 09:34:00
O038519,U110,87,3,2026-09-02 09:47:00
O038530,U243,41,5,2026-09-02 09:52:00
O038537,U327,98,3,2026-09-02 09:56:00
O038544,U406,17,4,2026-09-02 09:57:00
O038540,U269,81,5,2026-09-02 10:19:00
O038531,U360,101,3,2026-09-02 10:22:00
O038510,U284,75,3,2026-09-02 10:25:00
O038528,U372,31,3,2026-09-02 10:31:00
O038525,U332,34,4,2026-09-02 10:44:00
O038516,U357,7,5,2026-09-02 10:52:00
O038542,U256,6,5,2026-09-02 10:53:00
O038537,U327,15,5,2026-09-02 10:59:00
O038536,U275,11,4,2026-09-02 11:02:00
O038539,U150,66,2,2026-09-02 11:03:00
O038550,U240,54,5,2026-09-02 11:09:00
O038532,U495,93,3,2026-09-02 11:13:00
O038525,U332,27,4,2026-09-02 11:20:00
O038538,U197,6,5,2026-09-02 11:22:00
O038529,U127,101,4,2026-09-02 11:24:00
O038543,U276,100,4,2026-09-02 11:51:00
O038538,U197,101,4,2026-09-02 12:02:00
O038560,U126,101,4,2026-09-02 12:12:00
O038565,U356,51,3,2026-09-02 12:34:00
O038547,U325,40,4,2026-09-02 12:49:00
O038552,U481,49,2,2026-09-02 12:50:00
O038556,U485,62,3,2026-09-02 13:01:00
O038564,U216,73,4,2026-09-02 13:51:00
O038562,U257,8,2,2026-09-02 14:11:00
O038571,U284,66,2,2026-09-02 14:12:00
O038570,U242,91,5,2026-09-02 14:30:00
O038576,U275,101,5,2026-09-02 15:00:00
O038574,U322,49,4,2026-09-02 15:05:00
O038580,U121,93,3,2026-09-02 15:45:00
O038575,U415,101,4,2026-09-02 16:36:00
O038585,U292,3,3,2026-09-02 16:40:00
O038591,U072,11,3,2026-09-02 16:42:00
O038594,U004,12,3,2026-09-02 16:43:00
O038598,U015,7,4,2026-09-02 16:53:00
O038585,U292,100,4,2026-09-02 17:09:00
O038593,U068,75,5,2026-09-02 17:34:00
O038583,U177,5,3,2026-09-02 17:42:00
O038595,U351,69,4,2026-09-02 17:44:00
O038586,U139,86,4,2026-09-02 17:48:00
O038597,U378,3,2,2026-09-02 17:56:00
O038609,U318,61,4,2026-09-02 18:22:00
O038600,U374,30,2,2026-09-02 18:23:00
O038612,U335,6,5,2026-09-02 18:38:00
O038591,U072,8,4,2026-09-02 18:39:00
O038619,U303,77,4,2026-09-02 18:57:00
O038620,U453,89,3,2026-09-02 19:31:00
O038616,U409,102,4,2026-09-02 19:49:00
O038612,U335,4,4,2026-09-02 20:35:00
O038618,U135,54,3,2026-09-02 20:39:00
O038617,U019,92,4,2026-09-02 21:02:00
O038629,U101,74,4,2026-09-02 21:08:00
O038624,U402,3,5,2026-09-02 21:33:00
O038627,U003,102,5,2026-09-02 22:40:00
O038635,U331,93,5,2026-09-02 22:51:00
O038634,U500,30,3,2026-09-03 00:00:00
O038638,U204,67,2,2026-09-03 07:35:00
O038643,U358,7,2,2026-09-03 07:41:00
O038651,U284,77,3,2026-09-03 07:56:00
O038649,U386,102,3,2026-09-03 08:19:00
O038646,U286,37,5,2026-09-03 08:29:00
O038656,U035,96,4,2026-09-03 08:33:00
O038664,U278,61,4,2026-09-03 08:46:00
O038642,U140,5,3,2026-09-03 08:58:00
O038655,U127,33,3,2026-09-03 09:10:00
O038666,U177,6,5,2026-09-03 09:20:00
O038673,U406,101,3,2026-09-03 09:25:00
O038648,U165,101,3,2026-09-03 09:35:00
O038659,U335,6,5,2026-09-03 09:37:00
O038639,U419,15,3,2026-09-03 09:53:00
O038661,U101,84,4,2026-09-03 09:55:00
O038669,U206,75,1,2026-09-03 10:13:00
O038668,U360,80,4,2026-09-03 10:30:00
O038663,U057,67,4,2026-09-03 10:50:00
O038667,U322,49,3,2026-09-03 11:19:00
O038678,U494,15,5,2026-09-03 11:22:00
O038673,U406,24,3,2026-09-03 11:34:00
O038684,U436,39,3,2026-09-03 12:41:00
O038697,U419,101,4,2026-09-03 12:56:00
O038691,U374,78,1,2026-09-03 13:03:00
O038689,U407,100,4,2026-09-03 13:45:00
O038707,U165,99,4,2026-09-03 14:11:00
O038695,U429,5,2,2026-09-03 14:18:00
O038703,U084,99,3,2026-09-03 14:33:00
O038698,U121,78,1,2026-09-03 14:40:00
O038708,U059,99,4,2026-09-03 15:14:00
O038700,U212,13,3,2026-09-03 15:20:00
O038706,U284,69,2,2026-09-03 15:28:00
O038703,U084,102,3,2026-09-03 15:39:00
O038701,U108,35,4,2026-09-03 15:51:00
O038727,U063,101,4,2026-09-03 16:01:00
O038709,U344,102,2,2026-09-03 16:02:00
O038725,U042,102,4,2026-09-03 16:02:00
O038715,U260,80,4,2026-09-03 16:08:00
O038708,U059,23,2,2026-09-03 16:10:00
O038737,U208,20,3,2026-09-03 16:18:00
O038707,U165,77,4,2026-09-03 16:24:00
O038734,U036,64,1,2026-09-03 16:28:00
O038725,U042,6,5,2026-09-03 16:28:00
O038731,U058,27,4,2026-09-03 16:36:00
O038717,U184,11,5,2026-09-03 16:41:00
O038740,U367,57,4,2026-09-03 16:52:00
O038718,U212,13,3,2026-09-03 17:05:00
O038727,U063,94,4,2026-09-03 17:07:00
O038723,U240,8,4,2026-09-03 17:23:00
O038724,U379,41,4,2026-09-03 17:37:00
O038724,U379,97,3,2026-09-03 17:46:00
O038733,U344,65,2,2026-09-03 17:56:00
O038729,U427,61,2,2026-09-03 18:04:00
O038739,U312,22,4,2026-09-03 18:10:00
O038743,U499,74,5,2026-09-03 18:15:00
O038737,U208,27,2,2026-09-03 18:21:00
O038740,U367,67,4,2026-09-03 18:48:00
O038762,U067,66,4,2026-09-03 18:50:00
O038760,U374,30,3,2026-09-03 19:05:00
O038746,U297,101,5,2026-09-03 19:16:00
O038752,U489,14,3,2026-09-03 19:43:00
O038770,U116,99,4,2026-09-03 19:54:00
O038769,U184,66,4,2026-09-03 20:02:00
O038756,U277,56,3,2026-09-03 20:25:00
O038768,U087,67,5,2026-09-03 22:09:00
O038779,U328,48,3,2026-09-03 23:50:00
O038778,U478,93,3,2026-09-03 23:51:00
O038791,U130,98,4,2026-09-04 07:21:00
O038801,U164,101,5,2026-09-04 07:57:00
O038793,U369,101,4,2026-09-04 07:58:00
O038785,U479,6,4,2026-09-04 08:01:00
O038794,U275,100,5,2026-09-04 08:13:00
O038784,U277,101,5,2026-09-04 08:55:00
O038812,U419,18,4,2026-09-04 08:56:00
O038796,U382,4,3,2026-09-04 09:12:00
O038805,U165,4,3,2026-09-04 09:16:00
O038797,U380,33,3,2026-09-04 09:22:00
O038824,U162,22,5,2026-09-04 09:23:00
O038787,U252,90,4,2026-09-04 09:23:00
O038812,U419,101,4,2026-09-04 09:23:00
O038818,U494,20,4,2026-09-04 09:28:00
O038787,U252,74,3,2026-09-04 09:35:00
O038823,U469,12,3,2026-09-04 09:40:00
O038798,U036,22,4,2026-09-04 09:50:00
O038805,U165,37,5,2026-09-04 09:55:00
O038831,U229,65,4,2026-09-04 09:56:00
O038794,U275,13,4,2026-09-04 09:59:00
O038838,U427,21,3,2026-09-04 10:07:00
O038800,U142,101,4,2026-09-04 10:11:00
O038820,U329,21,4,2026-09-04 10:11:00
O038805,U165,77,5,2026-09-04 10:11:00
O038803,U120,3,3,2026-09-04 10:24:00
O038839,U225,39,4,2026-09-04 10:26:00
O038814,U152,101,4,2026-09-04 10:47:00
O038824,U162,63,4,2026-09-04 10:48:00
O038815,U141,83,5,2026-09-04 10:55:00
O038845,U478,94,3,2026-09-04 10:55:00
O038813,U068,75,4,2026-09-04 11:06:00
O038827,U238,1,5,2026-09-04 11:07:00
O038816,U083,27,3,2026-09-04 11:23:00
O038835,U033,4,3,2026-09-04 11:28:00
O038835,U033,100,4,2026-09-04 11:33:00
O038822,U273,7,4,2026-09-04 11:38:00
O038839,U225,101,5,2026-09-04 11:45:00
O038826,U250,75,5,2026-09-04 11:49:00
O038828,U491,88,4,2026-09-04 12:05:00
O038837,U293,50,2,2026-09-04 12:23:00
O038846,U138,59,4,2026-09-04 13:32:00
O038854,U089,101,4,2026-09-04 13:50:00
O038855,U282,11,4,2026-09-04 14:08:00
O038851,U213,54,5,2026-09-04 14:11:00
O038856,U500,73,4,2026-09-04 14:39:00
O038860,U225,43,5,2026-09-04 15:04:00
O038856,U500,53,2,2026-09-04 15:42:00
O038867,U474,100,4,2026-09-04 15:55:00
O038871,U296,26,1,2026-09-04 15:59:00
O038858,U348,101,3,2026-09-04 16:02:00
O038876,U469,14,4,2026-09-04 16:35:00
O038884,U178,30,4,2026-09-04 16:39:00
O038872,U468,25,4,2026-09-04 17:08:00
O038881,U156,76,3,2026-09-04 17:11:00
O038868,U455,74,3,2026-09-04 17:23:00
O038875,U188,41,4,2026-09-04 17:25:00
O038893,U238,87,3,2026-09-04 17:30:00
O038862,U286,93,3,2026-09-04 17:34:00
O038896,U130,2,4,2026-09-04 18:07:00
O038891,U014,31,5,2026-09-04 18:16:00
O038882,U284,71,2,2026-09-04 18:42:00
O038894,U055,6,4,2026-09-04 18:46:00
O038897,U357,7,5,2026-09-04 18:49:00
O038883,U455,95,3,2026-09-04 18:52:00
O038889,U022,14,5,2026-09-04 18:56:00
O038907,U286,21,3,2026-09-04 19:12:00
O038890,U028,54,4,2026-09-04 19:35:00
O038907,U286,42,5,2026-09-04 19:43:00
O038907,U286,95,4,2026-09-04 19:53:00
O038895,U206,75,3,2026-09-04 19:55:00
O038901,U157,60,3,2026-09-04 20:18:00
O038912,U333,80,3,2026-09-04 20:26:00
O038914,U198,9,4,2026-09-04 21:02:00
O038916,U091,74,3,2026-09-04 21:37:00
O038911,U178,64,3,2026-09-04 22:09:00
O038915,U102,38,1,2026-09-04 22:35:00
O038920,U263,72,4,2026-09-04 22:42:00
O038915,U102,99,4,2026-09-04 23:02:00
O038917,U192,26,4,2026-09-04 23:36:00
O038918,U260,12,4,2026-09-04 23:37:00
O038926,U028,41,4,2026-09-05 00:04:00
O038927,U037,16,4,2026-09-05 06:37:00
O038927,U037,49,4,2026-09-05 08:27:00
O038929,U277,100,3,2026-09-05 08:43:00
O038933,U296,97,2,2026-09-05 08:55:00
O038933,U296,101,3,2026-09-05 09:16:00
O038935,U392,1,5,2026-09-05 09:21:00
O038937,U245,27,4,2026-09-05 09:21:00
O038938,U229,63,4,2026-09-05 09:33:00
O038930,U428,101,3,2026-09-05 09:54:00
O038935,U392,2,5,2026-09-05 10:18:00
O038951,U162,18,5,2026-09-05 10:35:00
O038942,U355,36,2,2026-09-05 10:36:00
O038962,U259,50,3,2026-09-05 11:07:00
O038941,U429,98,3,2026-09-05 11:28:00
O038954,U075,48,5,2026-09-05 11:35:00
O038959,U148,70,5,2026-09-05 11:48:00
O038964,U467,22,4,2026-09-05 11:50:00
O038937,U245,11,3,2026-09-05 12:00:00
O038945,U449,82,3,2026-09-05 12:15:00
O038961,U472,101,4,2026-09-05 12:16:00
O038948,U034,4,3,2026-09-05 12:33:00
O038958,U083,8,4,2026-09-05 12:41:00
O038975,U442,102,4,2026-09-05 13:32:00
O038960,U500,73,3,2026-09-05 13:37:00
O038971,U407,20,3,2026-09-05 13:45:00
O038972,U284,83,3,2026-09-05 14:11:00
O038988,U154,73,3,2026-09-05 14:55:00
O038989,U067,56,3,2026-09-05 15:05:00
O038986,U006,70,5,2026-09-05 15:09:00
O038993,U317,8,4,2026-09-05 15:17:00
O038984,U206,64,4,2026-09-05 15:28:00
O038976,U478,100,3,2026-09-05 15:31:00
O038976,U478,5,4,2026-09-05 15:33:00
O038994,U197,5,3,2026-09-05 15:52:00
O038996,U328,6,5,2026-09-05 16:17:00
O039002,U127,6,2,2026-09-05 16:18:00
O039002,U127,56,2,2026-09-05 16:30:00
O039015,U218,80,5,2026-09-05 16:42:00
O038982,U446,43,5,2026-09-05 16:48:00
O038991,U315,61,4,2026-09-05 17:08:00
O038998,U164,6,4,2026-09-05 17:13:00
O039000,U252,92,3,2026-09-05 17:22:00
O038997,U198,54,5,2026-09-05 17:35:00
O038992,U022,100,4,2026-09-05 17:55:00
O039012,U154,57,3,2026-09-05 18:13:00
O039003,U310,83,5,2026-09-05 18:23:00
O039016,U491,5,4,2026-09-05 18:35:00
O039020,U308,46,3,2026-09-05 18:44:00
O039028,U198,54,5,2026-09-05 18:51:00
O039031,U087,67,4,2026-09-05 18:54:00
O039016,U491,38,4,2026-09-05 18:58:00
O039014,U419,68,3,2026-09-05 19:03:00
O039019,U110,36,4,2026-09-05 19:07:00
O039016,U491,101,4,2026-09-05 19:41:00
O039027,U315,68,3,2026-09-05 19:56:00
O039024,U332,32,4,2026-09-05 20:00:00
O039039,U224,27,4,2026-09-05 20:42:00
O039039,U224,82,2,2026-09-05 20:51:00
O039036,U436,67,4,2026-09-05 21:50:00
O039048,U213,76,5,2026-09-05 22:20:00
O039044,U121,78,2,2026-09-05 22:40:00
O039044,U121,12,4,2026-09-05 23:08:00
O039052,U204,74,2,2026-09-06 06:56:00
O039055,U498,53,3,2026-09-06 07:43:00
O039055,U498,99,4,2026-09-06 08:03:00
O039059,U165,73,4,2026-09-06 08:21:00
O039057,U025,4,3,2026-09-06 09:29:00
O039061,U086,11,2,2026-09-06 10:49:00
O039073,U128,45,3,2026-09-06 10:52:00
O039066,U471,18,3,2026-09-06 10:57:00
O039073,U128,88,3,2026-09-06 10:59:00
O039065,U281,19,5,2026-09-06 11:07:00
O039060,U037,22,4,2026-09-06 11:23:00
O039078,U490,67,4,2026-09-06 12:45:00
O039090,U354,68,5,2026-09-06 12:53:00
O039087,U335,4,5,2026-09-06 13:11:00
O039088,U082,7,3,2026-09-06 13:11:00
O039079,U033,2,3,2026-09-06 13:12:00
O039081,U050,93,3,2026-09-06 13:20:00
O039082,U374,15,3,2026-09-06 13:42:00
O039092,U212,101,3,2026-09-06 13:43:00
O039082,U374,8,2,2026-09-06 13:49:00
O039092,U212,10,5,2026-09-06 14:11:00
O039087,U335,98,5,2026-09-06 14:19:00
O039097,U208,16,3,2026-09-06 14:22:00
O039100,U346,65,5,2026-09-06 14:25:00
O039091,U020,98,4,2026-09-06 14:34:00
O039105,U360,102,4,2026-09-06 15:36:00
O039103,U500,82,3,2026-09-06 16:03:00
O039128,U491,66,5,2026-09-06 16:20:00
O039097,U208,102,3,2026-09-06 16:20:00
O039123,U388,58,3,2026-09-06 16:27:00
O039124,U474,98,4,2026-09-06 16:30:00
O039098,U421,101,4,2026-09-06 16:49:00
O039109,U326,26,3,2026-09-06 16:50:00
O039107,U328,1,5,2026-09-06 17:09:00
O039131,U274,53,3,2026-09-06 17:12:00
O039135,U457,24,3,2026-09-06 17:13:00
O039112,U152,9,4,2026-09-06 17:33:00
O039133,U002,10,5,2026-09-06 17:35:00
O039134,U017,38,5,2026-09-06 17:40:00
O039117,U246,27,4,2026-09-06 17:58:00
O039116,U028,102,4,2026-09-06 18:00:00
O039146,U443,77,5,2026-09-06 18:45:00
O039145,U238,6,4,2026-09-06 18:57:00
O039152,U500,82,3,2026-09-06 18:58:00
O039159,U192,45,4,2026-09-06 19:33:00
O039159,U192,58,3,2026-09-06 19:58:00
O039165,U251,100,4,2026-09-06 20:39:00
O039157,U080,2,3,2026-09-06 20:53:00
O039172,U248,43,4,2026-09-06 21:02:00
O039171,U443,59,2,2026-09-06 21:21:00
O039161,U150,95,3,2026-09-06 21:34:00
O039178,U457,95,3,2026-09-06 21:47:00
O039160,U311,100,4,2026-09-06 22:11:00
O039177,U292,57,3,2026-09-06 22:30:00
O039179,U049,84,4,2026-09-06 22:52:00
O039183,U021,87,2,2026-09-07 07:21:00
O039190,U321,25,3,2026-09-07 07:52:00
O039198,U439,56,3,2026-09-07 08:58:00
O039202,U463,83,5,2026-09-07 09:05:00
O039209,U448,24,3,2026-09-07 09:24:00
O039196,U274,50,1,2026-09-07 09:41:00
O039186,U225,43,5,2026-09-07 09:43:00
O039205,U372,68,4,2026-09-07 09:52:00
O039188,U152,90,2,2026-09-07 10:00:00
O039200,U130,4,3,2026-09-07 10:20:00
O039217,U101,50,4,2026-09-07 10:30:00
O039202,U463,8,3,2026-09-07 10:34:00
O039194,U112,85,3,2026-09-07 10:50:00
O039203,U374,30,2,2026-09-07 10:56:00
O039201,U431,101,4,2026-09-07 11:21:00
O039222,U434,49,5,2026-09-07 11:21:00
O039201,U431,7,2,2026-09-07 11:21:00
O039203,U374,100,4,2026-09-07 11:24:00
O039223,U333,39,4,2026-09-07 11:31:00
O039218,U059,102,4,2026-09-07 12:22:00
O039216,U261,37,3,2026-09-07 12:32:00
O039221,U319,8,4,2026-09-07 12:41:00
O039223,U333,100,4,2026-09-07 12:46:00
O039220,U411,81,5,2026-09-07 12:58:00
O039225,U109,7,5,2026-09-07 13:01:00
O039225,U109,101,4,2026-09-07 13:21:00
O039231,U275,48,3,2026-09-07 14:05:00
O039228,U110,67,3,2026-09-07 14:10:00
O039231,U275,101,5,2026-09-07 14:30:00
O039241,U474,65,5,2026-09-07 14:32:00
O039233,U299,8,3,2026-09-07 14:39:00
O039234,U456,74,3,2026-09-07 14:53:00
O039233,U299,44,3,2026-09-07 14:55:00
O039244,U242,58,4,2026-09-07 14:57:00
O039254,U471,60,5,2026-09-07 15:24:00
O039245,U184,67,4,2026-09-07 15:29:00
O039247,U035,40,3,2026-09-07 15:36:00
O039254,U471,29,4,2026-09-07 15:52:00
O039239,U139,44,4,2026-09-07 15:58:00
O039237,U309,42,5,2026-09-07 16:14:00
O039260,U469,15,5,2026-09-07 16:42:00
O039273,U164,101,4,2026-09-07 16:44:00
O039258,U360,6,5,2026-09-07 16:58:00
O039283,U403,74,2,2026-09-07 17:48:00
O039281,U478,98,3,2026-09-07 18:06:00
O039285,U356,45,2,2026-09-07 18:07:00
O039276,U035,97,2,2026-09-07 18:10:00
O039275,U267,8,5,2026-09-07 18:17:00
O039278,U396,1,5,2026-09-07 18:30:00
O039290,U196,1,3,2026-09-07 18:33:00
O039267,U178,5,4,2026-09-07 18:47:00
O039288,U031,6,2,2026-09-07 18:51:00
O039277,U384,92,5,2026-09-07 18:52:00
O039281,U478,37,3,2026-09-07 19:12:00
O039286,U428,10,4,2026-09-07 19:21:00
O039293,U068,54,5,2026-09-07 19:26:00
O039291,U158,51,4,2026-09-07 20:01:00
O039292,U419,102,3,2026-09-07 20:26:00
O039302,U438,68,3,2026-09-07 21:01:00
O039305,U285,44,4,2026-09-07 21:15:00
O039301,U309,48,4,2026-09-07 21:59:00
O039308,U178,94,3,2026-09-07 22:04:00
O039309,U401,40,3,2026-09-07 22:05:00
O039309,U401,101,4,2026-09-07 22:10:00
O039304,U169,77,3,2026-09-07 23:01:00
O039307,U367,66,5,2026-09-07 23:49:00
O039311,U216,81,4,2026-09-07 23:52:00
O039317,U086,22,3,2026-09-08 07:33:00
O039313,U177,50,3,2026-09-08 07:57:00
O039325,U498,101,5,2026-09-08 08:38:00
O039330,U237,31,3,2026-09-08 08:39:00
O039339,U071,99,4,2026-09-08 08:44:00
O039332,U130,101,4,2026-09-08 08:51:00
O039324,U086,22,4,2026-09-08 08:53:00
O039331,U106,85,4,2026-09-08 09:02:00
O039321,U275,60,5,2026-09-08 09:07:00
O039323,U124,42,4,2026-09-08 09:10:00
O039340,U382,101,3,2026-09-08 09:12:00
O039341,U186,83,4,2026-09-08 09:14:00
O039327,U396,101,4,2026-09-08 09:17:00
O039333,U413,49,4,2026-09-08 09:17:00
O039325,U498,10,4,2026-09-08 09:52:00
O039344,U377,101,4,2026-09-08 10:00:00
O039343,U008,86,4,2026-09-08 10:06:00
O039353,U469,15,4,2026-09-08 10:12:00
O039355,U471,37,5,2026-09-08 10:15:00
O039347,U421,43,4,2026-09-08 10:17:00
O039354,U310,47,5,2026-09-08 10:28:00
O039346,U348,12,3,2026-09-08 10:38:00
O039347,U421,101,3,2026-09-08 10:41:00
O039335,U186,82,3,2026-09-08 11:00:00
O039356,U252,90,3,2026-09-08 11:02:00
O039344,U377,58,3,2026-09-08 11:07:00
O039360,U066,85,3,2026-09-08 11:15:00
O039345,U269,100,3,2026-09-08 11:19:00
O039361,U157,15,3,2026-09-08 12:09:00
O039354,U310,101,4,2026-09-08 12:18:00
O039368,U349,69,4,2026-09-08 12:58:00
O039364,U184,66,5,2026-09-08 13:23:00
O039381,U470,8,4,2026-09-08 13:37:00
O039364,U184,101,5,2026-09-08 13:43:00
O039378,U087,101,4,2026-09-08 13:47:00
O039362,U427,10,3,2026-09-08 14:13:00
O039388,U020,74,4,2026-09-08 14:27:00
O039385,U250,37,3,2026-09-08 14:34:00
O039392,U400,37,5,2026-09-08 14:35:00
O039386,U452,101,3,2026-09-08 14:43:00
O039388,U020,27,2,2026-09-08 14:46:00
O039384,U077,89,3,2026-09-08 14:49:00
O039387,U458,32,3,2026-09-08 14:51:00
O039383,U286,1,4,2026-09-08 14:58:00
O039376,U220,50,5,2026-09-08 15:04:00
O039394,U149,6,4,2026-09-08 15:05:00
O039396,U483,88,5,2026-09-08 15:19:00
O039397,U458,32,3,2026-09-08 15:29:00
O039372,U068,75,4,2026-09-08 15:32:00
O039406,U055,6,4,2026-09-08 15:58:00
O039400,U057,48,3,2026-09-08 16:00:00
O039405,U212,13,2,2026-09-08 16:01:00
O039406,U055,102,5,2026-09-08 16:18:00
O039382,U040,101,4,2026-09-08 16:21:00
O039393,U377,79,4,2026-09-08 16:23:00
O039403,U206,100,4,2026-09-08 16:58:00
O039403,U206,2,4,2026-09-08 17:01:00
O039424,U451,7,3,2026-09-08 17:06:00
O039409,U495,100,4,2026-09-08 17:10:00
O039408,U143,102,4,2026-09-08 17:22:00
O039418,U275,15,4,2026-09-08 17:42:00
O039414,U382,31,2,2026-09-08 17:49:00
O039416,U428,9,5,2026-09-08 17:58:00
O039420,U265,98,3,2026-09-08 18:08:00
O039429,U245,6,5,2026-09-08 18:46:00
O039422,U372,68,5,2026-09-08 18:56:00
O039415,U333,31,3,2026-09-08 19:24:00
O039425,U113,33,4,2026-09-08 19:29:00
O039433,U411,87,4,2026-09-08 19:31:00
O039422,U372,100,4,2026-09-08 19:39:00
O039432,U126,82,3,2026-09-08 20:19:00
O039447,U500,101,4,2026-09-08 21:03:00
O039442,U083,100,3,2026-09-08 21:06:00
O039443,U315,101,4,2026-09-08 21:15:00
O039443,U315,83,2,2026-09-08 22:36:00
O039447,U500,81,4,2026-09-08 22:37:00
O039458,U271,81,3,2026-09-09 07:50:00
O039458,U271,98,4,2026-09-09 08:19:00
O039451,U100,50,3,2026-09-09 08:24:00
O039469,U481,98,4,2026-09-09 08:43:00
O039462,U293,34,4,2026-09-09 08:46:00
O039461,U469,17,4,2026-09-09 09:06:00
O039470,U402,32,3,2026-09-09 09:17:00
O039462,U293,100,3,2026-09-09 09:30:00
O039466,U072,8,4,2026-09-09 09:44:00
O039467,U029,56,4,2026-09-09 09:46:00
O039480,U266,101,4,2026-09-09 09:58:00
O039476,U322,13,4,2026-09-09 10:09:00
O039464,U117,15,4,2026-09-09 10:19:00
O039486,U108,64,3,2026-09-09 10:23:00
O039476,U322,101,4,2026-09-09 10:36:00
O039477,U428,49,4,2026-09-09 10:45:00
O039481,U427,91,3,2026-09-09 11:12:00
O039474,U008,20,5,2026-09-09 11:16:00
O039473,U139,67,5,2026-09-09 11:23:00
O039497,U117,23,4,2026-09-09 12:09:00
O039497,U117,12,5,2026-09-09 12:41:00
O039493,U034,74,4,2026-09-09 13:16:00
O039494,U274,88,3,2026-09-09 13:24:00
O039503,U036,9,4,2026-09-09 13:38:00
O039496,U392,1,3,2026-09-09 13:39:00
O039493,U034,100,3,2026-09-09 14:05:00
O039501,U326,63,5,2026-09-09 14:10:00
O039500,U374,30,1,2026-09-09 14:38:00
O039508,U419,16,4,2026-09-09 14:42:00
O039520,U428,100,3,2026-09-09 16:04:00
O039520,U428,5,5,2026-09-09 16:20:00
O039510,U404,100,4,2026-09-09 16:37:00
O039528,U138,6,3,2026-09-09 17:05:00
O039531,U411,15,4,2026-09-09 17:07:00
O039540,U057,86,4,2026-09-09 17:10:00
O039516,U206,64,4,2026-09-09 17:11:00
O039536,U165,100,3,2026-09-09 17:11:00
O039537,U244,27,3,2026-09-09 17:47:00
O039543,U134,88,2,2026-09-09 18:05:00
O039552,U284,101,4,2026-09-09 18:09:00
O039539,U008,25,5,2026-09-09 18:16:00
O039547,U344,83,5,2026-09-09 18:42:00
O039550,U410,58,3,2026-09-09 18:53:00
O039538,U167,30,4,2026-09-09 18:55:00
O039538,U167,66,3,2026-09-09 19:11:00
O039556,U230,52,3,2026-09-09 19:17:00
O039553,U490,31,4,2026-09-09 19:24:00
O039560,U492,81,3,2026-09-09 19:50:00
O039563,U154,85,5,2026-09-09 20:04:00
O039556,U230,63,3,2026-09-09 20:17:00
O039552,U284,85,3,2026-09-09 20:24:00
O039554,U328,1,5,2026-09-09 20:41:00
O039561,U212,19,4,2026-09-09 20:51:00
O039559,U216,79,4,2026-09-09 21:01:00
O039557,U167,78,2,2026-09-09 21:19:00
O039567,U413,46,4,2026-09-09 22:03:00
O039567,U413,25,2,2026-09-09 23:42:00
O039568,U449,5,5,2026-09-10 06:50:00
O039579,U137,2,4,2026-09-10 07:56:00
O039570,U127,33,3,2026-09-10 08:17:00
O039577,U458,60,3,2026-09-10 08:22:00
O039586,U338,24,4,2026-09-10 08:46:00
O039585,U006,98,4,2026-09-10 09:05:00
O039588,U384,95,3,2026-09-10 09:29:00
O039587,U015,7,4,2026-09-10 09:33:00
O039571,U299,2,4,2026-09-10 09:57:00
O039597,U084,54,4,2026-09-10 10:08:00
O039590,U238,12,3,2026-09-10 10:12:00
O039587,U015,35,3,2026-09-10 10:26:00
O039615,U163,80,2,2026-09-10 10:30:00
O039583,U088,19,5,2026-09-10 10:34:00
O039608,U375,101,4,2026-09-10 10:59:00
O039594,U319,8,4,2026-09-10 11:04:00
O039609,U265,73,2,2026-09-10 11:04:00
O039602,U494,15,5,2026-09-10 11:09:00
O039614,U491,6,4,2026-09-10 11:23:00
O039609,U265,75,4,2026-09-10 11:24:00
O039617,U178,35,3,2026-09-10 11:34:00
O039622,U256,9,3,2026-09-10 11:57:00
O039605,U274,64,5,2026-09-10 12:14:00
O039623,U463,83,5,2026-09-10 13:29:00
O039624,U298,6,5,2026-09-10 14:08:00
O039620,U278,85,3,2026-09-10 14:12:00
O039631,U032,71,5,2026-09-10 14:29:00
O039638,U095,65,3,2026-09-10 15:03:00
O039629,U319,8,4,2026-09-10 15:09:00
O039647,U384,95,4,2026-09-10 15:35:00
O039644,U411,81,5,2026-09-10 16:10:00
O039641,U499,66,3,2026-09-10 16:18:00
O039637,U254,101,4,2026-09-10 16:18:00
O039666,U031,100,4,2026-09-10 17:38:00
O039650,U085,7,4,2026-09-10 17:39:00
O039659,U108,3,5,2026-09-10 17:49:00
O039666,U031,83,4,2026-09-10 18:02:00
O039674,U349,83,3,2026-09-10 18:08:00
O039649,U321,83,4,2026-09-10 18:15:00
O039660,U056,78,4,2026-09-10 18:22:00
O039679,U111,77,4,2026-09-10 18:23:00
O039652,U058,29,2,2026-09-10 18:27:00
O039664,U119,75,4,2026-09-10 18:30:00
O039670,U383,98,5,2026-09-10 18:47:00
O039662,U230,61,4,2026-09-10 19:30:00
O039673,U343,68,4,2026-09-10 19:30:00
O039682,U454,102,3,2026-09-10 19:33:00
O039682,U454,85,2,2026-09-10 19:41:00
O039678,U227,37,4,2026-09-10 19:56:00
O039670,U383,71,3,2026-09-10 20:11:00
O039691,U474,55,5,2026-09-10 20:25:00
O039685,U442,30,4,2026-09-10 20:36:00
O039683,U207,59,2,2026-09-10 20:36:00
O039692,U484,43,3,2026-09-10 21:36:00
O039699,U169,76,3,2026-09-10 22:17:00
O039698,U478,65,3,2026-09-10 22:25:00
O039693,U457,101,3,2026-09-10 23:08:00
O039696,U248,40,4,2026-09-10 23:08:00
O039699,U169,17,3,2026-09-10 23:26:00
O039710,U229,101,3,2026-09-11 08:17:00
O039706,U068,75,4,2026-09-11 08:49:00
O039719,U407,101,5,2026-09-11 08:52:00
O039717,U410,63,3,2026-09-11 08:54:00
O039733,U150,82,3,2026-09-11 09:04:00
O039711,U015,100,4,2026-09-11 09:12:00
O039723,U476,84,3,2026-09-11 09:22:00
O039720,U139,100,4,2026-09-11 09:36:00
O039710,U229,68,5,2026-09-11 09:36:00
O039731,U273,2,4,2026-09-11 09:40:00
O039725,U491,88,4,2026-09-11 09:42:00
O039705,U098,58,2,2026-09-11 09:47:00
O039710,U229,10,3,2026-09-11 10:04:00
O039711,U015,8,4,2026-09-11 10:27:00
O039727,U469,15,4,2026-09-11 10:29:00
O039723,U476,11,2,2026-09-11 10:50:00
O039736,U375,24,4,2026-09-11 10:53:00
O039756,U020,64,4,2026-09-11 11:03:00
O039734,U324,30,4,2026-09-11 11:10:00
O039757,U212,23,3,2026-09-11 11:21:00
O039737,U483,70,5,2026-09-11 11:33:00
O039745,U193,54,4,2026-09-11 11:38:00
O039757,U212,94,3,2026-09-11 11:42:00
O039746,U022,18,5,2026-09-11 11:51:00
O039755,U354,59,4,2026-09-11 11:57:00
O039743,U163,86,3,2026-09-11 12:15:00
O039758,U365,28,2,2026-09-11 13:21:00
O039757,U212,13,4,2026-09-11 13:25:00
O039773,U207,26,4,2026-09-11 13:48:00
O039767,U259,98,4,2026-09-11 13:56:00
O039770,U333,28,5,2026-09-11 13:57:00
O039767,U259,39,4,2026-09-11 14:14:00
O039765,U275,13,5,2026-09-11 14:32:00
O039778,U365,69,2,2026-09-11 14:53:00
O039787,U144,101,5,2026-09-11 15:26:00
O039775,U360,22,3,2026-09-11 15:30:00
O039797,U086,84,2,2026-09-11 15:44:00
O039795,U478,100,3,2026-09-11 15:45:00
O039801,U056,81,2,2026-09-11 15:52:00
O039802,U341,48,4,2026-09-11 16:20:00
O039799,U478,19,3,2026-09-11 16:26:00
O039797,U086,53,3,2026-09-11 16:29:00
O039786,U092,5,3,2026-09-11 16:32:00
O039800,U451,89,2,2026-09-11 16:32:00
O039788,U071,85,4,2026-09-11 16:36:00
O039793,U469,21,3,2026-09-11 16:42:00
O039793,U469,100,4,2026-09-11 16:54:00
O039803,U371,50,4,2026-09-11 17:06:00
O039798,U086,22,3,2026-09-11 17:11:00
O039811,U276,28,4,2026-09-11 17:33:00
O039792,U382,8,3,2026-09-11 17:39:00
O039791,U008,77,4,2026-09-11 17:41:00
O039813,U036,102,2,2026-09-11 17:49:00
O039809,U293,33,2,2026-09-11 18:00:00
O039791,U008,19,5,2026-09-11 18:00:00
O039817,U102,49,2,2026-09-11 18:11:00
O039813,U036,1,4,2026-09-11 19:01:00
O039829,U060,101,4,2026-09-11 19:03:00
O039822,U236,22,4,2026-09-11 19:27:00
O039825,U411,63,3,2026-09-11 19:42:00
O039815,U299,1,3,2026-09-11 19:52:00
O039820,U112,100,5,2026-09-11 19:57:00
O039824,U467,79,3,2026-09-11 20:05:00
O039820,U112,58,3,2026-09-11 20:39:00
O039824,U467,65,3,2026-09-11 20:55:00
O039829,U060,77,4,2026-09-11 21:16:00
O039839,U184,53,5,2026-09-11 22:09:00
O039838,U255,49,3,2026-09-11 23:17:00
O039840,U285,33,4,2026-09-11 23:50:00
O039845,U479,6,4,2026-09-12 07:00:00
O039844,U127,62,2,2026-09-12 07:21:00
O039843,U244,85,4,2026-09-12 07:53:00
O039852,U197,6,4,2026-09-12 08:49:00
O039867,U370,7,3,2026-09-12 10:00:00
O039865,U006,83,5,2026-09-12 10:03:00
O039853,U108,56,4,2026-09-12 10:04:00
O039868,U055,1,4,2026-09-12 10:18:00
O039850,U025,101,3,2026-09-12 10:19:00
O039873,U111,79,4,2026-09-12 10:46:00
O039865,U006,101,5,2026-09-12 10:46:00
O039855,U159,101,3,2026-09-12 10:46:00
O039863,U344,36,3,2026-09-12 10:55:00
O039868,U055,6,5,2026-09-12 11:31:00
O039855,U159,23,5,2026-09-12 11:33:00
O039878,U169,64,4,2026-09-12 11:43:00
O039864,U102,101,2,2026-09-12 12:02:00
O039871,U028,91,4,2026-09-12 12:05:00
O039888,U474,94,3,2026-09-12 12:18:00
O039870,U455,18,4,2026-09-12 12:18:00
O039862,U495,78,3,2026-09-12 12:21:00
O039884,U213,89,3,2026-09-12 12:31:00
O039890,U214,40,4,2026-09-12 12:32:00
O039885,U127,33,2,2026-09-12 12:37:00
O039883,U109,98,4,2026-09-12 12:50:00
O039872,U167,98,4,2026-09-12 13:20:00
O039885,U127,101,4,2026-09-12 13:49:00
O039887,U450,40,5,2026-09-12 13:50:00
O039884,U213,95,3,2026-09-12 14:01:00
O039891,U215,70,4,2026-09-12 14:04:00
O039895,U312,10,2,2026-09-12 14:27:00
O039896,U063,27,3,2026-09-12 14:30:00
O039897,U494,73,4,2026-09-12 14:53:00
O039893,U137,35,4,2026-09-12 15:14:00
O039898,U099,36,2,2026-09-12 15:14:00
O039909,U156,94,5,2026-09-12 15:24:00
O039910,U379,82,4,2026-09-12 15:35:00
O039916,U095,37,4,2026-09-12 16:02:00
O039912,U167,3,5,2026-09-12 16:59:00
O039910,U379,84,3,2026-09-12 17:05:00
O039907,U003,56,5,2026-09-12 17:45:00
O039924,U275,98,5,2026-09-12 17:59:00
O039924,U275,14,5,2026-09-12 18:04:00
O039919,U367,61,3,2026-09-12 18:10:00
O039919,U367,54,5,2026-09-12 18:39:00
O039936,U478,87,3,2026-09-12 19:00:00
O039939,U351,101,3,2026-09-12 19:02:00
O039944,U265,78,4,2026-09-12 19:48:00
O039934,U240,63,4,2026-09-12 19:49:00
O039933,U130,54,3,2026-09-12 20:04:00
O039948,U354,20,2,2026-09-12 20:05:00
O039930,U252,39,1,2026-09-12 20:07:00
O039938,U227,44,3,2026-09-12 20:09:00
O039946,U289,18,5,2026-09-12 20:13:00
O039936,U478,93,3,2026-09-12 20:18:00
O039937,U360,11,2,2026-09-12 20:25:00
O039951,U138,78,3,2026-09-12 20:43:00
O039950,U411,63,5,2026-09-12 21:00:00
O039958,U317,101,4,2026-09-12 22:23:00
O039953,U028,91,4,2026-09-12 23:27:00
O039963,U165,37,4,2026-09-13 09:09:00
O039960,U037,4,4,2026-09-13 09:19:00
O039965,U137,98,4,2026-09-13 09:23:00
O039965,U137,101,3,2026-09-13 09:29:00
O039971,U148,95,3,2026-09-13 09:59:00
O039968,U237,92,3,2026-09-13 10:04:00
O039977,U225,52,3,2026-09-13 10:10:00
O039967,U127,33,2,2026-09-13 10:29:00
O039964,U055,6,4,2026-09-13 10:38:00
O039972,U449,62,3,2026-09-13 10:40:00
O039977,U225,43,5,2026-09-13 10:51:00
O039986,U335,52,4,2026-09-13 11:02:00
O039989,U410,80,4,2026-09-13 11:12:00
O039973,U349,58,2,2026-09-13 11:17:00
O039970,U001,12,4,2026-09-13 11:21:00
O039997,U359,74,5,2026-09-13 11:28:00
O039995,U468,19,5,2026-09-13 11:30:00
O039966,U202,43,2,2026-09-13 11:38:00
O039969,U130,9,4,2026-09-13 11:50:00
O039988,U256,5,3,2026-09-13 11:56:00
O040002,U346,82,4,2026-09-13 12:45:00
O039984,U266,62,3,2026-09-13 12:46:00
O040010,U075,46,4,2026-09-13 13:15:00
O039996,U332,68,2,2026-09-13 13:48:00
O040007,U134,67,2,2026-09-13 14:11:00
O040008,U066,87,4,2026-09-13 14:31:00
O040015,U087,24,3,2026-09-13 14:45:00
O040012,U213,76,5,2026-09-13 14:52:00
O040024,U349,85,3,2026-09-13 15:59:00
O040022,U464,37,3,2026-09-13 16:22:00
O040016,U083,3,3,2026-09-13 17:11:00
O040035,U024,57,3,2026-09-13 17:17:00
O040018,U324,72,3,2026-09-13 17:24:00
O040022,U464,33,3,2026-09-13 17:34:00
O040049,U265,37,4,2026-09-13 17:46:00
O040035,U024,100,3,2026-09-13 17:55:00
O040053,U078,100,4,2026-09-13 17:58:00
O040055,U095,98,4,2026-09-13 18:00:00
O040052,U328,5,4,2026-09-13 18:03:00
O040059,U351,58,4,2026-09-13 18:24:00
O040034,U421,43,3,2026-09-13 18:36:00
O040054,U216,100,3,2026-09-13 19:14:00
O040055,U095,24,5,2026-09-13 19:20:00
O040064,U500,75,3,2026-09-13 19:33:00
O040065,U091,71,4,2026-09-13 19:58:00
O040065,U091,77,5,2026-09-13 20:13:00
O040075,U178,94,2,2026-09-13 20:18:00
O040076,U068,100,5,2026-09-13 20:57:00
O040081,U482,81,3,2026-09-13 21:18:00
O040080,U248,59,3,2026-09-13 21:45:00
O040077,U375,67,3,2026-09-13 21:45:00
O040076,U068,73,4,2026-09-13 21:45:00
O040079,U184,54,5,2026-09-13 22:25:00
O040084,U009,37,5,2026-09-14 00:01:00
O040092,U165,101,4,2026-09-14 07:36:00
O040096,U324,101,5,2026-09-14 08:05:00
O040105,U102,81,2,2026-09-14 08:32:00
O040110,U239,18,5,2026-09-14 08:42:00
O040108,U072,101,3,2026-09-14 08:48:00
O040090,U086,101,3,2026-09-14 08:50:00
O040086,U055,6,5,2026-09-14 08:52:00
O040085,U031,10,3,2026-09-14 08:53:00
O040103,U202,96,1,2026-09-14 08:56:00
O040114,U304,35,5,2026-09-14 09:08:00
O040111,U333,28,5,2026-09-14 09:22:00
O040104,U342,60,5,2026-09-14 09:30:00
O040092,U165,44,5,2026-09-14 09:32:00
O040097,U177,75,2,2026-09-14 09:34:00
O040131,U361,90,4,2026-09-14 10:01:00
O040101,U309,81,3,2026-09-14 10:37:00
O040125,U333,102,3,2026-09-14 10:44:00
O040113,U035,41,4,2026-09-14 11:13:00
O040117,U322,84,4,2026-09-14 11:14:00
O040118,U456,80,5,2026-09-14 11:25:00
O040126,U165,99,4,2026-09-14 11:28:00
O040115,U297,18,4,2026-09-14 11:32:00
O040129,U284,2,3,2026-09-14 11:36:00
O040126,U165,35,2,2026-09-14 12:06:00
O040128,U008,8,5,2026-09-14 12:13:00
O040129,U284,74,3,2026-09-14 12:21:00
O040135,U392,46,4,2026-09-14 12:25:00
O040142,U123,101,5,2026-09-14 13:42:00
O040146,U478,71,3,2026-09-14 13:49:00
O040148,U497,102,3,2026-09-14 14:15:00
O040145,U150,100,4,2026-09-14 14:28:00
O040144,U275,13,5,2026-09-14 14:29:00
O040151,U125,94,3,2026-09-14 15:25:00
O040168,U186,73,3,2026-09-14 15:58:00
O040162,U274,102,4,2026-09-14 15:59:00
O040169,U335,2,5,2026-09-14 16:09:00
O040147,U087,53,3,2026-09-14 16:09:00
O040170,U304,8,4,2026-09-14 16:14:00
O040167,U441,23,5,2026-09-14 16:14:00
O040160,U358,54,3,2026-09-14 16:20:00
O040158,U451,1,5,2026-09-14 16:35:00
O040179,U094,33,2,2026-09-14 16:44:00
O040174,U332,101,4,2026-09-14 16:45:00
O040155,U072,14,2,2026-09-14 16:58:00
O040155,U072,8,4,2026-09-14 17:08:00
O040186,U388,64,2,2026-09-14 17:09:00
O040165,U305,42,3,2026-09-14 17:23:00
O040165,U305,33,4,2026-09-14 17:33:00
O040166,U407,22,5,2026-09-14 17:35:00
O040181,U204,50,4,2026-09-14 17:47:00
O040162,U274,64,4,2026-09-14 17:48:00
O040171,U315,102,4,2026-09-14 17:52:00
O040199,U469,17,4,2026-09-14 18:02:00
O040195,U433,54,3,2026-09-14 18:06:00
O040185,U032,100,4,2026-09-14 18:13:00
O040190,U454,94,4,2026-09-14 18:14:00
O040200,U040,60,3,2026-09-14 18:29:00
O040197,U446,49,3,2026-09-14 19:11:00
O040209,U242,57,4,2026-09-14 22:21:00
O040215,U285,71,3,2026-09-14 23:14:00
O040211,U063,41,4,2026-09-14 23:20:00
O040229,U286,48,5,2026-09-15 08:36:00
O040234,U479,98,5,2026-09-15 08:38:00
O040230,U277,102,3,2026-09-15 08:55:00
O040238,U152,9,4,2026-09-15 08:59:00
O040229,U286,40,3,2026-09-15 09:13:00
O040250,U451,7,4,2026-09-15 09:13:00
O040242,U452,6,4,2026-09-15 09:16:00
O040239,U088,45,3,2026-09-15 09:24:00
O040250,U451,102,4,2026-09-15 09:29:00
O040247,U469,17,4,2026-09-15 09:33:00
O040237,U322,64,4,2026-09-15 09:43:00
O040234,U479,10,3,2026-09-15 09:45:00
O040227,U202,101,3,2026-09-15 09:46:00
O040225,U132,19,4,2026-09-15 09:47:00
O040223,U455,5,3,2026-09-15 09:48:00
O040262,U037,76,3,2026-09-15 09:55:00
O040221,U252,102,4,2026-09-15 09:57:00
O040236,U037,71,4,2026-09-15 09:58:00
O040241,U358,52,3,2026-09-15 10:02:00
O040251,U089,16,4,2026-09-15 10:09:00
O040258,U299,81,3,2026-09-15 10:16:00
O040255,U194,71,2,2026-09-15 10:36:00
O040264,U440,29,3,2026-09-15 10:43:00
O040235,U072,35,3,2026-09-15 10:43:00
O040263,U460,5,4,2026-09-15 11:05:00
O040260,U386,27,4,2026-09-15 11:22:00
O040270,U027,92,5,2026-09-15 11:35:00
O040265,U087,58,5,2026-09-15 11:40:00
O040260,U386,2,4,2026-09-15 12:09:00
O040267,U101,46,4,2026-09-15 12:14:00
O040256,U479,5,4,2026-09-15 12:15:00
O040271,U393,102,3,2026-09-15 12:44:00
O040266,U285,101,4,2026-09-15 12:54:00
O040285,U285,26,3,2026-09-15 13:39:00
O040285,U285,101,3,2026-09-15 13:56:00
O040285,U285,33,4,2026-09-15 14:15:00
O040282,U028,91,3,2026-09-15 14:44:00
O040296,U035,100,4,2026-09-15 14:48:00
O040277,U333,28,5,2026-09-15 14:52:00
O040276,U400,95,4,2026-09-15 15:03:00
O040297,U447,100,4,2026-09-15 15:05:00
O040280,U331,93,4,2026-09-15 15:08:00
O040304,U180,45,2,2026-09-15 15:45:00
O040295,U374,101,3,2026-09-15 15:46:00
O040293,U322,40,4,2026-09-15 16:01:00
O040310,U352,9,5,2026-09-15 16:05:00
O040287,U238,6,5,2026-09-15 16:32:00
O040301,U225,78,3,2026-09-15 16:58:00
O040313,U383,21,5,2026-09-15 17:07:00
O040314,U488,38,3,2026-09-15 17:15:00
O040315,U453,34,4,2026-09-15 17:25:00
O040329,U372,68,4,2026-09-15 17:28:00
O040307,U230,51,4,2026-09-15 17:36:00
O040322,U114,101,4,2026-09-15 17:40:00
O040321,U223,22,4,2026-09-15 17:43:00
O040325,U112,83,2,2026-09-15 17:59:00
O040330,U269,83,4,2026-09-15 18:07:00
O040325,U112,99,4,2026-09-15 18:42:00
O040312,U351,101,3,2026-09-15 18:43:00
O040338,U212,13,3,2026-09-15 18:46:00
O040327,U102,25,3,2026-09-15 18:46:00
O040339,U071,85,3,2026-09-15 18:46:00
O040323,U152,90,2,2026-09-15 18:47:00
O040333,U058,102,3,2026-09-15 19:05:00
O040315,U453,100,5,2026-09-15 19:07:00
O040315,U453,98,4,2026-09-15 19:12:00
O040327,U102,19,3,2026-09-15 19:22:00
O040328,U108,38,2,2026-09-15 19:51:00
O040335,U206,95,3,2026-09-15 19:59:00
O040344,U499,36,3,2026-09-15 20:30:00
O040336,U266,20,4,2026-09-15 20:35:00
O040345,U213,101,5,2026-09-15 20:58:00
O040357,U396,4,5,2026-09-16 07:17:00
O040361,U305,33,3,2026-09-16 07:58:00
O040356,U130,4,3,2026-09-16 08:28:00
O040368,U275,14,5,2026-09-16 09:15:00
O040376,U416,95,4,2026-09-16 09:31:00
O040372,U072,101,2,2026-09-16 09:40:00
O040387,U395,78,4,2026-09-16 09:40:00
O040366,U072,9,2,2026-09-16 09:43:00
O040380,U036,47,3,2026-09-16 09:43:00
O040389,U150,55,1,2026-09-16 09:51:00
O040383,U275,13,5,2026-09-16 10:01:00
O040391,U335,12,3,2026-09-16 10:12:00
O040376,U416,102,4,2026-09-16 10:31:00
O040378,U284,74,4,2026-09-16 10:40:00
O040385,U450,47,2,2026-09-16 10:52:00
O040391,U335,7,3,2026-09-16 11:06:00
O040368,U275,91,3,2026-09-16 11:09:00
O040369,U031,81,2,2026-09-16 11:18:00
O040381,U375,22,4,2026-09-16 11:25:00
O040395,U428,12,4,2026-09-16 11:28:00
O040377,U322,48,4,2026-09-16 11:30:00
O040393,U460,50,4,2026-09-16 11:38:00
O040395,U428,9,5,2026-09-16 11:38:00
O040404,U211,16,5,2026-09-16 12:04:00
O040402,U084,93,5,2026-09-16 12:33:00
O040407,U407,22,5,2026-09-16 12:44:00
O040405,U246,27,5,2026-09-16 12:58:00
O040401,U145,27,5,2026-09-16 13:04:00
O040403,U341,37,4,2026-09-16 13:37:00
O040419,U036,44,3,2026-09-16 15:00:00
O040425,U265,37,3,2026-09-16 15:53:00
O040416,U419,68,4,2026-09-16 15:55:00
O040422,U411,102,4,2026-09-16 15:57:00
O040415,U009,102,4,2026-09-16 16:01:00
O040438,U003,26,4,2026-09-16 16:19:00
O040432,U244,85,4,2026-09-16 16:38:00
O040420,U259,99,4,2026-09-16 16:39:00
O040429,U212,100,4,2026-09-16 16:52:00
O040430,U002,91,3,2026-09-16 16:54:00
O040419,U036,22,1,2026-09-16 16:55:00
O040423,U300,1,5,2026-09-16 17:17:00
O040428,U024,87,4,2026-09-16 17:52:00
O040442,U110,40,4,2026-09-16 17:55:00
O040436,U230,35,5,2026-09-16 18:13:00
O040443,U110,102,4,2026-09-16 18:18:00
O040442,U110,87,4,2026-09-16 18:36:00
O040445,U034,29,2,2026-09-16 18:46:00
O040445,U034,40,4,2026-09-16 18:57:00
O040456,U464,74,3,2026-09-16 19:44:00
O040456,U464,102,4,2026-09-16 19:45:00
O040450,U242,98,4,2026-09-16 19:48:00
O040450,U242,16,3,2026-09-16 20:00:00
O040449,U244,63,5,2026-09-16 20:48:00
O040451,U378,100,3,2026-09-16 21:11:00
O040462,U192,99,4,2026-09-16 21:11:00
O040456,U464,64,3,2026-09-16 21:49:00
O040465,U254,70,3,2026-09-16 21:51:00
O040459,U363,101,5,2026-09-16 22:18:00
O040471,U055,6,5,2026-09-17 07:29:00
O040479,U349,98,3,2026-09-17 07:36:00
O040474,U271,69,3,2026-09-17 07:52:00
O040484,U276,45,2,2026-09-17 08:37:00
O040487,U275,60,3,2026-09-17 09:22:00
O040486,U068,70,5,2026-09-17 09:26:00
O040499,U396,1,5,2026-09-17 09:43:00
O040480,U058,27,5,2026-09-17 10:02:00
O040478,U416,100,4,2026-09-17 10:03:00
O040483,U325,61,3,2026-09-17 10:14:00
O040505,U447,101,4,2026-09-17 10:39:00
O040497,U352,12,4,2026-09-17 10:56:00
O040504,U139,45,3,2026-09-17 11:12:00
O040508,U200,95,2,2026-09-17 11:14:00
O040500,U322,29,3,2026-09-17 11:33:00
O040500,U322,4,4,2026-09-17 11:38:00
O040502,U086,22,4,2026-09-17 11:41:00
O040517,U206,75,3,2026-09-17 12:01:00
O040512,U030,80,2,2026-09-17 12:36:00
O040522,U252,27,2,2026-09-17 12:57:00
O040517,U206,88,3,2026-09-17 13:26:00
O040513,U438,93,4,2026-09-17 13:29:00
O040519,U080,11,3,2026-09-17 14:13:00
O040527,U481,53,4,2026-09-17 14:30:00
O040518,U137,27,3,2026-09-17 14:31:00
O040527,U481,92,3,2026-09-17 14:41:00
O040529,U171,47,3,2026-09-17 14:48:00
O040526,U334,25,3,2026-09-17 14:59:00
O040532,U214,41,5,2026-09-17 15:21:00
O040532,U214,39,4,2026-09-17 16:21:00
O040537,U299,7,5,2026-09-17 16:25:00
O040539,U142,7,5,2026-09-17 16:38:00
O040533,U242,16,2,2026-09-17 16:47:00
O040536,U178,32,4,2026-09-17 17:19:00
O040546,U216,58,5,2026-09-17 17:22:00
O040535,U449,80,4,2026-09-17 17:26:00
O040549,U340,101,4,2026-09-17 17:29:00
O040541,U010,72,2,2026-09-17 17:46:00
O040544,U455,15,4,2026-09-17 18:19:00
O040566,U282,100,3,2026-09-17 18:21:00
O040550,U215,88,3,2026-09-17 18:21:00
O040566,U282,21,3,2026-09-17 18:27:00
O040553,U435,62,2,2026-09-17 18:31:00
O040543,U068,73,4,2026-09-17 18:35:00
O040564,U131,44,3,2026-09-17 18:46:00
O040560,U378,63,3,2026-09-17 18:50:00
O040555,U402,100,5,2026-09-17 18:59:00
O040549,U340,7,3,2026-09-17 19:04:00
O040562,U240,66,3,2026-09-17 19:14:00
O040564,U131,28,3,2026-09-17 19:27:00
O040555,U402,3,5,2026-09-17 19:38:00
O040569,U139,67,5,2026-09-17 19:52:00
O040559,U241,2,5,2026-09-17 20:03:00
O040574,U443,75,4,2026-09-17 20:28:00
O040571,U095,58,4,2026-09-17 20:33:00
O040563,U198,54,5,2026-09-17 20:34:00
O040585,U265,78,4,2026-09-17 21:13:00
O040581,U208,100,3,2026-09-17 21:42:00
O040578,U067,67,4,2026-09-17 22:18:00
O040580,U198,54,5,2026-09-17 22:24:00
O040590,U295,99,3,2026-09-17 22:54:00
O040583,U190,75,4,2026-09-17 23:25:00
O040579,U413,101,4,2026-09-17 23:29:00
O040594,U238,7,4,2026-09-18 06:55:00
O040602,U272,6,5,2026-09-18 08:28:00
O040599,U297,100,4,2026-09-18 08:32:00
O040619,U237,73,2,2026-09-18 09:00:00
O040593,U215,90,4,2026-09-18 09:02:00
O040605,U419,56,2,2026-09-18 09:07:00
O040630,U468,19,3,2026-09-18 09:33:00
O040618,U233,79,3,2026-09-18 10:04:00
O040627,U110,30,4,2026-09-18 10:17:00
O040609,U494,15,5,2026-09-18 10:30:00
O040634,U428,99,4,2026-09-18 10:43:00
O040636,U483,32,4,2026-09-18 10:44:00
O040639,U121,65,3,2026-09-18 10:47:00
O040633,U015,7,5,2026-09-18 10:49:00
O040629,U297,82,3,2026-09-18 10:58:00
O040622,U059,42,3,2026-09-18 11:03:00
O040645,U378,28,2,2026-09-18 11:31:00
O040634,U428,85,4,2026-09-18 11:35:00
O040624,U229,68,5,2026-09-18 11:45:00
O040650,U451,102,4,2026-09-18 12:36:00
O040652,U034,76,5,2026-09-18 13:07:00
O040649,U353,101,5,2026-09-18 13:20:00
O040644,U494,101,5,2026-09-18 13:33:00
O040656,U035,38,3,2026-09-18 14:11:00
O040648,U329,17,4,2026-09-18 14:29:00
O040661,U278,52,5,2026-09-18 14:37:00
O040661,U278,31,3,2026-09-18 14:39:00
O040663,U328,6,5,2026-09-18 14:52:00
O040664,U058,35,4,2026-09-18 15:01:00
O040655,U491,35,4,2026-09-18 15:15:00
O040664,U058,27,5,2026-09-18 15:22:00
O040680,U382,21,3,2026-09-18 15:57:00
O040668,U285,102,4,2026-09-18 16:00:00
O040658,U455,94,3,2026-09-18 16:02:00
O040679,U168,81,5,2026-09-18 16:32:00
O040661,U278,102,3,2026-09-18 16:39:00
O040672,U073,88,4,2026-09-18 16:41:00
O040666,U245,2,5,2026-09-18 17:00:00
O040688,U485,15,3,2026-09-18 17:07:00
O040681,U058,101,3,2026-09-18 17:30:00
O040680,U382,80,3,2026-09-18 17:30:00
O040676,U006,83,5,2026-09-18 18:01:00
O040687,U197,30,2,2026-09-18 18:14:00
O040697,U128,87,3,2026-09-18 18:16:00
O040696,U489,18,3,2026-09-18 18:22:00
O040697,U128,71,3,2026-09-18 18:23:00
O040692,U006,46,3,2026-09-18 18:55:00
O040685,U055,12,1,2026-09-18 19:04:00
O040692,U006,70,4,2026-09-18 19:07:00
O040695,U037,36,4,2026-09-18 19:07:00
O040700,U449,62,3,2026-09-18 19:23:00
O040695,U037,101,5,2026-09-18 19:41:00
O040702,U356,98,4,2026-09-18 19:47:00
O040696,U489,101,5,2026-09-18 20:09:00
O040698,U317,92,4,2026-09-18 20:14:00
O040699,U165,75,3,2026-09-18 20:16:00
O040707,U375,30,4,2026-09-18 20:24:00
O040709,U016,90,3,2026-09-18 20:39:00
O040713,U106,48,2,2026-09-18 20:45:00
O040706,U278,101,3,2026-09-18 20:52:00
O040706,U278,72,3,2026-09-18 20:57:00
O040709,U016,42,4,2026-09-18 21:30:00
O040710,U101,84,5,2026-09-18 21:37:00
O040712,U187,29,3,2026-09-18 22:10:00
O040722,U246,27,4,2026-09-18 22:40:00
O040721,U478,77,3,2026-09-18 22:43:00
O040715,U196,27,5,2026-09-18 22:58:00
O040724,U101,83,4,2026-09-18 23:50:00
O040728,U479,5,4,2026-09-19 08:21:00
O040729,U433,12,2,2026-09-19 09:38:00
O040727,U215,52,4,2026-09-19 10:12:00
O040738,U295,101,4,2026-09-19 10:28:00
O040745,U463,83,5,2026-09-19 11:11:00
O040734,U370,102,4,2026-09-19 11:21:00
O040730,U275,100,4,2026-09-19 11:39:00
O040732,U469,19,3,2026-09-19 11:50:00
O040731,U204,23,3,2026-09-19 11:56:00
O040735,U349,37,4,2026-09-19 12:17:00
O040742,U382,5,5,2026-09-19 12:18:00
O040749,U236,44,3,2026-09-19 13:07:00
O040747,U050,100,4,2026-09-19 13:12:00
O040741,U192,101,4,2026-09-19 13:20:00
O040747,U050,15,4,2026-09-19 13:55:00
O040752,U003,8,4,2026-09-19 14:35:00
O040755,U500,101,4,2026-09-19 14:44:00
O040759,U496,34,2,2026-09-19 15:02:00
O040761,U274,32,3,2026-09-19 15:44:00
O040769,U286,39,5,2026-09-19 15:44:00
O040758,U457,9,5,2026-09-19 16:16:00
O040769,U286,37,5,2026-09-19 16:25:00
O040778,U031,56,3,2026-09-19 16:27:00
O040770,U157,23,4,2026-09-19 16:36:00
O040771,U363,87,4,2026-09-19 16:42:00
O040768,U367,101,3,2026-09-19 17:32:00
O040779,U419,86,3,2026-09-19 17:32:00
O040780,U367,69,4,2026-09-19 17:37:00
O040783,U481,102,3,2026-09-19 17:41:00
O040782,U063,49,4,2026-09-19 17:50:00
O040781,U239,16,4,2026-09-19 18:09:00
O040782,U063,102,3,2026-09-19 18:20:00
O040793,U020,64,3,2026-09-19 18:35:00
O040796,U496,19,4,2026-09-19 18:39:00
O040803,U168,87,2,2026-09-19 19:29:00
O040806,U363,59,5,2026-09-19 19:38:00
O040787,U121,38,2,2026-09-19 19:48:00
O040810,U003,101,4,2026-09-19 20:01:00
O040807,U110,58,3,2026-09-19 20:08:00
O040810,U003,15,4,2026-09-19 20:25:00
O040813,U184,66,4,2026-09-19 20:27:00
O040804,U325,98,3,2026-09-19 20:54:00
O040799,U138,62,2,2026-09-19 21:10:00
O040815,U499,74,5,2026-09-19 21:39:00
O040826,U484,91,2,2026-09-19 21:58:00
O040811,U061,101,3,2026-09-19 22:00:00
O040819,U091,91,3,2026-09-19 22:08:00
O040828,U411,92,4,2026-09-19 22:30:00
O040812,U111,70,3,2026-09-19 22:45:00
O040817,U169,29,4,2026-09-19 23:00:00
O040822,U248,9,2,2026-09-19 23:00:00
O040821,U020,3,3,2026-09-19 23:35:00
O040829,U222,78,4,2026-09-20 00:17:00
O040834,U314,5,4,2026-09-20 08:14:00
O040832,U127,46,2,2026-09-20 09:28:00
O040835,U165,73,4,2026-09-20 09:28:00
O040833,U202,60,4,2026-09-20 09:49:00
O040843,U165,77,4,2026-09-20 09:58:00
O040845,U277,11,4,2026-09-20 10:15:00
O040838,U404,1,5,2026-09-20 10:16:00
O040851,U248,39,4,2026-09-20 10:49:00
O040854,U352,56,3,2026-09-20 11:10:00
O040847,U127,15,3,2026-09-20 11:15:00
O040837,U219,42,3,2026-09-20 11:58:00
O040850,U131,98,3,2026-09-20 11:59:00
O040868,U101,9,4,2026-09-20 12:15:00
O040853,U108,19,3,2026-09-20 12:43:00
O040864,U315,31,4,2026-09-20 12:47:00
O040858,U213,100,4,2026-09-20 12:48:00
O040853,U108,6,3,2026-09-20 13:02:00
O040862,U101,83,4,2026-09-20 13:13:00
O040868,U101,35,3,2026-09-20 13:39:00
O040863,U043,37,1,2026-09-20 13:50:00
O040870,U255,42,4,2026-09-20 13:50:00
O040872,U057,25,3,2026-09-20 13:51:00
O040866,U463,90,4,2026-09-20 14:15:00
O040878,U020,64,4,2026-09-20 15:32:00
O040884,U049,68,4,2026-09-20 16:00:00
O040882,U086,57,1,2026-09-20 16:37:00
O040891,U463,83,5,2026-09-20 16:39:00
O040883,U360,8,5,2026-09-20 16:43:00
O040875,U367,66,5,2026-09-20 16:44:00
O040897,U344,66,1,2026-09-20 16:50:00
O040880,U168,36,4,2026-09-20 16:52:00
O040879,U136,7,4,2026-09-20 17:16:00
O040898,U335,1,3,2026-09-20 17:23:00
O040897,U344,33,3,2026-09-20 17:46:00
O040908,U368,40,4,2026-09-20 18:07:00
O040889,U351,5,2,2026-09-20 18:25:00
O040899,U269,61,4,2026-09-20 18:26:00
O040904,U049,68,5,2026-09-20 18:32:00
O040893,U024,87,4,2026-09-20 18:36:00
O040911,U333,32,4,2026-09-20 18:51:00
O040910,U024,92,2,2026-09-20 18:56:00
O040900,U344,78,3,2026-09-20 19:04:00
O040901,U467,89,4,2026-09-20 19:06:00
O040907,U057,102,4,2026-09-20 19:16:00
O040914,U050,54,3,2026-09-20 19:19:00
O040907,U057,12,3,2026-09-20 19:30:00
O040916,U121,71,4,2026-09-20 19:46:00
O040923,U184,12,4,2026-09-20 19:50:00
O040919,U359,75,5,2026-09-20 19:58:00
O040921,U308,28,3,2026-09-20 21:37:00
O040922,U420,41,4,2026-09-20 22:23:00
O040930,U227,101,4,2026-09-21 00:07:00
O040941,U094,73,2,2026-09-21 07:40:00
O040945,U449,80,3,2026-09-21 08:00:00
O040954,U131,91,4,2026-09-21 08:30:00
O040935,U322,99,4,2026-09-21 08:45:00
O040962,U419,101,4,2026-09-21 08:56:00
O040936,U127,95,3,2026-09-21 09:12:00
O040949,U448,39,5,2026-09-21 09:13:00
O040975,U104,79,3,2026-09-21 09:21:00
O040969,U293,62,2,2026-09-21 09:24:00
O040943,U058,82,2,2026-09-21 09:43:00
O040981,U093,74,4,2026-09-21 09:48:00
O040966,U154,84,5,2026-09-21 09:49:00
O040980,U219,3,3,2026-09-21 09:53:00
O040979,U071,85,4,2026-09-21 09:55:00
O040962,U419,25,3,2026-09-21 09:56:00
O040946,U113,98,4,2026-09-21 09:59:00
O040981,U093,27,3,2026-09-21 10:03:00
O040944,U177,100,3,2026-09-21 10:06:00
O040946,U113,33,4,2026-09-21 10:27:00
O040951,U271,63,1,2026-09-21 10:42:00
O040982,U347,15,4,2026-09-21 10:47:00
O040965,U412,6,5,2026-09-21 10:51:00
O040959,U324,72,4,2026-09-21 10:52:00
O040985,U281,91,3,2026-09-21 11:28:00
O040970,U071,101,3,2026-09-21 11:29:00
O040991,U244,74,4,2026-09-21 11:34:00
O040972,U396,5,4,2026-09-21 11:37:00
O040991,U244,102,3,2026-09-21 12:15:00
O040997,U074,30,5,2026-09-21 13:53:00
O041001,U249,57,3,2026-09-21 14:14:00
O041007,U271,101,4,2026-09-21 14:38:00
O040999,U375,14,4,2026-09-21 14:46:00
O041017,U446,43,5,2026-09-21 14:59:00
O041007,U271,15,5,2026-09-21 15:09:00
O041011,U492,85,4,2026-09-21 15:24:00
O041029,U275,13,4,2026-09-21 15:47:00
O041031,U008,71,4,2026-09-21 15:49:00
O041030,U056,81,3,2026-09-21 15:53:00
O041023,U184,59,4,2026-09-21 15:56:00
O041016,U139,72,4,2026-09-21 15:56:00
O041029,U275,95,3,2026-09-21 15:59:00
O041034,U252,45,2,2026-09-21 16:04:00
O041033,U301,76,3,2026-09-21 16:09:00
O041020,U433,47,4,2026-09-21 16:35:00
O041039,U164,101,4,2026-09-21 16:48:00
O041028,U455,16,4,2026-09-21 16:58:00
O041036,U089,82,3,2026-09-21 16:59:00
O041018,U117,12,5,2026-09-21 17:14:00
O041037,U049,100,4,2026-09-21 17:39:00
O041045,U219,66,2,2026-09-21 17:49:00
O041039,U164,31,3,2026-09-21 17:57:00
O041030,U056,9,2,2026-09-21 17:58:00
O041046,U328,82,4,2026-09-21 18:10:00
O041038,U098,6,2,2026-09-21 18:34:00
O041053,U004,36,5,2026-09-21 18:36:00
O041049,U178,38,2,2026-09-21 18:44:00
O041039,U164,6,5,2026-09-21 19:11:00
O041052,U372,68,5,2026-09-21 19:26:00
O041064,U325,38,2,2026-09-21 20:18:00
O041055,U087,67,5,2026-09-21 20:34:00
O041066,U184,61,4,2026-09-21 20:35:00
O041060,U268,76,2,2026-09-21 20:39:00
O041054,U333,98,5,2026-09-21 21:20:00
O041066,U184,35,5,2026-09-21 21:36:00
O041058,U032,71,5,2026-09-21 21:40:00
O041071,U274,62,3,2026-09-21 21:56:00
O041068,U059,92,3,2026-09-21 22:08:00
O041081,U038,2,4,2026-09-22 06:49:00
O041086,U322,84,5,2026-09-22 08:36:00
O041088,U455,55,4,2026-09-22 08:38:00
O041088,U455,94,3,2026-09-22 08:45:00
O041096,U275,100,4,2026-09-22 08:54:00
O041097,U375,26,3,2026-09-22 09:14:00
O041101,U455,7,3,2026-09-22 09:37:00
O041090,U311,20,3,2026-09-22 09:41:00
O041102,U215,102,4,2026-09-22 10:03:00
O041109,U228,35,4,2026-09-22 10:04:00
O041088,U455,19,4,2026-09-22 10:05:00
O041110,U429,1,5,2026-09-22 10:32:00
O041116,U230,44,3,2026-09-22 10:45:00
O041108,U167,100,5,2026-09-22 10:46:00
O041110,U429,12,2,2026-09-22 10:51:00
O041119,U474,55,5,2026-09-22 11:12:00
O041114,U473,95,4,2026-09-22 11:31:00
O041122,U286,101,5,2026-09-22 11:59:00
O041116,U230,56,4,2026-09-22 12:21:00
O041128,U322,13,5,2026-09-22 13:22:00
O041139,U392,1,5,2026-09-22 14:37:00
O041128,U322,100,5,2026-09-22 14:51:00
O041130,U009,100,5,2026-09-22 14:56:00
O041138,U135,52,3,2026-09-22 15:01:00
O041137,U413,92,4,2026-09-22 15:02:00
O041133,U453,70,3,2026-09-22 15:55:00
O041145,U167,35,4,2026-09-22 15:59:00
O041132,U110,4,3,2026-09-22 16:00:00
O041149,U057,79,5,2026-09-22 16:11:00
O041131,U216,23,2,2026-09-22 16:26:00
O041150,U020,64,4,2026-09-22 16:52:00
O041141,U409,100,5,2026-09-22 17:06:00
O041157,U205,28,4,2026-09-22 17:11:00
O041145,U167,34,4,2026-09-22 17:15:00
O041155,U102,25,3,2026-09-22 17:25:00
O041177,U282,98,3,2026-09-22 17:51:00
O041152,U267,37,3,2026-09-22 17:53:00
O041161,U114,28,5,2026-09-22 18:08:00
O041176,U245,83,4,2026-09-22 18:24:00
O041164,U119,70,3,2026-09-22 18:30:00
O041157,U205,102,3,2026-09-22 18:35:00
O041181,U457,45,3,2026-09-22 18:47:00
O041177,U282,14,4,2026-09-22 18:56:00
O041173,U328,94,3,2026-09-22 19:08:00
O041173,U328,82,4,2026-09-22 19:19:00
O041182,U038,91,4,2026-09-22 19:43:00
O041175,U289,79,4,2026-09-22 19:52:00
O041191,U254,76,3,2026-09-22 21:52:00
O041196,U028,91,3,2026-09-22 22:04:00
O041194,U224,31,3,2026-09-22 23:01:00
O041194,U224,28,4,2026-09-22 23:02:00
O041190,U087,94,2,2026-09-22 23:27:00
O041202,U228,101,5,2026-09-23 07:35:00
O041211,U109,7,5,2026-09-23 08:52:00
O041211,U109,101,3,2026-09-23 08:56:00
O041210,U098,6,3,2026-09-23 09:17:00
O041212,U146,46,3,2026-09-23 09:17:00
O041209,U071,45,3,2026-09-23 09:36:00
O041204,U321,100,3,2026-09-23 09:36:00
O041210,U098,7,4,2026-09-23 09:37:00
O041222,U463,100,4,2026-09-23 09:40:00
O041208,U386,101,4,2026-09-23 09:52:00
O041231,U331,102,3,2026-09-23 10:16:00
O041208,U386,42,2,2026-09-23 10:45:00
O041229,U388,101,4,2026-09-23 10:53:00
O041238,U227,37,5,2026-09-23 11:01:00
O041216,U274,72,3,2026-09-23 11:08:00
O041241,U040,101,4,2026-09-23 11:16:00
O041234,U083,27,4,2026-09-23 11:39:00
O041243,U260,9,3,2026-09-23 11:39:00
O041224,U108,7,3,2026-09-23 11:42:00
O041242,U493,23,5,2026-09-23 12:32:00
O041247,U175,95,5,2026-09-23 12:57:00
O041250,U429,74,2,2026-09-23 14:07:00
O041255,U299,6,5,2026-09-23 14:28:00
O041264,U407,20,3,2026-09-23 14:36:00
O041252,U046,43,3,2026-09-23 14:48:00
O041265,U308,58,4,2026-09-23 15:11:00
O041264,U407,18,4,2026-09-23 15:11:00
O041257,U024,87,4,2026-09-23 15:14:00
O041255,U299,101,4,2026-09-23 15:25:00
O041270,U419,65,4,2026-09-23 15:34:00
O041265,U308,101,4,2026-09-23 15:55:00
O041275,U159,74,2,2026-09-23 16:17:00
O041260,U058,28,3,2026-09-23 16:18:00
O041288,U327,15,5,2026-09-23 16:42:00
O041278,U275,13,4,2026-09-23 17:14:00
O041268,U122,89,2,2026-09-23 17:23:00
O041290,U158,88,5,2026-09-23 17:35:00
O041293,U455,94,3,2026-09-23 17:39:00
O041286,U324,7,3,2026-09-23 17:43:00
O041281,U136,101,4,2026-09-23 17:50:00
O041303,U446,102,3,2026-09-23 17:56:00
O041287,U135,52,3,2026-09-23 18:00:00
O041285,U297,14,5,2026-09-23 18:05:00
O041284,U197,51,2,2026-09-23 18:11:00
O041306,U110,69,5,2026-09-23 18:21:00
O041293,U455,13,4,2026-09-23 18:24:00
O041297,U304,102,5,2026-09-23 18:26:00
O041304,U137,55,3,2026-09-23 18:30:00
O041303,U446,98,4,2026-09-23 18:31:00
O041299,U199,22,4,2026-09-23 18:58:00
O041298,U324,72,4,2026-09-23 19:07:00
O041304,U137,101,3,2026-09-23 19:12:00
O041307,U367,63,5,2026-09-23 19:28:00
O041309,U361,79,3,2026-09-23 19:35:00
O041294,U272,6,5,2026-09-23 19:36:00
O041292,U238,8,3,2026-09-23 19:41:00
O041303,U446,43,4,2026-09-23 19:51:00
O041296,U010,26,4,2026-09-23 20:14:00
O041308,U122,101,4,2026-09-23 20:29:00
O041310,U496,25,4,2026-09-23 20:36:00
O041315,U216,80,4,2026-09-23 20:59:00
O041320,U435,42,3,2026-09-23 21:17:00
O041309,U361,100,4,2026-09-23 21:26:00
O041322,U315,38,3,2026-09-23 22:12:00
O041326,U317,37,3,2026-09-23 22:22:00
O041317,U379,79,4,2026-09-23 22:36:00
O041324,U020,87,3,2026-09-23 23:22:00
O041323,U478,30,3,2026-09-23 23:34:00
O041325,U354,98,4,2026-09-24 00:23:00
O041331,U449,62,5,2026-09-24 07:16:00
O041332,U415,2,4,2026-09-24 07:32:00
O041328,U314,10,3,2026-09-24 07:57:00
O041341,U164,101,4,2026-09-24 08:05:00
O041330,U031,86,5,2026-09-24 08:35:00
O041332,U415,6,4,2026-09-24 08:36:00
O041343,U154,101,4,2026-09-24 09:16:00
O041351,U072,11,5,2026-09-24 09:27:00
O041338,U149,100,4,2026-09-24 09:29:00
O041354,U102,20,4,2026-09-24 09:35:00
O041359,U415,102,3,2026-09-24 09:44:00
O041359,U415,67,3,2026-09-24 09:47:00
O041348,U223,14,5,2026-09-24 09:55:00
O041363,U498,53,3,2026-09-24 09:57:00
O041339,U166,35,4,2026-09-24 10:03:00
O041339,U166,8,3,2026-09-24 10:08:00
O041365,U127,53,2,2026-09-24 10:14:00
O041363,U498,100,4,2026-09-24 10:15:00
O041356,U206,77,3,2026-09-24 10:22:00
O041349,U034,76,4,2026-09-24 11:15:00
O041376,U194,28,4,2026-09-24 11:23:00
O041367,U143,4,4,2026-09-24 11:55:00
O041367,U143,41,4,2026-09-24 12:04:00
O041381,U412,6,5,2026-09-24 12:18:00
O041377,U379,54,4,2026-09-24 12:19:00
O041370,U274,55,4,2026-09-24 12:20:00
O041365,U127,100,4,2026-09-24 12:33:00
O041379,U440,5,3,2026-09-24 12:40:00
O041371,U110,66,3,2026-09-24 12:42:00
O041372,U111,77,5,2026-09-24 12:47:00
O041389,U386,9,4,2026-09-24 13:33:00
O041378,U167,100,4,2026-09-24 13:35:00
O041383,U278,49,5,2026-09-24 13:44:00
O041396,U455,74,2,2026-09-24 13:58:00
O041387,U163,57,5,2026-09-24 14:14:00
O041391,U458,91,4,2026-09-24 14:29:00
O041387,U163,100,4,2026-09-24 14:39:00
O041398,U308,13,5,2026-09-24 15:27:00
O041397,U229,60,3,2026-09-24 15:33:00
O041400,U157,15,4,2026-09-24 16:25:00
O041405,U020,40,3,2026-09-24 16:30:00
O041398,U308,100,5,2026-09-24 16:36:00
O041414,U453,102,5,2026-09-24 16:43:00
O041417,U141,37,4,2026-09-24 16:45:00
O041415,U215,47,3,2026-09-24 16:46:00
O041405,U020,58,2,2026-09-24 16:49:00
O041409,U383,71,3,2026-09-24 16:50:00
O041414,U453,95,4,2026-09-24 16:58:00
O041403,U275,79,2,2026-09-24 17:05:00
O041408,U081,23,3,2026-09-24 17:22:00
O041412,U297,18,5,2026-09-24 17:58:00
O041420,U216,79,5,2026-09-24 18:44:00
O041426,U178,54,3,2026-09-24 18:46:00
O041423,U375,15,4,2026-09-24 19:33:00
O041438,U154,83,3,2026-09-24 19:37:00
O041435,U493,15,4,2026-09-24 19:41:00
O041431,U122,57,2,2026-09-24 20:09:00
O041439,U095,61,4,2026-09-24 20:18:00
O041436,U168,46,3,2026-09-24 21:35:00
O041445,U478,96,4,2026-09-24 22:17:00
O041446,U230,21,4,2026-09-25 00:28:00
O041454,U031,50,4,2026-09-25 07:53:00
O041454,U031,46,3,2026-09-25 08:02:00
O041456,U398,10,4,2026-09-25 08:31:00
O041453,U293,31,5,2026-09-25 09:20:00
O041471,U370,2,4,2026-09-25 09:21:00
O041466,U137,2,4,2026-09-25 09:24:00
O041468,U312,15,4,2026-09-25 09:26:00
O041485,U006,101,4,2026-09-25 10:08:00
O041485,U006,79,4,2026-09-25 10:11:00
O041476,U177,44,3,2026-09-25 10:17:00
O041459,U388,41,3,2026-09-25 10:20:00
O041465,U031,85,3,2026-09-25 10:26:00
O041491,U246,32,4,2026-09-25 10:54:00
O041492,U265,73,3,2026-09-25 10:58:00
O041490,U238,15,1,2026-09-25 11:30:00
O041480,U491,22,2,2026-09-25 11:36:00
O041495,U167,34,5,2026-09-25 11:54:00
O041483,U494,15,5,2026-09-25 12:09:00
O041496,U446,38,5,2026-09-25 12:15:00
O041498,U167,66,2,2026-09-25 12:23:00
O041501,U324,72,4,2026-09-25 12:50:00
O041503,U434,87,4,2026-09-25 12:53:00
O041504,U463,46,3,2026-09-25 13:24:00
O041502,U165,71,4,2026-09-25 13:56:00
O041514,U301,74,2,2026-09-25 14:21:00
O041509,U385,10,5,2026-09-25 14:50:00
O041526,U158,100,4,2026-09-25 15:13:00
O041508,U149,46,2,2026-09-25 15:18:00
O041517,U311,98,3,2026-09-25 15:18:00
O041532,U266,10,4,2026-09-25 15:30:00
O041517,U311,72,2,2026-09-25 15:35:00
O041510,U398,42,4,2026-09-25 15:35:00
O041531,U101,79,4,2026-09-25 15:40:00
O041511,U367,66,5,2026-09-25 15:44:00
O041536,U093,51,4,2026-09-25 15:45:00
O041520,U267,1,4,2026-09-25 15:59:00
O041515,U488,38,3,2026-09-25 16:17:00
O041516,U097,76,5,2026-09-25 16:17:00
O041541,U057,79,5,2026-09-25 16:34:00
O041540,U142,7,5,2026-09-25 16:54:00
O041527,U295,71,4,2026-09-25 16:57:00
O041530,U213,79,3,2026-09-25 17:13:00
O041522,U240,8,5,2026-09-25 17:30:00
O041558,U469,17,4,2026-09-25 17:33:00
O041537,U333,102,4,2026-09-25 17:36:00
O041550,U244,73,5,2026-09-25 17:40:00
O041552,U463,75,3,2026-09-25 17:41:00
O041557,U137,37,3,2026-09-25 17:55:00
O041554,U249,48,5,2026-09-25 18:00:00
O041561,U397,47,3,2026-09-25 18:02:00
O041529,U164,62,4,2026-09-25 18:06:00
O041557,U137,2,4,2026-09-25 18:10:00
O041551,U241,83,3,2026-09-25 18:14:00
O041555,U186,26,3,2026-09-25 18:24:00
O041562,U393,61,3,2026-09-25 18:24:00
O041539,U218,74,4,2026-09-25 18:25:00
O041542,U218,75,4,2026-09-25 18:27:00
O041565,U132,101,4,2026-09-25 18:37:00
O041552,U463,100,4,2026-09-25 18:42:00
O041559,U119,95,3,2026-09-25 19:28:00
O041567,U300,101,4,2026-09-25 19:30:00
O041563,U019,38,4,2026-09-25 19:36:00
O041569,U095,82,3,2026-09-25 20:06:00
O041560,U349,58,3,2026-09-25 20:16:00
O041571,U320,98,3,2026-09-25 21:09:00
O041567,U300,60,5,2026-09-25 21:12:00
O041574,U020,28,4,2026-09-25 22:16:00
O041573,U474,65,4,2026-09-25 22:20:00
O041569,U095,66,4,2026-09-25 22:24:00
O041572,U440,98,3,2026-09-25 23:06:00
O041576,U260,96,2,2026-09-26 00:41:00
O041578,U441,15,4,2026-09-26 06:54:00
O041577,U126,71,3,2026-09-26 07:52:00
O041582,U177,2,4,2026-09-26 08:05:00
O041584,U415,2,3,2026-09-26 08:18:00
O041581,U244,39,5,2026-09-26 08:38:00
O041585,U388,49,3,2026-09-26 09:10:00
O041591,U167,101,4,2026-09-26 09:32:00
O041599,U453,9,3,2026-09-26 09:53:00
O041585,U388,102,4,2026-09-26 09:53:00
O041602,U284,80,5,2026-09-26 10:01:00
O041600,U275,100,4,2026-09-26 10:02:00
O041593,U491,84,5,2026-09-26 10:05:00
O041585,U388,99,4,2026-09-26 10:12:00
O041593,U491,22,4,2026-09-26 10:12:00
O041605,U411,86,3,2026-09-26 10:28:00
O041591,U167,89,2,2026-09-26 10:43:00
O041588,U086,74,1,2026-09-26 10:57:00
O041591,U167,34,5,2026-09-26 11:05:00
O041586,U449,80,4,2026-09-26 11:06:00
O041598,U221,76,4,2026-09-26 11:15:00
O041602,U284,86,3,2026-09-26 11:32:00
O041605,U411,78,5,2026-09-26 11:41:00
O041596,U072,8,3,2026-09-26 11:44:00
O041590,U033,102,4,2026-09-26 11:48:00
O041596,U072,101,3,2026-09-26 11:52:00
O041615,U225,99,4,2026-09-26 11:55:00
O041599,U453,34,4,2026-09-26 12:10:00
O041611,U485,100,2,2026-09-26 12:50:00
O041621,U227,46,5,2026-09-26 12:55:00
O041607,U142,7,5,2026-09-26 13:03:00
O041617,U148,54,3,2026-09-26 13:13:00
O041614,U101,47,4,2026-09-26 13:34:00
O041629,U199,10,3,2026-09-26 13:44:00
O041612,U059,26,5,2026-09-26 13:56:00
O041613,U116,100,4,2026-09-26 14:12:00
O041618,U482,27,4,2026-09-26 14:23:00
O041633,U327,22,4,2026-09-26 14:27:00
O041616,U093,45,3,2026-09-26 14:32:00
O041625,U230,74,4,2026-09-26 14:47:00
O041626,U184,39,4,2026-09-26 14:56:00
O041623,U370,41,2,2026-09-26 15:00:00
O041640,U456,80,5,2026-09-26 15:26:00
O041635,U359,75,5,2026-09-26 15:31:00
O041651,U428,2,4,2026-09-26 15:34:00
O041641,U084,90,4,2026-09-26 15:54:00
O041639,U315,48,4,2026-09-26 16:05:00
O041644,U048,10,2,2026-09-26 16:09:00
O041639,U315,102,3,2026-09-26 16:15:00
O041645,U014,34,3,2026-09-26 16:28:00
O041660,U473,42,3,2026-09-26 17:11:00
O041652,U108,100,3,2026-09-26 17:17:00
O041666,U008,101,5,2026-09-26 17:34:00
O041671,U030,99,5,2026-09-26 17:40:00
O041667,U453,100,4,2026-09-26 17:47:00
O041662,U216,74,4,2026-09-26 17:51:00
O041654,U128,72,2,2026-09-26 17:54:00
O041672,U306,68,3,2026-09-26 17:57:00
O041650,U273,101,4,2026-09-26 18:04:00
O041655,U367,53,4,2026-09-26 18:11:00
O041669,U114,33,3,2026-09-26 18:26:00
O041665,U267,90,3,2026-09-26 18:26:00
O041672,U306,55,5,2026-09-26 19:16:00
O041668,U387,41,3,2026-09-26 19:17:00
O041681,U363,66,3,2026-09-26 19:32:00
O041675,U108,29,4,2026-09-26 19:49:00
O041685,U335,59,3,2026-09-26 20:26:00
O041678,U077,26,4,2026-09-26 20:27:00
O041684,U341,40,2,2026-09-26 20:30:00
O041679,U248,53,2,2026-09-26 20:31:00
O041679,U248,49,5,2026-09-26 20:46:00
O041698,U478,77,3,2026-09-26 21:31:00
O041697,U029,102,4,2026-09-26 22:08:00
O041693,U111,49,3,2026-09-26 23:20:00
O041697,U029,65,5,2026-09-26 23:34:00
O041705,U056,79,3,2026-09-27 00:35:00
O041710,U452,7,4,2026-09-27 08:05:00
O041707,U441,101,5,2026-09-27 08:48:00
O041711,U037,81,4,2026-09-27 09:28:00
O041715,U272,2,5,2026-09-27 10:48:00
O041730,U213,31,3,2026-09-27 10:58:00
O041717,U245,5,5,2026-09-27 11:00:00
O041713,U177,6,5,2026-09-27 11:14:00
O041725,U143,101,5,2026-09-27 11:14:00
O041724,U419,66,4,2026-09-27 11:32:00
O041735,U352,1,5,2026-09-27 11:34:00
O041715,U272,101,4,2026-09-27 11:59:00
O041721,U413,48,5,2026-09-27 12:05:00
O041727,U285,98,4,2026-09-27 12:14:00
O041723,U065,101,3,2026-09-27 12:28:00
O041736,U139,98,4,2026-09-27 12:42:00
O041733,U383,71,3,2026-09-27 13:32:00
O041742,U167,66,2,2026-09-27 14:04:00
O041741,U214,92,5,2026-09-27 14:05:00
O041740,U343,100,3,2026-09-27 14:37:00
O041748,U489,16,5,2026-09-27 15:02:00
O041762,U087,53,4,2026-09-27 15:04:00
O041768,U102,101,3,2026-09-27 15:36:00
O041755,U426,100,4,2026-09-27 16:34:00
O041759,U482,101,4,2026-09-27 16:39:00
O041765,U498,69,3,2026-09-27 16:41:00
O041750,U229,65,4,2026-09-27 16:44:00
O041767,U216,101,3,2026-09-27 16:51:00
O041756,U304,100,5,2026-09-27 17:03:00
O041784,U020,28,3,2026-09-27 17:28:00
O041786,U293,31,5,2026-09-27 17:30:00
O041771,U100,50,4,2026-09-27 17:37:00
O041779,U479,68,4,2026-09-27 17:37:00
O041791,U401,94,3,2026-09-27 17:45:00
O041773,U460,102,4,2026-09-27 17:56:00
O041790,U312,15,5,2026-09-27 18:04:00
O041797,U401,45,5,2026-09-27 18:11:00
O041796,U244,102,4,2026-09-27 18:27:00
O041784,U020,101,4,2026-09-27 18:42:00
O041783,U328,8,3,2026-09-27 18:48:00
O041785,U485,11,3,2026-09-27 18:53:00
O041802,U057,79,5,2026-09-27 19:04:00
O041790,U312,88,4,2026-09-27 19:08:00
O041786,U293,86,2,2026-09-27 19:18:00
O041803,U468,47,1,2026-09-27 19:27:00
O041786,U293,98,3,2026-09-27 19:39:00
O041783,U328,1,5,2026-09-27 19:54:00
O041790,U312,74,2,2026-09-27 20:20:00
O041799,U441,3,3,2026-09-27 20:37:00
O041813,U116,46,3,2026-09-27 20:50:00
O041804,U061,70,3,2026-09-27 21:02:00
O041808,U374,37,5,2026-09-27 21:07:00
O041811,U242,102,3,2026-09-27 21:09:00
O041817,U308,86,4,2026-09-27 21:25:00
O041820,U205,3,5,2026-09-27 21:28:00
O041809,U494,18,3,2026-09-27 21:45:00
O041818,U321,36,2,2026-09-27 21:53:00
O041814,U156,95,5,2026-09-27 22:01:00
O041818,U321,100,5,2026-09-27 22:29:00
O041822,U198,54,4,2026-09-27 22:54:00
O041825,U273,7,5,2026-09-28 07:37:00
O041828,U164,6,5,2026-09-28 08:26:00
O041832,U468,21,3,2026-09-28 08:33:00
O041842,U471,100,4,2026-09-28 09:03:00
O041837,U462,20,3,2026-09-28 09:04:00
O041827,U048,81,3,2026-09-28 09:07:00
O041833,U035,8,3,2026-09-28 09:11:00
O041838,U088,100,4,2026-09-28 09:20:00
O041845,U110,100,4,2026-09-28 09:33:00
O041856,U455,16,5,2026-09-28 09:44:00
O041842,U471,39,4,2026-09-28 09:51:00
O041830,U072,63,3,2026-09-28 09:53:00
O041826,U310,90,4,2026-09-28 09:55:00
O041856,U455,45,3,2026-09-28 10:04:00
O041835,U356,98,4,2026-09-28 10:07:00
O041862,U340,86,4,2026-09-28 10:09:00
O041859,U269,81,5,2026-09-28 10:16:00
O041854,U211,15,5,2026-09-28 10:17:00
O041860,U374,30,3,2026-09-28 10:55:00
O041864,U495,52,3,2026-09-28 10:57:00
O041865,U328,7,4,2026-09-28 11:02:00
O041858,U293,7,3,2026-09-28 11:06:00
O041840,U113,100,4,2026-09-28 11:16:00
O041854,U211,20,3,2026-09-28 11:26:00
O041856,U455,101,4,2026-09-28 11:36:00
O041871,U006,46,4,2026-09-28 11:41:00
O041859,U269,58,5,2026-09-28 12:24:00
O041876,U225,39,5,2026-09-28 12:30:00
O041861,U236,4,3,2026-09-28 12:31:00
O041874,U407,99,4,2026-09-28 13:18:00
O041865,U328,101,4,2026-09-28 13:21:00
O041876,U225,43,5,2026-09-28 13:23:00
O041883,U070,54,4,2026-09-28 13:44:00
O041885,U440,23,3,2026-09-28 14:12:00
O041880,U469,17,4,2026-09-28 14:17:00
O041877,U080,9,2,2026-09-28 14:54:00
O041884,U231,14,5,2026-09-28 15:02:00
O041889,U401,45,5,2026-09-28 16:19:00
O041910,U266,16,3,2026-09-28 16:24:00
O041887,U093,89,4,2026-09-28 16:24:00
O041891,U303,76,4,2026-09-28 16:47:00
O041901,U374,49,3,2026-09-28 16:58:00
O041906,U259,36,5,2026-09-28 17:11:00
O041904,U312,95,4,2026-09-28 17:11:00
O041912,U067,101,3,2026-09-28 17:18:00
O041916,U127,100,2,2026-09-28 17:38:00
O041910,U266,98,3,2026-09-28 18:04:00
O041912,U067,102,4,2026-09-28 18:15:00
O041925,U371,36,3,2026-09-28 18:18:00
O041915,U138,102,3,2026-09-28 18:37:00
O041916,U127,90,3,2026-09-28 18:54:00
O041922,U150,49,2,2026-09-28 18:58:00
O041937,U451,7,5,2026-09-28 19:02:00
O041924,U328,98,4,2026-09-28 19:09:00
O041918,U435,79,2,2026-09-28 19:23:00
O041934,U450,42,3,2026-09-28 19:36:00
O041927,U095,65,4,2026-09-28 19:48:00
O041931,U196,27,5,2026-09-28 19:53:00
O041935,U265,37,4,2026-09-28 19:57:00
O041941,U039,63,4,2026-09-28 20:16:00
O041932,U057,42,4,2026-09-28 20:39:00
O041939,U158,3,3,2026-09-28 21:23:00
O041940,U205,32,5,2026-09-28 21:49:00
O041952,U156,12,3,2026-09-28 22:08:00
O041942,U214,100,4,2026-09-28 22:18:00
O041943,U248,12,3,2026-09-28 22:53:00
O041948,U156,40,3,2026-09-28 22:54:00
O041952,U156,42,3,2026-09-28 23:08:00
O041947,U499,36,4,2026-09-28 23:47:00
O041951,U230,100,4,2026-09-29 00:03:00
O041955,U177,6,5,2026-09-29 07:05:00
O041963,U206,7,5,2026-09-29 08:08:00
O041960,U130,7,5,2026-09-29 08:13:00
O041965,U193,77,5,2026-09-29 08:19:00
O041961,U219,40,2,2026-09-29 08:50:00
O041955,U177,98,5,2026-09-29 08:59:00
O041978,U260,35,4,2026-09-29 09:00:00
O041981,U113,40,4,2026-09-29 09:17:00
O041975,U252,101,3,2026-09-29 09:20:00
O041978,U260,77,3,2026-09-29 09:21:00
O041966,U406,17,3,2026-09-29 09:40:00
O041968,U231,30,3,2026-09-29 09:52:00
O041971,U479,9,3,2026-09-29 09:56:00
O041992,U138,68,3,2026-09-29 09:59:00
O041959,U469,17,4,2026-09-29 10:02:00
O041960,U130,22,3,2026-09-29 10:04:00
O041973,U058,34,4,2026-09-29 10:04:00
O041978,U260,78,4,2026-09-29 10:20:00
O041977,U197,5,4,2026-09-29 10:38:00
O041971,U479,2,5,2026-09-29 10:40:00
O041969,U374,30,2,2026-09-29 10:44:00
O041983,U055,82,3,2026-09-29 10:55:00
O041982,U297,18,4,2026-09-29 11:44:00
O041986,U428,2,3,2026-09-29 11:48:00
O042000,U068,73,3,2026-09-29 11:56:00
O041991,U202,59,3,2026-09-29 12:18:00
O041995,U260,24,4,2026-09-29 12:34:00
O041998,U211,82,2,2026-09-29 12:50:00
O042001,U086,22,4,2026-09-29 13:11:00
O042004,U408,90,3,2026-09-29 13:27:00
O042007,U206,4,5,2026-09-29 13:45:00
O042010,U469,17,5,2026-09-29 14:27:00
O042014,U087,60,5,2026-09-29 14:47:00
O042016,U494,101,5,2026-09-29 14:59:00
O042011,U324,72,4,2026-09-29 15:17:00
O042025,U450,47,2,2026-09-29 15:26:00
O042023,U044,18,4,2026-09-29 15:28:00
O042018,U349,82,3,2026-09-29 15:36:00
O042028,U197,5,5,2026-09-29 15:37:00
O042036,U242,99,4,2026-09-29 15:55:00
O042015,U184,61,4,2026-09-29 15:59:00
O042032,U177,6,5,2026-09-29 16:00:00
O042037,U460,101,4,2026-09-29 16:04:00
O042020,U122,49,3,2026-09-29 16:07:00
O042026,U284,56,3,2026-09-29 16:10:00
O042040,U035,38,4,2026-09-29 16:27:00
O042037,U460,74,4,2026-09-29 16:33:00
O042050,U230,92,4,2026-09-29 16:41:00
O042029,U455,21,3,2026-09-29 16:57:00
O042050,U230,30,5,2026-09-29 16:58:00
O042027,U164,6,5,2026-09-29 17:23:00
O042039,U290,7,4,2026-09-29 17:40:00
O042034,U390,101,4,2026-09-29 17:40:00
O042044,U356,5,2,2026-09-29 17:43:00
O042042,U261,48,3,2026-09-29 17:43:00
O042035,U098,87,2,2026-09-29 17:51:00
O042042,U261,43,2,2026-09-29 17:55:00
O042034,U390,12,4,2026-09-29 18:09:00
O042057,U224,100,4,2026-09-29 18:17:00
O042045,U192,80,3,2026-09-29 18:18:00
O042058,U348,82,3,2026-09-29 18:22:00
O042055,U083,98,4,2026-09-29 18:38:00
O042067,U411,82,5,2026-09-29 18:38:00
O042065,U094,73,3,2026-09-29 18:38:00
O042054,U459,67,1,2026-09-29 18:43:00
O042043,U048,30,3,2026-09-29 19:00:00
O042062,U083,100,4,2026-09-29 19:06:00
O042048,U293,35,3,2026-09-29 19:15:00
O042057,U224,27,3,2026-09-29 19:16:00
O042061,U098,87,3,2026-09-29 19:53:00
O042073,U375,15,5,2026-09-29 19:55:00
O042062,U083,2,4,2026-09-29 20:38:00
O042066,U248,49,5,2026-09-29 20:40:00
O042064,U259,102,3,2026-09-29 20:42:00
O042075,U453,34,4,2026-09-29 21:41:00
O042072,U439,1,3,2026-09-29 21:49:00
O042078,U240,39,4,2026-09-29 22:09:00
O042077,U284,21,4,2026-09-29 22:35:00
O042079,U091,77,5,2026-09-29 22:50:00
O042083,U127,90,2,2026-09-30 06:56:00
O042089,U071,85,4,2026-09-30 08:59:00
O042088,U352,1,5,2026-09-30 09:08:00
O042093,U374,59,3,2026-09-30 09:42:00
O042109,U143,10,3,2026-09-30 09:42:00
O042102,U205,64,3,2026-09-30 09:57:00
O042098,U360,2,5,2026-09-30 09:58:00
O042099,U145,27,5,2026-09-30 10:03:00
O042087,U427,10,3,2026-09-30 10:19:00
O042113,U256,18,3,2026-09-30 10:38:00
O042116,U500,81,3,2026-09-30 10:53:00
O042105,U125,17,4,2026-09-30 11:09:00
O042110,U035,9,2,2026-09-30 11:11:00
O042104,U062,18,4,2026-09-30 11:23:00
O042122,U212,18,3,2026-09-30 11:55:00
O042121,U242,58,3,2026-09-30 11:59:00
O042118,U163,54,3,2026-09-30 12:38:00
O042123,U131,22,3,2026-09-30 13:25:00
O042132,U491,101,4,2026-09-30 13:28:00
O042136,U414,54,4,2026-09-30 13:28:00
O042130,U464,74,3,2026-09-30 13:53:00
O042128,U065,33,3,2026-09-30 14:03:00
O042144,U229,98,5,2026-09-30 14:11:00
O042142,U485,53,4,2026-09-30 14:15:00
O042139,U304,57,4,2026-09-30 14:20:00
O042131,U452,6,4,2026-09-30 14:43:00
O042147,U481,49,4,2026-09-30 14:48:00
O042146,U275,102,4,2026-09-30 16:19:00
O042150,U206,29,4,2026-09-30 16:23:00
O042166,U388,22,4,2026-09-30 16:27:00
O042145,U077,26,4,2026-09-30 16:54:00
O042156,U238,101,2,2026-09-30 16:55:00
O042176,U380,13,5,2026-09-30 16:58:00
O042157,U068,101,4,2026-09-30 17:09:00
O042148,U334,100,4,2026-09-30 17:14:00
O042181,U094,7,2,2026-09-30 17:57:00
O042174,U471,102,3,2026-09-30 18:15:00
O042158,U127,98,3,2026-09-30 18:29:00
O042170,U221,69,3,2026-09-30 18:34:00
O042177,U396,49,3,2026-09-30 18:41:00
O042169,U197,31,3,2026-09-30 18:55:00
O042184,U277,54,4,2026-09-30 19:00:00
O042187,U392,1,5,2026-09-30 19:27:00
O042189,U281,62,3,2026-09-30 21:20:00
O042200,U315,23,4,2026-09-30 22:46:00
O042198,U050,58,3,2026-09-30 22:58:00
O042193,U328,1,5,2026-09-30 22:59:00
O042198,U050,100,3,2026-09-30 22:59:00
O042201,U184,67,4,2026-10-01 00:02:00
