user_id,product_id,quantity,rating,n_orders,last_purchase
U001,2,2,2.0,2,2025-12-11 15:43:00
U001,4,1,,1,2026-01-11 18:25:00
U001,5,3,,3,2026-09-25 07:15:00
U001,7,1,,1,2026-09-25 07:15:00
U001,12,7,4.0,7,2026-09-13 09:17:00
U001,13,33,3.67,31,2026-09-01 08:58:00
U001,14,3,,3,2026-09-07 15:50:00
U001,15,9,,9,2026-09-12 14:28:00
U001,16,25,4.75,24,2026-09-25 08:53:00
U001,18,1,,1,2026-02-15 20:56:00
U001,19,13,5.0,13,2026-09-28 07:50:00
U001,20,2,,2,2026-08-19 08:40:00
U001,21,5,,5,2026-09-22 09:11:00
U001,22,14,3.67,14,2026-07-24 08:13:00
U001,23,1,,1,2026-05-09 17:07:00
U001,24,1,,1,2026-07-17 11:55:00
U001,27,1,,1,2026-08-17 14:28:00
U001,33,1,,1,2026-07-28 08:30:00
U001,34,1,,1,2026-09-09 16:32:00
U001,36,1,,1,2026-05-09 09:03:00
U001,41,2,2.0,2,2026-07-17 11:55:00
U001,42,1,,1,2026-06-20 18:36:00
U001,43,1,,1,2026-04-21 09:33:00
U001,44,1,,1,2026-03-05 07:33:00
U001,48,1,,1,2026-09-07 15:50:00
U001,51,1,,1,2026-02-19 18:39:00
U001,52,1,,1,2026-06-20 18:36:00
U001,58,4,3.0,3,2026-03-16 11:40:00
U001,60,1,3.0,1,2026-02-18 15:06:00
U001,68,1,,1,2026-05-04 16:46:00
U001,73,1,,1,2026-03-26 15:43:00
U001,75,1,3.0,1,2026-07-17 11:55:00
U001,79,1,,1,2026-02-15 20:56:00
U001,81,2,3.0,2,2026-07-11 17:55:00
U001,84,1,,1,2025-12-19 08:20:00
U001,87,3,3.0,3,2026-06-20 18:36:00
U001,90,1,,1,2026-02-04 14:01:00
U001,98,14,3.67,14,2026-09-23 09:06:00
U001,100,18,4.0,18,2026-09-28 07:50:00
U001,101,25,4.75,25,2026-09-25 07:15:00
U001,102,4,3.0,4,2026-07-17 11:55:00
U002,7,4,,4,2026-09-30 16:41:00
U002,10,7,4.0,7,2026-09-16 15:16:00
U002,29,1,4.0,1,2026-05-01 15:07:00
U002,55,1,,1,2026-08-15 21:49:00
U002,56,1,4.0,1,2026-08-15 21:49:00
U002,63,3,,3,2026-09-30 16:41:00
U002,71,4,4.0,4,2026-09-23 08:34:00
U002,74,1,,1,2026-09-16 10:14:00
U002,78,1,3.0,1,2026-08-21 18:52:00
U002,91,6,2.5,6,2026-09-23 08:34:00
U002,98,1,,1,2026-08-15 21:49:00
U002,100,1,,1,2026-05-21 17:30:00
U002,101,3,,3,2026-08-10 11:00:00
U002,102,2,,2,2026-08-21 18:52:00
U003,1,1,4.0,1,2026-02-02 10:47:00
U003,2,1,2.0,1,2026-04-25 18:17:00
U003,3,1,,1,2026-08-30 11:32:00
U003,4,2,4.0,2,2025-12-12 19:17:00
U003,5,4,,4,2026-05-30 14:32:00
U003,6,2,,2,2026-06-01 16:05:00
U003,7,2,3.0,2,2026-02-05 14:41:00
U003,8,3,4.0,3,2026-09-19 12:22:00
U003,9,1,4.0,1,2025-10-30 18:05:00
U003,10,7,,7,2026-07-08 09:55:00
U003,11,2,3.0,2,2026-07-05 14:48:00
U003,12,3,4.0,3,2026-06-16 11:40:00
U003,13,1,,1,2026-06-29 21:35:00
U003,15,3,4.0,3,2026-09-19 19:08:00
U003,18,1,4.0,1,2026-08-23 11:37:00
U003,19,2,3.0,2,2025-11-17 15:14:00
U003,22,3,4.0,3,2026-07-11 19:26:00
U003,24,2,,2,2026-04-24 18:12:00
U003,25,1,4.0,1,2026-05-13 15:35:00
U003,26,43,3.92,43,2026-09-29 16:26:00
U003,27,2,,2,2026-07-15 16:18:00
U003,29,1,,1,2026-01-21 09:14:00
U003,30,11,4.8,11,2026-08-10 14:45:00
U003,31,2,,2,2026-07-23 17:18:00
U003,32,1,,1,2025-12-04 15:01:00
U003,33,3,,3,2026-08-31 15:23:00
U003,34,1,4.0,1,2026-03-15 14:32:00
U003,35,1,,1,2026-07-08 19:51:00
U003,36,1,,1,2025-12-10 17:34:00
U003,37,5,3.0,5,2026-02-22 16:19:00
U003,39,10,3.0,10,2026-08-24 18:04:00
U003,40,3,,3,2026-08-21 14:13:00
U003,41,16,4.5,16,2026-08-21 14:13:00
U003,42,4,4.0,4,2026-04-19 11:05:00
U003,43,1,,1,2026-01-27 21:26:00
U003,44,1,,1,2026-04-15 11:41:00
U003,45,14,3.67,14,2026-05-30 16:17:00
U003,46,2,,2,2026-09-16 11:06:00
U003,47,1,,1,2025-11-22 18:27:00
U003,48,2,,2,2026-02-12 17:36:00
U003,49,20,4.43,20,2026-08-06 21:46:00
U003,56,12,4.0,12,2026-09-12 14:54:00
U003,57,6,3.0,6,2026-05-28 09:48:00
U003,58,1,,1,2026-08-28 15:18:00
U003,59,2,,2,2026-07-11 19:26:00
U003,61,3,,3,2026-08-01 12:06:00
U003,62,13,4.0,13,2026-06-04 17:33:00
U003,63,1,,1,2025-11-30 20:20:00
U003,64,2,,2,2026-05-04 14:22:00
U003,65,5,3.0,5,2026-08-01 12:06:00
U003,67,1,,1,2026-04-13 20:09:00
U003,68,2,,2,2026-05-18 17:02:00
U003,69,1,,1,2026-06-28 15:35:00
U003,70,3,3.33,3,2026-01-31 12:41:00
U003,73,2,,2,2026-05-13 15:35:00
U003,74,1,,1,2026-05-28 18:48:00
U003,75,12,4.67,12,2026-06-23 17:06:00
U003,77,1,,1,2026-08-10 14:45:00
U003,80,8,3.5,8,2026-07-17 17:04:00
U003,81,6,4.0,6,2026-08-15 20:33:00
U003,82,2,,2,2026-02-18 15:16:00
U003,83,4,4.0,4,2026-09-19 12:22:00
U003,84,1,,1,2025-12-20 15:22:00
U003,85,3,4.5,3,2026-07-10 15:35:00
U003,86,6,4.0,6,2026-08-15 14:48:00
U003,89,3,,3,2026-07-27 16:11:00
U003,90,1,3.0,1,2026-07-25 16:32:00
U003,91,5,4.0,5,2026-09-02 20:00:00
U003,92,1,4.0,1,2026-03-27 21:16:00
U003,93,2,3.0,2,2026-05-04 10:58:00
U003,94,1,,1,2025-12-03 13:47:00
U003,95,3,3.0,3,2025-12-12 19:17:00
U003,96,2,,2,2026-05-20 14:10:00
U003,97,1,,1,2026-05-20 16:31:00
U003,98,3,5.0,3,2026-09-12 14:54:00
U003,99,5,3.0,5,2026-08-01 12:06:00
U003,100,14,4.0,14,2026-08-02 12:26:00
U003,101,15,4.5,15,2026-09-19 19:08:00
U003,102,14,4.0,14,2026-09-02 20:00:00
U004,12,1,3.0,1,2026-09-02 16:19:00
U004,32,2,4.0,2,2026-06-09 15:41:00
U004,36,8,4.75,8,2026-09-29 09:58:00
U004,45,1,3.0,1,2026-05-09 16:19:00
U004,56,6,3.5,6,2026-09-05 16:20:00
U004,57,1,4.0,1,2026-07-22 16:11:00
U004,73,2,3.0,2,2026-06-08 09:43:00
U004,75,1,5.0,1,2026-03-03 08:18:00
U004,78,5,5.0,5,2026-07-03 13:04:00
U004,80,1,,1,2026-04-28 10:32:00
U004,82,1,3.0,1,2026-01-14 10:25:00
U004,84,6,3.0,6,2026-07-24 15:53:00
U004,86,1,3.0,1,2026-08-29 10:47:00
U004,99,1,,1,2026-08-20 13:15:00
U004,100,2,4.5,2,2026-08-20 13:15:00
U004,101,1,4.0,1,2026-06-09 15:41:00
U004,102,6,4.5,6,2026-08-29 10:47:00
U005,1,1,,1,2026-07-08 14:55:00
U005,2,1,3.0,1,2026-04-23 08:26:00
U005,5,39,4.68,35,2026-09-16 09:09:00
U005,6,2,2.0,2,2026-07-06 07:12:00
U005,8,1,,1,2026-01-07 07:15:00
U005,9,1,3.0,1,2026-04-01 09:27:00
U005,15,1,3.0,1,2026-06-02 15:59:00
U005,27,1,2.0,1,2026-02-16 13:14:00
U005,32,1,2.0,1,2026-02-05 14:37:00
U005,46,1,,1,2026-08-26 12:53:00
U005,100,2,3.0,2,2026-06-19 07:48:00
U005,101,8,4.0,8,2026-09-11 15:49:00
U005,102,3,4.0,3,2026-07-20 13:27:00
U006,2,1,3.0,1,2026-04-24 07:49:00
U006,19,1,,1,2026-02-15 15:11:00
U006,25,1,3.0,1,2026-06-13 09:52:00
U006,26,1,,1,2026-07-31 09:20:00
U006,29,1,4.0,1,2026-07-23 09:22:00
U006,36,2,4.0,2,2026-09-12 09:40:00
U006,39,1,,1,2026-02-06 11:54:00
U006,40,1,4.0,1,2026-08-27 07:03:00
U006,45,2,,2,2026-08-23 11:16:00
U006,46,6,4.0,6,2026-09-28 11:18:00
U006,47,1,4.0,1,2025-12-27 11:16:00
U006,51,3,5.0,3,2026-09-01 07:40:00
U006,57,2,4.0,2,2026-01-22 08:45:00
U006,65,1,4.0,1,2026-04-19 16:42:00
U006,70,19,4.82,19,2026-09-24 12:43:00
U006,73,1,3.0,1,2026-04-18 18:10:00
U006,76,3,3.5,3,2026-04-27 12:07:00
U006,79,9,3.6,9,2026-09-25 09:25:00
U006,81,2,3.0,2,2026-09-13 15:48:00
U006,83,15,4.91,15,2026-09-18 15:23:00
U006,84,2,,2,2026-09-10 08:01:00
U006,85,1,,1,2026-02-12 07:26:00
U006,86,1,3.0,1,2026-04-15 08:56:00
U006,87,5,4.5,5,2026-07-15 19:44:00
U006,88,1,4.0,1,2026-02-12 07:26:00
U006,89,4,5.0,4,2026-07-10 09:27:00
U006,90,1,,1,2026-09-01 07:40:00
U006,92,2,3.5,2,2026-08-24 07:10:00
U006,93,3,4.5,3,2026-08-08 09:19:00
U006,97,5,3.2,5,2026-08-07 08:26:00
U006,98,1,4.0,1,2026-09-10 08:01:00
U006,99,2,5.0,2,2026-06-05 13:59:00
U006,100,4,4.5,4,2026-09-01 07:40:00
U006,101,9,4.0,9,2026-09-25 09:25:00
U006,102,2,,2,2026-02-13 15:01:00
U007,3,2,,2,2026-04-03 08:07:00
U007,10,2,3.0,2,2025-12-07 11:55:00
U007,14,2,,2,2026-04-07 13:46:00
U007,15,2,,2,2026-04-14 07:36:00
U007,16,1,,1,2026-02-24 14:56:00
U007,18,1,,1,2026-04-14 07:36:00
U007,28,1,,1,2026-01-22 14:13:00
U007,29,1,,1,2026-02-16 14:03:00
U007,36,4,,4,2026-02-11 14:45:00
U007,44,2,,2,2026-02-17 09:15:00
U007,52,1,,1,2026-02-17 11:28:00
U007,67,3,3.0,3,2026-02-23 13:52:00
U007,68,1,,1,2026-02-24 14:56:00
U007,74,14,4.0,14,2026-04-07 13:46:00
U007,87,1,,1,2025-10-24 13:47:00
U007,98,1,,1,2025-11-21 09:13:00
U007,100,2,3.0,2,2026-04-14 07:36:00
U007,101,1,,1,2025-10-15 08:23:00
U007,102,3,,3,2026-02-21 16:40:00
U008,1,2,4.0,2,2026-07-17 14:06:00
U008,2,3,4.0,3,2026-07-31 08:31:00
U008,4,2,,2,2026-03-27 15:11:00
U008,5,3,4.0,3,2026-09-22 08:07:00
U008,6,1,,1,2026-07-16 08:21:00
U008,7,2,4.0,2,2026-08-07 07:27:00
U008,8,5,4.0,5,2026-09-14 09:43:00
U008,9,1,,1,2025-11-04 08:16:00
U008,10,27,4.33,26,2026-09-16 17:45:00
U008,11,3,3.0,3,2026-09-21 09:08:00
U008,14,1,,1,2026-02-02 13:09:00
U008,15,2,,2,2026-06-07 20:51:00
U008,16,4,3.0,4,2026-08-17 11:05:00
U008,17,2,,2,2026-01-05 08:55:00
U008,18,2,4.0,2,2026-08-13 12:37:00
U008,19,14,4.75,13,2026-09-18 16:07:00
U008,20,6,4.67,6,2026-09-09 08:55:00
U008,21,18,5.0,18,2026-09-17 12:10:00
U008,22,18,4.14,18,2026-09-26 16:43:00
U008,23,13,5.0,13,2026-09-17 12:10:00
U008,24,2,,2,2026-09-22 08:07:00
U008,25,8,5.0,8,2026-09-21 15:21:00
U008,29,2,3.0,2,2026-08-15 20:12:00
U008,38,1,,1,2026-05-07 13:00:00
U008,42,1,,1,2026-08-26 14:33:00
U008,47,1,,1,2026-06-27 09:21:00
U008,50,2,,2,2026-06-01 15:07:00
U008,52,1,3.0,1,2026-08-07 07:27:00
U008,54,1,4.0,1,2026-02-11 17:09:00
U008,56,1,3.0,1,2025-12-12 17:22:00
U008,58,1,,1,2026-03-11 09:05:00
U008,69,1,,1,2026-06-23 15:08:00
U008,70,1,4.0,1,2026-08-17 11:14:00
U008,71,3,3.5,3,2026-09-21 15:21:00
U008,73,2,5.0,2,2026-05-07 16:12:00
U008,77,1,4.0,1,2026-09-11 15:06:00
U008,83,1,3.0,1,2025-12-01 07:04:00
U008,84,1,,1,2025-12-01 07:04:00
U008,86,1,4.0,1,2026-09-08 08:52:00
U008,87,5,4.0,5,2026-04-12 16:25:00
U008,88,3,3.5,3,2026-05-18 08:08:00
U008,89,3,,3,2026-04-24 12:59:00
U008,90,1,3.0,1,2026-04-03 12:21:00
U008,92,1,,1,2026-04-14 17:32:00
U008,96,1,,1,2026-04-12 16:25:00
U008,98,4,5.0,4,2026-09-08 08:52:00
U008,99,2,4.5,2,2026-08-10 08:16:00
U008,100,14,4.75,14,2026-09-11 15:06:00
U008,101,13,4.43,13,2026-09-26 16:43:00
U008,102,4,,4,2026-08-07 07:27:00
U009,6,1,4.0,1,2025-10-12 21:07:00
U009,15,1,,1,2025-11-09 18:47:00
U009,32,1,,1,2026-03-15 19:30:00
U009,35,1,,1,2026-01-23 13:57:00
U009,36,1,,1,2026-01-23 13:57:00
U009,37,5,4.33,5,2026-09-13 21:22:00
U009,41,1,,1,2026-04-01 17:47:00
U009,42,2,4.5,2,2026-04-08 16:02:00
U009,44,2,4.0,2,2026-09-22 13:11:00
U009,48,8,4.0,8,2026-08-22 12:33:00
U009,49,1,3.0,1,2025-10-30 15:15:00
U009,54,2,3.0,2,2026-07-15 18:54:00
U009,61,1,3.0,1,2026-08-22 17:56:00
U009,86,1,2.0,1,2025-10-05 14:20:00
U009,92,25,4.4,23,2026-09-20 18:39:00
U009,93,1,,1,2025-12-16 18:45:00
U009,95,5,5.0,5,2026-09-28 21:57:00
U009,97,3,,3,2026-08-02 12:48:00
U009,98,2,,2,2026-06-21 12:58:00
U009,100,4,4.0,4,2026-09-28 21:57:00
U009,101,3,,3,2026-08-22 17:56:00
U009,102,4,4.0,4,2026-09-16 13:18:00
U010,1,1,,1,2026-08-03 16:41:00
U010,5,1,,1,2026-08-11 09:46:00
U010,26,7,4.0,7,2026-09-23 17:19:00
U010,27,8,4.0,8,2026-08-24 17:53:00
U010,34,1,,1,2026-01-28 13:38:00
U010,35,1,,1,2026-07-07 10:34:00
U010,48,8,2.33,8,2026-08-05 21:20:00
U010,61,1,,1,2026-05-11 11:35:00
U010,64,5,4.0,4,2026-05-09 18:09:00
U010,72,1,2.0,1,2026-09-17 16:00:00
U010,76,1,,1,2025-12-12 19:55:00
U010,93,2,3.0,2,2026-08-14 10:54:00
U010,99,1,,1,2025-12-12 19:55:00
U010,100,1,,1,2026-02-24 16:55:00
U010,101,2,3.0,2,2026-08-24 17:53:00
U010,102,1,,1,2026-07-07 10:34:00
U011,7,5,,5,2026-09-28 09:04:00
U011,15,1,,1,2026-08-30 07:33:00
U011,22,2,3.0,2,2026-08-24 08:47:00
U011,28,1,,1,2026-09-28 09:04:00
U011,41,1,,1,2026-08-14 08:07:00
U011,50,1,3.0,1,2026-08-30 07:33:00
U011,98,1,,1,2026-08-14 08:07:00
U011,101,1,,1,2026-08-14 08:07:00
U012,7,1,3.0,1,2026-04-27 09:31:00
U012,9,3,,3,2026-08-19 13:31:00
U012,11,1,,1,2026-08-06 21:35:00
U012,19,1,,1,2025-12-16 15:56:00
U012,30,2,4.0,2,2026-09-16 16:13:00
U012,44,1,,1,2026-04-27 09:31:00
U012,53,1,3.0,1,2026-02-05 15:44:00
U012,54,2,,2,2026-07-13 18:22:00
U012,55,1,,1,2026-07-28 19:52:00
U012,56,6,3.0,6,2026-06-27 14:12:00
U012,57,15,4.0,13,2026-09-29 13:09:00
U012,58,1,,1,2026-05-28 17:49:00
U012,60,1,,1,2026-03-13 20:55:00
U012,61,1,,1,2026-01-19 20:57:00
U012,63,5,,5,2026-08-25 19:29:00
U012,65,1,,1,2026-02-05 14:52:00
U012,66,6,4.0,6,2026-09-09 17:39:00
U012,68,3,,3,2026-08-16 18:25:00
U012,70,1,,1,2026-03-25 20:35:00
U012,71,2,,2,2026-03-18 15:11:00
U012,72,1,,1,2026-02-05 14:52:00
U012,89,1,,1,2026-08-16 11:52:00
U012,97,1,,1,2025-10-25 19:57:00
U012,98,1,4.0,1,2026-03-18 20:03:00
U012,100,10,,10,2026-08-19 13:31:00
U012,101,1,,1,2026-03-25 20:35:00
U012,102,2,,2,2026-03-18 15:11:00
U013,29,1,,1,2026-09-28 11:25:00
U013,88,1,,1,2026-09-14 14:07:00
U013,100,1,,1,2026-09-28 11:25:00
U014,1,1,,1,2025-11-24 09:16:00
U014,3,4,5.0,4,2026-07-17 07:57:00
U014,8,1,2.0,1,2025-11-24 09:16:00
U014,10,2,,2,2026-08-26 15:18:00
U014,28,1,,1,2026-08-26 15:18:00
U014,31,3,5.0,3,2026-09-04 16:58:00
U014,32,2,,2,2026-08-26 09:27:00
U014,33,1,,1,2026-08-07 07:30:00
U014,34,33,3.14,30,2026-09-28 12:08:00
U014,35,4,,4,2026-08-25 08:44:00
U014,54,2,3.0,2,2026-07-16 12:39:00
U014,63,1,4.0,1,2026-02-15 16:32:00
U014,64,2,,2,2026-08-13 13:58:00
U014,71,1,,1,2025-10-30 14:01:00
U014,98,4,5.0,4,2026-01-26 15:36:00
U014,100,8,4.0,8,2026-09-26 14:48:00
U014,101,3,,3,2026-08-26 15:18:00
U014,102,3,5.0,3,2026-06-01 07:19:00
U015,6,2,,2,2026-09-10 14:29:00
U015,7,7,4.33,7,2026-09-22 14:12:00
U015,8,1,4.0,1,2026-09-11 07:31:00
U015,9,1,,1,2026-09-04 15:04:00
U015,11,1,,1,2026-09-02 15:08:00
U015,15,2,,2,2026-09-10 14:29:00
U015,27,1,,1,2026-09-16 08:21:00
U015,35,1,3.0,1,2026-09-10 08:08:00
U015,98,1,,1,2026-09-03 13:19:00
U015,100,1,4.0,1,2026-09-11 07:31:00
U015,101,1,,1,2026-09-10 08:08:00
U015,102,2,,2,2026-09-10 08:08:00
U016,12,1,2.0,1,2026-01-25 17:58:00
U016,35,3,2.5,3,2026-09-25 16:13:00
U016,37,10,3.5,10,2026-07-07 10:52:00
U016,39,1,,1,2026-09-11 16:50:00
U016,40,1,,1,2026-06-04 14:06:00
U016,42,15,3.9,15,2026-09-28 14:26:00
U016,43,2,,2,2026-04-20 21:52:00
U016,44,9,3.17,9,2026-08-21 10:16:00
U016,45,4,3.5,4,2026-06-26 11:33:00
U016,48,1,3.0,1,2026-07-06 18:51:00
U016,49,2,,2,2026-07-12 20:44:00
U016,50,1,3.0,1,2025-11-01 10:07:00
U016,54,1,1.0,1,2026-06-04 14:06:00
U016,71,1,,1,2026-02-04 16:30:00
U016,74,1,,1,2026-03-24 16:24:00
U016,77,1,,1,2026-09-22 10:11:00
U016,81,1,2.0,1,2026-03-18 14:43:00
U016,90,1,3.0,1,2026-09-18 19:14:00
U016,91,1,,1,2026-09-10 21:31:00
U016,93,3,3.0,3,2026-07-06 18:51:00
U016,95,1,,1,2025-12-28 10:34:00
U016,97,1,,1,2026-06-29 20:20:00
U016,100,3,4.0,3,2026-07-15 20:07:00
U016,101,4,3.0,4,2026-08-22 17:39:00
U016,102,1,,1,2026-04-20 21:52:00
U017,26,1,,1,2026-06-08 19:05:00
U017,36,7,3.75,7,2026-06-11 11:50:00
U017,37,4,3.0,4,2026-04-26 18:08:00
U017,38,9,4.0,9,2026-09-13 10:08:00
U017,39,1,,1,2026-06-11 11:50:00
U017,40,1,,1,2026-05-02 17:47:00
U017,41,4,,4,2026-08-05 15:00:00
U017,42,2,4.0,2,2026-05-03 14:48:00
U017,43,4,,4,2026-06-11 11:50:00
U017,45,2,,2,2026-06-08 09:30:00
U017,49,6,4.5,6,2026-08-05 15:00:00
U017,50,1,,1,2025-10-29 16:42:00
U017,59,2,,2,2025-11-12 16:05:00
U017,66,1,,1,2026-09-01 16:41:00
U017,75,1,,1,2026-03-08 14:53:00
U017,84,1,,1,2026-05-30 17:16:00
U017,91,1,4.0,1,2025-11-14 14:57:00
U017,93,7,3.5,7,2026-07-11 21:37:00
U017,96,2,4.0,2,2026-09-13 10:08:00
U017,97,1,3.0,1,2026-08-19 18:10:00
U017,99,1,,1,2025-11-12 17:21:00
U017,100,4,3.5,4,2026-07-19 12:03:00
U017,101,1,4.0,1,2025-10-05 11:21:00
U017,102,4,4.0,4,2026-09-06 16:27:00
U018,36,2,,2,2026-01-21 20:17:00
U018,37,7,4.33,7,2026-06-06 12:24:00
U018,38,3,3.0,3,2026-06-21 11:54:00
U018,40,8,4.8,8,2026-05-03 19:20:00
U018,41,1,,1,2025-11-23 15:56:00
U018,43,3,3.0,3,2026-02-05 11:24:00
U018,44,4,4.33,4,2026-06-18 16:51:00
U018,47,1,,1,2026-05-31 16:27:00
U018,58,2,3.0,2,2026-06-29 20:02:00
U018,61,8,2.67,8,2026-06-11 19:08:00
U018,62,1,3.0,1,2026-03-25 20:29:00
U018,65,18,3.0,18,2026-05-23 20:40:00
U018,66,1,,1,2026-02-05 11:24:00
U018,76,1,3.0,1,2026-06-16 21:04:00
U018,82,1,,1,2026-03-12 13:05:00
U018,92,34,3.69,32,2026-06-29 20:02:00
U018,94,2,5.0,2,2025-11-20 10:20:00
U018,95,13,4.33,13,2026-06-19 20:42:00
U018,96,4,4.0,4,2026-04-22 21:49:00
U018,98,3,,3,2026-01-23 18:02:00
U018,99,1,,1,2025-12-14 20:45:00
U018,100,7,4.0,7,2026-04-22 21:49:00
U018,101,6,4.0,6,2026-04-28 14:48:00
U018,102,4,4.0,4,2026-06-16 16:34:00
U019,28,1,,1,2026-04-18 18:46:00
U019,29,1,,1,2026-04-18 18:46:00
U019,35,1,3.0,1,2026-07-12 14:32:00
U019,37,2,5.0,2,2026-09-06 15:05:00
U019,38,9,4.33,8,2026-09-25 17:49:00
U019,39,5,5.0,4,2026-09-27 14:55:00
U019,40,3,,3,2026-09-02 18:14:00
U019,42,2,,2,2026-09-25 17:49:00
U019,45,1,2.0,1,2026-04-03 16:35:00
U019,48,2,4.0,2,2026-04-18 18:46:00
U019,92,2,4.0,2,2026-09-02 18:14:00
U019,100,3,4.0,3,2026-09-06 15:05:00
U019,102,1,,1,2026-05-10 12:57:00
U020,2,2,2.0,2,2026-08-15 15:06:00
U020,3,7,3.0,7,2026-09-19 20:42:00
U020,4,1,,1,2026-02-14 14:15:00
U020,5,3,2.5,3,2026-08-04 14:13:00
U020,8,1,,1,2026-06-08 15:53:00
U020,11,1,2.0,1,2026-05-30 20:17:00
U020,12,1,,1,2026-03-23 15:59:00
U020,13,1,2.0,1,2025-12-15 20:17:00
U020,17,1,,1,2026-09-06 12:16:00
U020,18,2,,2,2026-06-25 18:37:00
U020,19,4,3.0,4,2026-06-24 10:44:00
U020,21,1,3.0,1,2025-12-03 17:36:00
U020,22,1,,1,2026-06-23 14:23:00
U020,26,8,4.17,8,2026-08-12 21:02:00
U020,27,12,3.5,12,2026-09-08 13:49:00
U020,28,9,3.67,9,2026-09-27 17:05:00
U020,29,3,,3,2026-08-14 13:01:00
U020,30,3,3.0,3,2026-02-05 18:38:00
U020,31,4,,4,2026-09-05 21:09:00
U020,32,3,,3,2026-09-09 15:30:00
U020,33,4,3.0,4,2026-06-08 15:53:00
U020,34,11,3.6,11,2026-09-23 20:38:00
U020,35,14,4.0,14,2026-09-12 19:07:00
U020,37,2,3.0,2,2026-08-07 20:12:00
U020,39,2,1.0,2,2026-08-28 16:32:00
U020,40,1,3.0,1,2026-09-24 14:55:00
U020,41,3,2.5,3,2026-04-21 09:31:00
U020,42,1,,1,2025-11-24 20:55:00
U020,45,4,,4,2026-09-26 17:40:00
U020,47,1,,1,2026-06-23 14:23:00
U020,49,1,,1,2026-06-12 16:00:00
U020,50,3,,3,2026-09-04 15:19:00
U020,51,1,1.0,1,2026-05-04 18:46:00
U020,53,1,2.0,1,2026-07-20 18:04:00
U020,54,1,,1,2026-06-27 14:57:00
U020,58,6,2.33,6,2026-09-24 14:55:00
U020,59,2,,2,2026-08-12 21:02:00
U020,63,1,3.0,1,2026-03-01 19:21:00
U020,64,148,3.71,136,2026-09-28 17:11:00
U020,65,3,2.0,3,2026-07-04 15:21:00
U020,67,13,2.6,12,2026-07-20 18:04:00
U020,68,1,2.0,1,2026-05-04 18:46:00
U020,70,1,,1,2026-05-17 17:03:00
U020,74,1,4.0,1,2026-09-08 13:49:00
U020,75,1,,1,2026-02-24 15:13:00
U020,81,1,,1,2026-07-30 18:38:00
U020,83,1,,1,2025-11-30 14:14:00
U020,85,1,2.0,1,2026-01-12 20:55:00
U020,87,7,2.0,7,2026-09-23 21:24:00
U020,88,2,2.0,2,2026-06-17 21:26:00
U020,89,4,3.0,4,2026-09-23 20:38:00
U020,95,2,1.0,2,2026-06-11 15:07:00
U020,96,2,2.0,2,2026-08-01 18:58:00
U020,98,8,3.33,8,2026-09-09 15:30:00
U020,99,6,3.75,6,2026-03-23 15:59:00
U020,100,20,3.2,20,2026-08-31 10:14:00
U020,101,17,3.25,17,2026-09-27 17:05:00
U020,102,5,4.0,5,2026-09-28 11:10:00
U021,10,3,,3,2026-06-16 15:00:00
U021,11,4,2.0,4,2026-08-25 12:24:00
U021,12,5,,5,2026-08-04 19:25:00
U021,13,1,,1,2026-04-21 11:41:00
U021,16,3,,3,2026-04-13 09:54:00
U021,17,1,,1,2026-06-26 09:43:00
U021,19,2,,2,2026-07-05 10:35:00
U021,21,6,,6,2026-06-06 14:13:00
U021,22,3,,3,2026-08-22 10:35:00
U021,23,10,,10,2026-09-01 08:42:00
U021,28,1,,1,2026-05-15 11:39:00
U021,39,1,,1,2025-10-01 12:02:00
U021,46,1,,1,2026-01-27 07:04:00
U021,58,1,,1,2026-03-27 16:24:00
U021,60,1,,1,2026-06-09 13:08:00
U021,63,1,,1,2025-11-06 13:21:00
U021,67,2,,2,2026-06-17 13:21:00
U021,71,2,,2,2026-07-16 14:54:00
U021,73,1,,1,2026-08-13 07:48:00
U021,79,5,,5,2026-03-05 08:54:00
U021,86,1,2.0,1,2026-03-30 14:20:00
U021,87,1,2.0,1,2026-09-07 07:10:00
U021,88,1,,1,2026-05-25 08:29:00
U021,91,1,,1,2026-05-15 11:39:00
U021,93,1,,1,2025-12-22 19:31:00
U021,98,2,,2,2026-04-13 09:54:00
U021,99,2,4.0,2,2026-04-27 07:25:00
U021,100,7,5.0,7,2026-09-01 08:42:00
U021,101,10,4.0,10,2026-07-12 09:32:00
U021,102,3,4.0,3,2026-09-07 07:10:00
U022,4,1,,1,2026-09-11 09:55:00
U022,6,1,4.0,1,2026-08-24 09:45:00
U022,10,1,,1,2026-09-08 08:22:00
U022,13,5,,5,2026-09-05 14:56:00
U022,14,1,5.0,1,2026-09-04 16:50:00
U022,15,1,,1,2026-07-06 18:34:00
U022,18,8,4.67,7,2026-09-11 09:29:00
U022,19,1,4.0,1,2026-08-21 12:32:00
U022,46,1,2.0,1,2026-08-21 16:07:00
U022,66,5,3.0,4,2026-08-21 12:32:00
U022,69,1,3.0,1,2026-07-01 11:18:00
U022,90,2,,2,2026-08-24 19:17:00
U022,96,1,,1,2026-07-24 11:59:00
U022,98,2,,2,2026-09-05 14:56:00
U022,99,1,5.0,1,2026-07-08 09:48:00
U022,100,2,4.0,2,2026-09-05 14:56:00
U022,101,4,4.0,4,2026-08-24 09:45:00
U023,3,3,4.0,3,2025-12-28 16:07:00
U023,7,1,,1,2026-07-15 14:26:00
U023,23,1,,1,2026-06-14 13:06:00
U023,26,5,4.0,5,2026-04-11 10:12:00
U023,27,4,4.0,4,2026-09-30 09:43:00
U023,28,8,3.4,8,2026-05-17 16:58:00
U023,29,1,3.0,1,2026-04-11 10:12:00
U023,30,3,4.0,3,2026-09-30 10:52:00
U023,32,3,3.0,3,2026-08-03 15:33:00
U023,33,1,4.0,1,2025-10-01 09:44:00
U023,35,4,3.67,4,2026-06-14 13:06:00
U023,38,1,2.0,1,2026-03-30 17:16:00
U023,39,3,2.5,3,2026-08-24 21:48:00
U023,40,1,,1,2026-09-03 16:44:00
U023,46,1,3.0,1,2026-06-21 13:13:00
U023,51,1,3.0,1,2026-07-30 09:42:00
U023,61,1,2.0,1,2026-01-17 17:25:00
U023,63,1,,1,2026-07-15 14:26:00
U023,64,4,3.0,4,2026-05-17 16:58:00
U023,67,1,,1,2026-02-12 11:41:00
U023,70,1,3.0,1,2026-08-14 19:54:00
U023,72,1,3.0,1,2026-01-17 14:06:00
U023,73,1,2.0,1,2026-09-01 21:49:00
U023,79,4,3.0,4,2026-09-03 16:44:00
U023,97,1,,1,2026-01-17 14:06:00
U023,98,1,,1,2025-11-14 10:43:00
U023,100,4,2.5,4,2026-06-26 21:12:00
U023,101,4,3.0,4,2026-07-30 09:42:00
U023,102,2,4.0,2,2026-04-14 10:19:00
U024,12,2,2.0,2,2026-05-20 08:13:00
U024,45,1,3.0,1,2026-04-10 07:38:00
U024,57,6,3.0,6,2026-09-16 15:04:00
U024,76,1,3.0,1,2026-08-13 15:09:00
U024,81,1,,1,2026-07-24 16:33:00
U024,82,2,,2,2026-09-01 16:04:00
U024,83,1,5.0,1,2026-04-18 11:44:00
U024,85,2,3.0,2,2026-07-28 09:37:00
U024,86,1,,1,2026-09-06 20:24:00
U024,87,33,4.2,31,2026-09-24 09:42:00
U024,88,1,,1,2026-09-01 16:04:00
U024,89,19,4.56,19,2026-09-01 13:43:00
U024,90,3,,3,2026-09-20 17:35:00
U024,92,3,2.5,3,2026-09-20 17:35:00
U024,98,1,4.0,1,2026-07-05 15:52:00
U024,100,4,3.5,4,2026-09-13 16:17:00
U024,101,4,3.5,4,2026-08-28 15:00:00
U025,1,13,3.5,13,2026-08-25 17:37:00
U025,2,48,4.31,44,2026-09-26 09:57:00
U025,4,5,3.0,5,2026-09-06 07:13:00
U025,5,2,,2,2026-05-26 17:57:00
U025,6,25,4.0,23,2026-08-26 09:25:00
U025,7,8,3.0,8,2026-08-15 15:47:00
U025,8,6,4.0,6,2026-08-28 16:53:00
U025,9,2,3.0,2,2026-05-22 17:58:00
U025,10,2,4.0,2,2026-03-20 14:10:00
U025,11,3,3.0,3,2026-09-12 07:54:00
U025,12,3,,3,2026-05-17 15:44:00
U025,13,2,2.0,2,2026-04-22 06:41:00
U025,14,2,,2,2026-04-06 09:34:00
U025,18,1,1.0,1,2026-01-14 07:32:00
U025,22,3,2.0,3,2026-01-14 07:32:00
U025,23,2,4.0,2,2026-08-30 15:02:00
U025,27,1,,1,2025-10-05 07:06:00
U025,29,1,2.0,1,2026-06-30 15:26:00
U025,34,1,,1,2026-01-03 09:05:00
U025,35,1,3.0,1,2026-05-26 17:57:00
U025,36,1,,1,2026-08-27 07:28:00
U025,41,1,,1,2026-08-25 17:37:00
U025,48,1,,1,2026-08-30 08:24:00
U025,57,1,,1,2026-05-06 08:32:00
U025,60,1,,1,2025-12-07 07:11:00
U025,68,1,,1,2026-09-12 07:54:00
U025,70,1,,1,2026-04-26 16:35:00
U025,73,3,3.0,3,2026-06-05 06:35:00
U025,75,1,,1,2025-12-14 15:26:00
U025,81,1,,1,2026-08-27 07:28:00
U025,82,2,2.0,2,2026-03-29 09:17:00
U025,83,1,,1,2025-12-19 08:27:00
U025,85,1,,1,2026-05-07 17:06:00
U025,91,2,,2,2026-04-03 07:34:00
U025,92,3,,3,2026-08-28 16:53:00
U025,95,7,2.5,7,2026-09-12 07:54:00
U025,97,1,,1,2026-02-23 07:08:00
U025,98,3,3.0,3,2026-02-19 09:03:00
U025,99,1,,1,2026-06-03 15:35:00
U025,100,9,3.25,9,2026-06-26 15:45:00
U025,101,29,3.17,29,2026-09-12 07:54:00
U025,102,14,3.4,14,2026-08-30 08:24:00
U026,5,1,,1,2025-12-18 16:42:00
U026,6,3,5.0,3,2026-09-15 10:45:00
U026,10,1,,1,2026-02-19 11:33:00
U026,13,1,,1,2026-01-14 17:40:00
U026,16,1,,1,2025-12-14 09:46:00
U026,23,1,,1,2026-03-20 17:21:00
U026,26,1,,1,2026-03-15 10:19:00
U026,32,1,,1,2025-10-19 09:19:00
U026,34,1,,1,2026-02-19 11:13:00
U026,35,1,,1,2026-04-06 16:20:00
U026,39,1,,1,2026-06-08 11:38:00
U026,43,1,,1,2025-10-01 21:29:00
U026,52,1,4.0,1,2025-11-24 21:56:00
U026,54,1,,1,2026-09-13 13:31:00
U026,57,1,,1,2026-07-04 11:20:00
U026,58,1,,1,2026-07-20 10:56:00
U026,59,121,4.0,113,2026-09-23 09:09:00
U026,63,1,,1,2026-07-30 09:55:00
U026,65,2,3.0,2,2026-08-17 14:29:00
U026,66,2,,2,2026-06-01 17:06:00
U026,67,1,,1,2026-07-03 10:08:00
U026,69,2,,2,2026-07-01 18:22:00
U026,70,1,3.0,1,2026-08-12 15:39:00
U026,71,1,,1,2026-04-11 13:53:00
U026,73,1,,1,2025-12-01 08:09:00
U026,74,4,3.0,4,2026-06-30 16:09:00
U026,75,6,4.0,6,2025-12-18 16:42:00
U026,76,3,4.0,3,2026-05-26 15:02:00
U026,80,1,,1,2025-11-24 21:56:00
U026,82,1,,1,2025-10-25 16:38:00
U026,91,2,4.0,2,2026-01-14 17:40:00
U026,94,1,,1,2026-04-22 18:10:00
U026,95,1,,1,2026-02-03 18:31:00
U026,97,2,4.0,2,2026-06-12 10:44:00
U026,98,6,,6,2026-03-15 18:12:00
U026,99,3,4.5,3,2026-09-13 13:31:00
U026,100,11,4.33,11,2026-07-06 10:03:00
U026,101,7,,7,2026-08-17 14:29:00
U026,102,8,,8,2026-06-08 11:38:00
U027,2,1,,1,2025-11-21 15:20:00
U027,5,1,,1,2026-03-06 10:08:00
U027,13,1,,1,2026-07-12 19:04:00
U027,23,3,3.0,3,2026-05-17 21:19:00
U027,27,1,,1,2026-08-03 17:09:00
U027,36,1,,1,2026-07-25 20:00:00
U027,37,1,4.0,1,2026-07-01 16:29:00
U027,38,3,4.0,3,2026-08-11 20:43:00
U027,39,5,4.5,5,2026-02-25 14:41:00
U027,42,1,,1,2025-11-10 13:52:00
U027,46,1,,1,2026-03-31 19:15:00
U027,65,1,,1,2026-09-18 15:29:00
U027,73,1,,1,2026-06-26 13:50:00
U027,75,1,3.0,1,2025-11-21 15:20:00
U027,91,1,,1,2025-10-04 16:31:00
U027,92,14,4.17,14,2026-09-18 15:29:00
U027,93,14,3.0,14,2026-07-12 19:04:00
U027,94,1,,1,2026-05-17 21:19:00
U027,95,2,,2,2026-04-03 18:53:00
U027,96,2,,2,2026-05-13 19:00:00
U027,98,1,4.0,1,2026-01-06 18:01:00
U027,99,1,3.0,1,2026-05-13 19:00:00
U027,100,2,3.0,2,2026-02-21 19:29:00
U027,101,3,3.0,3,2026-05-26 16:02:00
U027,102,3,4.0,3,2026-07-25 20:00:00
U028,2,1,,1,2026-05-30 14:54:00
U028,7,3,3.0,3,2026-04-12 10:16:00
U028,9,1,,1,2026-05-20 20:15:00
U028,13,1,,1,2026-02-22 11:18:00
U028,16,2,3.0,2,2026-05-12 09:19:00
U028,23,1,,1,2026-01-08 14:48:00
U028,25,1,,1,2026-04-16 11:55:00
U028,32,2,,2,2026-08-26 14:15:00
U028,35,2,3.0,2,2026-06-12 20:46:00
U028,36,1,,1,2026-09-06 15:23:00
U028,37,2,,2,2026-08-02 19:15:00
U028,38,1,,1,2026-07-29 13:01:00
U028,39,1,,1,2026-05-16 15:37:00
U028,41,25,3.57,24,2026-09-15 15:33:00
U028,45,1,,1,2025-12-20 16:22:00
U028,51,2,2.0,2,2026-08-22 11:20:00
U028,54,17,3.75,16,2026-09-04 16:54:00
U028,55,2,,2,2026-09-17 20:48:00
U028,58,4,3.33,4,2026-06-20 17:05:00
U028,60,1,,1,2026-05-28 16:50:00
U028,63,3,,3,2026-07-15 13:05:00
U028,64,2,3.0,2,2026-08-26 14:15:00
U028,65,1,,1,2026-05-17 10:00:00
U028,68,1,,1,2026-06-20 16:49:00
U028,69,6,4.0,6,2026-08-13 17:13:00
U028,70,2,,2,2026-08-13 17:13:00
U028,71,4,4.5,4,2026-06-27 11:07:00
U028,72,27,3.57,27,2026-08-26 14:15:00
U028,73,2,3.0,2,2025-12-21 12:01:00
U028,74,3,3.0,3,2025-12-27 16:59:00
U028,75,3,5.0,3,2026-09-22 10:42:00
U028,76,2,4.0,2,2026-08-12 14:45:00
U028,77,8,4.0,7,2026-07-10 09:41:00
U028,78,10,5.0,10,2026-08-29 12:45:00
U028,79,7,4.5,7,2026-09-06 21:56:00
U028,80,4,,4,2026-05-30 14:54:00
U028,81,4,3.5,4,2026-09-12 10:20:00
U028,82,3,3.5,3,2026-08-03 19:28:00
U028,83,1,,1,2026-03-24 20:38:00
U028,86,1,,1,2026-07-08 20:15:00
U028,90,1,,1,2026-02-15 16:21:00
U028,91,109,3.63,100,2026-09-26 19:32:00
U028,94,1,3.0,1,2025-12-11 19:53:00
U028,95,1,,1,2026-03-21 17:15:00
U028,96,2,4.5,2,2026-06-27 21:50:00
U028,97,2,,2,2026-05-31 14:01:00
U028,98,5,4.0,5,2026-08-17 17:50:00
U028,99,5,3.5,5,2026-09-06 21:56:00
U028,100,11,4.33,11,2026-09-11 21:39:00
U028,101,18,4.25,18,2026-09-05 12:39:00
U028,102,7,4.0,7,2026-09-06 15:23:00
U029,4,1,,1,2026-08-03 09:57:00
U029,6,2,,2,2026-05-31 09:47:00
U029,8,1,,1,2026-05-23 11:39:00
U029,9,3,,3,2026-06-01 15:16:00
U029,12,5,5.0,5,2026-06-07 09:02:00
U029,13,1,,1,2026-05-31 09:47:00
U029,19,1,,1,2026-02-20 16:44:00
U029,20,2,4.0,2,2026-06-26 21:14:00
U029,26,1,,1,2026-02-03 13:35:00
U029,35,1,,1,2025-12-14 20:45:00
U029,37,1,,1,2026-05-27 13:09:00
U029,39,1,,1,2026-02-12 21:35:00
U029,43,1,,1,2026-07-20 19:31:00
U029,44,1,,1,2026-05-25 19:31:00
U029,53,1,,1,2026-04-08 10:41:00
U029,54,7,4.67,7,2026-07-15 13:50:00
U029,56,7,4.0,7,2026-09-09 08:22:00
U029,57,1,4.0,1,2025-12-11 13:22:00
U029,59,2,5.0,2,2026-04-17 11:15:00
U029,60,1,,1,2026-06-16 21:43:00
U029,61,1,,1,2026-05-27 13:09:00
U029,62,1,,1,2026-07-20 19:31:00
U029,63,1,,1,2026-06-26 21:14:00
U029,65,2,5.0,2,2026-09-28 15:26:00
U029,66,2,5.0,2,2026-08-18 17:49:00
U029,67,6,5.0,6,2026-06-01 15:16:00
U029,70,1,,1,2025-11-21 20:21:00
U029,71,3,,3,2026-02-27 08:18:00
U029,72,1,5.0,1,2026-05-27 13:09:00
U029,75,1,,1,2026-04-17 11:15:00
U029,78,1,,1,2026-02-12 21:35:00
U029,85,2,3.0,2,2026-03-18 20:27:00
U029,89,1,,1,2025-11-16 11:18:00
U029,92,1,4.0,1,2026-02-12 21:35:00
U029,94,2,3.0,2,2026-05-10 21:35:00
U029,95,1,,1,2025-12-03 10:33:00
U029,98,2,4.0,2,2026-05-25 19:31:00
U029,99,1,,1,2026-05-27 13:09:00
U029,100,6,4.67,6,2026-09-09 08:22:00
U029,101,6,4.0,6,2026-07-24 13:41:00
U029,102,4,4.0,4,2026-09-26 20:41:00
U030,17,2,,2,2026-09-26 16:55:00
U030,26,1,,1,2026-08-30 17:18:00
U030,27,2,,2,2026-09-30 18:27:00
U030,40,1,,1,2026-08-30 17:18:00
U030,80,1,2.0,1,2026-09-17 10:57:00
U030,93,2,,2,2026-09-17 19:47:00
U030,98,1,,1,2026-09-17 19:47:00
U030,99,1,5.0,1,2026-09-26 16:55:00
U030,100,1,,1,2026-09-30 18:27:00
U030,101,1,,1,2026-09-17 19:47:00
U031,2,2,3.0,2,2026-08-29 08:45:00
U031,6,2,2.0,2,2026-09-07 17:44:00
U031,7,2,2.0,2,2026-07-09 10:15:00
U031,9,16,2.83,16,2026-09-09 09:45:00
U031,10,22,4.0,21,2026-09-14 06:15:00
U031,14,1,,1,2025-10-27 09:22:00
U031,23,1,,1,2026-08-26 06:42:00
U031,27,1,3.0,1,2026-07-27 17:42:00
U031,30,1,4.0,1,2026-03-30 11:27:00
U031,37,2,,2,2026-09-23 17:48:00
U031,45,1,4.0,1,2025-11-02 10:58:00
U031,46,7,3.33,7,2026-09-25 07:14:00
U031,47,8,3.5,8,2026-09-10 17:00:00
U031,49,1,,1,2026-07-12 08:10:00
U031,50,1,4.0,1,2026-09-25 07:14:00
U031,51,5,4.0,5,2026-08-14 09:32:00
U031,52,8,,7,2026-09-21 09:51:00
U031,53,2,,2,2026-07-29 07:47:00
U031,56,1,3.0,1,2026-09-19 15:48:00
U031,57,1,4.0,1,2025-11-10 08:38:00
U031,59,1,,1,2026-03-01 06:06:00
U031,60,4,,4,2026-06-12 09:52:00
U031,61,1,,1,2026-04-15 10:22:00
U031,63,5,4.0,5,2026-08-13 07:35:00
U031,67,16,3.2,16,2026-09-08 17:32:00
U031,69,1,,1,2026-04-04 06:44:00
U031,70,3,,3,2026-07-18 16:47:00
U031,71,1,2.0,1,2026-05-03 16:10:00
U031,72,1,2.0,1,2026-02-05 17:10:00
U031,75,3,4.0,3,2026-06-08 08:13:00
U031,79,2,3.0,2,2026-08-22 08:00:00
U031,80,1,,1,2026-05-12 07:39:00
U031,81,1,2.0,1,2026-09-16 08:20:00
U031,82,1,,1,2026-01-06 17:05:00
U031,83,4,4.0,4,2026-09-10 17:00:00
U031,84,4,3.0,4,2026-08-14 08:34:00
U031,85,7,3.5,6,2026-09-25 08:01:00
U031,86,34,4.5,34,2026-09-25 07:14:00
U031,87,2,,2,2026-09-04 17:24:00
U031,88,1,,1,2025-10-26 06:49:00
U031,89,2,4.0,2,2026-08-29 06:57:00
U031,90,4,4.0,4,2026-07-09 09:04:00
U031,91,1,3.0,1,2026-06-12 09:52:00
U031,98,7,3.67,7,2026-09-24 06:18:00
U031,99,2,,2,2026-03-11 07:10:00
U031,100,7,3.6,7,2026-09-10 17:00:00
U031,101,26,3.33,26,2026-08-29 08:45:00
U031,102,10,3.5,10,2026-09-04 17:24:00
U032,2,4,3.0,4,2026-09-14 16:34:00
U032,10,3,4.0,3,2026-08-26 08:53:00
U032,13,1,4.0,1,2026-02-09 08:58:00
U032,23,1,,1,2026-08-08 10:57:00
U032,32,1,,1,2026-09-10 13:46:00
U032,45,1,3.0,1,2026-06-02 14:33:00
U032,53,1,4.0,1,2026-04-14 17:43:00
U032,55,1,,1,2026-07-24 07:03:00
U032,71,6,5.0,6,2026-09-21 18:54:00
U032,72,1,3.0,1,2026-03-07 11:31:00
U032,74,1,3.0,1,2026-06-08 12:44:00
U032,76,2,4.0,2,2026-08-26 13:15:00
U032,80,1,,1,2026-07-24 07:03:00
U032,83,1,4.0,1,2026-07-06 08:02:00
U032,86,9,3.0,9,2026-07-15 11:30:00
U032,98,1,4.0,1,2026-08-26 08:53:00
U032,99,1,3.0,1,2026-07-15 11:30:00
U032,100,3,3.5,3,2026-09-14 16:34:00
U032,101,2,4.5,2,2026-08-08 10:57:00
U032,102,3,3.0,3,2026-08-08 10:57:00
U033,1,57,4.27,52,2026-09-26 09:03:00
U033,2,11,3.0,10,2026-09-11 14:10:00
U033,3,1,,1,2026-08-10 12:44:00
U033,4,4,3.0,4,2026-09-04 09:39:00
U033,5,5,3.0,5,2026-03-15 19:53:00
U033,6,17,3.86,17,2026-07-24 09:07:00
U033,7,5,2.0,5,2026-09-11 14:10:00
U033,9,2,,2,2025-11-14 12:06:00
U033,11,2,,2,2026-09-30 15:14:00
U033,15,3,,3,2026-03-11 08:18:00
U033,16,1,2.0,1,2026-03-11 14:04:00
U033,20,1,4.0,1,2026-01-02 07:14:00
U033,22,1,,1,2026-05-03 10:05:00
U033,28,4,,4,2026-05-19 18:03:00
U033,32,5,3.0,5,2026-09-01 14:51:00
U033,34,1,,1,2026-04-01 15:20:00
U033,36,1,3.0,1,2025-11-20 14:26:00
U033,42,2,2.0,2,2026-05-03 10:05:00
U033,46,1,,1,2025-11-20 14:26:00
U033,47,1,,1,2026-03-30 09:07:00
U033,49,2,3.0,2,2025-11-30 16:50:00
U033,56,4,2.5,4,2026-06-02 17:12:00
U033,67,4,,4,2026-09-18 08:48:00
U033,71,1,,1,2026-01-12 13:24:00
U033,75,1,,1,2026-06-20 14:32:00
U033,94,2,,2,2026-09-01 14:09:00
U033,95,14,2.75,14,2026-06-27 17:08:00
U033,98,3,3.33,3,2026-04-22 09:15:00
U033,99,2,3.5,2,2025-12-10 19:56:00
U033,100,9,4.0,9,2026-09-06 10:52:00
U033,101,18,3.0,18,2026-08-28 17:53:00
U033,102,8,4.0,8,2026-09-26 09:03:00
U034,2,2,3.0,2,2026-03-05 12:20:00
U034,4,1,3.0,1,2026-09-05 09:59:00
U034,6,6,,6,2026-07-06 08:06:00
U034,8,28,2.56,28,2026-09-29 12:49:00
U034,10,1,,1,2026-09-18 16:17:00
U034,16,2,3.0,2,2025-11-10 09:29:00
U034,20,5,3.0,5,2026-06-29 14:25:00
U034,22,1,3.0,1,2026-05-24 18:30:00
U034,23,1,,1,2025-10-17 16:51:00
U034,26,2,,2,2026-09-09 14:24:00
U034,27,4,2.0,4,2026-07-22 07:23:00
U034,28,1,,1,2025-11-19 13:21:00
U034,29,2,2.0,2,2026-09-16 17:36:00
U034,31,1,,1,2026-02-20 08:24:00
U034,32,1,,1,2026-07-23 11:25:00
U034,33,1,,1,2026-08-10 13:04:00
U034,35,1,,1,2025-10-24 09:50:00
U034,36,2,,2,2026-09-08 07:30:00
U034,37,38,3.0,37,2026-09-25 08:29:00
U034,40,1,4.0,1,2026-09-16 17:36:00
U034,41,3,,3,2026-07-31 09:23:00
U034,42,1,,1,2026-07-17 13:14:00
U034,45,2,,2,2025-11-27 17:57:00
U034,49,1,,1,2026-09-29 12:49:00
U034,54,1,,1,2026-09-05 09:59:00
U034,58,3,2.5,3,2026-07-17 13:14:00
U034,63,2,,2,2026-03-22 15:05:00
U034,64,1,,1,2026-07-01 09:07:00
U034,69,2,,2,2026-09-08 07:30:00
U034,70,6,4.0,6,2026-09-11 08:28:00
U034,72,8,3.0,8,2026-05-12 09:57:00
U034,74,6,3.67,6,2026-09-09 11:16:00
U034,75,1,,1,2026-06-14 16:03:00
U034,76,90,4.08,87,2026-09-24 08:17:00
U034,77,2,,2,2026-09-20 16:35:00
U034,78,8,3.67,8,2026-08-10 07:34:00
U034,79,10,5.0,9,2026-09-18 16:17:00
U034,80,4,,4,2026-09-29 12:49:00
U034,81,9,3.5,9,2026-08-10 07:34:00
U034,82,9,4.0,9,2026-09-25 11:29:00
U034,84,2,,2,2026-04-27 16:14:00
U034,86,1,,1,2026-06-01 19:08:00
U034,89,1,,1,2026-05-05 08:48:00
U034,91,2,,2,2026-09-14 14:20:00
U034,92,2,3.5,2,2026-06-16 07:33:00
U034,94,7,2.0,7,2026-05-28 09:12:00
U034,95,2,,2,2026-08-06 16:53:00
U034,97,1,,1,2025-10-02 08:13:00
U034,98,5,3.0,5,2026-07-12 10:56:00
U034,99,7,3.33,7,2026-09-29 12:49:00
U034,100,10,3.0,10,2026-09-25 08:29:00
U034,101,26,3.5,26,2026-09-20 16:35:00
U034,102,7,3.0,7,2026-09-21 15:08:00
U035,3,2,2.0,2,2026-08-26 14:46:00
U035,4,1,,1,2026-01-30 07:11:00
U035,7,1,,1,2026-08-17 16:32:00
U035,8,7,2.0,6,2026-09-28 07:46:00
U035,9,7,2.4,7,2026-09-30 09:08:00
U035,13,1,,1,2026-07-20 08:16:00
U035,18,1,,1,2026-02-05 14:29:00
U035,19,1,1.0,1,2026-08-04 14:42:00
U035,20,1,,1,2025-10-05 16:11:00
U035,21,2,,2,2026-09-28 07:46:00
U035,26,1,2.0,1,2025-11-06 12:14:00
U035,27,1,,1,2026-08-12 09:31:00
U035,28,1,2.0,1,2026-03-10 16:15:00
U035,30,1,2.0,1,2026-05-22 13:06:00
U035,32,3,2.0,3,2026-09-28 07:46:00
U035,33,1,,1,2026-05-28 07:40:00
U035,35,1,,1,2026-04-15 12:19:00
U035,36,5,3.0,5,2026-08-19 17:20:00
U035,37,29,4.25,29,2026-09-29 08:07:00
U035,38,25,4.3,24,2026-09-29 15:56:00
U035,39,38,4.06,37,2026-08-19 15:32:00
U035,40,9,3.0,9,2026-09-30 09:55:00
U035,41,41,4.42,40,2026-09-24 09:21:00
U035,42,1,,1,2026-07-11 10:14:00
U035,43,10,3.0,10,2026-09-30 09:55:00
U035,44,3,,3,2026-07-07 11:07:00
U035,45,15,3.5,15,2026-08-29 20:37:00
U035,46,3,,3,2026-09-21 19:25:00
U035,48,2,,2,2025-12-08 08:21:00
U035,49,1,3.0,1,2026-08-05 15:59:00
U035,53,2,2.0,2,2026-09-29 15:56:00
U035,54,3,,3,2026-08-15 15:39:00
U035,59,1,3.0,1,2026-05-02 14:04:00
U035,61,2,2.0,2,2026-05-05 16:25:00
U035,63,9,3.0,9,2026-09-21 19:25:00
U035,67,1,,1,2026-09-07 14:43:00
U035,68,1,2.0,1,2026-07-21 13:57:00
U035,71,1,,1,2025-10-02 16:49:00
U035,77,2,3.0,2,2026-04-25 17:46:00
U035,78,1,2.0,1,2026-07-23 16:46:00
U035,79,5,2.0,5,2026-04-16 13:27:00
U035,82,1,,1,2025-10-21 08:59:00
U035,86,1,,1,2026-09-15 14:38:00
U035,87,1,,1,2026-07-18 16:36:00
U035,89,1,,1,2026-05-29 13:04:00
U035,91,7,2.5,6,2026-07-15 13:54:00
U035,92,1,,1,2025-11-06 14:25:00
U035,93,5,,4,2026-05-29 13:04:00
U035,94,2,,2,2026-09-22 15:38:00
U035,95,1,,1,2026-06-14 17:01:00
U035,96,4,3.33,4,2026-09-03 07:56:00
U035,97,10,3.0,10,2026-09-07 16:36:00
U035,98,8,3.67,8,2026-09-24 09:21:00
U035,99,3,3.0,3,2026-02-25 12:26:00
U035,100,17,3.83,17,2026-09-15 14:38:00
U035,101,24,3.14,24,2026-09-29 08:07:00
U035,102,17,3.4,17,2026-07-27 08:54:00
U036,1,3,4.0,3,2026-09-11 16:38:00
U036,2,14,3.82,14,2026-09-11 07:53:00
U036,4,2,4.0,2,2026-06-20 10:20:00
U036,5,5,3.67,5,2026-08-25 16:35:00
U036,6,6,3.75,6,2026-07-15 11:12:00
U036,7,12,4.2,12,2026-09-11 16:38:00
U036,8,5,3.5,5,2026-04-30 16:15:00
U036,9,27,4.23,25,2026-09-11 16:38:00
U036,12,1,,1,2026-05-28 16:53:00
U036,13,1,2.0,1,2026-02-17 18:54:00
U036,22,12,2.8,12,2026-09-17 14:37:00
U036,23,1,3.0,1,2026-02-26 09:46:00
U036,25,1,3.0,1,2026-05-30 15:08:00
U036,26,1,2.0,1,2026-06-22 17:32:00
U036,33,10,2.0,10,2026-08-11 17:30:00
U036,38,1,,1,2026-07-12 16:23:00
U036,41,1,2.0,1,2026-02-13 08:28:00
U036,44,3,2.67,3,2026-09-16 14:06:00
U036,45,3,3.0,3,2026-08-05 19:35:00
U036,46,1,3.0,1,2026-03-27 09:33:00
U036,47,1,3.0,1,2026-09-16 08:55:00
U036,57,1,3.0,1,2026-01-02 12:05:00
U036,64,2,1.0,2,2026-09-03 15:52:00
U036,65,16,2.43,16,2026-08-11 17:30:00
U036,70,1,,1,2026-01-05 12:44:00
U036,75,3,3.0,3,2026-08-15 11:22:00
U036,76,7,2.43,7,2026-05-14 15:29:00
U036,77,7,2.75,7,2026-07-19 14:06:00
U036,78,1,,1,2026-08-03 09:37:00
U036,80,1,,1,2026-04-01 07:24:00
U036,81,1,2.0,1,2026-06-26 12:23:00
U036,85,3,,3,2026-06-09 12:36:00
U036,90,3,2.5,3,2026-06-08 18:50:00
U036,94,1,2.0,1,2026-03-28 10:22:00
U036,96,1,3.0,1,2026-04-14 14:29:00
U036,98,1,,1,2026-07-31 19:19:00
U036,99,2,4.0,2,2026-06-11 17:14:00
U036,100,8,4.0,8,2026-08-03 09:34:00
U036,101,14,3.25,14,2026-07-15 11:12:00
U036,102,10,3.57,10,2026-09-11 16:38:00
U037,1,1,,1,2026-02-04 08:07:00
U037,2,1,,1,2025-10-05 12:00:00
U037,4,2,4.0,2,2026-09-13 06:24:00
U037,5,1,,1,2025-12-31 15:07:00
U037,6,7,3.0,7,2026-09-09 06:41:00
U037,7,1,,1,2026-08-09 06:05:00
U037,8,3,,3,2026-09-30 07:33:00
U037,9,2,,2,2026-03-09 07:09:00
U037,10,4,4.0,4,2026-09-30 09:39:00
U037,11,3,4.0,3,2026-03-13 15:08:00
U037,12,2,,2,2026-08-03 15:04:00
U037,13,3,,3,2026-04-05 17:51:00
U037,14,4,,4,2026-09-15 09:45:00
U037,15,1,,1,2026-02-22 06:35:00
U037,16,1,4.0,1,2026-09-05 06:00:00
U037,17,4,,4,2026-08-03 06:41:00
U037,20,2,,2,2026-06-06 15:21:00
U037,21,2,,2,2026-06-13 08:59:00
U037,22,88,3.58,86,2026-09-30 09:39:00
U037,23,4,4.5,4,2026-06-18 07:57:00
U037,24,2,4.0,2,2026-09-21 07:51:00
U037,25,1,,1,2026-03-20 06:33:00
U037,26,1,,1,2026-04-04 07:03:00
U037,27,1,,1,2026-08-22 15:24:00
U037,28,1,,1,2025-10-28 08:42:00
U037,29,1,,1,2026-07-16 12:29:00
U037,30,4,4.0,4,2026-09-28 15:12:00
U037,31,4,,4,2026-06-16 15:24:00
U037,32,2,,2,2026-08-03 06:41:00
U037,33,2,,2,2026-08-14 06:29:00
U037,34,4,,4,2026-08-03 15:04:00
U037,35,1,,1,2026-03-14 08:05:00
U037,36,7,4.0,7,2026-09-30 09:39:00
U037,37,3,5.0,3,2026-06-24 15:21:00
U037,38,2,5.0,2,2026-08-13 14:55:00
U037,39,2,,2,2026-05-13 08:39:00
U037,40,4,,4,2026-04-13 09:47:00
U037,41,3,,3,2025-12-20 06:05:00
U037,43,1,,1,2025-11-05 14:06:00
U037,44,2,,2,2026-09-03 15:56:00
U037,45,20,4.33,20,2026-08-25 17:56:00
U037,46,2,,2,2026-06-13 17:21:00
U037,48,3,,3,2026-09-26 07:49:00
U037,49,1,4.0,1,2026-09-05 06:00:00
U037,50,1,,1,2025-10-19 15:00:00
U037,51,1,,1,2026-06-07 08:01:00
U037,52,4,,4,2026-09-12 10:41:00
U037,53,1,,1,2026-02-12 08:41:00
U037,54,2,4.0,2,2026-06-18 16:26:00
U037,56,1,4.0,1,2026-01-28 07:02:00
U037,57,19,4.0,19,2026-06-13 17:21:00
U037,58,2,5.0,2,2026-02-22 17:00:00
U037,60,2,,2,2026-06-13 08:59:00
U037,61,4,,4,2026-07-29 16:56:00
U037,63,1,,1,2026-05-24 12:11:00
U037,64,1,,1,2026-07-23 06:26:00
U037,65,1,,1,2026-08-26 16:32:00
U037,66,1,,1,2025-11-10 17:08:00
U037,68,1,,1,2026-01-03 16:05:00
U037,70,8,4.5,7,2026-05-11 07:46:00
U037,71,4,4.0,4,2026-09-24 08:11:00
U037,73,1,,1,2026-03-26 07:50:00
U037,74,1,,1,2026-06-10 17:21:00
U037,76,5,3.75,5,2026-09-15 09:45:00
U037,77,3,,2,2026-09-28 16:04:00
U037,78,3,,3,2026-08-04 15:39:00
U037,79,2,,2,2026-07-27 09:51:00
U037,80,6,,6,2026-09-10 17:09:00
U037,81,2,3.5,2,2026-09-27 06:55:00
U037,82,1,,1,2026-08-08 17:19:00
U037,83,1,4.0,1,2026-02-17 16:51:00
U037,85,4,,4,2026-09-21 07:51:00
U037,86,6,4.0,6,2026-07-21 14:47:00
U037,87,1,,1,2026-09-28 16:04:00
U037,90,3,3.0,3,2026-06-30 11:07:00
U037,91,1,,1,2026-03-22 16:03:00
U037,92,8,4.0,8,2026-03-14 08:05:00
U037,93,1,3.0,1,2026-01-14 07:55:00
U037,94,3,,3,2026-05-15 17:13:00
U037,96,8,5.0,8,2026-03-28 15:12:00
U037,97,3,,3,2026-08-22 12:47:00
U037,98,5,,5,2026-09-13 06:24:00
U037,99,4,5.0,4,2026-07-19 08:40:00
U037,100,13,3.67,13,2026-08-09 06:05:00
U037,101,40,4.43,40,2026-09-23 06:14:00
U037,102,15,3.0,15,2026-09-30 09:39:00
U038,1,2,4.0,2,2026-08-24 07:02:00
U038,2,3,4.0,3,2026-09-22 06:12:00
U038,4,1,,1,2026-06-29 08:26:00
U038,6,1,,1,2026-06-23 15:38:00
U038,7,8,4.0,8,2026-09-18 07:55:00
U038,8,1,,1,2026-08-31 15:22:00
U038,11,1,2.0,1,2026-08-24 07:02:00
U038,66,1,,1,2026-05-31 17:35:00
U038,91,1,4.0,1,2026-09-22 17:58:00
U038,100,2,,2,2026-06-08 08:13:00
U038,102,1,,1,2026-08-24 07:02:00
U039,2,1,,1,2026-01-14 17:35:00
U039,7,48,4.0,44,2026-09-21 15:00:00
U039,9,1,4.0,1,2026-08-27 10:01:00
U039,14,1,,1,2026-09-06 20:56:00
U039,15,1,,1,2026-04-19 15:08:00
U039,17,1,3.0,1,2026-07-25 14:00:00
U039,25,1,,1,2026-05-14 10:05:00
U039,30,1,,1,2026-09-21 15:00:00
U039,33,1,,1,2026-04-16 08:51:00
U039,35,3,3.0,3,2026-09-14 10:32:00
U039,38,1,,1,2026-07-06 09:01:00
U039,39,3,3.0,3,2026-07-03 11:31:00
U039,45,1,3.0,1,2026-09-01 14:56:00
U039,48,3,,3,2026-06-14 17:59:00
U039,53,2,,2,2026-05-15 11:08:00
U039,54,1,,1,2026-06-06 21:14:00
U039,56,2,5.0,2,2026-08-07 19:32:00
U039,57,13,4.0,13,2026-08-21 21:59:00
U039,62,2,3.0,2,2026-08-27 10:01:00
U039,63,22,3.67,20,2026-09-28 19:52:00
U039,65,1,,1,2026-07-18 14:31:00
U039,68,1,,1,2026-07-10 16:48:00
U039,69,2,,2,2026-07-24 14:13:00
U039,71,1,,1,2026-04-19 15:08:00
U039,72,4,,4,2026-09-06 13:09:00
U039,77,1,,1,2026-02-22 09:06:00
U039,89,1,,1,2026-05-15 11:08:00
U039,90,1,,1,2026-05-06 11:51:00
U039,96,1,,1,2026-05-01 08:26:00
U039,98,2,,2,2026-03-22 11:13:00
U039,100,6,4.0,6,2026-08-29 14:12:00
U039,101,10,4.0,10,2026-09-06 13:09:00
U039,102,2,,2,2026-08-21 21:59:00
U040,1,1,,1,2026-01-08 15:52:00
U040,4,2,,2,2026-08-07 09:43:00
U040,5,2,5.0,2,2026-06-30 16:31:00
U040,6,1,,1,2025-11-21 20:00:00
U040,8,2,,2,2026-02-15 16:33:00
U040,9,2,4.0,2,2026-08-05 10:45:00
U040,12,1,4.0,1,2026-03-10 13:26:00
U040,13,1,,1,2026-09-17 17:57:00
U040,16,1,4.0,1,2026-08-18 21:46:00
U040,19,1,,1,2026-08-26 10:43:00
U040,23,3,3.5,3,2026-08-30 19:39:00
U040,26,1,,1,2026-07-12 16:33:00
U040,27,3,4.0,3,2026-09-23 10:52:00
U040,29,1,,1,2026-07-14 13:32:00
U040,33,13,4.0,13,2026-07-19 12:10:00
U040,34,1,3.0,1,2026-08-13 17:32:00
U040,35,1,,1,2026-09-14 17:49:00
U040,37,2,3.0,2,2026-05-02 17:54:00
U040,39,1,,1,2026-04-05 15:25:00
U040,41,1,,1,2026-07-12 16:15:00
U040,42,12,4.0,12,2026-09-15 11:52:00
U040,44,1,,1,2026-09-08 13:27:00
U040,48,2,3.0,2,2026-06-26 16:44:00
U040,49,3,,3,2026-02-04 15:54:00
U040,50,1,5.0,1,2026-03-07 20:52:00
U040,52,1,,1,2026-06-20 20:24:00
U040,54,1,,1,2025-10-23 15:56:00
U040,56,1,,1,2026-07-09 10:48:00
U040,60,34,3.4,34,2026-09-17 11:26:00
U040,61,1,4.0,1,2026-08-29 17:43:00
U040,62,2,,2,2026-09-14 17:49:00
U040,64,3,,3,2026-09-04 13:53:00
U040,65,2,,2,2026-07-30 17:42:00
U040,66,1,,1,2026-06-26 10:28:00
U040,67,4,3.0,4,2026-07-21 15:39:00
U040,70,1,,1,2026-06-06 19:50:00
U040,72,1,,1,2026-03-24 17:45:00
U040,73,6,3.5,6,2026-07-25 20:15:00
U040,74,5,5.0,5,2026-08-21 18:02:00
U040,75,1,,1,2025-10-22 21:47:00
U040,78,16,3.5,16,2026-09-17 11:26:00
U040,79,1,,1,2026-09-17 17:57:00
U040,80,1,,1,2025-10-23 15:56:00
U040,82,1,4.0,1,2026-07-12 16:15:00
U040,83,14,3.83,13,2026-08-15 10:44:00
U040,84,1,4.0,1,2026-07-27 15:12:00
U040,85,2,,2,2026-03-02 21:20:00
U040,86,1,,1,2026-08-26 10:43:00
U040,88,1,,1,2026-07-17 21:30:00
U040,90,1,,1,2026-01-05 19:56:00
U040,91,11,4.17,11,2026-08-17 10:29:00
U040,92,3,4.0,3,2026-05-08 14:17:00
U040,96,2,,2,2026-08-16 17:44:00
U040,98,4,,4,2026-09-15 11:52:00
U040,99,3,3.0,3,2026-06-18 17:01:00
U040,100,17,4.0,17,2026-09-17 11:26:00
U040,101,12,4.0,12,2026-09-23 10:52:00
U040,102,7,4.0,7,2026-08-29 17:43:00
U041,2,1,1.0,1,2026-01-20 07:43:00
U041,5,1,2.0,1,2025-12-15 09:07:00
U041,13,1,,1,2025-12-24 08:44:00
U041,14,1,1.0,1,2025-12-29 09:24:00
U041,26,5,,5,2026-07-11 16:58:00
U041,27,4,,4,2026-07-11 16:58:00
U041,28,2,,2,2026-02-26 13:01:00
U041,29,2,,2,2026-04-19 10:22:00
U041,31,1,,1,2026-04-19 10:22:00
U041,32,1,,1,2026-07-17 16:05:00
U041,33,1,3.0,1,2026-04-15 13:11:00
U041,34,2,,2,2026-05-12 11:14:00
U041,35,1,,1,2026-02-06 08:23:00
U041,36,3,,3,2026-02-26 13:01:00
U041,37,21,2.6,20,2026-06-26 19:22:00
U041,42,1,1.0,1,2025-10-24 15:48:00
U041,44,1,,1,2026-02-02 08:42:00
U041,47,5,,5,2026-04-16 13:07:00
U041,49,3,3.0,3,2026-03-10 09:13:00
U041,52,3,,3,2026-07-02 08:41:00
U041,54,3,,3,2026-07-24 08:14:00
U041,55,1,,1,2026-07-15 08:36:00
U041,58,1,,1,2025-12-26 13:31:00
U041,61,1,2.0,1,2026-04-15 09:41:00
U041,63,1,,1,2026-07-23 12:04:00
U041,64,2,,1,2025-10-21 19:24:00
U041,65,1,,1,2026-01-26 08:18:00
U041,74,29,3.18,29,2026-07-17 16:05:00
U041,75,8,3.5,8,2026-05-12 17:22:00
U041,77,3,4.0,3,2026-07-21 13:13:00
U041,79,1,,1,2026-02-17 14:21:00
U041,80,1,,1,2026-04-07 14:03:00
U041,82,3,3.0,3,2026-06-12 15:30:00
U041,85,1,,1,2026-07-06 09:50:00
U041,86,1,,1,2026-05-14 15:57:00
U041,87,4,,4,2026-07-07 15:32:00
U041,88,7,2.0,7,2026-07-03 11:38:00
U041,89,1,,1,2026-05-08 13:43:00
U041,93,2,,2,2026-06-19 14:14:00
U041,94,4,2.0,4,2026-06-25 07:06:00
U041,97,1,2.0,1,2026-07-02 11:49:00
U041,99,2,,2,2026-07-17 16:05:00
U041,100,8,3.25,8,2026-07-24 08:14:00
U041,101,8,3.75,8,2026-07-15 08:36:00
U041,102,9,3.67,9,2026-07-07 15:32:00
U042,2,3,4.0,3,2026-09-10 09:21:00
U042,5,1,,1,2026-03-05 17:36:00
U042,6,6,4.0,6,2026-09-08 09:02:00
U042,7,7,4.5,7,2026-09-08 09:02:00
U042,8,1,,1,2025-10-09 08:49:00
U042,10,1,,1,2026-01-08 08:39:00
U042,11,3,,3,2026-09-10 09:21:00
U042,15,2,3.0,2,2026-03-17 13:12:00
U042,34,1,,1,2026-08-24 07:36:00
U042,39,1,,1,2025-11-19 17:16:00
U042,40,1,3.0,1,2026-02-22 17:35:00
U042,41,2,4.0,2,2026-02-04 09:21:00
U042,42,1,,1,2026-08-26 08:07:00
U042,45,1,,1,2026-03-27 08:02:00
U042,48,1,,1,2026-02-16 08:21:00
U042,66,1,,1,2025-12-16 17:57:00
U042,79,5,3.0,5,2026-09-07 12:59:00
U042,81,1,,1,2026-02-19 15:10:00
U042,87,1,,1,2026-09-03 15:33:00
U042,90,9,3.0,9,2026-08-03 17:40:00
U042,92,1,4.0,1,2025-10-17 07:14:00
U042,98,2,,2,2026-09-08 09:02:00
U042,100,1,5.0,1,2025-11-07 16:42:00
U042,101,8,4.67,8,2026-08-30 07:35:00
U042,102,1,4.0,1,2026-09-03 15:33:00
U043,3,1,5.0,1,2025-11-01 16:48:00
U043,11,2,,2,2026-05-09 13:28:00
U043,27,9,4.6,8,2026-09-10 10:41:00
U043,28,2,3.0,2,2026-03-12 14:03:00
U043,33,1,,1,2025-11-15 17:59:00
U043,37,32,2.54,32,2026-09-20 11:33:00
U043,38,1,,1,2026-02-17 21:52:00
U043,43,1,,1,2025-12-16 10:28:00
U043,45,1,3.0,1,2026-04-03 21:36:00
U043,60,1,3.0,1,2025-10-09 16:01:00
U043,64,1,,1,2026-01-21 20:14:00
U043,94,1,,1,2026-09-20 11:33:00
U043,98,1,,1,2026-03-28 10:30:00
U043,99,3,4.0,3,2026-09-07 11:22:00
U043,100,4,4.0,4,2026-09-10 10:41:00
U043,101,3,4.0,3,2026-09-10 10:41:00
U043,102,3,3.0,3,2026-03-28 13:04:00
U044,3,2,,2,2026-09-02 11:46:00
U044,4,2,,2,2025-11-09 16:58:00
U044,18,1,4.0,1,2026-09-29 14:24:00
U044,20,1,4.0,1,2026-02-15 13:39:00
U044,21,1,,1,2026-08-02 09:57:00
U044,22,2,,2,2026-07-25 17:54:00
U044,26,4,,4,2026-09-01 15:03:00
U044,27,2,,2,2026-03-06 08:25:00
U044,28,1,,1,2026-04-12 16:10:00
U044,31,1,,1,2026-06-04 08:49:00
U044,34,5,4.5,5,2026-09-29 14:24:00
U044,38,3,2.0,3,2026-06-08 10:35:00
U044,39,1,,1,2026-06-08 10:35:00
U044,41,2,,2,2026-06-01 19:11:00
U044,57,1,,1,2026-04-12 16:10:00
U044,59,1,,1,2026-09-29 14:24:00
U044,68,1,,1,2026-04-12 16:10:00
U044,78,3,,3,2026-08-16 16:58:00
U044,83,2,,2,2026-09-01 15:03:00
U044,87,4,,4,2026-09-11 14:31:00
U044,93,11,2.6,11,2026-05-14 13:44:00
U044,95,1,,1,2026-09-02 11:46:00
U044,98,1,,1,2026-06-08 10:35:00
U044,100,4,2.0,4,2026-09-02 11:46:00
U044,101,1,3.0,1,2025-12-11 19:22:00
U044,102,3,3.0,3,2026-02-11 18:22:00
U045,12,1,,1,2026-03-01 21:13:00
U045,14,1,,1,2026-03-25 10:17:00
U045,34,4,4.0,4,2026-03-26 16:07:00
U045,44,2,3.0,2,2026-01-21 14:51:00
U045,46,1,,1,2025-10-31 16:51:00
U045,47,1,,1,2026-01-07 16:15:00
U045,52,1,3.0,1,2026-04-22 11:00:00
U045,53,2,,2,2026-04-26 19:24:00
U045,66,1,3.0,1,2025-11-27 11:29:00
U045,70,3,,3,2026-04-16 13:30:00
U045,75,1,5.0,1,2026-04-22 11:00:00
U045,76,2,,2,2025-10-13 18:33:00
U045,83,2,3.0,2,2026-05-02 14:04:00
U045,84,1,,1,2025-12-14 11:07:00
U045,85,2,4.0,2,2026-02-28 15:03:00
U045,86,11,4.6,11,2026-03-01 21:13:00
U045,88,1,,1,2025-11-24 21:58:00
U045,90,1,4.0,1,2026-03-26 16:07:00
U045,93,1,4.0,1,2025-12-14 11:07:00
U045,94,2,3.0,2,2026-01-21 14:51:00
U045,96,3,3.0,3,2026-03-14 16:07:00
U045,99,3,4.0,3,2025-12-16 08:53:00
U045,100,3,,3,2026-01-21 14:51:00
U046,3,2,,2,2026-07-19 15:14:00
U046,6,1,3.0,1,2026-05-28 09:07:00
U046,10,1,,1,2025-10-17 16:12:00
U046,11,1,,1,2026-05-12 08:10:00
U046,18,1,2.0,1,2026-03-22 10:28:00
U046,27,1,,1,2026-03-12 09:34:00
U046,34,1,,1,2025-12-26 16:24:00
U046,36,2,5.0,2,2026-09-08 08:23:00
U046,37,1,,1,2026-07-19 15:14:00
U046,38,2,,2,2026-03-23 11:04:00
U046,39,2,,2,2026-09-23 12:45:00
U046,43,7,3.33,7,2026-09-23 12:45:00
U046,45,2,4.0,2,2026-02-20 15:38:00
U046,49,23,4.0,22,2026-09-14 13:49:00
U046,53,2,,2,2026-09-23 12:45:00
U046,91,1,,1,2025-10-10 08:40:00
U046,94,1,,1,2025-12-23 15:47:00
U046,95,1,2.0,1,2026-03-22 10:28:00
U046,96,1,4.0,1,2026-03-31 15:45:00
U046,98,2,,2,2026-09-14 13:49:00
U046,100,5,4.0,5,2026-07-19 15:14:00
U046,101,3,,3,2026-09-23 12:45:00
U046,102,4,3.67,4,2026-06-22 07:55:00
U047,15,1,,1,2026-08-22 17:18:00
U047,40,2,,2,2026-09-30 17:13:00
U047,44,1,,1,2026-09-11 10:03:00
U047,100,1,,1,2026-09-23 20:02:00
U048,3,5,,5,2026-09-20 15:15:00
U048,10,1,2.0,1,2026-09-26 14:46:00
U048,26,2,5.0,2,2026-08-20 16:02:00
U048,27,8,5.0,8,2026-09-20 15:15:00
U048,29,5,4.0,5,2026-09-30 08:21:00
U048,30,4,3.0,4,2026-09-29 16:02:00
U048,32,2,,2,2026-09-30 11:01:00
U048,34,2,,2,2026-07-22 16:02:00
U048,41,9,4.0,9,2026-09-28 15:23:00
U048,43,1,,1,2026-09-25 08:25:00
U048,44,1,,1,2026-06-02 07:04:00
U048,46,1,,1,2026-08-24 08:13:00
U048,50,1,,1,2026-07-11 15:56:00
U048,55,12,3.0,12,2026-09-26 14:46:00
U048,58,1,,1,2026-05-03 17:59:00
U048,64,1,,1,2026-08-03 09:06:00
U048,65,3,,3,2026-09-09 14:06:00
U048,67,1,,1,2026-06-23 16:46:00
U048,74,1,,1,2026-09-04 17:56:00
U048,81,7,3.33,7,2026-09-30 11:01:00
U048,86,1,,1,2026-07-11 15:56:00
U048,100,5,,5,2026-09-30 08:21:00
U048,101,4,4.0,4,2026-09-09 14:06:00
U048,102,2,,2,2026-07-20 19:03:00
U049,8,1,,1,2026-04-12 17:09:00
U049,20,2,,2,2026-09-13 11:56:00
U049,30,1,,1,2026-05-24 15:36:00
U049,34,1,,1,2026-08-16 18:33:00
U049,42,1,2.0,1,2026-04-03 17:08:00
U049,44,9,3.0,9,2026-06-19 21:12:00
U049,54,4,,4,2026-04-30 10:59:00
U049,56,1,,1,2026-02-12 14:32:00
U049,57,3,,3,2026-08-09 19:33:00
U049,58,1,,1,2026-01-11 14:36:00
U049,59,1,,1,2026-04-05 14:08:00
U049,60,1,4.0,1,2025-10-14 15:19:00
U049,62,4,,4,2026-06-11 20:24:00
U049,63,2,4.0,2,2026-02-16 13:26:00
U049,64,1,3.0,1,2025-10-19 19:41:00
U049,67,1,4.0,1,2026-05-13 13:49:00
U049,68,25,4.1,23,2026-09-20 17:01:00
U049,69,8,4.25,8,2026-08-21 15:58:00
U049,70,1,,1,2026-02-16 13:26:00
U049,71,1,,1,2026-01-21 15:58:00
U049,75,2,4.0,2,2026-02-26 19:39:00
U049,76,1,,1,2026-07-11 16:31:00
U049,77,4,3.0,4,2026-08-15 20:30:00
U049,81,2,3.0,2,2026-07-18 16:01:00
U049,83,1,2.0,1,2026-07-07 15:49:00
U049,84,77,3.14,73,2026-09-27 14:38:00
U049,86,1,,1,2026-05-09 21:12:00
U049,87,1,2.0,1,2026-01-13 19:22:00
U049,89,2,3.0,2,2026-07-22 15:03:00
U049,96,1,,1,2026-01-25 16:54:00
U049,98,2,3.0,2,2026-07-20 18:26:00
U049,99,4,4.25,4,2026-06-19 21:12:00
U049,100,8,4.33,8,2026-09-21 16:00:00
U049,101,9,5.0,9,2026-09-13 11:56:00
U049,102,5,,5,2026-09-12 11:03:00
U050,1,1,,1,2026-02-12 15:09:00
U050,2,2,4.0,2,2026-07-13 19:49:00
U050,6,1,,1,2026-01-25 18:03:00
U050,7,1,,1,2026-04-16 19:32:00
U050,9,1,,1,2026-09-01 09:57:00
U050,10,1,4.0,1,2026-07-23 13:03:00
U050,11,5,,4,2026-08-03 15:45:00
U050,13,1,4.0,1,2026-05-24 14:51:00
U050,14,3,,3,2026-09-17 10:41:00
U050,15,6,4.0,6,2026-09-19 11:01:00
U050,16,2,4.0,2,2026-06-07 12:53:00
U050,18,4,4.5,4,2026-07-19 12:59:00
U050,19,2,5.0,2,2026-05-19 09:33:00
U050,20,1,,1,2026-08-24 15:43:00
U050,21,1,,1,2026-07-23 13:03:00
U050,23,2,,2,2026-05-31 12:24:00
U050,24,2,,2,2026-09-18 15:59:00
U050,25,1,,1,2026-06-14 10:32:00
U050,26,1,,1,2026-05-16 11:58:00
U050,27,2,,2,2026-06-21 14:07:00
U050,28,1,,1,2026-09-04 18:18:00
U050,30,1,,1,2026-05-04 14:22:00
U050,32,1,,1,2026-05-30 11:15:00
U050,33,6,2.33,6,2026-09-06 10:14:00
U050,35,2,,2,2026-09-04 10:20:00
U050,39,5,4.33,5,2026-09-03 21:50:00
U050,40,1,,1,2026-04-12 14:25:00
U050,41,1,,1,2026-04-07 21:41:00
U050,42,1,,1,2026-07-23 13:03:00
U050,45,2,3.0,2,2026-06-26 18:32:00
U050,46,1,,1,2026-05-04 14:22:00
U050,48,1,,1,2026-05-15 16:33:00
U050,50,3,3.0,3,2026-03-15 16:31:00
U050,54,1,3.0,1,2026-09-20 17:56:00
U050,57,1,3.0,1,2026-03-07 20:24:00
U050,58,7,3.0,7,2026-09-30 21:11:00
U050,61,1,,1,2026-05-27 14:11:00
U050,62,1,,1,2026-08-30 18:55:00
U050,63,1,,1,2026-07-18 16:46:00
U050,66,1,4.0,1,2026-01-29 21:42:00
U050,68,3,2.0,3,2026-09-18 15:59:00
U050,73,4,2.0,4,2026-08-28 14:46:00
U050,74,1,1.0,1,2026-03-26 15:00:00
U050,78,1,,1,2026-03-23 16:41:00
U050,81,2,2.0,2,2026-05-16 11:58:00
U050,84,2,,2,2026-09-15 18:57:00
U050,85,3,3.0,3,2026-08-28 14:46:00
U050,86,2,2.0,2,2026-09-20 17:56:00
U050,87,1,,1,2026-01-15 15:17:00
U050,91,1,4.0,1,2025-12-21 18:14:00
U050,92,1,,1,2026-07-11 11:23:00
U050,93,21,2.86,21,2026-09-06 11:00:00
U050,94,1,3.0,1,2026-02-07 14:33:00
U050,95,1,3.0,1,2026-07-28 19:29:00
U050,98,3,,3,2026-07-23 21:02:00
U050,100,7,4.4,7,2026-09-30 21:11:00
U050,101,10,3.33,10,2026-09-01 09:57:00
U050,102,4,,4,2026-08-24 15:43:00
U051,36,10,4.0,9,2026-02-19 16:23:00
U051,40,1,,1,2026-01-17 15:46:00
U051,48,2,3.0,2,2025-12-05 20:18:00
U051,65,1,2.0,1,2025-11-06 15:26:00
U051,91,1,4.0,1,2026-01-20 13:20:00
U051,93,4,,4,2026-03-15 11:10:00
U051,99,1,,1,2026-01-20 13:20:00
U051,101,1,4.0,1,2025-11-23 17:34:00
U051,102,1,,1,2026-03-15 11:10:00
U052,14,1,4.0,1,2026-01-10 15:02:00
U052,33,1,,1,2026-06-28 15:28:00
U052,38,1,3.0,1,2026-01-31 11:31:00
U052,40,2,,2,2026-06-01 16:10:00
U052,41,2,3.0,2,2026-03-24 13:39:00
U052,42,8,4.0,8,2026-08-19 13:56:00
U052,43,4,4.5,4,2026-06-20 16:55:00
U052,44,1,,1,2026-09-18 08:36:00
U052,46,1,,1,2026-06-20 16:55:00
U052,54,1,3.0,1,2026-06-09 21:09:00
U052,68,2,4.0,2,2026-03-26 19:48:00
U052,69,1,,1,2026-09-19 14:46:00
U052,73,1,,1,2026-07-09 16:21:00
U052,83,3,,3,2026-09-07 14:01:00
U052,87,2,3.0,2,2026-06-30 15:00:00
U052,89,3,2.0,2,2026-03-20 19:59:00
U052,97,13,3.67,13,2026-06-30 15:00:00
U052,98,2,3.0,2,2026-03-26 19:48:00
U052,99,2,,2,2026-06-07 14:41:00
U052,100,6,5.0,6,2026-06-09 21:09:00
U052,101,3,3.0,3,2026-06-30 15:00:00
U052,102,2,4.0,2,2026-01-31 11:31:00
U053,2,2,4.0,2,2026-03-28 11:01:00
U053,4,2,,2,2026-05-13 10:47:00
U053,5,7,4.0,6,2026-06-27 16:22:00
U053,6,7,,7,2026-04-27 08:55:00
U053,7,6,3.5,6,2026-06-30 21:48:00
U053,8,1,,1,2026-01-09 09:17:00
U053,10,2,,2,2025-11-11 21:57:00
U053,23,1,,1,2026-03-28 11:01:00
U053,27,1,,1,2026-02-14 09:41:00
U053,30,5,,5,2026-08-09 13:23:00
U053,36,1,,1,2026-04-06 14:46:00
U053,41,2,,2,2026-05-23 14:16:00
U053,46,1,,1,2026-06-30 21:48:00
U053,47,1,,1,2026-05-12 17:10:00
U053,56,1,,1,2025-12-05 11:53:00
U053,57,1,,1,2026-01-02 18:58:00
U053,66,1,,1,2026-09-01 16:21:00
U053,69,3,2.0,3,2026-06-06 10:08:00
U053,76,1,,1,2026-02-07 11:35:00
U053,77,2,,2,2026-02-05 11:28:00
U053,78,1,,1,2026-05-23 14:16:00
U053,79,1,,1,2026-06-18 17:10:00
U053,80,1,1.0,1,2026-06-19 08:46:00
U053,87,1,,1,2025-11-11 21:57:00
U053,91,7,2.67,7,2026-07-19 10:28:00
U053,92,1,2.0,1,2026-02-14 09:41:00
U053,93,1,2.0,1,2025-12-09 10:21:00
U053,95,1,,1,2026-02-08 18:27:00
U053,99,1,,1,2026-02-14 09:41:00
U053,100,5,,5,2026-08-09 13:23:00
U053,101,8,3.0,8,2026-06-07 13:46:00
U053,102,1,,1,2025-10-13 10:19:00
U054,6,1,,1,2025-10-24 14:42:00
U054,12,1,,1,2026-01-07 13:19:00
U054,27,1,,1,2026-01-07 13:19:00
U054,36,2,,2,2026-05-02 14:45:00
U054,37,5,5.0,5,2026-02-04 19:26:00
U054,38,1,,1,2026-01-09 11:44:00
U054,42,1,3.0,1,2025-10-14 13:19:00
U054,44,1,,1,2025-12-13 15:23:00
U054,45,1,,1,2025-10-09 13:53:00
U054,56,2,,2,2026-06-04 19:03:00
U054,60,19,3.25,17,2026-05-25 18:16:00
U054,63,1,,1,2026-05-25 18:16:00
U054,75,1,,1,2025-11-01 17:31:00
U054,76,1,3.0,1,2025-11-07 19:22:00
U054,95,5,3.0,5,2026-06-13 18:18:00
U054,98,1,,1,2025-10-17 18:52:00
U054,99,1,,1,2025-12-13 15:23:00
U054,100,4,4.0,4,2026-05-25 18:16:00
U054,101,2,,2,2026-06-04 19:03:00
U055,1,2,4.0,2,2026-09-12 09:53:00
U055,2,5,4.0,5,2026-08-08 07:37:00
U055,4,3,4.0,3,2026-09-22 06:47:00
U055,5,6,3.0,6,2026-09-12 09:53:00
U055,6,63,4.35,59,2026-09-30 17:00:00
U055,7,1,,1,2026-04-06 14:11:00
U055,8,1,4.0,1,2026-07-31 09:25:00
U055,9,2,,2,2026-07-09 09:15:00
U055,10,2,2.0,2,2026-09-17 07:01:00
U055,12,15,2.6,15,2026-09-18 16:09:00
U055,13,5,3.0,5,2026-06-01 06:42:00
U055,15,1,,1,2026-01-20 11:20:00
U055,23,1,,1,2026-01-27 07:30:00
U055,27,2,,2,2026-01-12 07:53:00
U055,31,1,,1,2026-04-03 06:16:00
U055,35,1,3.0,1,2026-07-26 06:27:00
U055,36,2,1.0,2,2026-05-10 12:16:00
U055,37,1,,1,2026-08-08 06:05:00
U055,39,1,2.0,1,2026-05-05 09:17:00
U055,42,2,,2,2026-08-21 08:12:00
U055,46,1,,1,2026-04-11 16:26:00
U055,52,2,,2,2026-05-03 06:34:00
U055,54,1,,1,2026-07-22 08:53:00
U055,57,1,2.0,1,2026-07-26 06:55:00
U055,60,1,,1,2026-07-21 13:14:00
U055,63,2,,2,2026-07-27 08:03:00
U055,66,1,,1,2026-08-04 08:03:00
U055,70,2,,2,2026-09-30 17:00:00
U055,73,1,,1,2025-10-02 11:43:00
U055,74,2,,2,2025-12-22 12:04:00
U055,75,3,3.5,3,2026-08-17 06:26:00
U055,77,1,,1,2026-07-17 07:09:00
U055,78,1,,1,2026-09-04 17:17:00
U055,79,1,,1,2026-07-11 16:38:00
U055,80,1,3.0,1,2025-10-16 06:59:00
U055,81,1,,1,2025-10-07 08:44:00
U055,82,18,3.6,18,2026-09-29 09:06:00
U055,85,2,,2,2026-03-27 09:18:00
U055,94,3,3.0,3,2026-04-28 16:21:00
U055,98,5,4.0,5,2026-07-14 08:02:00
U055,100,6,4.0,6,2026-08-17 06:26:00
U055,101,25,3.5,25,2026-09-22 06:47:00
U055,102,9,4.0,9,2026-09-29 09:06:00
U056,6,1,,1,2026-03-23 15:05:00
U056,9,1,2.0,1,2026-09-21 15:16:00
U056,20,1,3.0,1,2025-10-09 10:50:00
U056,22,1,2.0,1,2025-10-17 10:23:00
U056,27,2,3.0,1,2026-03-16 18:12:00
U056,29,1,,1,2026-09-10 16:33:00
U056,35,1,,1,2026-08-09 15:50:00
U056,37,3,2.5,3,2026-08-27 10:38:00
U056,39,6,3.0,6,2026-09-15 13:20:00
U056,40,1,3.0,1,2026-07-07 16:28:00
U056,41,1,,1,2026-08-29 21:51:00
U056,42,1,,1,2026-05-22 16:45:00
U056,46,1,,1,2026-06-20 12:30:00
U056,49,1,2.0,1,2026-03-23 15:05:00
U056,51,21,2.08,21,2026-09-26 21:56:00
U056,54,5,3.67,5,2026-06-06 17:09:00
U056,56,1,3.0,1,2025-12-20 16:36:00
U056,62,1,,1,2026-02-13 17:49:00
U056,63,2,3.0,2,2026-07-14 18:56:00
U056,69,13,2.9,13,2026-09-09 14:16:00
U056,70,2,,2,2026-09-09 14:16:00
U056,71,1,,1,2026-07-06 15:42:00
U056,72,3,2.0,3,2026-08-19 18:18:00
U056,73,6,2.25,6,2026-07-07 16:28:00
U056,75,12,3.33,12,2026-08-15 18:34:00
U056,76,5,3.33,5,2026-08-09 15:50:00
U056,77,9,4.0,9,2026-08-06 15:22:00
U056,78,18,3.86,18,2026-09-10 16:33:00
U056,79,3,2.5,3,2026-09-26 21:56:00
U056,80,3,3.0,3,2026-07-12 21:57:00
U056,81,16,2.7,16,2026-09-21 15:16:00
U056,82,7,3.67,7,2026-08-09 15:50:00
U056,89,1,,1,2026-09-05 12:19:00
U056,90,2,2.0,2,2026-04-03 15:11:00
U056,91,1,,1,2026-08-29 17:24:00
U056,92,4,2.33,4,2026-06-23 18:22:00
U056,98,7,3.0,7,2026-08-19 18:12:00
U056,99,1,3.0,1,2025-10-09 10:50:00
U056,100,7,3.0,7,2026-09-15 13:20:00
U056,101,7,3.5,7,2026-09-21 15:16:00
U056,102,6,3.33,6,2026-08-27 10:38:00
U057,1,2,,2,2026-09-22 15:14:00
U057,2,2,,2,2026-07-15 09:36:00
U057,3,4,,4,2026-07-12 10:53:00
U057,5,1,3.0,1,2026-01-27 09:38:00
U057,6,2,,2,2026-09-05 11:22:00
U057,7,6,4.0,6,2026-06-08 08:10:00
U057,8,1,2.0,1,2026-01-06 10:59:00
U057,9,2,3.0,2,2026-06-29 13:22:00
U057,10,1,4.0,1,2026-06-25 18:16:00
U057,11,4,3.0,4,2026-06-23 11:26:00
U057,12,1,3.0,1,2026-09-20 17:19:00
U057,13,1,,1,2026-08-08 19:14:00
U057,15,1,,1,2026-01-30 17:52:00
U057,17,1,3.0,1,2026-05-16 17:52:00
U057,25,2,3.0,2,2026-09-20 13:04:00
U057,26,1,,1,2026-01-10 15:21:00
U057,27,2,2.5,2,2026-08-10 21:19:00
U057,30,1,,1,2026-06-26 13:10:00
U057,31,2,2.0,2,2026-07-17 13:06:00
U057,32,1,,1,2026-08-19 14:12:00
U057,34,2,4.0,2,2026-06-21 16:30:00
U057,36,2,,2,2026-09-08 20:34:00
U057,37,1,,1,2026-04-03 11:49:00
U057,40,1,2.0,1,2026-07-04 09:52:00
U057,41,4,3.0,4,2026-07-15 18:00:00
U057,42,7,4.0,7,2026-09-28 17:52:00
U057,43,2,4.0,2,2026-09-10 17:21:00
U057,45,3,,3,2026-09-25 15:59:00
U057,46,2,,2,2026-09-03 08:23:00
U057,47,1,5.0,1,2026-01-20 20:07:00
U057,48,3,3.0,3,2026-09-08 14:42:00
U057,49,1,2.0,1,2026-02-07 09:07:00
U057,50,1,,1,2026-07-11 11:53:00
U057,51,1,,1,2025-11-26 10:08:00
U057,54,2,2.0,2,2026-08-05 20:08:00
U057,55,1,2.0,1,2026-06-15 14:45:00
U057,56,2,2.0,2,2026-07-29 17:08:00
U057,58,4,2.5,4,2026-06-19 16:53:00
U057,59,1,,1,2026-08-10 21:19:00
U057,61,1,,1,2025-12-05 13:50:00
U057,62,2,4.0,2,2026-09-29 10:39:00
U057,63,1,3.0,1,2026-06-24 13:24:00
U057,65,1,2.0,1,2026-06-24 18:06:00
U057,67,9,3.33,9,2026-09-03 08:23:00
U057,70,3,3.0,3,2026-08-20 13:56:00
U057,71,2,,2,2026-07-11 11:53:00
U057,74,3,3.0,3,2026-09-20 17:19:00
U057,75,4,3.5,4,2026-08-27 14:03:00
U057,76,4,5.0,4,2026-07-02 09:21:00
U057,78,1,,1,2026-04-17 15:49:00
U057,79,71,4.83,71,2026-09-27 18:09:00
U057,80,28,3.18,28,2026-09-11 09:19:00
U057,82,5,,5,2026-08-22 15:44:00
U057,83,3,4.0,3,2026-06-14 15:16:00
U057,84,4,5.0,4,2026-08-30 15:57:00
U057,85,11,4.5,11,2026-08-28 15:18:00
U057,86,4,3.5,4,2026-09-09 16:50:00
U057,87,7,4.25,7,2026-06-25 18:16:00
U057,88,7,4.0,7,2026-08-06 11:35:00
U057,89,9,5.0,9,2026-09-22 14:10:00
U057,90,9,4.33,8,2026-09-24 17:00:00
U057,91,1,,1,2026-03-22 17:40:00
U057,95,2,3.0,2,2026-04-18 21:29:00
U057,96,2,,2,2026-05-04 11:16:00
U057,98,13,4.6,13,2026-09-20 13:04:00
U057,99,5,4.0,5,2026-09-01 19:19:00
U057,100,15,4.2,15,2026-08-05 20:08:00
U057,101,17,4.12,17,2026-09-22 15:14:00
U057,102,9,4.0,9,2026-09-20 17:19:00
U058,1,1,,1,2026-03-25 18:59:00
U058,3,6,4.0,6,2026-08-31 07:25:00
U058,5,1,,1,2026-02-26 12:18:00
U058,7,1,2.0,1,2026-06-29 08:56:00
U058,12,1,,1,2026-05-25 09:26:00
U058,13,1,,1,2026-07-10 08:37:00
U058,17,1,4.0,1,2026-08-08 16:06:00
U058,24,1,,1,2026-07-28 15:59:00
U058,26,3,3.33,3,2026-07-07 14:29:00
U058,27,84,4.55,76,2026-09-27 17:54:00
U058,28,26,4.14,26,2026-09-23 14:01:00
U058,29,16,3.5,15,2026-09-29 08:08:00
U058,30,4,,4,2026-09-10 07:12:00
U058,31,10,4.0,10,2026-09-23 08:57:00
U058,32,3,2.0,3,2026-08-20 19:50:00
U058,33,2,,2,2026-09-21 07:41:00
U058,34,10,3.6,10,2026-09-29 08:08:00
U058,35,5,3.0,5,2026-09-18 14:22:00
U058,36,1,3.0,1,2026-06-19 08:55:00
U058,38,1,,1,2026-05-25 08:42:00
U058,39,1,,1,2026-09-15 17:41:00
U058,41,1,,1,2026-03-23 18:24:00
U058,44,4,2.0,4,2026-04-15 19:43:00
U058,51,1,,1,2026-08-14 15:47:00
U058,58,2,3.0,2,2026-08-27 08:06:00
U058,59,3,3.0,3,2026-07-28 16:07:00
U058,60,1,,1,2026-02-28 19:42:00
U058,62,1,,1,2026-04-01 08:12:00
U058,64,1,3.0,1,2026-07-21 07:01:00
U058,65,1,,1,2026-06-24 14:21:00
U058,67,1,,1,2026-09-15 17:41:00
U058,70,1,,1,2026-09-07 14:26:00
U058,72,2,2.0,2,2026-03-01 14:24:00
U058,74,1,,1,2026-08-09 11:15:00
U058,75,1,,1,2026-09-06 17:27:00
U058,82,6,2.0,6,2026-09-21 07:41:00
U058,83,4,4.0,4,2026-08-28 08:23:00
U058,85,1,2.0,1,2026-08-25 17:11:00
U058,86,1,,1,2026-09-14 15:55:00
U058,89,2,2.0,2,2026-07-23 15:04:00
U058,98,4,3.0,4,2026-08-31 07:25:00
U058,99,3,,3,2026-09-23 14:01:00
U058,100,17,3.5,17,2026-09-14 15:55:00
U058,101,8,4.0,8,2026-09-29 08:08:00
U058,102,10,3.67,10,2026-09-15 17:41:00
U059,2,1,,1,2026-04-05 16:27:00
U059,3,2,4.0,2,2026-08-08 10:33:00
U059,6,1,,1,2026-09-01 16:27:00
U059,7,1,,1,2025-11-28 16:24:00
U059,10,1,,1,2026-04-02 15:01:00
U059,16,1,,1,2026-09-07 10:10:00
U059,23,1,2.0,1,2026-09-03 14:17:00
U059,26,57,4.55,53,2026-09-26 11:00:00
U059,27,2,,2,2026-08-13 16:54:00
U059,28,2,,2,2026-08-02 13:33:00
U059,31,2,,2,2026-03-06 14:10:00
U059,32,3,,3,2026-09-11 08:35:00
U059,33,2,,2,2026-07-13 10:39:00
U059,34,4,3.0,4,2026-08-23 15:58:00
U059,35,2,,2,2026-03-26 09:27:00
U059,36,2,,2,2026-06-24 14:49:00
U059,37,7,2.0,7,2026-07-16 13:09:00
U059,38,1,4.0,1,2026-02-13 18:08:00
U059,41,2,,2,2026-03-21 10:53:00
U059,42,1,3.0,1,2026-09-18 08:34:00
U059,48,3,,3,2026-05-17 09:54:00
U059,50,2,2.0,2,2026-05-29 10:20:00
U059,53,1,3.0,1,2026-03-15 19:43:00
U059,58,4,,4,2026-07-24 11:20:00
U059,62,3,,3,2026-03-10 14:30:00
U059,63,2,,2,2026-09-01 16:27:00
U059,64,2,,2,2026-06-24 14:49:00
U059,65,1,,1,2025-12-09 17:20:00
U059,73,1,2.0,1,2025-10-30 10:54:00
U059,76,3,,3,2026-09-14 18:32:00
U059,77,2,,2,2026-06-05 13:04:00
U059,78,1,,1,2026-03-29 16:22:00
U059,79,1,,1,2026-05-29 16:38:00
U059,85,1,,1,2026-04-30 14:22:00
U059,87,1,,1,2026-03-06 14:10:00
U059,92,45,2.5,42,2026-09-21 20:14:00
U059,95,1,,1,2026-04-04 10:49:00
U059,96,1,,1,2026-08-02 17:34:00
U059,98,5,4.0,5,2026-08-19 09:11:00
U059,99,3,4.0,3,2026-09-03 14:17:00
U059,100,10,4.0,10,2026-09-18 08:34:00
U059,101,4,,4,2026-09-22 15:53:00
U059,102,6,4.0,6,2026-09-07 10:10:00
U060,3,1,3.0,1,2026-02-02 09:45:00
U060,7,1,,1,2026-04-18 16:21:00
U060,14,1,2.0,1,2026-01-02 16:59:00
U060,15,1,3.0,1,2026-02-10 15:28:00
U060,20,1,3.0,1,2026-05-18 20:33:00
U060,36,5,5.0,5,2026-06-19 13:26:00
U060,41,1,4.0,1,2026-02-02 09:45:00
U060,42,1,,1,2026-06-19 13:26:00
U060,46,1,3.0,1,2026-06-25 13:51:00
U060,50,1,,1,2026-03-21 19:12:00
U060,51,1,,1,2026-04-30 13:55:00
U060,54,1,,1,2025-12-28 11:23:00
U060,66,3,3.0,3,2026-05-30 17:28:00
U060,67,14,2.7,14,2026-09-01 13:23:00
U060,75,1,,1,2026-08-31 17:12:00
U060,77,5,4.0,5,2026-09-11 18:44:00
U060,78,3,3.33,3,2026-06-25 13:51:00
U060,79,1,,1,2026-05-28 17:29:00
U060,81,3,3.0,3,2026-03-23 14:15:00
U060,83,1,2.0,1,2026-02-10 15:28:00
U060,90,1,,1,2026-03-03 11:18:00
U060,91,1,2.0,1,2026-02-02 09:45:00
U060,93,2,2.0,2,2026-05-25 15:56:00
U060,95,1,4.0,1,2026-03-19 14:59:00
U060,96,2,4.0,2,2026-07-12 15:00:00
U060,98,2,4.0,2,2026-05-23 17:54:00
U060,99,1,,1,2026-04-30 13:55:00
U060,100,3,4.5,3,2026-02-02 09:45:00
U060,101,4,4.0,4,2026-09-11 18:44:00
U060,102,3,3.5,3,2026-05-30 17:28:00
U061,5,1,,1,2026-05-31 09:38:00
U061,20,1,,1,2025-11-16 21:41:00
U061,23,1,,1,2026-05-31 09:38:00
U061,25,1,,1,2026-05-15 11:50:00
U061,27,15,5.0,15,2026-09-19 19:09:00
U061,28,9,3.33,9,2026-04-29 13:30:00
U061,29,1,,1,2026-09-27 18:39:00
U061,31,1,,1,2026-07-01 11:03:00
U061,33,1,,1,2026-05-29 10:55:00
U061,34,2,,2,2025-12-22 13:50:00
U061,39,1,,1,2025-12-19 16:07:00
U061,40,1,3.0,1,2026-06-06 14:28:00
U061,41,2,,2,2026-01-14 08:38:00
U061,46,1,,1,2026-05-29 14:25:00
U061,70,1,3.0,1,2026-09-27 18:39:00
U061,73,1,,1,2026-06-24 13:57:00
U061,96,2,,2,2026-09-15 08:40:00
U061,97,3,2.0,3,2026-08-02 17:37:00
U061,99,1,,1,2026-08-02 17:37:00
U061,100,6,4.0,6,2026-05-31 09:38:00
U061,101,1,3.0,1,2026-09-19 19:09:00
U061,102,1,,1,2026-05-15 11:50:00
U062,4,1,,1,2025-10-12 15:23:00
U062,10,3,,3,2026-05-25 14:34:00
U062,12,1,,1,2026-04-02 09:00:00
U062,14,4,4.67,4,2026-07-07 08:49:00
U062,16,2,,2,2026-08-12 13:58:00
U062,17,5,4.0,5,2026-04-15 11:03:00
U062,18,7,4.33,7,2026-09-30 08:56:00
U062,19,3,5.0,3,2026-05-01 07:46:00
U062,20,2,,2,2026-07-07 08:49:00
U062,21,3,3.0,3,2026-07-08 14:35:00
U062,22,4,3.0,4,2026-04-15 11:03:00
U062,23,1,,1,2025-10-20 15:18:00
U062,29,1,,1,2026-03-11 11:45:00
U062,31,1,,1,2026-09-30 08:56:00
U062,37,1,,1,2026-03-20 11:02:00
U062,41,1,3.0,1,2026-05-25 14:34:00
U062,42,1,3.0,1,2026-06-18 09:19:00
U062,61,1,,1,2026-01-30 11:33:00
U062,68,1,4.0,1,2026-04-29 17:09:00
U062,69,1,,1,2025-11-28 08:09:00
U062,71,7,3.0,7,2026-09-30 08:56:00
U062,77,1,3.0,1,2026-06-23 15:27:00
U062,81,4,,4,2026-07-07 08:49:00
U062,89,1,,1,2026-09-11 19:52:00
U062,91,2,3.0,2,2026-02-23 16:25:00
U062,95,1,,1,2026-02-16 19:22:00
U062,98,2,4.0,2,2026-03-20 11:02:00
U062,100,4,5.0,4,2026-07-07 08:49:00
U062,101,10,3.83,10,2026-06-23 15:27:00
U062,102,1,,1,2026-06-29 15:01:00
U063,27,1,3.0,1,2026-09-12 14:02:00
U063,37,1,,1,2026-09-29 11:39:00
U063,39,4,,4,2026-09-08 19:30:00
U063,40,1,,1,2026-09-27 12:07:00
U063,41,3,4.0,3,2026-09-27 15:59:00
U063,42,1,5.0,1,2026-08-24 14:04:00
U063,48,2,4.0,2,2026-09-20 10:09:00
U063,49,1,4.0,1,2026-09-19 16:32:00
U063,63,1,,1,2026-09-27 12:07:00
U063,93,1,3.0,1,2026-08-24 13:15:00
U063,94,3,4.0,3,2026-09-12 14:02:00
U063,96,1,,1,2026-08-28 17:21:00
U063,100,1,4.0,1,2026-08-30 16:53:00
U063,101,1,4.0,1,2026-09-03 15:37:00
U063,102,2,3.0,2,2026-09-19 16:32:00
U064,1,10,4.2,10,2026-02-27 09:47:00
U064,2,1,,1,2026-03-05 15:20:00
U064,4,4,5.0,4,2025-12-22 15:44:00
U064,5,1,,1,2026-01-04 19:38:00
U064,6,8,4.25,8,2026-03-10 07:39:00
U064,7,1,,1,2026-01-15 09:15:00
U064,8,23,4.7,23,2026-03-20 12:57:00
U064,9,34,4.0,31,2026-03-10 14:26:00
U064,10,1,3.0,1,2025-11-17 12:45:00
U064,16,1,,1,2025-12-25 11:27:00
U064,44,1,3.0,1,2026-01-25 11:46:00
U064,48,4,3.5,4,2026-01-21 11:46:00
U064,72,1,3.0,1,2025-12-12 15:13:00
U064,83,1,3.0,1,2025-10-03 18:55:00
U064,94,1,3.0,1,2025-10-01 16:03:00
U064,96,3,3.0,3,2026-02-25 16:58:00
U064,98,2,,2,2026-02-18 14:00:00
U064,99,2,4.5,2,2025-12-13 20:59:00
U064,100,4,4.0,4,2026-03-10 14:26:00
U064,101,16,4.43,16,2026-03-10 07:39:00
U064,102,3,4.5,3,2026-01-15 11:07:00
U065,6,13,5.0,11,2026-09-27 09:57:00
U065,33,1,3.0,1,2026-09-30 11:25:00
U065,89,2,2.0,2,2026-08-12 09:51:00
U065,100,1,4.0,1,2026-07-02 20:23:00
U065,101,2,3.0,2,2026-09-27 09:57:00
U065,102,1,,1,2026-08-28 11:45:00
U066,5,5,3.0,5,2026-09-06 09:45:00
U066,8,1,,1,2026-01-22 17:49:00
U066,14,1,4.0,1,2026-08-24 13:38:00
U066,19,1,5.0,1,2026-01-04 11:02:00
U066,20,1,,1,2026-01-16 18:17:00
U066,21,1,,1,2025-10-17 09:20:00
U066,22,3,4.5,3,2026-08-24 13:38:00
U066,23,1,4.0,1,2026-08-08 09:15:00
U066,25,3,2.0,3,2026-08-10 15:11:00
U066,34,1,,1,2026-07-08 09:33:00
U066,37,2,,2,2026-01-08 17:36:00
U066,47,2,3.0,2,2026-07-11 13:37:00
U066,50,14,4.83,14,2026-08-21 15:15:00
U066,52,1,2.0,1,2025-10-15 09:55:00
U066,54,1,,1,2025-10-22 21:47:00
U066,57,1,1.0,1,2026-06-09 13:52:00
U066,70,2,,2,2025-11-14 15:37:00
U066,73,1,3.0,1,2026-01-03 10:21:00
U066,76,3,4.0,3,2026-07-03 15:50:00
U066,79,2,,2,2026-01-29 16:44:00
U066,83,3,,3,2026-06-06 11:41:00
U066,84,2,,2,2026-02-04 17:54:00
U066,85,3,3.0,3,2026-09-08 10:20:00
U066,86,1,,1,2026-04-23 15:08:00
U066,87,7,3.67,7,2026-09-13 11:53:00
U066,88,6,4.0,6,2026-08-21 10:01:00
U066,89,3,5.0,3,2026-04-23 15:08:00
U066,90,5,,5,2026-08-24 13:38:00
U066,97,1,,1,2026-04-09 08:38:00
U066,98,1,5.0,1,2025-12-17 14:47:00
U066,99,1,,1,2026-07-03 15:50:00
U066,100,3,,3,2026-03-14 21:25:00
U066,101,4,3.0,4,2026-09-06 09:45:00
U066,102,4,4.0,4,2026-07-11 13:37:00
U067,1,1,3.0,1,2026-08-30 10:53:00
U067,7,3,3.5,3,2026-07-11 19:35:00
U067,8,3,3.5,3,2026-04-11 16:57:00
U067,10,3,4.0,3,2026-09-04 16:46:00
U067,11,5,4.0,5,2026-08-08 14:40:00
U067,13,3,4.0,3,2026-09-28 16:17:00
U067,17,1,,1,2026-07-02 14:18:00
U067,19,1,2.0,1,2026-04-24 13:30:00
U067,20,1,,1,2026-04-23 15:37:00
U067,26,1,,1,2026-05-29 14:53:00
U067,28,1,,1,2026-07-08 14:40:00
U067,30,24,3.67,23,2026-09-16 10:08:00
U067,35,1,,1,2026-07-19 14:18:00
U067,36,1,3.0,1,2026-01-01 20:53:00
U067,38,1,,1,2026-07-08 14:34:00
U067,53,40,4.1,39,2026-09-24 20:30:00
U067,54,24,3.5,23,2026-09-01 20:14:00
U067,55,1,,1,2026-07-30 15:54:00
U067,56,1,3.0,1,2026-09-05 14:30:00
U067,57,2,4.0,2,2026-05-29 14:25:00
U067,58,1,,1,2026-06-27 17:22:00
U067,59,1,,1,2026-07-20 18:55:00
U067,60,2,5.0,2,2026-06-10 14:54:00
U067,61,2,,2,2026-08-07 13:17:00
U067,62,6,4.0,6,2026-08-30 10:53:00
U067,63,6,3.33,6,2026-08-10 11:19:00
U067,65,1,,1,2026-01-24 21:34:00
U067,66,4,4.0,4,2026-09-03 18:09:00
U067,67,1,4.0,1,2026-09-17 20:07:00
U067,68,7,3.8,7,2026-08-19 13:56:00
U067,71,15,4.0,15,2026-07-07 19:55:00
U067,72,1,,1,2026-05-21 15:59:00
U067,79,1,2.0,1,2026-01-31 16:02:00
U067,80,3,,3,2026-07-18 17:36:00
U067,83,1,,1,2025-12-14 21:58:00
U067,84,1,,1,2026-04-15 13:58:00
U067,85,1,3.0,1,2026-05-24 18:18:00
U067,96,1,,1,2026-01-10 19:20:00
U067,98,2,3.0,2,2026-04-06 15:01:00
U067,99,5,4.0,5,2026-06-04 13:45:00
U067,100,12,3.67,12,2026-09-24 20:30:00
U067,101,9,4.0,9,2026-09-28 16:17:00
U067,102,6,4.25,6,2026-09-28 16:17:00
U068,2,2,3.0,2,2026-09-16 15:03:00
U068,26,1,2.0,1,2026-06-28 20:19:00
U068,30,1,3.0,1,2026-05-06 18:27:00
U068,33,1,3.0,1,2026-06-02 13:46:00
U068,34,6,3.0,5,2026-09-17 07:57:00
U068,36,1,4.0,1,2026-05-04 18:53:00
U068,37,1,5.0,1,2026-07-31 11:53:00
U068,38,2,3.0,2,2026-06-09 12:18:00
U068,39,1,3.0,1,2026-07-20 08:35:00
U068,48,1,,1,2026-08-19 12:55:00
U068,54,4,5.0,4,2026-09-07 19:02:00
U068,62,1,4.0,1,2026-05-04 18:53:00
U068,63,2,,2,2026-07-19 14:38:00
U068,64,1,3.0,1,2026-06-07 16:25:00
U068,69,2,,2,2026-09-15 15:16:00
U068,70,3,4.5,3,2026-09-17 07:57:00
U068,72,1,,1,2026-09-28 09:29:00
U068,73,11,3.67,11,2026-09-29 11:05:00
U068,74,1,4.0,1,2026-07-29 15:58:00
U068,75,55,4.54,52,2026-09-18 14:57:00
U068,76,1,5.0,1,2026-06-03 11:50:00
U068,77,1,,1,2026-05-25 16:51:00
U068,78,7,5.0,7,2026-09-30 15:35:00
U068,80,1,4.0,1,2026-06-28 20:19:00
U068,81,1,3.0,1,2026-06-11 14:12:00
U068,82,2,,2,2026-06-21 11:24:00
U068,95,2,3.5,2,2026-07-14 14:05:00
U068,98,5,4.5,5,2026-08-19 18:41:00
U068,99,1,,1,2026-06-13 09:55:00
U068,100,8,4.4,8,2026-09-17 16:02:00
U068,101,7,4.0,7,2026-09-30 15:35:00
U068,102,3,4.0,3,2026-08-05 09:05:00
U069,9,1,,1,2026-09-30 18:50:00
U069,34,1,,1,2026-08-13 09:47:00
U069,37,8,,7,2026-09-30 18:50:00
U069,38,3,,3,2026-09-07 19:23:00
U069,40,2,,2,2026-07-29 11:07:00
U069,48,1,,1,2026-06-25 08:49:00
U069,49,1,,1,2026-07-09 09:40:00
U069,56,1,,1,2026-09-07 07:17:00
U069,86,1,,1,2026-08-30 14:24:00
U069,94,2,3.5,2,2026-06-22 15:43:00
U069,99,1,,1,2026-06-17 07:48:00
U069,100,2,,2,2026-08-30 14:24:00
U069,101,1,3.0,1,2026-07-09 09:40:00
U069,102,1,,1,2026-07-16 19:46:00
U070,2,1,,1,2025-11-17 21:11:00
U070,23,1,2.0,1,2026-01-12 16:03:00
U070,29,1,3.0,1,2026-03-18 21:23:00
U070,36,1,,1,2026-09-04 21:51:00
U070,44,1,3.0,1,2026-05-04 16:00:00
U070,54,2,4.0,2,2026-09-28 13:06:00
U070,63,1,,1,2025-11-25 15:41:00
U070,72,1,,1,2025-12-27 15:22:00
U070,74,12,3.33,12,2026-09-12 16:04:00
U070,76,5,5.0,5,2026-06-10 19:50:00
U070,78,25,4.1,23,2026-08-19 20:30:00
U070,82,1,,1,2026-08-20 09:31:00
U070,88,1,,1,2026-01-13 10:25:00
U070,95,7,4.0,7,2026-09-12 16:04:00
U070,98,2,,2,2026-05-04 16:00:00
U070,99,3,3.0,3,2026-04-22 21:22:00
U070,100,4,4.0,4,2026-04-22 21:22:00
U070,101,4,5.0,4,2026-04-03 20:54:00
U070,102,5,4.0,5,2026-09-04 21:51:00
U071,1,1,,1,2025-10-02 15:00:00
U071,3,1,3.0,1,2025-12-22 16:56:00
U071,5,1,,1,2026-08-29 17:18:00
U071,6,1,1.0,1,2026-04-09 09:40:00
U071,8,1,,1,2026-05-13 07:16:00
U071,13,1,,1,2026-09-21 08:30:00
U071,14,2,,2,2026-05-04 11:02:00
U071,15,1,,1,2025-11-12 15:59:00
U071,16,1,2.0,1,2026-05-13 07:16:00
U071,19,1,,1,2025-10-02 15:00:00
U071,21,1,,1,2026-03-13 12:59:00
U071,23,2,2.0,2,2026-04-06 09:14:00
U071,25,1,3.0,1,2026-07-01 08:06:00
U071,29,2,1.0,2,2026-06-09 11:02:00
U071,31,1,,1,2026-07-07 07:44:00
U071,34,2,,2,2026-07-06 09:25:00
U071,35,1,,1,2026-09-08 12:12:00
U071,39,1,1.0,1,2026-03-30 14:35:00
U071,40,1,2.0,1,2026-06-20 14:48:00
U071,41,3,,3,2026-03-11 07:19:00
U071,43,1,,1,2026-02-17 08:03:00
U071,45,5,3.0,5,2026-09-23 08:06:00
U071,46,2,,2,2026-09-08 12:12:00
U071,47,2,3.0,2,2026-09-22 09:50:00
U071,48,6,2.0,6,2026-08-19 07:41:00
U071,49,3,4.0,3,2026-05-02 11:35:00
U071,50,1,,1,2026-01-12 07:30:00
U071,52,1,,1,2025-11-24 09:21:00
U071,53,2,,2,2026-09-02 08:45:00
U071,59,2,2.0,2,2026-03-06 08:27:00
U071,63,16,2.0,16,2026-07-24 14:27:00
U071,64,1,,1,2026-05-05 15:59:00
U071,65,5,,5,2026-07-24 09:56:00
U071,66,2,,2,2026-05-26 11:09:00
U071,69,1,,1,2025-12-26 13:30:00
U071,70,4,3.0,4,2026-07-25 15:44:00
U071,73,3,,3,2026-01-05 13:10:00
U071,74,2,,2,2026-09-17 15:38:00
U071,76,15,3.25,15,2026-08-29 17:18:00
U071,77,2,,2,2025-11-14 14:07:00
U071,78,1,,1,2026-07-01 08:06:00
U071,79,1,,1,2026-04-02 12:56:00
U071,81,1,,1,2026-07-27 13:58:00
U071,82,1,,1,2026-08-05 13:44:00
U071,84,3,,3,2026-09-02 12:54:00
U071,85,141,3.97,131,2026-09-30 07:49:00
U071,86,3,,3,2026-01-21 08:12:00
U071,87,3,3.0,3,2026-06-02 14:47:00
U071,88,4,4.0,4,2026-04-08 16:25:00
U071,89,4,,4,2026-05-05 11:06:00
U071,90,51,4.0,51,2026-08-29 17:30:00
U071,95,6,3.0,6,2026-07-19 11:05:00
U071,97,4,2.0,4,2026-04-08 16:25:00
U071,98,10,3.33,10,2026-08-12 08:30:00
U071,99,9,4.0,9,2026-09-11 14:54:00
U071,100,17,3.0,17,2026-09-30 07:49:00
U071,101,18,3.67,18,2026-09-21 08:30:00
U071,102,13,3.6,13,2026-05-13 07:16:00
U072,1,1,,1,2026-07-03 15:44:00
U072,3,1,2.0,1,2026-02-04 14:33:00
U072,5,1,,1,2026-06-05 09:52:00
U072,7,9,3.25,9,2026-09-04 07:47:00
U072,8,107,3.48,103,2026-09-26 09:20:00
U072,9,7,3.0,7,2026-09-16 08:06:00
U072,10,4,,4,2026-09-03 07:42:00
U072,11,25,4.13,25,2026-09-27 10:40:00
U072,12,12,3.5,12,2026-09-14 08:17:00
U072,13,14,2.88,14,2026-09-26 09:20:00
U072,14,3,3.0,3,2026-09-14 14:09:00
U072,15,1,,1,2026-09-25 14:21:00
U072,20,1,,1,2026-07-18 09:18:00
U072,21,3,,3,2025-12-10 18:40:00
U072,23,1,2.0,1,2025-12-17 08:13:00
U072,28,1,,1,2025-12-25 07:25:00
U072,32,1,,1,2026-02-01 15:13:00
U072,33,1,2.0,1,2026-02-22 11:06:00
U072,34,1,,1,2026-03-03 07:00:00
U072,35,6,3.25,6,2026-09-15 07:57:00
U072,36,1,2.0,1,2026-02-13 08:00:00
U072,38,8,2.33,8,2026-08-23 15:23:00
U072,46,1,,1,2025-12-16 12:48:00
U072,50,2,2.0,2,2026-04-12 09:53:00
U072,53,1,3.0,1,2026-08-23 15:23:00
U072,54,4,3.5,4,2026-06-18 07:31:00
U072,55,2,3.0,2,2026-07-31 14:25:00
U072,56,2,3.0,2,2026-07-02 09:18:00
U072,57,2,,2,2026-06-05 09:52:00
U072,58,1,,1,2026-05-08 11:58:00
U072,59,2,4.0,2,2026-06-18 07:31:00
U072,60,3,3.33,3,2026-06-24 07:05:00
U072,61,4,4.33,4,2026-07-17 07:31:00
U072,62,3,,3,2025-11-16 18:00:00
U072,63,44,3.94,43,2026-09-28 07:34:00
U072,65,5,2.5,5,2026-04-29 16:30:00
U072,66,5,4.0,5,2026-07-16 08:06:00
U072,67,5,3.0,5,2026-09-10 12:21:00
U072,68,3,4.0,3,2026-06-05 07:50:00
U072,69,2,3.0,2,2026-08-13 14:49:00
U072,72,1,3.0,1,2026-04-20 13:59:00
U072,73,1,3.0,1,2026-03-27 16:44:00
U072,77,3,2.5,3,2026-06-15 13:53:00
U072,78,2,2.0,2,2026-06-16 14:15:00
U072,80,1,,1,2026-02-08 18:56:00
U072,81,1,,1,2025-12-02 18:50:00
U072,84,1,2.0,1,2026-05-15 08:30:00
U072,86,1,2.0,1,2026-02-01 15:13:00
U072,87,1,4.0,1,2025-11-07 07:57:00
U072,88,1,,1,2025-12-29 13:20:00
U072,90,2,2.0,2,2026-08-31 14:42:00
U072,91,2,2.0,2,2026-05-20 14:44:00
U072,92,1,2.0,1,2026-03-31 17:06:00
U072,98,5,4.0,5,2026-07-09 07:06:00
U072,99,4,4.0,4,2026-09-04 07:47:00
U072,100,18,3.62,18,2026-09-24 12:37:00
U072,101,46,3.32,46,2026-09-26 09:20:00
U072,102,8,3.5,8,2026-09-26 09:20:00
U073,34,1,,1,2026-02-25 09:49:00
U073,46,4,4.0,4,2026-04-13 08:50:00
U073,50,2,,2,2026-07-25 17:52:00
U073,51,2,,2,2026-07-07 09:23:00
U073,52,2,,2,2026-06-10 13:32:00
U073,54,1,,1,2026-09-27 14:12:00
U073,70,1,,1,2025-12-13 17:21:00
U073,75,1,,1,2026-04-06 07:36:00
U073,76,2,3.0,2,2026-05-29 15:15:00
U073,79,1,,1,2026-04-14 11:59:00
U073,83,3,,3,2026-03-18 07:39:00
U073,84,4,,4,2026-08-22 11:16:00
U073,85,1,,1,2025-12-20 16:33:00
U073,87,15,3.5,14,2026-09-01 13:17:00
U073,88,3,4.0,3,2026-09-18 14:57:00
U073,89,14,5.0,14,2026-09-15 16:34:00
U073,98,3,3.0,3,2026-06-02 13:45:00
U073,99,2,3.0,2,2026-08-22 11:16:00
U073,100,2,,2,2026-09-15 16:34:00
U073,101,3,,3,2026-01-23 17:41:00
U073,102,2,3.0,2,2026-04-21 15:50:00
U074,7,13,4.33,13,2026-09-06 16:13:00
U074,8,1,4.0,1,2026-07-18 11:23:00
U074,10,1,5.0,1,2026-04-27 14:35:00
U074,19,1,,1,2026-09-13 14:54:00
U074,30,1,5.0,1,2026-09-21 11:46:00
U074,63,4,5.0,4,2026-08-01 19:05:00
U074,68,1,4.0,1,2026-08-08 14:44:00
U074,69,2,,2,2026-07-01 19:36:00
U074,71,1,4.0,1,2026-04-23 14:48:00
U074,99,1,,1,2026-08-01 19:05:00
U074,100,1,4.0,1,2026-06-28 12:23:00
U074,101,3,5.0,3,2026-07-18 11:23:00
U075,2,1,,1,2026-05-18 19:51:00
U075,4,1,,1,2026-07-21 20:11:00
U075,13,1,,1,2026-06-14 11:16:00
U075,30,2,,2,2026-09-26 16:38:00
U075,36,12,,12,2026-09-26 16:38:00
U075,37,4,,4,2026-09-29 09:14:00
U075,38,1,,1,2026-07-21 20:11:00
U075,40,1,,1,2026-09-29 09:14:00
U075,41,3,,3,2026-09-07 20:28:00
U075,42,1,,1,2026-06-14 11:16:00
U075,44,1,5.0,1,2026-05-28 18:20:00
U075,46,4,4.0,4,2026-09-13 12:47:00
U075,48,13,5.0,13,2026-09-29 09:14:00
U075,49,1,,1,2026-09-07 19:13:00
U075,54,1,,1,2026-08-12 17:55:00
U075,56,1,,1,2026-07-11 10:23:00
U075,63,2,,2,2026-08-26 20:22:00
U075,68,6,4.0,6,2026-07-27 20:58:00
U075,91,1,3.0,1,2026-06-27 15:34:00
U075,94,1,,1,2026-09-19 18:11:00
U075,95,1,,1,2026-07-25 19:40:00
U075,96,9,,9,2026-09-29 13:30:00
U075,98,2,,2,2026-09-07 19:13:00
U075,99,2,,2,2026-07-18 12:47:00
U075,100,4,,4,2026-09-26 16:38:00
U075,101,4,4.0,4,2026-08-21 20:20:00
U075,102,5,,5,2026-07-25 19:40:00
U076,7,1,,1,2026-03-12 13:25:00
U076,10,1,3.0,1,2026-01-22 14:20:00
U076,34,1,3.0,1,2025-10-07 16:28:00
U076,49,1,,1,2026-05-11 11:40:00
U076,53,4,4.67,4,2026-06-09 14:16:00
U076,54,7,3.75,7,2026-05-14 08:23:00
U076,55,1,,1,2026-06-02 17:49:00
U076,61,1,,1,2025-10-13 13:55:00
U076,63,3,3.5,3,2026-05-29 14:02:00
U076,67,19,3.57,18,2026-07-03 08:57:00
U076,77,1,,1,2026-04-07 14:06:00
U076,79,1,,1,2026-03-21 09:35:00
U076,98,1,,1,2025-12-06 17:08:00
U076,100,3,,3,2025-12-26 14:40:00
U076,101,2,4.0,2,2026-07-03 08:57:00
U076,102,1,5.0,1,2026-05-11 11:40:00
U077,2,1,,1,2026-04-10 20:06:00
U077,26,10,3.83,10,2026-09-30 14:05:00
U077,27,2,4.0,2,2026-05-15 16:56:00
U077,28,1,4.0,1,2026-03-31 15:02:00
U077,29,1,,1,2026-07-04 18:10:00
U077,31,1,,1,2026-03-09 11:28:00
U077,33,2,3.5,2,2026-02-16 13:49:00
U077,34,11,3.67,11,2026-04-04 09:21:00
U077,64,15,3.25,13,2026-08-02 19:12:00
U077,65,1,3.0,1,2026-03-31 16:08:00
U077,71,5,3.0,5,2026-07-10 17:04:00
U077,78,1,,1,2026-07-16 11:50:00
U077,82,1,,1,2026-09-22 17:19:00
U077,89,2,3.0,2,2026-09-08 13:29:00
U077,93,2,,2,2026-08-30 13:25:00
U077,95,1,3.0,1,2026-02-12 21:21:00
U077,98,3,4.0,3,2026-05-15 16:56:00
U077,99,1,2.0,1,2026-04-13 09:19:00
U077,100,4,4.0,4,2026-04-07 21:21:00
U077,101,1,,1,2026-01-06 21:50:00
U077,102,1,4.0,1,2026-02-16 13:49:00
U078,1,1,,1,2026-07-04 19:22:00
U078,2,1,,1,2026-03-03 17:48:00
U078,3,2,,2,2026-05-27 14:21:00
U078,4,4,,3,2026-07-03 16:37:00
U078,18,2,,2,2026-08-18 11:01:00
U078,26,4,4.0,4,2026-09-03 17:58:00
U078,27,3,5.0,3,2026-05-29 19:55:00
U078,28,12,4.0,11,2026-05-29 19:55:00
U078,33,3,4.0,3,2026-08-09 10:45:00
U078,34,1,5.0,1,2026-08-12 09:18:00
U078,35,1,,1,2026-06-18 20:39:00
U078,51,15,2.67,15,2026-08-17 08:59:00
U078,54,2,4.0,2,2026-07-04 19:22:00
U078,58,1,,1,2026-02-05 08:54:00
U078,60,3,,3,2026-09-13 17:36:00
U078,73,1,,1,2025-11-03 11:08:00
U078,76,4,,4,2026-06-06 11:48:00
U078,82,1,,1,2025-12-25 13:17:00
U078,91,1,,1,2026-07-04 19:22:00
U078,98,2,,2,2026-08-18 11:01:00
U078,100,7,4.0,7,2026-09-13 17:36:00
U078,101,2,,2,2026-05-27 14:21:00
U078,102,3,,3,2026-03-03 17:48:00
U079,9,21,2.75,20,2026-08-31 08:30:00
U079,11,1,,1,2026-06-17 07:26:00
U079,16,1,,1,2025-12-13 16:15:00
U079,29,1,,1,2026-05-11 11:27:00
U079,39,1,,1,2026-08-04 11:46:00
U079,43,1,3.0,1,2026-02-25 07:20:00
U079,44,1,,1,2025-12-03 11:32:00
U079,47,2,2.0,2,2026-08-16 20:32:00
U079,50,1,,1,2025-12-13 16:15:00
U079,57,1,,1,2026-09-22 15:35:00
U079,70,2,3.0,2,2026-08-04 11:46:00
U079,74,4,,4,2026-06-17 07:26:00
U079,83,2,,2,2026-09-10 09:08:00
U079,85,12,4.6,12,2026-08-14 07:23:00
U079,86,2,,2,2026-09-22 15:35:00
U079,87,1,4.0,1,2026-08-14 07:23:00
U079,88,3,3.0,3,2026-07-21 16:32:00
U079,89,2,5.0,2,2025-11-27 14:24:00
U079,98,2,5.0,2,2026-07-01 08:45:00
U079,100,6,3.5,6,2026-05-11 11:27:00
U079,101,4,4.0,4,2026-07-23 09:27:00
U079,102,1,,1,2026-08-04 11:46:00
U080,1,3,4.0,3,2026-08-25 09:30:00
U080,2,11,3.5,11,2026-09-28 12:06:00
U080,5,45,5.0,42,2026-09-17 07:41:00
U080,6,1,4.0,1,2026-05-20 07:48:00
U080,7,6,3.0,6,2026-09-17 07:41:00
U080,9,2,2.0,2,2026-09-28 12:06:00
U080,10,1,,1,2026-08-22 20:54:00
U080,11,1,3.0,1,2026-09-17 11:46:00
U080,15,1,,1,2026-08-30 10:55:00
U080,22,1,,1,2026-04-16 07:52:00
U080,27,1,,1,2026-09-17 11:46:00
U080,31,1,,1,2026-06-05 15:31:00
U080,37,1,,1,2026-04-14 17:26:00
U080,39,2,4.0,2,2026-08-31 11:29:00
U080,45,1,3.0,1,2026-06-21 20:25:00
U080,62,1,,1,2026-07-16 12:26:00
U080,75,1,,1,2026-07-03 07:53:00
U080,82,1,,1,2026-09-26 10:34:00
U080,88,2,3.0,2,2026-08-31 11:29:00
U080,90,1,,1,2026-09-30 13:22:00
U080,98,2,,2,2026-09-30 13:22:00
U080,99,2,4.0,2,2026-08-21 07:32:00
U080,100,4,3.0,4,2026-09-17 11:46:00
U080,101,11,4.0,11,2026-09-14 07:32:00
U080,102,6,,6,2026-09-01 13:31:00
U081,10,2,3.0,2,2026-09-08 12:34:00
U081,13,20,4.0,20,2026-09-02 18:07:00
U081,14,4,4.0,4,2026-09-20 09:00:00
U081,15,5,3.0,5,2026-07-24 14:40:00
U081,18,1,,1,2026-03-21 18:54:00
U081,21,2,5.0,2,2026-08-18 08:16:00
U081,22,2,,2,2025-11-28 16:09:00
U081,23,9,3.0,9,2026-09-24 15:26:00
U081,24,1,4.0,1,2026-04-10 16:15:00
U081,25,1,,1,2026-03-25 13:55:00
U081,28,1,2.0,1,2026-06-25 08:58:00
U081,52,1,2.0,1,2026-06-25 08:58:00
U081,95,1,2.0,1,2026-04-14 09:11:00
U081,98,1,,1,2026-04-14 16:20:00
U081,100,5,4.0,5,2026-04-26 20:49:00
U081,101,13,3.5,13,2026-09-08 12:34:00
U082,6,1,,1,2026-02-24 10:22:00
U082,7,3,3.0,3,2026-09-06 11:38:00
U082,9,1,,1,2026-07-04 10:20:00
U082,14,1,,1,2026-06-22 17:28:00
U082,22,1,,1,2026-06-16 14:28:00
U082,26,2,,2,2026-01-29 13:30:00
U082,27,1,,1,2026-02-13 11:46:00
U082,35,1,,1,2026-08-10 09:02:00
U082,36,1,,1,2026-01-21 20:04:00
U082,39,1,,1,2026-06-30 15:36:00
U082,40,3,,3,2026-07-09 10:25:00
U082,41,2,,2,2026-06-11 18:01:00
U082,45,2,,2,2025-12-27 11:07:00
U082,46,1,,1,2026-02-22 10:26:00
U082,47,6,,5,2026-06-18 16:13:00
U082,48,1,,1,2026-09-03 15:40:00
U082,49,1,,1,2026-04-13 17:49:00
U082,50,1,3.0,1,2026-05-29 19:54:00
U082,51,1,4.0,1,2026-06-12 10:05:00
U082,53,1,,1,2026-04-28 21:57:00
U082,59,1,,1,2026-01-29 13:30:00
U082,74,21,,20,2026-09-17 14:05:00
U082,75,3,,3,2026-06-13 20:05:00
U082,76,4,3.0,4,2026-07-15 13:45:00
U082,79,6,4.0,6,2026-08-04 15:41:00
U082,83,1,,1,2026-08-25 09:51:00
U082,84,9,,8,2026-08-14 14:34:00
U082,85,5,,5,2026-09-15 17:36:00
U082,86,21,4.5,19,2026-08-25 09:51:00
U082,87,8,,8,2026-09-26 10:39:00
U082,88,36,3.5,35,2026-09-17 14:05:00
U082,89,2,,2,2026-07-15 11:18:00
U082,90,22,4.75,21,2026-08-10 13:39:00
U082,92,3,,3,2026-06-22 17:28:00
U082,98,3,,3,2026-08-22 15:18:00
U082,99,1,,1,2025-12-04 08:37:00
U082,100,8,,8,2026-06-18 16:13:00
U082,101,16,4.0,16,2026-09-09 14:39:00
U082,102,4,,4,2026-08-22 15:18:00
U083,1,6,3.0,6,2026-08-23 20:44:00
U083,2,11,4.5,11,2026-09-29 17:41:00
U083,3,15,2.33,15,2026-09-13 14:12:00
U083,4,21,4.67,21,2026-08-19 19:03:00
U083,5,20,4.75,20,2026-09-07 08:40:00
U083,6,10,4.0,10,2026-09-30 08:02:00
U083,7,10,5.0,10,2026-09-12 15:20:00
U083,8,37,4.08,36,2026-09-08 07:56:00
U083,9,2,4.0,2,2026-08-13 07:03:00
U083,11,2,,2,2026-08-28 14:42:00
U083,12,2,,2,2026-07-15 08:54:00
U083,13,4,3.0,4,2026-08-02 09:26:00
U083,15,1,,1,2026-07-10 15:19:00
U083,18,2,,2,2026-07-11 14:44:00
U083,19,2,3.0,2,2026-07-15 09:38:00
U083,20,2,3.0,2,2026-08-17 07:24:00
U083,22,1,,1,2026-09-18 16:09:00
U083,23,3,,3,2026-05-19 08:18:00
U083,26,3,3.0,3,2026-07-06 13:59:00
U083,27,54,3.04,54,2026-09-23 09:41:00
U083,30,2,,2,2026-09-29 16:49:00
U083,31,1,,1,2026-03-12 09:13:00
U083,32,3,2.5,3,2026-08-27 09:17:00
U083,35,1,,1,2026-08-23 20:44:00
U083,39,4,,4,2026-09-11 11:08:00
U083,43,6,3.0,6,2026-05-27 07:19:00
U083,44,1,3.0,1,2026-07-15 08:54:00
U083,45,3,3.0,3,2026-03-21 14:02:00
U083,46,2,2.0,2,2026-08-20 09:34:00
U083,47,1,,1,2026-03-09 08:29:00
U083,48,1,,1,2026-07-31 14:13:00
U083,50,1,,1,2026-01-26 16:05:00
U083,51,1,,1,2026-09-10 19:24:00
U083,52,4,2.5,4,2026-06-23 16:15:00
U083,56,5,2.67,5,2026-07-13 13:22:00
U083,57,4,2.0,4,2026-08-18 18:57:00
U083,58,1,3.0,1,2026-05-07 14:02:00
U083,61,1,,1,2026-02-02 17:41:00
U083,65,1,4.0,1,2026-06-11 08:35:00
U083,66,2,,2,2025-12-27 17:35:00
U083,67,8,3.0,8,2026-07-30 14:18:00
U083,69,7,2.5,7,2026-08-23 20:44:00
U083,70,1,,1,2026-06-08 12:26:00
U083,72,1,2.0,1,2025-12-13 15:27:00
U083,74,1,,1,2025-11-28 09:01:00
U083,75,5,,5,2026-06-06 14:21:00
U083,76,2,2.5,2,2026-07-31 08:59:00
U083,78,4,4.0,4,2026-06-13 17:38:00
U083,79,3,4.0,3,2026-03-05 08:04:00
U083,82,1,3.0,1,2026-06-23 16:15:00
U083,86,1,3.0,1,2026-01-01 15:47:00
U083,87,1,,1,2025-12-28 15:24:00
U083,89,3,,3,2026-05-16 17:10:00
U083,90,2,2.0,2,2026-08-28 14:42:00
U083,91,1,2.0,1,2026-04-10 14:04:00
U083,92,1,,1,2026-05-21 19:35:00
U083,93,1,,1,2026-07-04 11:15:00
U083,95,3,,3,2026-07-06 13:59:00
U083,96,1,,1,2026-08-13 13:01:00
U083,97,3,,3,2026-07-30 14:18:00
U083,98,6,4.0,6,2026-09-29 16:49:00
U083,99,3,4.0,3,2026-07-31 08:59:00
U083,100,30,3.85,30,2026-09-29 17:41:00
U083,101,40,3.83,40,2026-09-23 09:41:00
U083,102,5,,5,2026-05-16 17:10:00
U084,7,2,,2,2026-07-23 11:04:00
U084,8,1,,1,2026-02-10 19:13:00
U084,9,8,4.0,8,2026-07-20 15:02:00
U084,10,1,,1,2026-05-09 18:39:00
U084,11,5,3.5,5,2026-07-05 14:17:00
U084,12,2,,2,2026-07-20 11:04:00
U084,14,1,,1,2026-07-20 11:04:00
U084,23,2,3.5,2,2026-07-19 09:37:00
U084,26,1,,1,2026-07-06 10:12:00
U084,30,3,4.0,3,2026-05-16 17:54:00
U084,39,1,,1,2026-07-02 15:34:00
U084,40,4,,3,2026-09-03 13:19:00
U084,46,1,4.0,1,2026-05-02 17:35:00
U084,54,1,4.0,1,2026-09-10 08:53:00
U084,55,2,,2,2026-09-03 13:19:00
U084,56,1,4.0,1,2026-02-27 16:47:00
U084,61,1,,1,2025-10-08 15:36:00
U084,63,3,4.0,3,2026-09-01 17:00:00
U084,75,1,3.0,1,2026-04-24 19:54:00
U084,80,1,,1,2026-07-18 10:02:00
U084,88,1,,1,2026-07-05 14:17:00
U084,90,3,4.0,3,2026-09-26 14:40:00
U084,91,1,,1,2026-07-17 13:50:00
U084,92,4,4.0,4,2026-06-05 16:28:00
U084,93,1,5.0,1,2026-09-16 11:29:00
U084,96,15,3.67,15,2026-09-26 18:23:00
U084,97,1,,1,2026-05-09 21:12:00
U084,99,1,3.0,1,2026-09-03 13:19:00
U084,100,2,,2,2026-07-19 09:37:00
U084,101,5,4.0,5,2026-07-23 11:04:00
U084,102,3,4.0,3,2026-09-03 13:19:00
U085,1,3,,3,2026-06-22 09:56:00
U085,2,2,,2,2026-07-25 06:17:00
U085,4,10,5.0,10,2026-09-12 08:01:00
U085,5,10,,9,2026-08-01 09:51:00
U085,6,10,4.0,9,2026-08-11 09:49:00
U085,7,68,4.75,66,2026-09-29 09:56:00
U085,8,1,,1,2026-04-13 09:51:00
U085,9,4,4.0,4,2026-04-22 17:11:00
U085,10,3,,3,2026-06-11 06:10:00
U085,11,8,,8,2026-08-24 07:19:00
U085,15,1,,1,2026-04-13 09:51:00
U085,19,1,,1,2025-12-23 07:49:00
U085,21,1,,1,2026-08-22 15:47:00
U085,22,1,,1,2026-05-23 08:56:00
U085,25,1,,1,2026-03-27 09:41:00
U085,30,3,3.0,3,2026-06-20 07:32:00
U085,32,1,,1,2026-04-18 08:56:00
U085,41,2,,2,2026-06-20 07:32:00
U085,42,7,3.0,7,2026-08-09 15:18:00
U085,45,15,,15,2026-09-08 17:09:00
U085,52,3,4.0,3,2026-06-19 09:17:00
U085,58,1,,1,2026-01-13 08:20:00
U085,61,2,3.0,2,2026-06-04 17:51:00
U085,65,1,,1,2026-04-22 17:11:00
U085,69,1,,1,2025-11-14 13:57:00
U085,72,1,,1,2025-12-25 16:26:00
U085,74,1,,1,2026-06-17 09:13:00
U085,78,1,,1,2026-06-09 15:58:00
U085,81,2,3.0,2,2026-06-05 17:14:00
U085,82,1,,1,2026-05-08 06:54:00
U085,86,1,,1,2026-08-26 09:05:00
U085,91,2,,2,2026-05-17 15:08:00
U085,93,1,,1,2026-01-13 08:20:00
U085,98,3,,3,2026-04-13 09:51:00
U085,99,4,,4,2026-03-19 15:56:00
U085,100,5,,5,2026-04-13 09:51:00
U085,101,18,4.0,18,2026-09-12 08:01:00
U085,102,7,,7,2026-06-20 09:34:00
U086,1,1,2.0,1,2025-10-29 08:43:00
U086,2,1,,1,2026-06-08 16:17:00
U086,4,2,2.0,2,2026-06-12 06:06:00
U086,7,1,,1,2026-07-11 15:53:00
U086,8,1,2.0,1,2026-02-21 08:21:00
U086,10,2,,2,2026-08-28 09:14:00
U086,11,9,2.0,9,2026-09-06 08:59:00
U086,12,7,3.0,7,2026-08-02 08:55:00
U086,13,6,2.0,6,2026-09-25 07:40:00
U086,14,3,2.0,3,2026-09-11 15:33:00
U086,15,5,3.0,5,2026-08-29 13:14:00
U086,16,2,3.0,2,2026-09-28 16:17:00
U086,17,4,3.33,4,2026-05-03 09:16:00
U086,18,2,3.0,2,2026-06-27 07:18:00
U086,19,9,4.25,9,2026-09-14 07:01:00
U086,20,4,2.0,4,2026-08-18 09:37:00
U086,21,1,,1,2026-01-11 08:45:00
U086,22,148,3.66,136,2026-09-29 11:19:00
U086,23,2,,2,2026-01-24 06:36:00
U086,25,2,3.0,2,2026-07-18 15:04:00
U086,27,5,1.67,5,2026-09-01 06:25:00
U086,28,1,,1,2026-06-08 16:17:00
U086,32,2,,2,2026-04-17 06:04:00
U086,33,1,2.0,1,2026-01-31 08:20:00
U086,34,1,,1,2026-04-19 15:46:00
U086,35,1,,1,2026-05-21 07:32:00
U086,36,1,2.0,1,2025-12-27 08:02:00
U086,37,1,,1,2026-06-05 15:30:00
U086,38,4,1.0,4,2026-07-13 16:06:00
U086,39,1,2.0,1,2026-06-14 06:28:00
U086,41,1,,1,2026-06-04 15:28:00
U086,43,1,,1,2026-08-28 09:14:00
U086,49,1,2.0,1,2025-11-29 17:44:00
U086,51,1,,1,2026-07-13 16:06:00
U086,53,1,3.0,1,2026-09-11 15:33:00
U086,54,1,,1,2026-03-09 08:55:00
U086,55,1,,1,2026-09-02 16:45:00
U086,57,5,2.0,5,2026-09-29 11:19:00
U086,58,2,,2,2026-06-29 15:28:00
U086,59,1,,1,2026-02-06 16:17:00
U086,61,8,2.5,8,2026-03-02 09:02:00
U086,62,9,2.5,9,2026-02-27 17:27:00
U086,66,2,3.0,2,2026-04-05 09:51:00
U086,68,1,,1,2026-09-30 17:23:00
U086,69,2,2.0,2,2026-07-26 07:26:00
U086,72,5,2.0,5,2026-07-31 08:37:00
U086,74,1,1.0,1,2026-09-26 08:58:00
U086,78,1,,1,2026-07-29 06:53:00
U086,80,1,,1,2026-05-23 09:46:00
U086,84,1,2.0,1,2026-09-11 15:33:00
U086,89,2,2.0,2,2026-08-14 17:30:00
U086,92,1,,1,2025-10-13 15:51:00
U086,98,6,3.0,6,2026-08-29 13:14:00
U086,99,4,2.0,4,2026-09-06 08:59:00
U086,100,23,2.8,23,2026-09-20 15:15:00
U086,101,44,2.93,44,2026-09-14 07:01:00
U086,102,11,2.5,11,2026-09-08 07:16:00
U087,24,1,3.0,1,2026-09-13 14:11:00
U087,46,1,,1,2026-09-30 20:27:00
U087,50,2,,2,2026-09-17 19:48:00
U087,53,2,3.5,2,2026-09-27 14:43:00
U087,58,4,5.0,4,2026-09-15 10:20:00
U087,60,2,5.0,2,2026-09-29 13:17:00
U087,67,9,4.67,9,2026-09-30 20:27:00
U087,69,1,,1,2026-09-08 13:04:00
U087,94,1,2.0,1,2026-09-22 20:31:00
U087,100,4,4.0,4,2026-09-27 14:43:00
U087,101,2,4.0,2,2026-09-08 13:04:00
U087,102,1,4.0,1,2026-08-19 20:45:00
U088,2,1,,1,2026-09-10 07:57:00
U088,12,3,4.0,3,2026-08-18 11:43:00
U088,19,22,4.14,22,2026-09-28 07:54:00
U088,27,1,5.0,1,2026-08-21 15:26:00
U088,28,1,,1,2026-06-13 07:00:00
U088,30,1,,1,2026-08-08 08:49:00
U088,31,4,3.0,4,2026-09-15 08:15:00
U088,34,2,,1,2026-09-04 07:12:00
U088,36,1,,1,2026-06-13 07:00:00
U088,39,3,,3,2026-06-24 15:40:00
U088,42,1,,1,2026-02-15 08:16:00
U088,45,1,3.0,1,2026-09-15 08:15:00
U088,61,1,4.0,1,2026-06-22 06:30:00
U088,87,1,,1,2026-06-22 06:30:00
U088,98,1,4.0,1,2026-06-17 06:24:00
U088,99,1,,1,2026-08-18 11:43:00
U088,100,3,4.0,3,2026-09-28 07:54:00
U088,101,5,3.0,5,2026-08-08 08:49:00
U089,5,5,4.0,5,2026-08-24 08:39:00
U089,6,2,,2,2026-07-17 08:17:00
U089,10,4,3.0,4,2026-08-17 15:23:00
U089,11,10,3.5,10,2026-09-25 14:49:00
U089,12,3,4.0,3,2026-01-15 09:02:00
U089,14,2,,2,2026-04-14 15:55:00
U089,15,5,4.0,5,2026-01-25 10:03:00
U089,16,9,3.8,9,2026-09-15 08:56:00
U089,18,3,4.0,3,2026-05-09 09:27:00
U089,19,10,4.71,10,2026-09-04 13:32:00
U089,21,3,4.0,3,2026-07-11 14:53:00
U089,22,2,5.0,2,2026-07-15 08:34:00
U089,23,4,3.0,4,2026-09-19 15:33:00
U089,24,3,3.0,3,2026-07-17 07:12:00
U089,25,4,3.5,4,2026-08-22 14:36:00
U089,30,1,,1,2026-02-26 16:55:00
U089,31,1,1.0,1,2026-06-28 09:00:00
U089,35,1,,1,2026-05-07 15:05:00
U089,39,1,3.0,1,2025-10-08 08:15:00
U089,43,8,3.0,8,2026-09-25 14:49:00
U089,46,1,,1,2026-07-22 16:59:00
U089,54,2,3.0,2,2026-07-13 12:11:00
U089,56,1,,1,2025-12-04 17:34:00
U089,57,1,,1,2026-08-27 14:42:00
U089,58,4,3.0,4,2026-07-03 14:27:00
U089,61,1,3.0,1,2025-12-29 19:25:00
U089,68,3,,3,2026-09-26 16:09:00
U089,71,1,,1,2026-07-24 14:46:00
U089,73,1,4.0,1,2026-08-01 20:48:00
U089,76,1,3.0,1,2026-04-01 16:52:00
U089,77,1,,1,2026-08-23 19:18:00
U089,80,1,,1,2026-07-14 17:17:00
U089,82,50,2.88,50,2026-09-28 09:22:00
U089,84,3,2.0,3,2026-06-15 13:18:00
U089,87,1,3.0,1,2025-11-17 18:24:00
U089,88,1,2.0,1,2026-03-03 11:26:00
U089,91,1,,1,2026-01-15 09:02:00
U089,96,2,3.0,2,2026-01-23 08:20:00
U089,98,5,4.0,5,2026-07-22 16:59:00
U089,99,2,5.0,2,2026-07-14 17:17:00
U089,100,9,3.25,9,2026-08-27 14:42:00
U089,101,15,4.29,15,2026-09-04 13:32:00
U089,102,4,4.0,4,2026-06-23 17:39:00
U090,5,2,,2,2026-08-09 09:48:00
U090,13,1,,1,2026-06-20 16:52:00
U090,15,2,,2,2026-08-09 09:48:00
U090,18,1,,1,2026-03-28 11:35:00
U090,19,1,,1,2025-11-03 07:31:00
U090,22,1,,1,2026-05-10 20:06:00
U090,23,1,3.0,1,2026-06-05 12:29:00
U090,27,1,2.0,1,2026-03-12 07:53:00
U090,28,22,2.83,20,2026-09-29 18:23:00
U090,30,6,3.0,6,2026-07-28 08:23:00
U090,61,1,,1,2026-06-08 13:07:00
U090,73,1,,1,2025-11-03 07:31:00
U090,75,6,2.0,6,2026-07-24 19:32:00
U090,79,1,3.0,1,2026-03-28 14:46:00
U090,80,1,,1,2026-01-20 14:48:00
U090,83,1,,1,2025-11-03 07:31:00
U090,84,1,,1,2026-02-23 09:46:00
U090,85,1,,1,2026-06-05 12:29:00
U090,98,2,,2,2026-02-27 07:17:00
U090,99,1,,1,2026-05-22 09:17:00
U090,100,3,5.0,3,2026-07-28 09:25:00
U090,101,5,2.5,5,2026-08-09 09:48:00
U091,2,1,,1,2026-05-14 21:39:00
U091,5,1,2.0,1,2025-12-15 14:54:00
U091,6,3,2.5,3,2026-06-26 13:24:00
U091,8,1,,1,2025-11-11 21:52:00
U091,13,1,3.0,1,2026-02-15 15:57:00
U091,15,1,,1,2026-02-07 14:35:00
U091,27,1,,1,2026-09-13 18:50:00
U091,29,1,3.0,1,2026-07-22 13:21:00
U091,32,1,,1,2025-11-03 18:59:00
U091,33,1,,1,2026-07-27 15:26:00
U091,37,12,3.5,11,2026-08-12 18:36:00
U091,41,1,4.0,1,2026-07-27 19:23:00
U091,54,1,,1,2025-12-27 14:41:00
U091,58,1,,1,2025-10-07 21:26:00
U091,67,1,,1,2026-02-09 10:10:00
U091,69,2,3.0,2,2026-04-02 16:00:00
U091,71,1,4.0,1,2026-09-13 18:50:00
U091,73,2,,2,2026-09-21 21:46:00
U091,74,32,4.0,30,2026-09-22 10:15:00
U091,75,8,3.5,7,2026-08-29 14:16:00
U091,76,49,4.67,47,2026-09-09 14:12:00
U091,77,18,4.8,18,2026-09-29 20:11:00
U091,78,10,2.0,9,2026-08-16 17:08:00
U091,79,1,,1,2026-04-20 18:24:00
U091,80,1,,1,2026-01-23 13:59:00
U091,81,6,4.0,6,2026-09-04 13:31:00
U091,82,2,4.5,2,2026-08-23 14:57:00
U091,91,1,3.0,1,2026-09-19 20:29:00
U091,98,5,,5,2026-09-04 13:31:00
U091,99,4,4.0,4,2026-04-20 18:24:00
U091,100,5,3.5,5,2026-08-08 10:08:00
U091,101,5,4.0,5,2026-07-23 15:43:00
U091,102,6,4.5,6,2026-08-12 18:36:00
U092,5,1,3.0,1,2026-09-11 14:46:00
U092,12,1,,1,2026-08-27 13:50:00
U092,37,5,,5,2026-05-22 07:51:00
U092,39,2,,2,2026-07-19 10:33:00
U092,46,2,,2,2026-02-12 13:26:00
U092,47,1,,1,2026-08-27 13:50:00
U092,49,1,4.0,1,2026-07-10 15:00:00
U092,61,1,,1,2026-01-08 16:06:00
U092,67,1,,1,2026-02-12 13:26:00
U092,92,12,3.0,12,2026-09-24 09:51:00
U092,93,2,,2,2026-02-24 16:24:00
U092,97,8,3.5,8,2026-09-11 14:46:00
U092,98,3,3.0,3,2026-07-10 15:00:00
U092,100,1,4.0,1,2025-11-28 14:31:00
U092,101,1,,1,2026-02-12 13:26:00
U092,102,2,,2,2026-07-10 15:00:00
U093,5,1,4.0,1,2026-07-26 15:26:00
U093,10,1,3.0,1,2026-04-25 11:12:00
U093,11,1,,1,2026-02-23 17:58:00
U093,14,1,,1,2026-06-25 11:37:00
U093,15,1,4.0,1,2026-01-17 09:24:00
U093,16,1,,1,2025-11-12 17:44:00
U093,19,2,3.0,2,2026-05-18 16:29:00
U093,22,1,,1,2026-05-03 09:23:00
U093,26,2,3.0,2,2026-06-04 17:06:00
U093,27,1,3.0,1,2026-09-21 09:28:00
U093,31,1,,1,2026-06-15 09:55:00
U093,33,4,,4,2026-08-10 13:22:00
U093,36,2,4.0,2,2026-02-10 08:49:00
U093,37,1,3.0,1,2026-03-15 16:45:00
U093,43,1,3.0,1,2026-02-14 09:07:00
U093,44,1,,1,2025-11-12 14:03:00
U093,45,57,4.0,54,2026-09-26 11:39:00
U093,46,1,,1,2026-08-10 13:22:00
U093,47,20,4.5,19,2026-08-17 08:49:00
U093,50,3,3.0,3,2026-01-31 20:12:00
U093,51,1,4.0,1,2026-09-25 15:34:00
U093,52,13,4.8,13,2026-09-13 15:47:00
U093,53,1,3.0,1,2026-06-02 21:08:00
U093,61,1,,1,2026-06-27 09:44:00
U093,64,1,,1,2025-12-02 15:28:00
U093,65,2,,2,2026-07-29 11:46:00
U093,66,3,,3,2026-07-05 11:29:00
U093,70,4,3.0,4,2026-06-04 17:06:00
U093,72,1,,1,2026-06-02 21:08:00
U093,74,2,4.0,2,2026-09-21 09:28:00
U093,75,3,,3,2026-09-24 20:34:00
U093,78,1,,1,2026-07-24 19:31:00
U093,83,5,5.0,5,2026-08-31 20:15:00
U093,84,1,,1,2026-06-25 11:37:00
U093,85,11,4.0,11,2026-09-28 13:26:00
U093,86,5,3.0,5,2026-04-01 16:35:00
U093,87,7,5.0,7,2026-09-24 20:34:00
U093,88,2,,2,2026-05-16 16:43:00
U093,89,3,4.0,3,2026-09-28 13:26:00
U093,90,2,2.5,2,2026-08-25 13:42:00
U093,93,1,,1,2026-03-11 16:20:00
U093,98,3,5.0,3,2026-07-01 21:09:00
U093,99,1,,1,2026-03-21 13:35:00
U093,100,7,3.75,7,2026-07-12 16:58:00
U093,101,7,5.0,7,2026-08-17 08:49:00
U093,102,12,4.67,12,2026-09-24 20:34:00
U094,1,6,3.0,6,2026-06-04 12:16:00
U094,2,3,,3,2026-05-21 09:32:00
U094,4,15,4.5,15,2026-09-10 07:41:00
U094,5,3,,3,2026-08-14 15:49:00
U094,6,25,3.17,25,2026-09-21 07:22:00
U094,7,4,2.0,4,2026-09-30 17:11:00
U094,8,4,3.0,4,2026-08-31 09:52:00
U094,9,7,2.5,7,2026-08-26 07:04:00
U094,10,2,,2,2026-08-21 13:17:00
U094,22,1,3.0,1,2025-12-16 08:58:00
U094,28,13,2.0,13,2026-08-31 09:52:00
U094,33,1,2.0,1,2026-09-14 16:10:00
U094,34,2,,2,2026-06-04 12:16:00
U094,35,2,,1,2025-11-12 14:53:00
U094,36,2,,2,2026-06-04 11:04:00
U094,39,2,,2,2026-05-28 16:23:00
U094,45,1,,1,2025-11-15 17:54:00
U094,47,1,,1,2025-10-17 19:16:00
U094,57,1,,1,2026-02-28 15:31:00
U094,61,1,,1,2026-06-24 08:31:00
U094,62,1,,1,2026-04-04 09:40:00
U094,67,4,3.0,4,2026-09-22 07:07:00
U094,70,3,3.0,3,2026-01-07 16:20:00
U094,71,6,2.0,6,2026-06-20 17:45:00
U094,73,58,2.29,57,2026-09-29 18:03:00
U094,74,1,,1,2025-11-15 17:54:00
U094,75,2,,2,2026-05-15 15:49:00
U094,77,1,,1,2026-01-07 16:20:00
U094,78,1,,1,2025-12-27 17:09:00
U094,80,1,,1,2025-10-09 16:48:00
U094,85,1,,1,2026-05-05 12:26:00
U094,90,1,,1,2026-03-10 13:59:00
U094,95,4,2.5,4,2026-08-10 13:18:00
U094,98,6,,6,2026-08-24 08:07:00
U094,100,10,3.0,10,2026-06-04 12:16:00
U094,101,23,3.25,23,2026-09-30 17:11:00
U094,102,5,,5,2026-07-21 09:45:00
U095,2,1,,1,2026-02-21 10:41:00
U095,3,1,,1,2026-02-20 09:03:00
U095,5,3,3.0,3,2026-07-20 15:02:00
U095,6,2,3.0,2,2026-08-13 14:05:00
U095,7,2,,2,2026-07-09 15:11:00
U095,10,2,,2,2026-02-01 17:28:00
U095,12,1,,1,2026-02-23 15:06:00
U095,17,2,,2,2026-09-12 15:39:00
U095,19,2,2.0,2,2026-07-18 12:10:00
U095,21,2,,2,2026-08-18 13:13:00
U095,22,2,,2,2026-06-09 20:36:00
U095,23,1,,1,2025-11-20 21:40:00
U095,24,1,5.0,1,2026-09-13 17:41:00
U095,26,5,4.0,5,2026-08-24 21:47:00
U095,27,6,4.0,6,2026-07-02 14:17:00
U095,28,8,2.67,8,2026-09-10 17:07:00
U095,29,1,,1,2026-03-14 16:53:00
U095,30,1,,1,2026-02-20 09:03:00
U095,31,3,,3,2026-08-24 21:47:00
U095,32,1,,1,2026-09-24 09:34:00
U095,33,2,,2,2026-03-25 16:53:00
U095,34,8,3.0,8,2026-08-30 20:34:00
U095,35,4,,4,2026-09-27 15:25:00
U095,36,1,,1,2026-01-22 10:38:00
U095,37,2,4.0,2,2026-09-12 15:39:00
U095,40,2,,2,2026-08-21 15:59:00
U095,41,3,,3,2026-06-19 17:02:00
U095,42,2,3.0,2,2026-07-11 14:45:00
U095,43,1,,1,2026-09-03 20:32:00
U095,44,2,3.0,2,2026-02-23 15:06:00
U095,46,4,3.0,4,2026-03-12 18:57:00
U095,47,1,4.0,1,2025-12-14 16:07:00
U095,48,4,,4,2026-09-25 19:44:00
U095,49,3,4.0,3,2026-03-05 15:30:00
U095,50,1,,1,2026-06-17 20:24:00
U095,52,1,,1,2026-07-24 21:48:00
U095,54,14,3.5,14,2026-09-19 18:53:00
U095,55,1,3.0,1,2026-06-17 20:24:00
U095,57,4,,4,2026-09-06 15:03:00
U095,58,55,3.91,53,2026-09-27 15:25:00
U095,59,6,3.5,6,2026-05-04 17:18:00
U095,61,23,3.17,23,2026-09-24 19:54:00
U095,62,3,3.0,3,2026-06-05 21:38:00
U095,64,2,3.0,2,2026-07-24 21:48:00
U095,65,20,3.75,20,2026-09-28 17:26:00
U095,66,10,3.67,10,2026-09-25 19:44:00
U095,67,2,,2,2026-09-02 21:13:00
U095,69,1,4.0,1,2026-03-06 16:23:00
U095,70,1,3.0,1,2026-02-05 18:10:00
U095,71,2,,2,2026-07-10 14:28:00
U095,72,3,3.0,3,2026-08-29 21:02:00
U095,74,16,4.0,16,2026-09-08 16:51:00
U095,75,7,3.0,7,2026-09-28 14:29:00
U095,76,7,3.5,7,2026-08-14 09:32:00
U095,77,4,2.0,4,2026-08-11 17:37:00
U095,78,8,5.0,8,2026-08-17 10:32:00
U095,79,3,4.0,3,2026-08-30 20:34:00
U095,80,6,3.33,6,2026-09-24 09:34:00
U095,82,4,3.0,4,2026-09-25 19:44:00
U095,83,1,,1,2026-01-15 20:54:00
U095,84,3,4.0,3,2026-03-21 10:36:00
U095,85,2,,2,2026-08-21 15:59:00
U095,86,2,,2,2026-06-19 17:02:00
U095,88,4,2.67,4,2026-05-08 15:39:00
U095,89,3,,3,2026-08-14 18:59:00
U095,90,1,,1,2026-09-24 09:34:00
U095,91,5,4.0,4,2026-08-16 18:00:00
U095,92,3,,3,2026-08-29 18:25:00
U095,93,2,4.0,2,2026-07-20 15:02:00
U095,94,1,4.0,1,2026-05-17 21:01:00
U095,95,1,3.0,1,2026-08-23 20:03:00
U095,97,4,3.0,4,2026-05-27 20:46:00
U095,98,7,3.25,7,2026-09-13 17:41:00
U095,99,8,4.0,8,2026-09-17 18:27:00
U095,100,18,3.57,18,2026-09-19 18:53:00
U095,101,15,3.33,15,2026-08-30 20:34:00
U095,102,9,3.75,9,2026-08-21 15:59:00
U096,6,2,4.0,2,2026-05-04 12:42:00
U096,7,1,,1,2026-05-20 15:43:00
U096,44,1,,1,2026-05-20 08:37:00
U096,72,4,,4,2026-05-25 09:01:00
U096,101,1,5.0,1,2026-05-21 12:39:00
U097,25,1,,1,2026-04-06 09:46:00
U097,72,1,,1,2026-03-30 19:38:00
U097,74,4,3.0,4,2026-03-07 10:44:00
U097,75,1,4.0,1,2026-05-09 21:58:00
U097,76,3,5.0,3,2026-09-25 13:53:00
U097,77,19,3.5,18,2026-09-21 16:22:00
U097,82,9,4.0,9,2026-09-25 13:53:00
U097,95,2,,2,2026-04-06 09:46:00
U097,98,3,4.0,3,2026-03-07 10:44:00
U097,99,1,,1,2026-08-24 18:39:00
U097,100,2,4.0,2,2026-04-12 21:00:00
U097,101,4,3.0,4,2026-05-09 21:58:00
U097,102,1,,1,2026-03-07 10:44:00
U098,1,1,,1,2026-06-20 16:41:00
U098,2,3,2.0,3,2026-08-01 09:10:00
U098,4,1,,1,2026-07-04 16:50:00
U098,5,2,2.0,2,2026-02-23 06:37:00
U098,6,6,2.75,6,2026-09-23 08:11:00
U098,7,8,4.0,7,2026-09-23 08:11:00
U098,8,4,2.0,4,2026-08-08 06:25:00
U098,9,1,3.0,1,2026-08-16 16:46:00
U098,10,1,,1,2026-07-08 06:28:00
U098,22,1,3.0,1,2026-02-15 16:58:00
U098,26,1,,1,2026-01-12 11:06:00
U098,30,1,,1,2026-02-01 09:20:00
U098,36,1,,1,2026-05-19 16:25:00
U098,40,1,,1,2026-09-21 16:16:00
U098,41,1,,1,2026-06-18 13:59:00
U098,44,1,,1,2026-08-26 15:50:00
U098,50,2,,2,2026-01-12 11:06:00
U098,54,70,2.45,70,2026-09-19 06:11:00
U098,58,1,2.0,1,2026-09-11 07:01:00
U098,62,2,2.0,2,2026-07-19 14:37:00
U098,67,1,,1,2026-08-01 09:10:00
U098,72,1,,1,2026-01-01 12:38:00
U098,74,4,2.0,4,2026-05-06 07:34:00
U098,78,2,2.5,2,2026-08-21 08:56:00
U098,83,3,,3,2026-09-17 17:13:00
U098,84,1,2.0,1,2026-04-13 09:04:00
U098,85,4,,4,2026-09-30 17:00:00
U098,86,2,2.0,2,2026-08-16 16:46:00
U098,87,60,2.45,56,2026-09-29 17:38:00
U098,91,1,2.0,1,2026-07-08 06:28:00
U098,93,6,2.0,6,2026-07-20 14:04:00
U098,96,2,2.0,2,2026-08-10 17:15:00
U098,97,1,,1,2026-08-18 09:39:00
U098,98,6,3.0,6,2026-07-05 16:55:00
U098,99,2,,2,2026-09-17 06:51:00
U098,100,17,3.17,17,2026-08-18 09:39:00
U098,101,16,3.5,16,2026-09-23 08:11:00
U098,102,5,4.0,5,2026-07-05 16:55:00
U099,9,1,,1,2026-07-21 08:23:00
U099,14,1,,1,2026-07-29 14:41:00
U099,15,14,3.8,14,2026-09-30 12:33:00
U099,16,3,5.0,3,2026-09-12 14:08:00
U099,17,1,,1,2026-09-30 12:33:00
U099,18,1,3.0,1,2026-07-29 14:41:00
U099,19,2,,2,2026-02-03 09:36:00
U099,21,1,,1,2025-12-31 07:36:00
U099,22,1,,1,2026-02-24 16:47:00
U099,30,2,3.0,2,2026-05-02 15:52:00
U099,36,1,2.0,1,2026-09-12 14:08:00
U099,39,1,,1,2025-12-15 16:20:00
U099,49,6,,6,2026-08-28 07:41:00
U099,72,2,,2,2026-07-26 10:59:00
U099,86,1,,1,2026-05-02 15:52:00
U099,93,1,,1,2026-02-18 08:31:00
U099,98,5,3.0,5,2026-04-12 14:49:00
U099,99,1,3.0,1,2026-03-04 09:03:00
U099,101,9,3.0,9,2026-09-12 14:08:00
U100,1,3,2.0,3,2026-08-07 08:08:00
U100,12,1,,1,2026-06-13 08:14:00
U100,14,1,,1,2026-03-19 17:45:00
U100,16,1,,1,2026-07-16 15:08:00
U100,17,1,,1,2026-04-12 15:58:00
U100,18,1,3.0,1,2026-03-27 17:48:00
U100,21,1,,1,2026-09-12 09:43:00
U100,22,6,3.25,6,2026-03-27 17:48:00
U100,27,1,3.0,1,2025-12-09 07:39:00
U100,30,1,,1,2026-09-23 12:35:00
U100,38,1,3.0,1,2025-12-18 07:40:00
U100,45,2,,2,2026-09-18 07:14:00
U100,46,1,,1,2026-02-03 17:04:00
U100,47,1,4.0,1,2026-08-13 17:59:00
U100,50,4,3.75,4,2026-09-27 15:17:00
U100,60,1,,1,2026-01-04 07:36:00
U100,75,4,3.0,4,2026-04-19 16:08:00
U100,79,2,,2,2026-08-19 09:03:00
U100,83,1,2.0,1,2026-02-03 17:04:00
U100,84,3,,2,2026-05-14 08:08:00
U100,88,6,4.5,6,2026-08-20 15:15:00
U100,89,1,4.0,1,2026-04-11 17:17:00
U100,90,8,4.5,8,2026-07-04 09:45:00
U100,94,1,,1,2026-04-11 17:17:00
U100,98,2,,2,2026-07-16 15:08:00
U100,99,1,,1,2026-08-13 17:59:00
U100,100,1,5.0,1,2026-03-27 17:48:00
U100,101,4,,4,2026-06-13 08:14:00
U100,102,1,,1,2026-05-31 07:54:00
U101,2,1,,1,2026-01-19 09:21:00
U101,3,1,3.0,1,2026-02-14 11:35:00
U101,7,4,,4,2026-09-26 15:54:00
U101,8,1,2.0,1,2026-01-10 10:16:00
U101,9,2,4.0,2,2026-09-20 11:49:00
U101,10,1,,1,2026-09-15 10:28:00
U101,11,1,,1,2026-07-27 14:51:00
U101,12,1,,1,2026-09-21 09:09:00
U101,13,1,,1,2025-11-26 11:15:00
U101,14,2,,2,2026-09-07 10:03:00
U101,15,1,,1,2026-08-17 20:38:00
U101,22,3,3.0,3,2026-08-18 19:18:00
U101,28,2,3.0,2,2026-04-14 20:02:00
U101,30,1,,1,2026-06-29 09:05:00
U101,31,2,3.0,2,2026-07-20 11:26:00
U101,32,4,3.0,4,2026-07-04 17:05:00
U101,33,1,,1,2026-02-20 13:28:00
U101,35,1,3.0,1,2026-09-20 11:49:00
U101,36,1,,1,2026-07-11 16:04:00
U101,42,2,3.0,2,2026-09-29 10:42:00
U101,45,18,4.5,18,2026-07-17 19:41:00
U101,46,11,4.0,11,2026-09-15 10:28:00
U101,47,20,3.67,20,2026-09-26 11:24:00
U101,48,1,,1,2026-09-25 15:18:00
U101,50,3,4.0,3,2026-09-07 10:03:00
U101,52,6,4.4,6,2026-08-26 10:59:00
U101,53,1,3.0,1,2026-04-27 11:02:00
U101,54,2,2.5,2,2026-04-27 11:02:00
U101,56,1,,1,2026-02-17 20:11:00
U101,57,1,,1,2026-08-31 08:57:00
U101,58,1,,1,2026-01-05 21:56:00
U101,60,1,2.0,1,2026-01-22 08:01:00
U101,62,1,2.0,1,2026-04-23 17:19:00
U101,64,1,,1,2026-04-26 21:47:00
U101,65,2,,2,2026-08-30 09:22:00
U101,66,1,,1,2025-12-14 18:32:00
U101,68,1,2.0,1,2026-01-16 11:05:00
U101,69,1,,1,2025-12-16 19:43:00
U101,70,1,,1,2026-06-01 10:53:00
U101,72,2,,2,2026-07-18 10:41:00
U101,73,9,2.5,9,2026-09-15 13:02:00
U101,74,7,3.5,6,2026-09-02 20:41:00
U101,75,11,3.8,11,2026-08-31 08:57:00
U101,76,2,,2,2026-06-04 17:47:00
U101,79,4,3.67,4,2026-09-25 15:18:00
U101,80,1,,1,2026-08-17 20:38:00
U101,83,14,4.0,14,2026-09-20 11:25:00
U101,84,25,4.57,25,2026-09-18 19:23:00
U101,85,14,3.75,14,2026-07-24 14:08:00
U101,86,12,4.0,12,2026-08-16 16:04:00
U101,87,1,,1,2026-03-07 20:19:00
U101,88,17,4.38,17,2026-07-21 13:10:00
U101,89,12,5.0,12,2026-09-02 17:59:00
U101,90,20,5.0,20,2026-09-09 15:18:00
U101,91,2,4.0,2,2025-11-26 11:04:00
U101,92,1,,1,2026-06-12 16:45:00
U101,97,2,,2,2026-04-09 16:49:00
U101,98,4,,4,2026-09-02 17:59:00
U101,99,3,3.0,3,2026-06-12 16:45:00
U101,100,10,4.0,10,2026-09-03 08:21:00
U101,101,14,4.0,14,2026-09-26 15:54:00
U101,102,13,5.0,13,2026-09-25 15:18:00
U102,2,2,,2,2026-04-13 19:08:00
U102,5,1,,1,2025-12-31 14:03:00
U102,6,2,,2,2026-02-16 08:35:00
U102,10,2,,2,2026-07-23 08:21:00
U102,11,2,,2,2026-05-05 09:38:00
U102,12,9,3.0,9,2026-09-17 08:30:00
U102,13,5,4.0,5,2026-06-14 09:04:00
U102,14,3,3.0,3,2025-12-13 15:59:00
U102,15,14,2.25,14,2026-08-30 10:10:00
U102,16,5,3.0,5,2026-09-11 16:31:00
U102,17,11,3.0,11,2026-08-15 20:51:00
U102,18,50,4.17,50,2026-09-27 15:06:00
U102,19,12,3.25,12,2026-09-15 17:03:00
U102,20,22,4.0,22,2026-09-30 20:28:00
U102,21,3,,3,2026-08-18 13:55:00
U102,22,52,3.5,48,2026-08-06 19:51:00
U102,23,13,4.0,12,2026-09-24 08:41:00
U102,24,1,2.0,1,2026-04-01 10:17:00
U102,25,3,3.0,3,2026-09-22 15:44:00
U102,27,2,2.5,2,2026-02-22 16:10:00
U102,28,1,,1,2025-12-31 11:48:00
U102,30,1,,1,2026-03-06 09:13:00
U102,31,1,2.0,1,2026-02-17 15:51:00
U102,32,1,,1,2026-01-06 17:20:00
U102,34,1,2.0,1,2026-01-03 11:23:00
U102,35,1,4.0,1,2026-05-13 16:22:00
U102,37,1,,1,2026-06-09 17:55:00
U102,38,2,1.0,2,2026-09-04 20:28:00
U102,39,2,3.0,2,2026-01-13 17:25:00
U102,41,1,2.0,1,2026-02-16 14:45:00
U102,42,1,,1,2026-09-11 17:09:00
U102,45,2,4.0,2,2026-06-15 11:12:00
U102,49,5,2.0,5,2026-09-17 15:00:00
U102,50,1,2.0,1,2026-04-30 08:54:00
U102,57,1,1.0,1,2026-05-22 17:47:00
U102,63,3,,3,2026-05-17 14:02:00
U102,65,4,2.5,4,2026-07-20 21:56:00
U102,68,1,2.0,1,2025-11-21 17:16:00
U102,70,1,,1,2026-03-18 13:48:00
U102,71,1,,1,2026-08-08 18:40:00
U102,72,1,,1,2026-02-12 15:33:00
U102,75,10,2.0,10,2026-09-04 21:53:00
U102,78,1,,1,2026-06-19 17:04:00
U102,79,15,3.0,15,2026-09-01 19:14:00
U102,80,4,3.0,4,2026-07-23 16:04:00
U102,81,1,2.0,1,2026-09-14 08:10:00
U102,82,3,3.0,3,2026-03-05 14:28:00
U102,87,1,,1,2026-01-26 11:11:00
U102,93,3,2.0,3,2026-09-21 11:49:00
U102,96,1,,1,2026-06-23 16:59:00
U102,98,12,3.33,12,2026-07-23 08:21:00
U102,99,4,4.0,4,2026-09-04 20:28:00
U102,100,31,3.71,31,2026-09-30 20:28:00
U102,101,31,3.31,31,2026-09-27 15:06:00
U102,102,8,4.0,8,2026-08-26 21:06:00
U104,5,1,,1,2025-12-31 16:38:00
U104,18,1,,1,2026-09-30 12:21:00
U104,26,5,,5,2026-09-28 08:26:00
U104,27,5,3.0,4,2026-07-10 08:38:00
U104,28,2,,2,2026-09-01 14:44:00
U104,29,6,,5,2026-09-04 09:49:00
U104,30,8,4.0,8,2026-07-22 07:05:00
U104,31,2,4.0,2,2026-06-02 09:59:00
U104,32,1,2.0,1,2026-07-28 09:25:00
U104,34,6,3.0,6,2026-08-17 14:16:00
U104,35,1,,1,2026-05-14 09:02:00
U104,40,1,,1,2025-10-16 08:27:00
U104,45,1,,1,2026-03-04 15:26:00
U104,50,5,,5,2026-07-13 16:23:00
U104,60,1,,1,2025-12-31 16:38:00
U104,62,4,,4,2026-06-01 08:23:00
U104,64,1,,1,2026-07-20 17:36:00
U104,66,1,,1,2026-04-13 16:07:00
U104,71,1,,1,2026-04-14 08:53:00
U104,78,1,,1,2026-02-20 07:43:00
U104,79,11,2.5,11,2026-09-21 09:03:00
U104,83,1,,1,2026-03-22 11:35:00
U104,91,86,2.2,80,2026-09-30 12:21:00
U104,96,1,,1,2026-05-30 14:12:00
U104,98,5,3.0,5,2026-07-13 16:23:00
U104,99,2,3.0,2,2026-09-04 09:49:00
U104,100,7,3.5,7,2026-08-09 11:59:00
U104,101,6,,6,2026-08-13 07:49:00
U104,102,7,,7,2026-05-15 14:04:00
U105,2,4,4.0,4,2026-08-21 16:51:00
U105,5,19,4.0,18,2026-09-22 08:34:00
U105,7,4,,3,2026-09-17 08:31:00
U105,10,1,3.0,1,2025-11-09 17:36:00
U105,23,16,2.75,16,2026-08-21 16:51:00
U105,27,1,,1,2026-07-30 13:21:00
U105,28,3,4.0,3,2026-09-05 20:59:00
U105,29,2,3.0,2,2026-09-05 20:59:00
U105,32,1,,1,2026-06-25 09:45:00
U105,37,1,,1,2026-04-29 07:51:00
U105,41,1,2.0,1,2026-03-25 14:39:00
U105,44,1,,1,2026-09-07 16:02:00
U105,54,1,,1,2026-09-22 08:34:00
U105,60,1,,1,2026-06-16 07:39:00
U105,63,1,3.0,1,2025-10-31 09:25:00
U105,66,1,,1,2026-04-30 09:35:00
U105,68,1,,1,2025-12-26 14:36:00
U105,71,5,2.0,5,2026-05-23 18:31:00
U105,76,1,,1,2026-03-25 14:39:00
U105,81,1,,1,2026-06-13 10:24:00
U105,96,1,,1,2026-06-02 08:08:00
U105,98,2,,2,2026-06-05 07:49:00
U105,101,7,3.5,7,2026-09-22 08:34:00
U106,3,1,,1,2025-10-08 15:48:00
U106,5,1,,1,2025-10-25 10:15:00
U106,6,2,,2,2025-12-03 08:23:00
U106,7,1,,1,2025-11-15 14:05:00
U106,10,2,,2,2026-04-23 09:04:00
U106,13,2,,2,2026-05-13 07:41:00
U106,14,1,4.0,1,2025-12-18 13:05:00
U106,21,1,,1,2026-02-20 09:08:00
U106,22,2,3.0,2,2026-04-17 16:33:00
U106,24,1,3.0,1,2026-05-15 13:38:00
U106,27,1,,1,2026-09-07 11:41:00
U106,28,1,,1,2026-07-14 07:07:00
U106,31,1,,1,2026-06-12 11:14:00
U106,32,2,,2,2026-02-11 15:24:00
U106,34,1,,1,2026-05-12 09:41:00
U106,37,2,5.0,2,2026-09-20 11:21:00
U106,38,1,,1,2026-02-18 18:18:00
U106,39,1,,1,2026-01-21 16:33:00
U106,40,1,,1,2026-02-24 13:54:00
U106,43,23,3.12,23,2026-09-18 19:53:00
U106,45,1,,1,2025-11-27 13:28:00
U106,46,3,,3,2026-09-22 14:33:00
U106,47,3,,3,2026-06-10 15:27:00
U106,48,141,3.05,131,2026-09-28 08:59:00
U106,50,4,,4,2026-06-15 16:13:00
U106,51,1,,1,2026-06-21 15:08:00
U106,52,1,,1,2026-05-13 07:41:00
U106,58,7,2.0,7,2026-07-29 15:02:00
U106,60,4,,4,2026-09-22 19:53:00
U106,64,1,,1,2026-05-12 07:19:00
U106,65,1,,1,2025-10-08 16:47:00
U106,68,1,,1,2026-03-25 13:55:00
U106,69,2,2.0,2,2026-09-19 17:15:00
U106,71,1,,1,2026-08-04 14:14:00
U106,73,2,,2,2026-09-03 17:28:00
U106,74,1,4.0,1,2025-12-20 16:32:00
U106,75,1,,1,2026-01-16 08:27:00
U106,78,1,,1,2026-07-18 15:45:00
U106,83,4,,4,2026-09-08 08:44:00
U106,84,2,,2,2026-01-16 08:27:00
U106,85,41,4.45,40,2026-09-08 07:57:00
U106,86,6,5.0,6,2026-09-20 11:21:00
U106,87,2,,2,2026-04-17 16:33:00
U106,88,5,3.0,5,2026-08-04 14:14:00
U106,89,7,3.67,7,2026-07-15 07:53:00
U106,90,3,4.0,3,2026-07-07 07:00:00
U106,91,1,,1,2026-02-05 13:52:00
U106,95,2,4.0,2,2025-10-16 09:28:00
U106,96,3,4.0,3,2026-08-05 09:26:00
U106,98,6,,6,2026-09-06 09:32:00
U106,99,6,,6,2026-04-13 16:16:00
U106,100,15,3.5,15,2026-07-24 15:46:00
U106,101,11,4.0,11,2026-09-19 17:15:00
U106,102,17,3.33,17,2026-09-20 11:21:00
U107,1,1,,1,2025-10-09 09:26:00
U107,2,3,5.0,3,2026-06-17 08:31:00
U107,4,1,,1,2026-04-17 11:45:00
U107,5,10,3.0,10,2026-06-07 11:56:00
U107,6,7,3.5,7,2026-06-13 17:48:00
U107,7,9,4.0,8,2026-06-02 12:55:00
U107,9,2,,2,2026-03-25 11:03:00
U107,10,3,,3,2026-05-24 16:39:00
U107,11,1,4.0,1,2026-01-13 15:00:00
U107,21,1,,1,2026-06-12 08:26:00
U107,27,5,5.0,5,2026-04-17 16:33:00
U107,30,3,3.5,3,2026-01-26 15:24:00
U107,31,1,3.0,1,2026-04-21 09:36:00
U107,32,16,5.0,16,2026-06-17 08:31:00
U107,35,2,,2,2026-06-04 07:45:00
U107,40,1,2.0,1,2026-04-21 09:36:00
U107,44,4,4.0,4,2026-05-11 11:29:00
U107,48,1,5.0,1,2026-01-26 15:24:00
U107,54,1,,1,2026-06-02 09:25:00
U107,58,1,3.0,1,2026-06-06 16:41:00
U107,59,30,2.8,28,2026-06-16 13:47:00
U107,63,1,,1,2026-01-14 12:57:00
U107,64,2,,2,2026-06-17 18:41:00
U107,67,6,3.0,6,2026-06-09 14:36:00
U107,73,2,,2,2026-04-20 16:54:00
U107,76,2,,2,2026-02-08 10:14:00
U107,77,9,3.0,9,2026-05-24 16:39:00
U107,80,2,2.0,2,2026-05-18 17:52:00
U107,82,2,,2,2026-01-29 08:45:00
U107,83,1,,1,2026-06-07 11:56:00
U107,84,2,,2,2026-03-03 14:05:00
U107,86,1,,1,2026-02-08 16:28:00
U107,89,1,,1,2025-12-03 14:22:00
U107,92,1,,1,2026-05-25 09:21:00
U107,95,2,,2,2026-03-09 08:08:00
U107,96,3,,3,2026-05-24 16:39:00
U107,98,2,,2,2026-04-17 11:45:00
U107,99,1,4.0,1,2025-10-23 07:47:00
U107,100,7,4.5,7,2026-05-10 11:12:00
U107,101,13,3.8,13,2026-06-17 08:31:00
U107,102,6,4.0,6,2026-06-17 08:31:00
U108,1,3,3.0,3,2026-08-20 08:44:00
U108,2,8,3.0,8,2026-06-27 11:42:00
U108,3,9,3.17,9,2026-09-26 15:25:00
U108,4,1,2.0,1,2026-07-27 07:10:00
U108,5,10,2.0,10,2026-09-28 06:08:00
U108,6,3,3.0,3,2026-09-20 10:11:00
U108,7,62,2.9,62,2026-09-28 09:12:00
U108,8,13,3.0,13,2026-09-15 08:47:00
U108,9,4,3.0,4,2026-05-30 15:03:00
U108,11,1,3.0,1,2026-03-30 09:23:00
U108,12,1,3.0,1,2025-11-11 08:33:00
U108,13,1,,1,2026-03-24 11:53:00
U108,18,2,,2,2026-08-31 07:54:00
U108,19,1,3.0,1,2026-09-20 10:11:00
U108,23,1,3.0,1,2026-03-12 16:38:00
U108,26,9,3.0,9,2026-09-28 06:08:00
U108,27,15,3.0,15,2026-09-29 06:36:00
U108,28,6,3.0,6,2026-08-06 15:25:00
U108,29,10,4.25,10,2026-09-26 17:41:00
U108,30,30,2.78,27,2026-09-12 08:46:00
U108,31,2,,2,2026-09-02 17:32:00
U108,32,29,3.67,29,2026-09-02 17:32:00
U108,33,4,3.0,4,2026-07-19 13:24:00
U108,34,10,3.5,10,2026-07-26 15:35:00
U108,35,33,3.56,32,2026-09-26 15:25:00
U108,36,1,2.0,1,2026-01-01 14:47:00
U108,38,6,2.67,6,2026-09-15 17:03:00
U108,40,1,,1,2026-04-06 15:18:00
U108,41,1,,1,2025-11-30 06:44:00
U108,42,1,,1,2025-12-06 13:10:00
U108,43,2,2.0,2,2026-02-28 07:01:00
U108,44,1,2.0,1,2026-05-29 12:28:00
U108,45,1,,1,2026-05-10 08:52:00
U108,46,2,,2,2026-05-06 15:00:00
U108,47,2,,2,2026-07-05 17:25:00
U108,48,1,2.0,1,2026-06-26 06:03:00
U108,51,1,3.0,1,2026-05-18 09:00:00
U108,52,2,2.0,2,2026-08-19 07:01:00
U108,56,1,4.0,1,2026-09-12 08:46:00
U108,58,3,2.0,3,2026-07-05 13:16:00
U108,60,1,,1,2026-06-14 17:35:00
U108,64,8,3.5,8,2026-09-09 09:39:00
U108,65,1,,1,2026-06-05 17:37:00
U108,66,1,,1,2026-04-03 08:03:00
U108,68,1,,1,2026-06-01 07:34:00
U108,69,1,,1,2025-12-25 07:46:00
U108,70,1,,1,2026-08-14 07:04:00
U108,71,2,2.0,2,2026-08-15 13:58:00
U108,74,1,,1,2026-03-11 07:28:00
U108,78,1,,1,2026-04-12 15:56:00
U108,79,1,2.0,1,2026-04-05 14:47:00
U108,84,1,,1,2026-06-13 17:53:00
U108,85,2,,2,2026-09-03 06:15:00
U108,87,1,,1,2026-05-21 16:32:00
U108,98,7,3.0,7,2026-09-14 11:35:00
U108,99,7,3.0,7,2026-05-04 08:53:00
U108,100,24,3.6,24,2026-09-29 06:36:00
U108,101,29,3.75,29,2026-09-28 09:12:00
U108,102,14,2.5,14,2026-09-28 06:08:00
U109,1,8,5.0,8,2026-08-30 14:31:00
U109,2,16,3.25,16,2026-09-08 08:11:00
U109,4,1,4.0,1,2026-02-04 07:16:00
U109,5,6,3.67,6,2026-08-12 07:31:00
U109,6,5,5.0,5,2026-05-22 08:22:00
U109,7,89,4.48,82,2026-09-29 16:07:00
U109,8,8,,7,2026-09-12 11:28:00
U109,10,1,,1,2026-07-21 13:22:00
U109,11,2,,2,2025-12-22 17:10:00
U109,12,1,4.0,1,2026-02-18 13:24:00
U109,15,2,,2,2026-09-21 08:27:00
U109,18,1,3.0,1,2025-11-04 16:36:00
U109,22,3,2.0,3,2025-11-11 16:25:00
U109,23,1,,1,2026-08-12 19:44:00
U109,36,1,,1,2026-07-03 14:27:00
U109,37,7,3.0,7,2026-09-14 11:21:00
U109,56,1,,1,2026-09-03 16:52:00
U109,60,2,3.0,2,2026-07-17 14:01:00
U109,79,1,3.0,1,2026-07-23 14:30:00
U109,80,2,,2,2026-03-29 15:13:00
U109,82,4,,4,2026-08-25 09:26:00
U109,83,1,3.0,1,2026-04-09 19:24:00
U109,85,1,,1,2026-02-17 16:20:00
U109,89,2,,2,2026-07-14 14:45:00
U109,92,1,2.0,1,2025-10-25 09:27:00
U109,93,2,3.0,2,2025-12-21 14:06:00
U109,94,1,,1,2026-07-18 15:40:00
U109,97,1,,1,2025-11-22 20:16:00
U109,98,2,4.5,2,2026-09-12 11:28:00
U109,99,3,4.5,3,2026-04-26 11:26:00
U109,100,5,4.0,5,2026-05-30 14:49:00
U109,101,25,3.86,25,2026-09-23 08:11:00
U109,102,7,4.0,7,2026-08-12 07:31:00
U110,4,1,3.0,1,2026-09-22 13:49:00
U110,5,1,4.0,1,2026-07-20 16:00:00
U110,18,1,,1,2026-07-08 14:26:00
U110,28,1,,1,2026-09-22 13:49:00
U110,30,3,3.33,3,2026-09-18 09:03:00
U110,33,1,,1,2026-07-11 11:15:00
U110,36,1,4.0,1,2026-09-05 17:17:00
U110,39,5,3.0,5,2026-09-14 09:57:00
U110,40,2,4.0,2,2026-09-16 16:46:00
U110,44,2,3.5,2,2026-08-14 17:58:00
U110,55,3,4.0,3,2026-09-02 08:35:00
U110,56,2,,2,2026-09-05 17:17:00
U110,58,1,3.0,1,2026-09-19 18:47:00
U110,61,1,,1,2026-07-13 19:53:00
U110,66,2,4.0,2,2026-09-24 10:23:00
U110,67,4,3.5,4,2026-09-07 11:49:00
U110,68,1,,1,2026-07-14 15:05:00
U110,69,12,4.0,12,2026-09-28 08:46:00
U110,74,1,4.0,1,2026-07-24 11:00:00
U110,75,4,3.5,4,2026-09-01 21:08:00
U110,79,1,,1,2026-07-11 11:15:00
U110,80,1,3.0,1,2026-08-03 08:42:00
U110,81,1,,1,2026-07-27 13:31:00
U110,86,1,,1,2026-07-15 10:09:00
U110,87,10,3.6,10,2026-09-28 17:21:00
U110,91,1,3.0,1,2026-07-25 20:07:00
U110,95,2,,2,2026-09-16 17:01:00
U110,97,1,,1,2026-09-05 17:17:00
U110,98,3,4.0,3,2026-06-15 09:34:00
U110,99,1,,1,2026-07-20 16:00:00
U110,100,5,3.5,5,2026-09-28 08:46:00
U110,101,5,3.67,5,2026-07-22 16:46:00
U110,102,3,3.5,3,2026-09-16 17:01:00
U111,2,8,2.67,8,2026-08-28 16:15:00
U111,5,3,4.0,3,2026-08-10 17:05:00
U111,6,8,3.33,8,2026-06-22 14:33:00
U111,7,1,3.0,1,2026-01-15 13:04:00
U111,10,1,3.0,1,2026-07-02 21:01:00
U111,14,1,,1,2026-06-22 14:33:00
U111,19,1,3.0,1,2025-10-14 16:05:00
U111,22,1,2.0,1,2026-04-13 20:29:00
U111,27,1,,1,2026-02-15 14:38:00
U111,28,1,,1,2026-07-23 15:29:00
U111,30,1,,1,2026-06-07 18:31:00
U111,36,5,3.0,5,2026-08-17 17:15:00
U111,37,1,,1,2026-08-19 13:10:00
U111,40,2,3.0,2,2026-05-17 14:09:00
U111,41,11,3.0,11,2026-07-24 18:15:00
U111,49,5,2.33,5,2026-09-26 20:28:00
U111,54,1,3.0,1,2026-04-28 16:07:00
U111,55,2,,2,2026-07-13 21:53:00
U111,61,1,,1,2026-07-06 19:42:00
U111,63,1,,1,2026-06-17 19:17:00
U111,66,2,,2,2026-03-07 20:55:00
U111,68,1,,1,2025-10-25 19:20:00
U111,69,2,3.0,2,2026-04-08 13:34:00
U111,70,2,2.5,2,2026-09-19 19:49:00
U111,71,2,4.0,2,2026-08-26 13:53:00
U111,73,3,,3,2026-06-17 19:17:00
U111,74,5,,5,2026-07-30 20:40:00
U111,75,2,,2,2026-04-17 13:56:00
U111,76,9,3.86,9,2026-09-21 21:42:00
U111,77,29,4.4,29,2026-09-26 17:45:00
U111,78,2,,2,2026-07-29 14:44:00
U111,79,6,3.33,6,2026-09-12 10:32:00
U111,80,4,3.0,4,2026-08-15 21:37:00
U111,81,29,3.62,29,2026-08-04 13:55:00
U111,82,8,4.0,8,2026-09-04 20:07:00
U111,83,3,3.0,3,2026-04-18 21:31:00
U111,85,3,3.0,3,2026-06-18 20:24:00
U111,86,1,,1,2025-10-25 19:20:00
U111,87,3,,3,2026-04-08 14:08:00
U111,88,2,4.0,2,2026-07-02 21:01:00
U111,89,5,3.0,5,2026-07-20 13:10:00
U111,90,2,,2,2026-05-29 15:44:00
U111,98,5,3.67,5,2026-08-09 18:30:00
U111,99,5,3.0,5,2026-09-21 21:42:00
U111,100,6,3.67,6,2026-08-10 18:30:00
U111,101,9,3.5,9,2026-09-19 19:49:00
U111,102,11,3.29,11,2026-08-22 18:38:00
U112,1,1,,1,2025-10-23 19:49:00
U112,2,1,,1,2026-08-11 16:25:00
U112,5,3,,3,2026-02-12 09:27:00
U112,6,10,4.75,10,2026-08-11 12:20:00
U112,7,2,,2,2026-06-15 09:09:00
U112,14,1,,1,2026-02-10 13:15:00
U112,18,1,,1,2026-01-21 07:37:00
U112,20,1,,1,2026-07-20 09:13:00
U112,23,3,,3,2026-06-17 09:05:00
U112,26,2,3.0,2,2026-07-09 09:51:00
U112,29,2,4.0,2,2026-08-11 16:25:00
U112,45,3,,3,2026-06-01 07:41:00
U112,47,1,,1,2026-08-03 14:17:00
U112,56,1,,1,2026-07-09 09:51:00
U112,57,1,5.0,1,2026-07-08 17:35:00
U112,58,1,3.0,1,2026-09-11 17:50:00
U112,67,1,,1,2026-06-17 09:05:00
U112,70,2,2.0,2,2026-01-15 11:32:00
U112,71,2,,2,2026-08-03 14:17:00
U112,75,2,2.0,2,2026-07-01 13:38:00
U112,82,1,,1,2025-12-10 09:21:00
U112,83,2,2.0,2,2026-09-15 16:56:00
U112,85,1,3.0,1,2026-09-07 08:00:00
U112,95,1,,1,2026-02-19 08:02:00
U112,97,2,,2,2026-07-29 15:38:00
U112,99,5,4.0,5,2026-09-15 16:56:00
U112,100,2,5.0,2,2026-09-11 17:50:00
U112,101,5,4.0,5,2026-08-11 12:20:00
U112,102,4,4.0,4,2026-09-15 16:56:00
U113,9,2,5.0,2,2026-02-01 15:36:00
U113,12,1,5.0,1,2026-08-05 15:12:00
U113,23,1,,1,2026-08-03 08:10:00
U113,33,7,4.0,7,2026-09-21 07:46:00
U113,34,6,5.0,5,2026-03-13 08:30:00
U113,36,1,,1,2025-10-27 13:09:00
U113,39,1,,1,2026-08-30 16:03:00
U113,40,8,4.0,8,2026-09-29 09:02:00
U113,58,9,4.0,9,2026-05-18 11:18:00
U113,62,1,,1,2026-05-11 07:59:00
U113,75,1,,1,2026-09-08 16:57:00
U113,87,1,,1,2026-02-03 17:52:00
U113,91,1,,1,2026-01-08 17:49:00
U113,93,1,,1,2025-10-26 11:48:00
U113,97,1,,1,2026-06-05 11:59:00
U113,98,3,4.0,3,2026-09-21 07:46:00
U113,100,3,4.0,3,2026-09-28 08:23:00
U113,101,1,,1,2026-05-11 07:59:00
U113,102,3,4.0,3,2025-11-25 07:32:00
U114,1,1,,1,2026-09-15 16:38:00
U114,3,2,,2,2026-05-18 10:52:00
U114,6,2,2.0,2,2026-04-28 21:37:00
U114,20,1,,1,2026-07-04 11:27:00
U114,26,2,,2,2026-05-09 21:57:00
U114,27,2,,2,2026-06-07 16:19:00
U114,28,10,5.0,10,2026-09-22 16:29:00
U114,30,5,2.0,4,2026-08-17 10:46:00
U114,32,1,,1,2026-03-08 15:44:00
U114,33,2,3.0,2,2026-09-26 16:47:00
U114,35,3,3.0,3,2026-01-13 20:31:00
U114,56,1,,1,2026-09-12 14:32:00
U114,60,1,,1,2026-06-02 17:02:00
U114,64,22,3.2,21,2026-09-27 19:25:00
U114,76,5,1.0,5,2026-03-27 09:22:00
U114,91,1,3.0,1,2025-11-08 19:09:00
U114,98,1,4.0,1,2025-10-30 16:19:00
U114,99,1,4.0,1,2026-04-28 21:37:00
U114,100,4,,4,2026-09-26 16:47:00
U114,101,4,4.0,4,2026-09-26 16:47:00
U114,102,2,,2,2026-04-28 21:37:00
U115,3,1,,1,2026-06-08 15:09:00
U115,4,3,,3,2026-08-03 16:08:00
U115,19,1,,1,2026-02-04 14:40:00
U115,22,1,,1,2026-02-08 12:47:00
U115,24,1,,1,2026-09-11 19:47:00
U115,27,5,4.0,5,2026-07-01 19:19:00
U115,28,1,,1,2026-01-24 12:30:00
U115,34,1,,1,2026-02-04 14:40:00
U115,44,1,,1,2026-07-17 21:07:00
U115,61,1,,1,2026-03-05 11:04:00
U115,65,1,2.0,1,2026-06-08 15:09:00
U115,71,2,,2,2026-05-17 17:41:00
U115,75,10,2.67,10,2026-08-30 20:49:00
U115,76,5,2.67,5,2026-07-13 09:40:00
U115,99,1,,1,2026-08-30 20:49:00
U115,100,2,3.0,2,2026-07-17 21:07:00
U115,101,3,,3,2026-08-03 16:08:00
U116,5,1,,1,2026-09-02 21:21:00
U116,6,1,,1,2026-02-11 17:03:00
U116,7,1,,1,2026-03-04 14:41:00
U116,10,2,,2,2026-07-25 16:15:00
U116,12,1,,1,2026-01-12 14:28:00
U116,13,4,4.0,4,2025-12-27 16:59:00
U116,14,14,,13,2026-09-18 20:26:00
U116,15,56,4.71,54,2026-09-20 18:24:00
U116,17,2,,2,2026-01-05 16:36:00
U116,18,1,,1,2026-02-14 20:37:00
U116,19,3,5.0,3,2026-01-25 19:41:00
U116,20,1,,1,2026-06-01 18:08:00
U116,21,7,,7,2026-09-07 13:21:00
U116,22,1,,1,2025-12-08 17:11:00
U116,23,7,4.0,7,2026-09-07 13:21:00
U116,24,2,,2,2026-09-15 21:34:00
U116,26,2,3.0,2,2026-08-16 18:10:00
U116,28,1,2.0,1,2026-05-12 11:01:00
U116,34,1,,1,2026-01-04 15:20:00
U116,35,1,,1,2026-07-08 14:29:00
U116,36,1,,1,2026-04-01 10:01:00
U116,39,3,3.0,3,2026-09-25 17:12:00
U116,43,34,3.36,32,2026-09-26 11:21:00
U116,44,1,,1,2026-05-17 18:24:00
U116,46,8,3.0,8,2026-09-27 19:59:00
U116,53,2,2.0,2,2026-03-09 17:17:00
U116,56,1,,1,2026-08-02 15:43:00
U116,60,1,,1,2026-08-21 19:32:00
U116,66,2,1.0,2,2026-05-10 18:21:00
U116,67,1,3.0,1,2026-05-12 11:01:00
U116,71,1,,1,2026-01-23 13:24:00
U116,75,8,3.0,8,2026-07-14 20:25:00
U116,79,1,,1,2026-08-17 18:42:00
U116,82,1,,1,2026-06-25 10:41:00
U116,85,5,3.0,5,2026-08-17 18:42:00
U116,87,1,,1,2026-09-22 16:01:00
U116,92,4,,4,2026-09-03 19:29:00
U116,93,2,,2,2026-05-07 19:38:00
U116,94,1,,1,2026-06-12 17:23:00
U116,97,2,,2,2026-05-25 21:20:00
U116,98,2,4.0,2,2026-08-14 09:26:00
U116,99,2,4.0,2,2026-09-03 19:29:00
U116,100,18,4.33,18,2026-09-26 11:21:00
U116,101,20,4.0,20,2026-05-01 20:09:00
U116,102,9,4.0,9,2026-07-16 18:30:00
U117,2,1,,1,2025-11-21 14:14:00
U117,6,1,,1,2025-11-13 13:07:00
U117,10,6,3.0,6,2026-09-17 08:20:00
U117,11,2,,2,2026-06-10 07:18:00
U117,12,5,5.0,5,2026-09-21 14:28:00
U117,15,21,4.5,21,2026-09-09 08:00:00
U117,18,2,5.0,2,2025-11-21 14:14:00
U117,19,3,5.0,3,2026-06-03 08:16:00
U117,23,4,4.0,4,2026-09-09 11:54:00
U117,32,1,,1,2026-05-12 16:56:00
U117,73,1,,1,2026-08-10 13:01:00
U117,83,1,,1,2026-09-17 08:20:00
U117,98,4,4.0,4,2026-08-10 13:01:00
U117,100,6,4.0,6,2026-09-21 14:28:00
U117,101,9,3.67,9,2026-09-21 14:28:00
U117,102,1,,1,2026-05-16 15:14:00
U118,12,1,,1,2025-10-12 16:01:00
U118,29,2,3.0,2,2026-03-24 21:56:00
U118,33,5,3.0,5,2026-04-05 21:24:00
U118,49,1,,1,2026-03-18 15:00:00
U118,52,1,5.0,1,2025-12-13 19:51:00
U118,53,1,,1,2025-10-12 15:53:00
U118,56,2,5.0,2,2026-04-02 21:50:00
U118,59,1,4.0,1,2025-10-12 16:01:00
U118,63,1,5.0,1,2026-04-16 19:20:00
U118,68,1,,1,2025-10-04 17:35:00
U118,69,1,3.0,1,2026-04-05 21:24:00
U118,71,1,,1,2025-12-13 19:51:00
U118,72,1,,1,2026-02-07 19:02:00
U118,77,2,,2,2026-04-17 20:41:00
U118,78,1,4.0,1,2026-04-16 14:11:00
U118,85,1,3.0,1,2025-12-25 13:47:00
U118,89,1,,1,2025-11-23 10:42:00
U118,92,1,,1,2026-04-21 18:21:00
U118,94,1,,1,2026-02-21 12:10:00
U118,101,1,,1,2025-10-12 16:01:00
U118,102,1,,1,2025-10-04 17:35:00
U119,15,1,,1,2026-09-07 19:21:00
U119,36,1,,1,2026-03-04 18:12:00
U119,39,1,,1,2026-03-10 15:06:00
U119,41,6,3.5,6,2026-09-07 19:21:00
U119,47,1,2.0,1,2026-08-13 21:50:00
U119,52,1,,1,2026-01-18 14:48:00
U119,54,4,3.0,4,2026-05-24 19:48:00
U119,58,2,,2,2025-11-01 14:36:00
U119,65,1,3.0,1,2026-04-08 17:34:00
U119,69,1,2.0,1,2026-03-04 18:12:00
U119,70,3,4.0,3,2026-09-22 16:44:00
U119,71,1,,1,2026-04-08 17:34:00
U119,74,2,3.0,2,2026-03-10 15:06:00
U119,75,17,4.6,17,2026-09-10 16:57:00
U119,77,1,2.0,1,2026-05-13 21:20:00
U119,78,1,,1,2025-12-09 20:19:00
U119,80,1,,1,2026-09-30 16:01:00
U119,82,2,3.0,2,2026-08-15 16:24:00
U119,91,1,,1,2026-05-24 19:48:00
U119,95,2,3.0,2,2026-09-30 16:01:00
U119,97,2,,2,2026-07-26 11:29:00
U119,100,3,3.67,3,2026-05-24 19:48:00
U119,101,1,5.0,1,2025-11-09 12:44:00
U119,102,1,5.0,1,2026-04-19 11:56:00
U120,1,1,,1,2025-11-04 09:45:00
U120,3,12,3.83,11,2026-09-04 07:50:00
U120,4,1,,1,2025-12-08 07:12:00
U120,7,2,,2,2026-01-05 08:39:00
U120,8,1,,1,2026-01-08 16:30:00
U120,9,1,,1,2026-09-03 12:37:00
U120,13,1,,1,2025-12-25 07:18:00
U120,16,2,2.0,2,2026-07-22 12:08:00
U120,23,1,3.0,1,2026-05-20 12:50:00
U120,26,1,4.0,1,2026-04-21 12:08:00
U120,28,1,4.0,1,2026-02-22 16:05:00
U120,32,1,3.0,1,2025-11-16 16:02:00
U120,34,10,4.33,10,2026-08-11 13:33:00
U120,38,1,3.0,1,2025-12-20 16:43:00
U120,53,1,2.0,1,2025-10-03 07:21:00
U120,55,1,,1,2026-09-01 14:54:00
U120,64,1,2.0,1,2026-03-15 10:01:00
U120,65,2,4.0,2,2026-05-28 15:19:00
U120,73,3,2.0,3,2026-07-28 08:09:00
U120,80,1,,1,2026-03-16 07:24:00
U120,98,2,,2,2026-09-03 12:37:00
U120,99,1,,1,2026-07-28 08:09:00
U120,100,2,3.0,2,2026-03-22 19:37:00
U120,101,2,4.0,2,2026-05-20 12:50:00
U121,8,1,,1,2026-07-06 09:46:00
U121,9,1,,1,2026-06-09 18:26:00
U121,10,1,,1,2026-05-10 15:08:00
U121,12,2,4.0,2,2026-09-05 21:07:00
U121,13,1,4.0,1,2025-11-19 08:29:00
U121,14,1,4.0,1,2026-01-15 13:06:00
U121,15,6,4.25,6,2026-07-29 13:58:00
U121,16,1,3.0,1,2026-06-22 15:57:00
U121,17,1,3.0,1,2026-03-05 09:03:00
U121,18,5,,5,2026-06-08 16:30:00
U121,20,1,,1,2026-07-06 09:46:00
U121,21,1,2.0,1,2026-05-15 21:17:00
U121,22,2,,2,2026-07-25 09:26:00
U121,24,1,,1,2026-09-07 15:39:00
U121,28,1,2.0,1,2025-11-15 14:12:00
U121,31,1,3.0,1,2026-03-28 17:55:00
U121,33,1,2.0,1,2026-05-22 10:47:00
U121,34,1,1.0,1,2026-04-10 15:07:00
U121,38,2,2.0,2,2026-09-19 16:54:00
U121,40,2,,2,2026-06-29 11:02:00
U121,45,1,,1,2026-04-12 18:30:00
U121,46,1,,1,2025-12-07 09:58:00
U121,47,1,2.0,1,2025-10-28 08:59:00
U121,53,3,,3,2026-06-06 20:46:00
U121,54,3,4.0,3,2026-07-21 20:55:00
U121,55,1,,1,2026-05-07 18:17:00
U121,56,2,3.0,2,2026-07-29 13:58:00
U121,58,5,4.0,4,2026-05-02 14:32:00
U121,59,1,,1,2026-06-06 20:46:00
U121,60,5,3.67,5,2026-05-15 21:17:00
U121,61,1,,1,2026-07-21 20:55:00
U121,63,2,,2,2026-05-10 15:08:00
U121,64,1,1.0,1,2026-07-01 13:24:00
U121,65,5,3.33,5,2026-09-18 10:04:00
U121,66,2,3.0,2,2026-08-16 14:25:00
U121,67,9,4.25,9,2026-09-30 13:44:00
U121,68,1,4.0,1,2026-07-24 13:10:00
U121,69,8,3.0,8,2026-09-01 16:34:00
U121,71,54,3.52,48,2026-09-20 18:08:00
U121,72,1,,1,2025-11-28 21:46:00
U121,73,1,3.0,1,2025-10-07 09:07:00
U121,78,43,2.59,42,2026-09-13 15:29:00
U121,79,1,,1,2025-12-26 14:50:00
U121,81,3,2.0,3,2026-07-29 13:58:00
U121,83,1,,1,2026-06-14 13:43:00
U121,85,1,2.0,1,2026-02-07 09:55:00
U121,88,1,,1,2026-04-12 18:30:00
U121,90,1,2.0,1,2025-11-17 13:19:00
U121,93,5,2.67,5,2026-09-02 15:18:00
U121,97,1,2.0,1,2026-01-28 20:25:00
U121,98,6,3.67,6,2026-06-27 16:50:00
U121,99,4,3.5,4,2026-07-24 13:10:00
U121,100,10,3.29,10,2026-07-29 13:58:00
U121,101,12,3.5,12,2026-07-25 09:26:00
U121,102,4,3.67,4,2026-06-29 11:02:00
U122,7,2,3.0,2,2026-08-07 15:15:00
U122,8,11,3.67,11,2026-08-07 11:58:00
U122,9,7,3.67,7,2026-09-06 11:58:00
U122,10,6,2.67,6,2026-09-08 07:53:00
U122,11,6,3.0,6,2026-08-21 19:16:00
U122,12,1,,1,2025-11-24 07:36:00
U122,13,2,,2,2026-07-22 07:24:00
U122,18,1,3.0,1,2026-01-16 16:02:00
U122,20,2,2.0,2,2026-08-07 11:58:00
U122,27,1,3.0,1,2026-02-12 13:36:00
U122,28,1,,1,2026-01-23 07:38:00
U122,30,12,3.4,12,2026-09-24 18:41:00
U122,32,5,,5,2026-08-25 14:44:00
U122,34,1,,1,2025-12-19 09:19:00
U122,37,1,,1,2026-02-23 07:53:00
U122,49,3,2.0,3,2026-09-29 13:54:00
U122,52,1,3.0,1,2025-11-24 07:36:00
U122,53,1,,1,2026-05-20 09:12:00
U122,54,3,3.0,3,2026-09-07 15:48:00
U122,55,4,5.0,4,2026-08-25 13:30:00
U122,56,2,4.0,2,2026-04-22 15:10:00
U122,57,8,2.33,8,2026-09-24 18:41:00
U122,58,1,,1,2025-11-28 15:24:00
U122,60,17,4.0,17,2026-08-11 11:45:00
U122,61,1,,1,2026-01-13 08:48:00
U122,62,3,2.0,3,2026-01-09 16:19:00
U122,63,4,,4,2026-08-11 16:21:00
U122,64,1,,1,2026-01-22 14:24:00
U122,65,1,4.0,1,2026-02-26 08:30:00
U122,66,1,,1,2025-12-24 11:38:00
U122,67,11,4.0,11,2026-09-23 18:27:00
U122,68,1,,1,2026-05-26 14:11:00
U122,69,1,3.0,1,2025-10-08 08:46:00
U122,71,3,3.0,3,2026-06-25 14:11:00
U122,76,1,,1,2026-02-23 07:53:00
U122,81,1,,1,2025-12-06 09:02:00
U122,84,9,2.0,9,2026-07-02 07:50:00
U122,87,1,1.0,1,2026-05-20 17:02:00
U122,89,2,2.0,2,2026-09-23 14:24:00
U122,90,3,2.0,3,2026-02-17 17:51:00
U122,96,1,3.0,1,2025-12-11 07:46:00
U122,99,1,,1,2026-09-23 18:27:00
U122,100,14,3.5,14,2026-09-14 17:23:00
U122,101,16,3.67,16,2026-09-23 18:27:00
U122,102,7,4.5,7,2026-09-08 07:53:00
U123,23,2,,2,2026-09-29 12:26:00
U123,29,2,3.0,2,2026-09-28 12:35:00
U123,80,3,4.5,3,2026-08-31 07:16:00
U123,82,1,,1,2026-09-14 12:26:00
U123,98,1,,1,2026-09-28 12:35:00
U123,100,3,5.0,3,2026-09-29 12:26:00
U123,101,1,5.0,1,2026-09-14 12:26:00
U124,11,1,,1,2026-01-09 12:46:00
U124,18,1,,1,2026-08-22 10:00:00
U124,27,1,2.0,1,2025-11-14 11:43:00
U124,36,8,4.75,8,2026-08-31 08:22:00
U124,37,1,3.0,1,2026-05-16 11:57:00
U124,39,1,,1,2026-01-09 12:46:00
U124,41,5,4.75,5,2026-08-20 13:14:00
U124,42,7,4.0,7,2026-09-08 07:32:00
U124,44,1,5.0,1,2026-03-02 07:16:00
U124,48,1,4.0,1,2025-12-15 09:43:00
U124,49,20,4.25,19,2026-09-10 07:12:00
U124,50,1,2.0,1,2026-02-26 09:52:00
U124,51,2,,2,2026-08-26 07:18:00
U124,58,1,,1,2026-03-15 10:34:00
U124,62,1,2.0,1,2026-05-18 08:35:00
U124,65,1,,1,2026-09-08 07:32:00
U124,67,1,,1,2026-04-21 15:25:00
U124,68,1,,1,2025-11-24 18:52:00
U124,72,2,3.0,2,2026-05-14 09:27:00
U124,74,1,,1,2026-09-10 07:12:00
U124,90,1,3.0,1,2026-01-15 08:12:00
U124,92,1,,1,2026-05-08 16:05:00
U124,95,2,4.0,2,2026-04-21 15:25:00
U124,96,9,4.17,9,2026-08-31 16:09:00
U124,98,2,4.0,2,2026-05-14 09:27:00
U124,99,2,,2,2025-12-15 09:43:00
U124,100,4,4.0,4,2026-08-08 18:41:00
U124,101,3,4.0,3,2026-09-10 07:12:00
U124,102,1,4.0,1,2025-11-14 11:43:00
U125,15,1,,1,2026-03-24 13:30:00
U125,17,5,3.0,4,2026-09-30 08:59:00
U125,19,1,,1,2026-03-11 14:58:00
U125,23,2,5.0,2,2026-04-22 15:43:00
U125,25,1,3.0,1,2026-03-02 09:22:00
U125,26,1,,1,2026-06-22 15:39:00
U125,44,1,,1,2026-08-31 18:33:00
U125,73,1,,1,2026-05-04 14:08:00
U125,77,1,3.0,1,2026-04-25 10:43:00
U125,82,11,3.0,10,2026-09-14 13:51:00
U125,90,1,3.0,1,2026-03-26 11:27:00
U125,93,2,,2,2026-08-23 19:45:00
U125,94,1,3.0,1,2026-09-14 13:51:00
U125,95,1,,1,2026-05-18 09:52:00
U125,98,2,4.0,2,2026-09-30 08:59:00
U125,99,1,,1,2026-06-22 15:39:00
U125,100,2,,2,2026-03-26 11:27:00
U125,101,2,,2,2026-05-18 09:52:00
U125,102,2,,2,2026-04-22 15:43:00
U126,2,1,,1,2026-02-20 14:27:00
U126,4,1,,1,2026-06-15 06:09:00
U126,15,3,4.0,3,2026-06-15 06:09:00
U126,28,2,3.0,2,2026-04-01 07:28:00
U126,34,8,4.0,7,2026-08-20 15:36:00
U126,36,1,4.0,1,2026-04-26 09:48:00
U126,37,1,,1,2026-02-08 06:38:00
U126,46,1,,1,2025-11-03 07:05:00
U126,51,1,3.0,1,2026-08-12 16:54:00
U126,54,5,4.0,5,2026-09-15 13:13:00
U126,63,1,,1,2026-08-12 16:54:00
U126,64,1,4.0,1,2025-11-03 07:05:00
U126,70,4,3.67,4,2026-07-18 08:10:00
U126,71,1,3.0,1,2026-09-26 06:06:00
U126,76,1,,1,2026-09-02 11:32:00
U126,77,1,,1,2026-02-20 14:27:00
U126,78,3,5.0,3,2026-07-17 08:40:00
U126,81,10,4.2,9,2026-04-19 06:34:00
U126,82,2,3.0,2,2026-09-08 17:56:00
U126,95,6,4.0,6,2026-06-12 07:25:00
U126,100,6,5.0,6,2026-07-14 17:34:00
U126,101,3,4.0,3,2026-09-15 13:13:00
U127,1,15,5.0,15,2026-09-17 07:15:00
U127,2,9,3.8,9,2026-07-04 08:32:00
U127,3,4,3.0,4,2026-06-10 16:49:00
U127,4,3,,3,2026-09-10 06:49:00
U127,5,3,3.0,3,2026-07-29 17:29:00
U127,6,12,3.22,12,2026-09-05 15:27:00
U127,7,6,4.0,6,2026-08-26 07:56:00
U127,8,5,3.0,5,2026-07-25 08:23:00
U127,9,3,2.0,3,2026-04-23 17:06:00
U127,11,5,,5,2026-05-19 09:22:00
U127,12,2,3.0,2,2026-05-31 15:43:00
U127,14,1,,1,2025-11-02 08:38:00
U127,15,2,3.0,2,2026-09-20 09:51:00
U127,23,3,2.0,3,2026-07-14 16:56:00
U127,27,1,,1,2026-03-18 07:55:00
U127,28,1,,1,2026-04-02 09:53:00
U127,29,3,2.0,3,2026-03-29 10:50:00
U127,31,1,3.0,1,2026-07-22 06:51:00
U127,32,1,3.0,1,2025-10-24 16:40:00
U127,33,101,2.59,100,2026-09-27 14:50:00
U127,34,4,2.5,4,2026-09-01 07:42:00
U127,36,2,2.0,2,2026-09-30 15:37:00
U127,37,1,,1,2026-08-06 07:36:00
U127,38,1,,1,2026-09-27 15:14:00
U127,39,5,2.0,5,2026-06-27 14:17:00
U127,40,1,2.0,1,2025-12-13 08:27:00
U127,43,4,3.0,4,2026-07-08 07:21:00
U127,44,1,,1,2026-01-10 07:19:00
U127,45,7,2.4,7,2026-08-27 08:44:00
U127,46,2,2.0,2,2026-09-20 07:03:00
U127,49,6,3.5,6,2026-09-10 16:06:00
U127,50,3,2.0,3,2026-05-05 08:07:00
U127,52,1,3.0,1,2026-08-25 07:14:00
U127,53,1,2.0,1,2026-09-24 09:40:00
U127,54,4,3.0,4,2026-09-02 08:55:00
U127,56,1,2.0,1,2026-09-05 15:27:00
U127,57,1,,1,2026-02-06 09:18:00
U127,59,1,,1,2025-10-06 15:09:00
U127,61,1,,1,2026-08-28 17:30:00
U127,62,26,2.14,26,2026-09-12 06:20:00
U127,63,1,,1,2026-06-10 15:45:00
U127,65,3,,3,2026-08-06 16:16:00
U127,66,3,2.5,3,2026-07-20 08:38:00
U127,67,1,,1,2026-05-31 15:43:00
U127,68,3,2.0,3,2026-07-09 06:41:00
U127,69,1,,1,2026-09-24 15:29:00
U127,70,3,2.0,3,2026-08-27 10:25:00
U127,71,1,2.0,1,2026-01-01 07:38:00
U127,72,1,,1,2026-05-19 16:25:00
U127,73,2,,2,2026-03-04 17:40:00
U127,75,5,2.5,5,2026-09-20 07:03:00
U127,82,1,,1,2026-01-01 07:38:00
U127,84,1,1.0,1,2026-05-12 15:53:00
U127,85,3,2.0,3,2026-05-21 09:41:00
U127,86,1,2.0,1,2025-11-02 07:16:00
U127,88,1,2.0,1,2025-10-29 16:54:00
U127,90,37,2.53,37,2026-09-30 06:21:00
U127,93,6,3.0,6,2026-08-25 07:14:00
U127,94,1,3.0,1,2026-02-14 09:29:00
U127,95,1,3.0,1,2026-09-21 07:12:00
U127,97,1,,1,2026-07-01 07:10:00
U127,98,7,3.0,7,2026-09-30 15:37:00
U127,99,4,,4,2026-06-02 06:33:00
U127,100,24,3.55,24,2026-09-28 16:35:00
U127,101,25,3.5,25,2026-09-12 11:48:00
U127,102,12,3.5,12,2026-09-13 08:48:00
U128,31,1,3.0,1,2026-03-07 13:57:00
U128,34,1,1.0,1,2026-03-07 13:57:00
U128,41,1,,1,2026-05-07 14:54:00
U128,45,13,3.29,11,2026-09-06 10:00:00
U128,47,1,3.0,1,2026-08-20 10:55:00
U128,49,1,2.0,1,2026-03-07 13:57:00
U128,64,1,,1,2026-08-21 11:00:00
U128,70,5,3.0,5,2026-07-24 21:00:00
U128,71,10,2.83,10,2026-09-18 17:44:00
U128,72,1,2.0,1,2026-09-26 15:34:00
U128,75,1,,1,2026-06-01 17:05:00
U128,76,1,,1,2026-08-01 15:50:00
U128,78,1,,1,2026-03-17 14:04:00
U128,83,3,,3,2026-09-26 15:34:00
U128,84,2,3.0,2,2026-05-09 09:46:00
U128,86,4,2.5,4,2026-09-26 15:34:00
U128,87,1,3.0,1,2026-09-18 17:44:00
U128,88,3,3.0,3,2026-09-16 11:00:00
U128,89,1,3.0,1,2026-08-01 19:21:00
U128,90,2,5.0,2,2026-08-01 15:50:00
U128,99,1,3.0,1,2026-08-24 10:32:00
U128,100,2,4.0,2,2026-05-31 11:54:00
U128,101,2,,2,2026-08-28 15:02:00
U128,102,5,3.0,5,2026-08-01 15:50:00
U130,1,13,3.5,13,2026-08-28 06:02:00
U130,2,5,3.5,5,2026-09-04 17:22:00
U130,3,3,2.0,3,2026-02-27 07:10:00
U130,4,39,2.79,37,2026-09-16 06:51:00
U130,5,1,,1,2026-07-23 08:39:00
U130,6,6,4.0,6,2026-06-20 17:16:00
U130,7,43,4.88,42,2026-09-29 07:11:00
U130,9,7,4.0,7,2026-09-13 08:53:00
U130,10,3,,3,2026-07-04 15:05:00
U130,13,1,,1,2026-03-21 08:28:00
U130,16,3,,3,2026-09-23 07:47:00
U130,18,1,,1,2025-12-27 06:00:00
U130,22,3,3.0,3,2026-09-29 07:11:00
U130,24,1,,1,2026-08-23 07:03:00
U130,27,2,,2,2026-07-25 08:15:00
U130,29,1,,1,2026-03-06 09:58:00
U130,32,1,,1,2026-07-27 16:54:00
U130,33,1,2.0,1,2026-08-12 16:12:00
U130,35,1,,1,2026-05-22 06:15:00
U130,36,1,,1,2025-11-04 07:52:00
U130,42,1,2.0,1,2025-10-11 10:21:00
U130,44,1,3.0,1,2026-05-19 11:26:00
U130,48,1,2.0,1,2026-07-27 17:12:00
U130,49,1,,1,2026-09-25 16:36:00
U130,50,1,,1,2026-09-18 07:58:00
U130,54,3,3.0,3,2026-09-12 17:31:00
U130,55,1,,1,2026-06-20 17:16:00
U130,57,1,,1,2026-02-07 07:35:00
U130,60,1,,1,2026-02-22 15:08:00
U130,65,1,,1,2026-08-05 17:52:00
U130,73,1,,1,2026-06-18 08:51:00
U130,76,1,,1,2026-08-10 16:13:00
U130,77,1,,1,2026-02-22 09:07:00
U130,79,1,,1,2026-05-15 16:02:00
U130,80,1,,1,2026-07-04 15:05:00
U130,82,1,2.0,1,2026-02-22 09:07:00
U130,84,1,,1,2025-11-04 07:52:00
U130,92,1,,1,2026-09-01 12:48:00
U130,97,1,,1,2026-06-29 14:26:00
U130,98,6,3.5,6,2026-09-04 17:22:00
U130,99,3,4.0,3,2026-08-19 15:51:00
U130,100,11,4.0,11,2026-08-23 07:03:00
U130,101,27,3.89,27,2026-09-16 06:51:00
U130,102,7,4.0,7,2026-09-04 06:52:00
U131,22,9,3.0,9,2026-09-30 10:36:00
U131,23,1,,1,2026-05-01 06:36:00
U131,28,1,3.0,1,2026-09-17 17:40:00
U131,36,5,5.0,5,2026-09-21 08:18:00
U131,37,3,,3,2026-09-26 06:17:00
U131,38,1,,1,2026-04-01 06:41:00
U131,39,1,,1,2026-05-30 08:52:00
U131,40,1,5.0,1,2026-05-15 15:16:00
U131,41,1,,1,2025-12-18 07:51:00
U131,42,5,4.5,5,2026-09-20 10:05:00
U131,44,2,3.0,2,2026-09-17 17:40:00
U131,49,1,,1,2026-06-16 07:03:00
U131,63,1,,1,2026-03-20 17:06:00
U131,64,1,,1,2025-11-14 14:24:00
U131,91,1,4.0,1,2026-09-21 08:06:00
U131,92,2,,2,2026-03-09 09:40:00
U131,93,1,4.0,1,2026-03-20 17:06:00
U131,98,4,3.0,4,2026-09-20 10:05:00
U131,101,3,,3,2026-05-27 09:05:00
U131,102,1,,1,2026-03-20 17:06:00
U132,1,8,,8,2026-08-07 09:25:00
U132,2,49,5.0,46,2026-09-01 08:32:00
U132,4,31,4.33,31,2026-09-25 17:56:00
U132,5,4,3.0,4,2026-06-21 08:35:00
U132,6,7,,6,2026-09-01 08:32:00
U132,7,2,,2,2026-05-12 15:20:00
U132,8,6,,6,2026-07-28 15:42:00
U132,9,1,4.0,1,2025-10-07 16:52:00
U132,10,2,,2,2026-09-01 08:32:00
U132,11,1,,1,2025-11-20 16:41:00
U132,13,2,,2,2026-06-12 07:24:00
U132,14,3,,3,2026-07-28 15:42:00
U132,15,7,,7,2026-09-29 17:16:00
U132,18,2,,2,2026-06-22 12:16:00
U132,19,2,4.0,2,2026-09-15 07:13:00
U132,20,1,,1,2026-01-29 17:35:00
U132,22,1,,1,2026-07-29 08:15:00
U132,23,1,,1,2025-10-14 06:06:00
U132,28,1,,1,2025-12-07 07:28:00
U132,30,1,,1,2025-12-28 13:41:00
U132,36,1,,1,2026-06-17 16:22:00
U132,41,1,,1,2025-11-20 16:41:00
U132,43,2,,2,2026-06-22 17:37:00
U132,47,1,,1,2026-04-05 12:59:00
U132,51,3,3.0,3,2026-06-15 06:33:00
U132,52,5,3.5,5,2026-05-20 16:04:00
U132,53,1,3.0,1,2026-06-21 09:41:00
U132,59,2,,2,2026-08-22 07:49:00
U132,61,1,,1,2026-06-19 16:01:00
U132,67,1,,1,2026-07-16 15:38:00
U132,71,5,,5,2026-09-05 12:38:00
U132,80,1,,1,2026-03-29 17:21:00
U132,84,1,,1,2026-01-11 13:40:00
U132,85,1,,1,2026-05-26 16:19:00
U132,87,1,,1,2026-06-08 06:38:00
U132,88,1,,1,2026-08-13 08:34:00
U132,95,1,4.0,1,2025-10-11 11:32:00
U132,98,4,,4,2026-07-18 06:06:00
U132,99,5,,5,2026-09-01 08:32:00
U132,100,6,5.0,6,2026-08-16 17:10:00
U132,101,24,4.4,24,2026-09-25 17:56:00
U132,102,11,4.0,11,2026-09-29 17:16:00
U133,2,1,,1,2026-09-09 15:22:00
U133,7,3,,3,2026-08-20 17:26:00
U133,13,2,,2,2026-08-06 17:12:00
U133,32,1,,1,2025-12-20 21:48:00
U133,40,16,2.5,16,2026-09-09 15:22:00
U133,63,1,,1,2026-09-09 15:22:00
U133,71,15,,14,2026-08-21 15:08:00
U133,72,1,,1,2026-02-05 15:00:00
U133,73,1,,1,2026-04-11 20:18:00
U133,74,1,,1,2026-08-01 16:03:00
U133,75,1,,1,2026-08-16 21:46:00
U133,77,1,,1,2025-11-09 19:08:00
U133,80,1,,1,2026-01-16 19:00:00
U133,81,6,,6,2026-08-17 10:11:00
U133,84,1,,1,2026-04-11 20:18:00
U133,95,1,,1,2026-05-02 20:02:00
U133,98,1,,1,2025-10-19 10:48:00
U133,99,1,,1,2025-12-11 21:35:00
U133,100,2,4.0,2,2026-02-23 10:33:00
U133,101,5,,5,2026-08-06 17:12:00
U133,102,1,,1,2026-08-12 09:12:00
U134,1,2,2.0,2,2026-09-20 11:49:00
U134,5,1,,1,2026-05-11 13:43:00
U134,9,1,,1,2025-10-04 15:49:00
U134,30,1,,1,2026-04-01 13:06:00
U134,33,1,1.0,1,2026-08-01 15:36:00
U134,36,6,3.5,6,2026-09-20 11:49:00
U134,37,1,4.0,1,2025-12-29 09:33:00
U134,38,1,,1,2025-10-22 10:52:00
U134,40,3,2.5,3,2026-07-18 20:38:00
U134,41,16,4.33,16,2026-09-11 18:52:00
U134,42,3,3.0,3,2026-04-01 13:06:00
U134,47,2,,2,2025-12-11 15:03:00
U134,48,2,3.0,2,2026-08-12 21:20:00
U134,49,4,3.67,4,2026-04-18 12:28:00
U134,60,5,2.0,5,2026-08-21 13:50:00
U134,62,1,3.0,1,2026-04-22 20:59:00
U134,67,2,1.5,2,2026-09-13 11:47:00
U134,70,1,3.0,1,2026-04-01 16:48:00
U134,81,1,,1,2025-10-22 10:52:00
U134,88,1,2.0,1,2026-09-09 16:58:00
U134,90,1,,1,2026-02-03 18:18:00
U134,93,2,,2,2026-05-20 11:31:00
U134,94,1,3.0,1,2026-05-27 10:53:00
U134,95,5,2.67,5,2026-05-28 16:31:00
U134,96,2,3.0,2,2026-01-24 21:01:00
U134,98,1,4.0,1,2026-09-01 17:21:00
U134,99,1,3.0,1,2026-05-27 10:53:00
U134,100,6,2.5,6,2026-09-01 17:21:00
U134,101,3,,3,2026-09-09 16:58:00
U134,102,3,4.0,3,2026-08-12 21:20:00
U135,3,1,,1,2025-10-28 13:19:00
U135,5,1,,1,2026-08-30 09:50:00
U135,6,1,,1,2025-11-04 15:37:00
U135,12,1,,1,2026-01-12 10:19:00
U135,15,1,2.0,1,2026-07-21 10:28:00
U135,16,1,,1,2025-10-26 16:02:00
U135,17,1,,1,2026-01-09 14:47:00
U135,18,1,,1,2026-04-18 09:32:00
U135,20,1,3.0,1,2026-01-23 08:52:00
U135,21,1,,1,2026-02-27 09:56:00
U135,27,3,,3,2026-03-05 16:49:00
U135,28,1,,1,2026-03-25 10:58:00
U135,29,2,4.0,2,2026-08-07 08:27:00
U135,30,3,,3,2026-08-26 08:20:00
U135,32,11,4.0,10,2026-06-15 13:27:00
U135,36,4,2.0,4,2026-09-20 21:09:00
U135,41,2,2.5,2,2026-06-01 15:52:00
U135,43,1,,1,2026-05-07 10:46:00
U135,45,1,,1,2026-02-27 09:56:00
U135,52,98,2.56,92,2026-09-23 16:25:00
U135,54,2,3.0,2,2026-09-02 18:45:00
U135,60,3,3.0,3,2025-12-18 15:13:00
U135,61,1,2.0,1,2025-12-21 14:29:00
U135,62,4,2.0,4,2026-08-18 11:59:00
U135,64,3,3.0,3,2026-05-03 15:58:00
U135,66,4,,4,2026-05-08 13:20:00
U135,69,5,4.0,5,2026-09-22 14:26:00
U135,77,2,,2,2026-08-01 09:28:00
U135,81,1,3.0,1,2026-05-10 18:25:00
U135,82,1,,1,2026-05-23 15:47:00
U135,84,1,1.0,1,2026-08-27 17:37:00
U135,85,1,,1,2026-02-04 16:17:00
U135,86,1,,1,2025-11-18 17:57:00
U135,87,1,2.0,1,2026-08-11 09:55:00
U135,89,1,,1,2026-08-07 19:06:00
U135,94,1,,1,2026-06-26 14:19:00
U135,98,1,,1,2026-08-28 09:19:00
U135,99,2,,2,2025-10-15 13:57:00
U135,100,4,4.0,4,2026-09-13 17:21:00
U135,101,11,3.5,11,2026-08-30 09:50:00
U135,102,11,4.0,11,2026-09-22 14:26:00
U136,2,2,5.0,2,2026-09-20 17:10:00
U136,6,3,3.0,3,2026-08-20 09:03:00
U136,7,11,3.5,11,2026-09-23 15:42:00
U136,53,1,,1,2026-01-08 17:49:00
U136,54,1,,1,2025-11-12 17:00:00
U136,57,1,,1,2026-02-26 09:05:00
U136,75,23,2.2,21,2026-07-28 17:03:00
U136,78,1,,1,2026-04-20 08:27:00
U136,86,1,,1,2025-10-12 16:05:00
U136,99,1,,1,2026-05-15 09:26:00
U136,100,2,3.0,2,2026-02-26 09:05:00
U136,101,7,3.5,7,2026-09-23 15:42:00
U136,102,1,4.0,1,2026-03-27 07:04:00
U137,1,4,,4,2026-09-06 09:20:00
U137,2,55,4.32,52,2026-09-25 17:18:00
U137,5,2,4.0,2,2026-06-21 07:31:00
U137,6,25,5.0,25,2026-09-24 08:14:00
U137,7,23,4.5,20,2026-09-23 06:52:00
U137,9,7,,7,2026-09-10 07:30:00
U137,10,1,,1,2026-03-28 09:55:00
U137,12,1,,1,2026-02-21 08:34:00
U137,13,1,,1,2026-04-09 10:55:00
U137,15,1,,1,2026-09-12 13:20:00
U137,16,1,3.0,1,2025-12-11 06:56:00
U137,18,1,,1,2025-12-03 06:48:00
U137,21,1,,1,2026-02-27 06:39:00
U137,27,2,3.0,2,2026-09-17 11:44:00
U137,29,1,,1,2026-02-18 17:03:00
U137,30,1,4.0,1,2026-04-30 07:48:00
U137,35,1,4.0,1,2026-09-12 13:20:00
U137,37,1,3.0,1,2026-09-25 17:18:00
U137,38,1,,1,2026-08-01 09:00:00
U137,45,1,,1,2026-03-23 06:08:00
U137,46,1,3.0,1,2025-10-15 16:22:00
U137,50,2,4.0,2,2026-04-01 06:51:00
U137,55,1,3.0,1,2026-09-23 17:47:00
U137,56,1,2.0,1,2026-07-19 06:47:00
U137,70,2,,2,2026-08-22 14:07:00
U137,74,1,,1,2026-05-12 15:29:00
U137,77,1,,1,2026-05-03 06:43:00
U137,83,1,,1,2026-07-09 06:29:00
U137,91,1,,1,2026-08-31 12:29:00
U137,98,5,4.0,5,2026-09-23 06:52:00
U137,99,4,,4,2026-08-31 12:29:00
U137,100,8,5.0,8,2026-08-31 12:29:00
U137,101,31,3.78,31,2026-09-25 08:02:00
U137,102,11,4.0,11,2026-09-17 11:44:00
U138,3,1,3.0,1,2026-01-16 16:47:00
U138,5,2,3.0,2,2026-08-30 14:21:00
U138,6,4,2.67,4,2026-09-09 15:37:00
U138,7,3,2.5,3,2026-06-04 21:30:00
U138,8,3,3.0,3,2026-07-15 17:11:00
U138,9,4,3.0,4,2026-08-09 16:31:00
U138,10,1,3.0,1,2025-10-25 14:37:00
U138,11,3,3.0,3,2026-09-26 10:40:00
U138,12,1,2.0,1,2026-04-09 18:19:00
U138,13,13,3.0,13,2026-08-08 15:33:00
U138,20,7,4.0,7,2026-08-18 14:42:00
U138,21,2,2.5,2,2025-12-13 10:45:00
U138,23,2,,2,2026-06-10 09:17:00
U138,24,2,,2,2026-08-29 12:14:00
U138,25,1,2.0,1,2026-05-19 15:21:00
U138,26,1,,1,2025-12-14 21:37:00
U138,28,2,2.0,2,2026-04-18 18:46:00
U138,29,2,1.0,2,2026-08-25 09:17:00
U138,30,1,,1,2025-11-15 14:09:00
U138,31,1,2.0,1,2026-04-19 16:53:00
U138,32,1,,1,2026-02-17 14:56:00
U138,33,1,3.0,1,2026-02-14 19:41:00
U138,34,1,,1,2025-12-14 19:42:00
U138,35,9,2.5,9,2026-07-26 19:03:00
U138,36,1,,1,2026-09-28 16:30:00
U138,37,2,2.0,2,2025-12-17 14:44:00
U138,41,2,,2,2026-09-13 16:49:00
U138,42,1,,1,2026-02-06 20:10:00
U138,44,1,2.0,1,2026-01-11 17:42:00
U138,45,1,,1,2026-06-21 15:27:00
U138,48,2,,2,2026-06-27 14:13:00
U138,49,2,1.0,2,2026-05-22 14:05:00
U138,50,4,2.0,4,2026-07-12 20:58:00
U138,52,1,2.0,1,2026-07-31 15:13:00
U138,53,5,2.33,5,2026-09-15 21:28:00
U138,54,11,4.5,11,2026-09-14 09:18:00
U138,55,3,3.0,3,2026-09-09 15:37:00
U138,56,6,4.0,6,2026-08-23 19:10:00
U138,57,14,3.2,14,2026-07-26 19:03:00
U138,58,17,4.5,17,2026-09-15 21:28:00
U138,59,16,3.5,15,2026-09-28 17:14:00
U138,60,7,3.0,7,2026-09-15 11:45:00
U138,61,8,3.8,8,2026-05-10 17:14:00
U138,62,6,2.25,6,2026-09-19 18:11:00
U138,63,26,3.86,25,2026-09-11 18:34:00
U138,64,1,,1,2026-06-16 20:22:00
U138,65,23,4.14,23,2026-09-12 21:03:00
U138,66,8,3.5,8,2026-08-28 19:23:00
U138,67,1,,1,2026-06-21 18:45:00
U138,68,13,3.0,13,2026-09-29 09:36:00
U138,69,5,3.0,5,2026-07-29 15:31:00
U138,70,2,3.5,2,2026-06-05 18:23:00
U138,71,6,3.0,6,2026-08-29 14:37:00
U138,72,13,3.5,13,2026-09-18 15:05:00
U138,73,3,3.0,3,2026-05-23 19:43:00
U138,74,1,,1,2026-01-25 18:20:00
U138,75,4,3.0,4,2026-05-23 12:59:00
U138,76,5,,5,2026-08-02 21:45:00
U138,77,11,2.5,11,2026-09-13 15:55:00
U138,78,3,2.5,3,2026-09-12 20:25:00
U138,79,9,3.0,9,2026-09-29 09:20:00
U138,80,1,3.0,1,2026-05-07 16:39:00
U138,81,1,,1,2026-01-09 21:03:00
U138,84,3,,3,2026-06-06 19:21:00
U138,85,2,,2,2026-07-15 17:11:00
U138,87,1,2.0,1,2026-04-04 12:01:00
U138,89,2,2.0,2,2026-03-21 18:53:00
U138,90,3,,3,2026-07-23 16:11:00
U138,91,4,2.0,4,2026-07-29 15:31:00
U138,92,4,2.0,4,2026-07-18 18:08:00
U138,93,1,,1,2026-04-05 14:32:00
U138,94,1,,1,2026-01-16 16:47:00
U138,98,8,2.5,8,2026-08-18 14:42:00
U138,99,7,,7,2026-08-16 12:07:00
U138,100,20,2.83,20,2026-08-28 19:23:00
U138,101,18,3.0,18,2026-09-14 09:18:00
U138,102,8,3.33,8,2026-09-28 17:14:00
U139,7,1,5.0,1,2026-08-24 08:38:00
U139,8,1,4.0,1,2026-08-04 07:45:00
U139,9,1,4.0,1,2026-07-31 14:57:00
U139,11,3,3.0,3,2026-08-19 07:50:00
U139,12,1,,1,2026-08-28 14:58:00
U139,32,1,4.0,1,2026-09-01 08:47:00
U139,35,2,4.0,2,2026-08-23 10:21:00
U139,40,1,,1,2026-07-28 15:40:00
U139,44,1,4.0,1,2026-09-07 14:06:00
U139,45,2,3.0,2,2026-09-24 18:19:00
U139,46,1,,1,2026-07-27 15:10:00
U139,54,3,4.5,3,2026-07-31 18:27:00
U139,55,1,,1,2026-09-24 18:19:00
U139,56,6,3.5,6,2026-09-21 14:08:00
U139,58,2,,2,2026-09-07 14:06:00
U139,59,1,5.0,1,2026-07-09 09:43:00
U139,60,4,4.0,4,2026-09-13 18:59:00
U139,61,5,5.0,5,2026-09-13 18:59:00
U139,62,1,,1,2026-09-27 11:26:00
U139,63,10,5.0,10,2026-09-22 11:46:00
U139,67,24,4.88,23,2026-09-17 18:11:00
U139,68,2,3.0,2,2026-09-17 18:11:00
U139,69,1,,1,2026-08-28 07:36:00
U139,72,2,4.0,2,2026-09-21 14:24:00
U139,80,1,,1,2026-09-17 18:11:00
U139,86,1,4.0,1,2026-09-02 16:00:00
U139,89,1,,1,2026-09-27 11:26:00
U139,98,2,4.0,2,2026-09-27 11:26:00
U139,99,2,5.0,2,2026-07-09 09:43:00
U139,100,7,4.33,7,2026-09-17 09:07:00
U139,101,6,4.5,6,2026-08-21 14:59:00
U139,102,2,,2,2026-09-02 16:00:00
U140,4,1,,1,2026-01-01 12:27:00
U140,5,2,3.5,2,2026-09-03 07:13:00
U140,6,1,,1,2025-12-13 14:17:00
U140,7,4,4.0,4,2026-07-30 14:35:00
U140,10,1,,1,2025-10-13 08:52:00
U140,12,1,,1,2026-04-14 09:03:00
U140,32,1,,1,2026-01-08 07:18:00
U140,47,1,,1,2025-12-13 14:17:00
U140,54,2,3.0,2,2026-09-02 16:18:00
U140,56,1,,1,2026-04-10 19:41:00
U140,59,6,4.0,6,2026-07-31 14:27:00
U140,63,28,3.86,26,2026-08-30 16:59:00
U140,65,1,,1,2026-02-02 07:17:00
U140,83,1,,1,2026-04-01 15:41:00
U140,86,1,,1,2026-06-02 15:23:00
U140,98,2,,2,2026-04-02 16:07:00
U140,100,2,,2,2026-04-10 19:41:00
U140,101,4,4.5,4,2026-04-01 15:41:00
U140,102,1,,1,2026-07-20 09:02:00
U141,4,1,3.0,1,2026-02-13 08:20:00
U141,9,1,,1,2026-04-16 09:21:00
U141,10,1,4.0,1,2026-03-23 15:26:00
U141,11,1,3.0,1,2026-02-22 11:47:00
U141,19,1,,1,2025-12-31 08:13:00
U141,21,1,,1,2025-12-11 11:13:00
U141,29,1,,1,2026-06-05 15:52:00
U141,30,1,3.0,1,2025-10-28 15:03:00
U141,33,34,3.2,32,2026-09-21 07:33:00
U141,36,2,,2,2026-09-01 08:38:00
U141,37,3,4.0,3,2026-09-24 16:18:00
U141,41,14,3.4,14,2026-09-25 07:58:00
U141,45,1,4.0,1,2026-04-16 09:21:00
U141,47,10,4.33,10,2026-05-24 17:54:00
U141,51,1,,1,2026-01-30 13:57:00
U141,52,3,4.0,3,2026-08-15 11:45:00
U141,54,1,,1,2026-01-03 18:44:00
U141,55,1,,1,2026-06-25 18:42:00
U141,58,1,3.0,1,2026-07-11 11:44:00
U141,61,1,,1,2025-11-24 09:45:00
U141,70,1,3.0,1,2026-05-07 08:27:00
U141,71,3,3.0,3,2026-01-18 09:54:00
U141,73,1,,1,2026-01-03 18:44:00
U141,74,3,3.5,3,2026-08-15 11:45:00
U141,75,1,,1,2026-07-16 11:07:00
U141,76,2,4.0,2,2026-07-01 14:29:00
U141,79,1,,1,2026-08-03 14:19:00
U141,83,37,5.0,36,2026-09-04 15:17:00
U141,84,9,4.0,9,2026-09-27 10:42:00
U141,85,1,,1,2026-05-24 17:54:00
U141,86,2,,2,2026-08-21 08:19:00
U141,87,1,,1,2026-07-01 14:29:00
U141,88,6,4.0,6,2026-07-25 17:10:00
U141,89,5,4.0,5,2026-07-24 13:00:00
U141,90,2,4.0,2,2026-05-11 13:13:00
U141,92,1,,1,2026-01-18 09:54:00
U141,95,1,4.0,1,2026-05-25 09:57:00
U141,98,1,,1,2026-07-15 07:21:00
U141,99,2,,2,2025-11-07 08:17:00
U141,100,7,4.0,7,2026-08-10 08:44:00
U141,101,8,4.0,8,2026-08-03 14:19:00
U141,102,8,4.33,8,2026-09-25 07:58:00
U142,1,2,5.0,2,2026-09-26 14:13:00
U142,2,22,4.83,21,2026-08-31 19:49:00
U142,4,4,4.0,4,2026-07-26 11:48:00
U142,5,4,4.0,4,2026-06-11 11:31:00
U142,6,6,4.33,6,2026-08-11 11:39:00
U142,7,93,4.85,85,2026-09-26 14:13:00
U142,8,1,,1,2026-08-12 13:16:00
U142,9,1,,1,2026-02-18 08:12:00
U142,10,8,3.0,8,2026-09-25 15:49:00
U142,11,1,4.0,1,2026-06-12 14:57:00
U142,18,1,,1,2025-12-11 16:29:00
U142,21,1,3.0,1,2025-11-04 14:13:00
U142,23,1,,1,2026-03-25 19:30:00
U142,24,1,,1,2026-09-20 09:30:00
U142,30,2,,2,2025-11-07 09:11:00
U142,33,1,,1,2026-04-25 16:38:00
U142,35,1,,1,2026-08-12 18:52:00
U142,36,1,2.0,1,2026-03-04 13:32:00
U142,37,1,,1,2026-02-16 07:01:00
U142,40,2,3.0,2,2026-06-10 07:06:00
U142,41,2,,2,2026-06-12 17:18:00
U142,47,1,,1,2026-02-02 12:12:00
U142,62,1,,1,2026-01-14 17:57:00
U142,63,1,,1,2026-09-20 20:38:00
U142,65,6,,6,2026-08-06 18:54:00
U142,69,3,,3,2026-09-18 08:47:00
U142,70,1,3.0,1,2026-06-17 08:29:00
U142,73,1,4.0,1,2026-08-03 15:03:00
U142,75,1,,1,2025-10-28 09:26:00
U142,77,17,3.25,17,2026-08-15 20:05:00
U142,81,2,4.0,2,2026-09-22 16:48:00
U142,88,1,,1,2026-07-01 08:46:00
U142,95,1,,1,2026-03-09 07:52:00
U142,98,5,3.0,5,2026-07-15 19:46:00
U142,99,3,,3,2026-04-08 07:51:00
U142,100,2,,2,2026-08-06 18:54:00
U142,101,22,4.2,22,2026-09-11 09:30:00
U142,102,6,4.0,6,2026-05-24 16:59:00
U143,1,2,,2,2026-09-08 15:50:00
U143,2,1,,1,2026-09-12 16:45:00
U143,4,4,4.0,4,2026-09-27 10:06:00
U143,7,1,,1,2026-09-10 16:59:00
U143,8,1,,1,2026-09-10 16:59:00
U143,10,1,3.0,1,2026-09-30 09:07:00
U143,26,1,4.0,1,2026-08-31 11:21:00
U143,41,1,4.0,1,2026-09-24 09:50:00
U143,98,1,,1,2026-09-24 09:50:00
U143,101,1,5.0,1,2026-09-27 10:06:00
U143,102,1,4.0,1,2026-09-08 15:50:00
U144,1,1,5.0,1,2026-03-20 14:05:00
U144,2,4,4.0,4,2026-08-26 20:00:00
U144,12,1,,1,2026-05-04 16:49:00
U144,13,1,,1,2026-07-20 16:38:00
U144,15,1,,1,2026-05-04 21:57:00
U144,18,3,,3,2026-09-13 09:48:00
U144,20,2,4.0,2,2026-03-22 16:45:00
U144,27,1,5.0,1,2026-06-26 11:04:00
U144,34,1,,1,2026-09-11 14:46:00
U144,39,6,4.67,6,2026-09-15 11:43:00
U144,40,1,,1,2025-12-18 13:19:00
U144,43,1,5.0,1,2026-04-28 10:40:00
U144,48,2,5.0,2,2026-07-06 08:15:00
U144,51,1,,1,2026-09-04 16:44:00
U144,57,1,,1,2026-03-22 16:45:00
U144,62,4,,4,2026-09-04 16:44:00
U144,66,7,4.0,7,2026-06-29 11:28:00
U144,70,2,,2,2026-04-28 10:40:00
U144,72,1,,1,2026-02-28 16:33:00
U144,73,1,,1,2026-02-28 16:33:00
U144,74,3,4.5,3,2026-07-13 11:27:00
U144,78,4,5.0,4,2026-09-04 10:02:00
U144,79,1,4.0,1,2026-02-22 13:57:00
U144,80,1,,1,2026-09-05 11:33:00
U144,83,1,,1,2026-09-13 09:48:00
U144,85,1,,1,2026-09-27 11:29:00
U144,92,2,5.0,2,2025-12-18 13:19:00
U144,94,1,,1,2026-04-29 14:19:00
U144,96,2,4.5,2,2026-05-04 16:49:00
U144,98,1,,1,2026-03-20 14:05:00
U144,99,1,5.0,1,2026-03-02 08:51:00
U144,100,6,,6,2026-09-13 09:48:00
U144,101,2,5.0,2,2026-09-11 14:46:00
U144,102,1,,1,2025-11-26 18:24:00
U145,10,1,,1,2026-05-03 09:43:00
U145,13,1,,1,2025-10-07 10:38:00
U145,15,1,4.0,1,2025-12-07 17:13:00
U145,26,1,,1,2026-01-17 17:47:00
U145,27,24,5.0,24,2026-09-30 08:39:00
U145,31,1,,1,2026-08-03 17:12:00
U145,33,1,,1,2025-10-24 16:54:00
U145,34,1,,1,2026-06-21 09:40:00
U145,39,1,,1,2026-04-20 19:16:00
U145,41,2,,2,2026-07-12 17:55:00
U145,42,5,,5,2026-07-12 17:55:00
U145,44,5,3.5,5,2026-07-13 16:51:00
U145,46,1,,1,2025-10-19 14:36:00
U145,48,1,,1,2025-10-24 16:54:00
U145,58,1,,1,2025-10-26 15:00:00
U145,60,2,,2,2026-03-24 16:50:00
U145,70,1,,1,2026-06-08 21:00:00
U145,71,1,,1,2025-12-05 21:03:00
U145,75,1,,1,2026-04-15 16:41:00
U145,76,1,,1,2026-07-31 13:50:00
U145,80,1,,1,2026-07-31 13:50:00
U145,81,1,,1,2026-02-17 14:35:00
U145,85,1,3.0,1,2026-02-01 15:57:00
U145,87,1,,1,2026-06-21 09:40:00
U145,94,1,,1,2026-07-20 11:05:00
U145,98,3,,3,2026-09-16 11:28:00
U145,99,1,,1,2026-06-26 08:53:00
U145,100,9,,9,2026-09-30 08:39:00
U145,101,3,4.5,3,2026-02-28 09:25:00
U145,102,1,,1,2025-10-26 15:00:00
U146,6,1,,1,2026-06-14 08:38:00
U146,14,1,,1,2026-06-14 08:38:00
U146,46,1,3.0,1,2026-09-23 08:12:00
U146,51,9,5.0,9,2026-08-18 07:49:00
U146,70,1,,1,2026-03-03 15:07:00
U146,76,11,3.86,11,2026-08-20 11:31:00
U146,84,1,5.0,1,2026-06-09 06:45:00
U146,85,3,,3,2026-06-01 09:45:00
U146,88,1,4.0,1,2026-07-11 08:17:00
U146,90,4,4.0,4,2026-08-18 15:00:00
U146,98,1,,1,2026-08-08 08:51:00
U146,100,4,3.0,4,2026-08-13 15:33:00
U146,102,4,,4,2026-08-18 07:49:00
U147,2,1,3.0,1,2026-01-01 07:38:00
U147,4,6,,6,2026-08-03 08:18:00
U147,5,3,4.5,3,2026-09-18 15:27:00
U147,6,2,,2,2026-03-02 08:44:00
U147,7,6,4.0,5,2026-05-29 09:18:00
U147,9,1,,1,2025-12-05 09:57:00
U147,13,2,3.0,2,2025-12-22 15:37:00
U147,16,1,,1,2026-08-25 15:46:00
U147,18,1,2.0,1,2025-10-10 19:24:00
U147,20,3,,3,2026-07-03 18:46:00
U147,23,4,,4,2026-09-11 07:35:00
U147,24,1,,1,2026-04-14 16:21:00
U147,27,1,,1,2026-07-13 17:33:00
U147,34,1,,1,2026-05-29 09:18:00
U147,41,1,,1,2026-08-14 07:54:00
U147,56,1,,1,2026-02-19 11:30:00
U147,74,1,,1,2025-12-02 09:33:00
U147,91,2,,2,2025-12-07 17:43:00
U147,92,1,,1,2026-08-14 07:54:00
U147,97,1,,1,2026-05-25 13:55:00
U147,98,1,,1,2026-08-25 15:46:00
U147,100,3,4.0,3,2026-07-13 17:33:00
U147,101,6,,6,2026-09-18 15:27:00
U147,102,1,4.0,1,2025-12-07 17:43:00
U148,2,1,,1,2025-12-09 08:53:00
U148,3,1,,1,2025-12-08 09:13:00
U148,7,17,3.5,16,2026-09-11 09:35:00
U148,11,2,,2,2026-05-03 14:20:00
U148,14,1,,1,2026-03-10 14:57:00
U148,15,2,5.0,2,2026-08-20 09:49:00
U148,19,1,3.0,1,2025-10-31 14:33:00
U148,20,1,,1,2026-08-03 19:16:00
U148,22,2,4.0,2,2026-08-25 14:28:00
U148,24,1,4.0,1,2026-05-28 11:33:00
U148,25,1,,1,2026-08-07 13:11:00
U148,28,1,,1,2026-09-11 13:28:00
U148,37,2,,2,2026-01-05 07:12:00
U148,39,1,,1,2026-01-25 11:44:00
U148,40,1,,1,2025-12-10 14:28:00
U148,41,1,,1,2026-09-25 08:49:00
U148,45,3,4.0,3,2026-05-28 09:26:00
U148,47,3,3.5,3,2026-09-27 16:49:00
U148,49,1,,1,2025-12-29 11:55:00
U148,52,3,4.0,3,2026-07-23 13:28:00
U148,54,2,3.0,2,2026-09-26 11:36:00
U148,61,1,,1,2026-09-17 16:19:00
U148,65,1,,1,2026-03-20 13:12:00
U148,70,54,4.74,53,2026-09-26 11:36:00
U148,71,3,3.0,3,2026-09-15 08:23:00
U148,73,3,,3,2026-09-11 13:28:00
U148,75,1,,1,2026-05-26 07:56:00
U148,76,1,4.0,1,2026-06-11 09:17:00
U148,79,3,3.5,3,2026-09-17 16:19:00
U148,81,2,3.0,2,2026-02-02 07:48:00
U148,83,3,5.0,3,2026-05-01 12:15:00
U148,84,30,5.0,29,2026-09-19 14:45:00
U148,85,13,4.5,13,2026-06-27 14:38:00
U148,86,3,4.0,3,2026-09-03 08:46:00
U148,87,1,,1,2026-01-19 09:29:00
U148,88,2,4.0,2,2026-08-05 08:25:00
U148,89,7,4.5,7,2026-09-20 17:45:00
U148,90,3,4.5,3,2026-09-03 08:46:00
U148,95,1,3.0,1,2026-09-13 09:20:00
U148,98,3,5.0,3,2026-09-13 09:20:00
U148,99,2,4.0,2,2026-09-20 17:45:00
U148,100,7,4.0,7,2026-07-23 13:28:00
U148,101,14,4.44,14,2026-08-25 14:28:00
U148,102,12,4.33,12,2026-07-23 13:28:00
U149,1,2,3.0,2,2026-06-29 15:07:00
U149,2,12,4.0,12,2026-07-14 12:28:00
U149,4,1,,1,2025-10-05 10:14:00
U149,5,23,4.57,22,2026-09-24 16:24:00
U149,6,36,4.5,36,2026-09-08 14:22:00
U149,7,12,4.75,12,2026-09-02 17:38:00
U149,8,5,5.0,5,2026-09-24 16:24:00
U149,9,3,,3,2026-07-22 09:52:00
U149,10,4,,4,2026-07-06 08:48:00
U149,22,1,,1,2026-06-19 14:49:00
U149,24,1,3.0,1,2026-06-23 15:37:00
U149,25,2,2.0,1,2026-03-07 15:59:00
U149,30,2,3.0,2,2026-07-14 14:32:00
U149,37,5,,5,2026-08-25 19:10:00
U149,38,11,2.6,11,2026-09-23 09:37:00
U149,39,1,,1,2026-09-08 14:22:00
U149,45,1,,1,2026-05-07 19:24:00
U149,46,18,2.83,18,2026-09-25 12:58:00
U149,47,1,1.0,1,2026-01-08 13:22:00
U149,49,1,,1,2026-06-10 15:42:00
U149,60,1,,1,2026-03-07 20:48:00
U149,69,1,2.0,1,2026-05-22 12:51:00
U149,70,1,,1,2026-08-25 13:23:00
U149,71,1,2.0,1,2026-02-14 17:48:00
U149,74,1,4.0,1,2026-04-24 11:50:00
U149,75,1,3.0,1,2026-03-12 09:36:00
U149,78,2,,2,2026-04-05 09:05:00
U149,79,1,3.0,1,2025-12-30 08:08:00
U149,86,5,2.0,5,2026-06-19 09:08:00
U149,89,1,3.0,1,2026-04-10 12:45:00
U149,91,1,2.0,1,2026-01-25 17:18:00
U149,95,1,3.0,1,2026-05-19 11:33:00
U149,98,5,,5,2026-09-24 16:24:00
U149,99,3,,3,2026-08-26 08:01:00
U149,100,11,4.17,11,2026-09-24 07:34:00
U149,101,18,3.67,18,2026-08-25 19:10:00
U149,102,6,3.0,6,2026-08-28 15:37:00
U150,3,1,,1,2026-06-22 15:11:00
U150,4,1,2.0,1,2026-05-06 11:08:00
U150,5,2,,2,2026-09-21 13:42:00
U150,6,8,2.17,8,2026-07-24 12:29:00
U150,10,5,2.75,5,2026-04-09 09:48:00
U150,12,5,3.5,5,2026-09-03 09:25:00
U150,13,1,,1,2026-06-15 09:52:00
U150,14,5,3.0,5,2026-09-23 14:41:00
U150,15,5,4.0,5,2026-07-26 11:24:00
U150,16,7,4.67,7,2026-08-20 11:56:00
U150,17,1,,1,2025-12-17 07:10:00
U150,18,7,3.5,7,2026-07-23 09:48:00
U150,19,2,,2,2026-07-06 09:36:00
U150,20,4,2.0,4,2026-07-28 14:39:00
U150,21,2,2.0,2,2026-04-11 11:42:00
U150,22,5,3.0,5,2026-05-27 16:03:00
U150,23,16,3.38,15,2026-09-14 13:24:00
U150,24,1,4.0,1,2026-04-15 09:09:00
U150,25,3,3.0,3,2026-06-24 11:59:00
U150,26,1,,1,2026-05-23 10:40:00
U150,29,2,2.0,2,2026-08-07 09:51:00
U150,30,7,2.0,7,2026-08-02 14:17:00
U150,33,1,2.0,1,2026-01-05 08:40:00
U150,34,1,,1,2026-01-23 07:45:00
U150,35,1,3.0,1,2025-12-11 08:51:00
U150,36,6,2.0,6,2026-07-11 19:28:00
U150,37,4,,4,2026-04-01 07:53:00
U150,38,1,3.0,1,2026-05-07 09:10:00
U150,39,1,3.0,1,2026-01-10 17:38:00
U150,40,1,,1,2026-08-17 07:05:00
U150,41,1,,1,2026-09-14 13:24:00
U150,42,1,,1,2026-03-02 19:51:00
U150,44,1,,1,2026-08-09 19:02:00
U150,45,1,3.0,1,2026-07-03 14:33:00
U150,47,2,,2,2026-04-24 16:39:00
U150,48,3,2.0,3,2026-09-01 15:45:00
U150,49,3,2.0,3,2026-09-28 17:12:00
U150,50,18,2.71,18,2026-09-21 12:41:00
U150,51,4,3.0,4,2026-05-12 07:25:00
U150,53,1,,1,2025-11-06 14:12:00
U150,54,1,2.0,1,2025-12-10 14:02:00
U150,55,1,1.0,1,2026-09-16 09:29:00
U150,56,1,,1,2026-08-07 09:51:00
U150,58,1,,1,2026-05-22 12:42:00
U150,62,1,,1,2026-03-05 17:35:00
U150,63,3,2.0,3,2026-01-14 17:45:00
U150,64,26,2.64,26,2026-09-23 14:41:00
U150,65,1,2.0,1,2026-02-02 09:15:00
U150,66,19,2.38,19,2026-09-02 09:19:00
U150,67,2,2.0,2,2026-08-12 09:26:00
U150,68,3,1.0,3,2026-08-21 07:39:00
U150,69,13,2.86,13,2026-08-18 08:17:00
U150,72,1,,1,2026-02-15 11:23:00
U150,73,1,,1,2025-10-02 14:24:00
U150,77,1,3.0,1,2026-09-01 15:45:00
U150,78,1,2.0,1,2026-03-24 15:23:00
U150,79,1,,1,2026-07-26 11:24:00
U150,81,7,2.5,7,2026-06-24 14:43:00
U150,82,14,2.33,14,2026-09-24 14:35:00
U150,83,2,1.0,2,2026-08-17 07:24:00
U150,85,3,2.5,3,2026-06-20 10:19:00
U150,86,2,2.0,2,2026-05-23 10:40:00
U150,88,2,,2,2026-02-18 12:57:00
U150,89,2,2.0,2,2026-08-31 08:43:00
U150,90,20,2.83,20,2026-08-25 07:51:00
U150,92,3,3.0,3,2026-05-26 17:39:00
U150,94,5,2.33,5,2026-08-07 07:27:00
U150,95,59,2.64,57,2026-09-25 12:28:00
U150,97,1,2.0,1,2026-05-22 12:42:00
U150,98,11,3.5,11,2026-06-24 11:59:00
U150,99,6,3.0,6,2026-09-11 08:49:00
U150,100,17,3.67,17,2026-09-14 13:24:00
U150,101,37,3.92,37,2026-09-25 12:28:00
U150,102,10,4.0,10,2026-08-04 09:28:00
U151,2,1,,1,2026-02-20 07:23:00
U151,3,9,,9,2026-03-25 15:19:00
U151,5,1,,1,2026-03-31 08:42:00
U151,6,1,,1,2026-02-10 14:02:00
U151,9,1,,1,2025-11-25 15:15:00
U151,17,1,3.0,1,2026-04-29 15:16:00
U151,19,1,,1,2026-01-20 09:40:00
U151,23,2,,2,2026-03-24 08:13:00
U151,26,19,3.0,19,2026-04-27 08:39:00
U151,27,7,3.5,7,2026-04-11 14:29:00
U151,28,72,2.8,68,2026-04-29 15:16:00
U151,29,2,,2,2026-02-10 14:02:00
U151,30,6,2.0,6,2026-04-03 09:33:00
U151,31,1,,1,2026-03-02 11:28:00
U151,32,6,4.0,6,2026-01-20 09:40:00
U151,33,1,,1,2026-04-29 15:16:00
U151,34,27,4.0,26,2026-04-10 12:46:00
U151,43,1,,1,2026-04-23 15:58:00
U151,48,1,3.0,1,2026-03-26 16:06:00
U151,56,1,,1,2025-10-26 17:45:00
U151,63,1,,1,2026-01-12 12:52:00
U151,64,1,,1,2026-01-12 12:52:00
U151,72,1,,1,2025-12-24 15:49:00
U151,85,2,2.0,2,2026-04-01 09:33:00
U151,98,7,,7,2026-04-23 15:58:00
U151,99,3,,3,2025-12-11 08:41:00
U151,100,14,4.0,14,2026-04-29 08:58:00
U151,101,8,3.5,8,2026-03-31 08:42:00
U151,102,4,,4,2026-04-23 15:58:00
U152,2,1,5.0,1,2026-06-26 07:24:00
U152,5,2,,2,2026-09-07 07:32:00
U152,7,4,,4,2026-09-07 07:32:00
U152,9,5,3.4,5,2026-09-15 08:03:00
U152,40,1,2.0,1,2026-06-26 07:24:00
U152,56,1,,1,2026-06-28 17:55:00
U152,84,1,,1,2026-07-05 06:41:00
U152,90,3,2.0,3,2026-09-15 16:43:00
U152,101,2,4.0,2,2026-09-04 08:19:00
U153,7,2,4.5,2,2026-07-29 14:04:00
U153,8,2,3.0,2,2026-07-29 14:52:00
U153,9,2,,2,2026-04-07 13:19:00
U153,10,1,4.0,1,2026-08-10 14:49:00
U153,12,1,,1,2026-04-05 21:55:00
U153,13,1,,1,2025-12-19 09:18:00
U153,28,1,,1,2025-12-03 13:10:00
U153,29,1,,1,2026-07-13 11:54:00
U153,35,1,3.0,1,2026-06-11 21:00:00
U153,46,1,3.0,1,2026-08-30 17:25:00
U153,48,2,3.0,2,2026-06-21 12:21:00
U153,53,2,3.0,2,2026-08-09 21:42:00
U153,54,3,,3,2026-05-02 16:03:00
U153,56,1,,1,2025-12-03 13:10:00
U153,59,1,,1,2026-09-04 21:39:00
U153,60,2,,2,2026-03-28 14:05:00
U153,61,1,5.0,1,2026-02-09 16:14:00
U153,62,1,,1,2026-02-18 16:12:00
U153,63,7,4.0,7,2026-09-13 16:53:00
U153,64,1,3.0,1,2026-07-13 16:41:00
U153,67,1,,1,2026-07-13 11:54:00
U153,68,17,4.0,16,2026-09-13 16:53:00
U153,69,1,,1,2025-11-12 14:50:00
U153,74,1,,1,2025-10-15 19:26:00
U153,82,1,,1,2025-12-19 09:18:00
U153,83,1,,1,2026-07-29 14:04:00
U153,96,1,3.0,1,2026-05-18 21:26:00
U153,98,1,,1,2026-06-11 21:00:00
U153,99,1,,1,2026-01-07 21:17:00
U153,100,4,5.0,4,2026-07-29 14:52:00
U153,101,7,3.0,7,2026-09-13 16:53:00
U153,102,3,3.0,3,2026-08-15 19:09:00
U154,4,1,,1,2026-09-29 07:25:00
U154,6,1,,1,2025-12-15 07:28:00
U154,7,2,2.0,2,2026-03-08 15:04:00
U154,10,1,2.0,1,2026-01-29 16:59:00
U154,11,5,2.75,5,2026-08-05 07:03:00
U154,16,1,,1,2025-11-11 09:25:00
U154,28,1,3.0,1,2026-02-19 11:30:00
U154,40,1,,1,2026-03-21 10:07:00
U154,43,1,,1,2025-12-05 07:11:00
U154,47,3,2.0,3,2026-07-31 15:27:00
U154,50,14,3.67,14,2026-09-27 10:07:00
U154,56,1,2.0,1,2026-03-18 12:37:00
U154,57,2,2.0,2,2026-09-05 16:10:00
U154,73,1,3.0,1,2026-09-05 14:30:00
U154,74,2,3.0,2,2026-07-18 10:05:00
U154,75,2,2.0,2,2026-05-27 13:32:00
U154,77,1,,1,2026-09-21 08:26:00
U154,80,1,,1,2026-04-21 09:42:00
U154,83,102,3.34,91,2026-09-30 13:03:00
U154,84,5,4.5,5,2026-09-24 08:01:00
U154,85,10,4.75,10,2026-09-09 19:48:00
U154,86,1,,1,2026-01-21 11:41:00
U154,87,1,,1,2026-01-03 14:24:00
U154,88,3,5.0,3,2026-04-11 09:43:00
U154,89,2,3.0,2,2026-09-12 15:25:00
U154,90,1,,1,2026-04-25 17:05:00
U154,98,5,4.5,5,2026-08-15 09:22:00
U154,99,4,4.0,4,2026-07-30 07:43:00
U154,100,7,4.5,7,2026-09-05 16:10:00
U154,101,11,3.67,11,2026-09-24 08:01:00
U154,102,9,3.67,9,2026-09-09 19:48:00
U155,2,3,,3,2026-09-05 17:31:00
U155,5,1,,1,2026-08-27 14:20:00
U155,7,4,,4,2026-09-27 09:08:00
U155,10,1,,1,2026-08-31 14:23:00
U155,46,1,,1,2026-08-03 14:02:00
U155,87,1,,1,2026-08-12 15:58:00
U155,100,1,,1,2026-08-03 14:02:00
U155,101,1,,1,2026-08-22 19:51:00
U156,4,1,,1,2026-09-28 21:43:00
U156,6,1,,1,2026-09-02 17:46:00
U156,12,1,3.0,1,2026-09-28 21:43:00
U156,22,1,,1,2026-09-13 19:21:00
U156,37,2,,2,2026-09-29 13:13:00
U156,38,1,,1,2026-09-27 20:13:00
U156,40,13,3.0,12,2026-09-28 21:00:00
U156,41,1,,1,2026-09-29 13:13:00
U156,42,1,3.0,1,2026-09-28 21:43:00
U156,43,1,,1,2026-09-10 16:48:00
U156,46,5,3.0,5,2026-09-20 16:55:00
U156,54,1,,1,2026-08-09 20:46:00
U156,63,1,,1,2026-09-28 21:00:00
U156,67,1,,1,2026-09-22 16:11:00
U156,76,12,3.0,12,2026-09-29 13:13:00
U156,80,1,,1,2026-09-14 13:16:00
U156,94,4,5.0,4,2026-09-27 21:01:00
U156,95,2,5.0,2,2026-09-27 20:13:00
U156,96,12,,12,2026-09-27 20:13:00
U156,98,1,,1,2026-08-09 12:29:00
U156,99,1,,1,2026-08-17 11:24:00
U156,100,1,,1,2026-08-05 11:49:00
U156,101,2,,2,2026-09-27 21:01:00
U156,102,6,,6,2026-09-12 15:05:00
U157,10,2,3.0,2,2026-04-19 14:16:00
U157,14,2,3.0,2,2026-04-19 14:16:00
U157,15,5,3.67,5,2026-09-24 14:31:00
U157,16,2,3.0,2,2026-07-11 20:58:00
U157,18,1,,1,2026-06-02 10:53:00
U157,19,24,4.83,23,2026-07-30 16:28:00
U157,23,2,4.0,2,2026-09-19 15:01:00
U157,24,1,4.0,1,2026-08-07 18:14:00
U157,25,2,2.0,2,2026-07-18 19:16:00
U157,35,2,3.0,2,2026-08-01 15:04:00
U157,38,1,,1,2026-04-19 14:16:00
U157,44,1,3.0,1,2026-06-29 20:17:00
U157,49,1,3.0,1,2026-03-08 15:45:00
U157,60,1,3.0,1,2026-09-04 17:30:00
U157,62,2,3.0,2,2026-08-06 18:45:00
U157,68,1,3.0,1,2025-11-12 19:08:00
U157,74,3,3.0,3,2026-03-14 20:22:00
U157,79,4,2.5,4,2026-08-06 18:45:00
U157,89,1,3.0,1,2026-08-01 15:04:00
U157,94,2,4.0,2,2026-08-07 18:14:00
U157,95,1,,1,2026-01-04 10:11:00
U157,98,1,,1,2026-07-11 20:58:00
U157,100,9,3.5,9,2026-09-19 15:01:00
U157,101,7,4.0,7,2026-08-06 18:45:00
U158,3,1,3.0,1,2026-09-28 19:39:00
U158,9,1,,1,2026-01-17 10:34:00
U158,14,1,,1,2026-08-10 14:58:00
U158,26,1,,1,2026-07-06 14:07:00
U158,32,1,,1,2026-02-14 12:47:00
U158,33,3,,3,2026-05-14 16:57:00
U158,45,1,,1,2026-08-02 21:07:00
U158,46,2,,2,2026-09-04 18:12:00
U158,51,1,4.0,1,2026-09-07 18:49:00
U158,52,12,5.0,12,2026-09-28 19:39:00
U158,66,1,,1,2026-01-31 21:56:00
U158,67,1,,1,2026-05-14 16:57:00
U158,71,1,,1,2026-08-16 10:50:00
U158,73,3,,3,2026-09-24 18:35:00
U158,74,4,5.0,4,2026-08-03 18:39:00
U158,75,2,,2,2026-09-12 15:56:00
U158,76,9,,8,2026-07-29 21:04:00
U158,79,1,,1,2026-05-08 10:50:00
U158,82,1,4.0,1,2026-02-23 20:13:00
U158,83,3,5.0,3,2026-09-25 15:02:00
U158,85,1,,1,2026-04-23 20:52:00
U158,86,1,,1,2026-09-25 15:02:00
U158,87,16,4.67,16,2026-09-21 18:12:00
U158,88,55,5.0,50,2026-09-25 15:02:00
U158,89,13,,12,2026-09-27 17:18:00
U158,90,6,,6,2026-09-25 15:02:00
U158,97,1,,1,2026-04-11 20:06:00
U158,98,5,4.5,5,2026-07-06 17:46:00
U158,99,3,4.0,3,2026-03-22 12:17:00
U158,100,6,4.0,6,2026-09-25 15:02:00
U158,101,5,,5,2026-09-04 18:12:00
U158,102,3,,3,2026-08-16 10:50:00
U159,5,1,,1,2026-07-14 11:57:00
U159,7,1,,1,2026-09-12 09:03:00
U159,13,3,4.0,3,2026-09-09 13:26:00
U159,16,5,5.0,5,2026-06-07 10:38:00
U159,21,5,,4,2026-03-30 21:32:00
U159,22,3,4.0,3,2026-08-18 17:23:00
U159,23,3,5.0,3,2026-09-12 09:03:00
U159,25,2,,2,2026-07-21 14:06:00
U159,31,2,,2,2026-09-15 16:31:00
U159,41,1,,1,2026-03-03 15:07:00
U159,43,1,4.0,1,2025-10-02 19:30:00
U159,54,4,3.0,4,2026-07-15 21:01:00
U159,69,1,,1,2026-09-09 17:32:00
U159,74,5,2.0,5,2026-09-23 14:57:00
U159,76,1,4.0,1,2026-07-15 21:01:00
U159,91,22,3.25,22,2026-08-05 16:45:00
U159,100,5,3.0,5,2026-07-15 21:01:00
U159,101,10,4.0,10,2026-09-12 09:03:00
U159,102,2,,2,2026-03-03 15:07:00
U160,2,1,,1,2026-04-20 09:35:00
U160,30,2,,2,2026-07-14 08:45:00
U160,33,1,,1,2026-02-23 13:57:00
U160,36,1,,1,2026-09-14 11:56:00
U160,37,8,4.5,8,2026-09-14 11:56:00
U160,38,1,,1,2026-04-20 09:35:00
U160,39,2,4.0,2,2026-04-15 07:56:00
U160,40,4,4.0,4,2026-03-03 13:47:00
U160,41,3,5.0,3,2026-07-30 14:38:00
U160,43,3,4.0,3,2026-08-20 12:56:00
U160,44,1,,1,2026-06-21 10:06:00
U160,47,1,,1,2025-12-08 07:26:00
U160,48,1,,1,2026-09-07 15:02:00
U160,49,11,3.86,11,2026-08-12 09:36:00
U160,61,1,,1,2026-09-07 15:02:00
U160,67,1,,1,2026-06-13 15:05:00
U160,68,1,,1,2026-03-03 09:47:00
U160,85,6,,6,2026-09-25 11:21:00
U160,91,1,,1,2025-11-10 12:09:00
U160,95,2,,2,2026-08-12 09:36:00
U160,98,1,,1,2026-03-19 12:38:00
U160,99,2,,2,2026-07-14 08:45:00
U160,100,2,4.0,2,2026-06-13 15:05:00
U160,101,3,4.0,3,2026-04-15 07:56:00
U160,102,1,,1,2026-01-02 16:32:00
U161,1,1,,1,2025-10-18 13:03:00
U161,2,2,,2,2026-02-05 16:17:00
U161,3,11,3.75,11,2026-03-03 13:47:00
U161,5,1,,1,2026-02-21 15:53:00
U161,6,2,,2,2026-02-22 11:32:00
U161,9,1,3.0,1,2025-12-19 10:50:00
U161,10,1,,1,2025-10-18 15:46:00
U161,11,1,,1,2026-03-07 10:22:00
U161,12,1,,1,2026-03-05 09:41:00
U161,16,1,,1,2025-11-18 10:27:00
U161,18,1,4.0,1,2025-11-03 13:52:00
U161,19,1,,1,2025-10-14 20:44:00
U161,20,1,,1,2025-10-24 14:17:00
U161,21,1,,1,2026-03-05 11:20:00
U161,23,4,,4,2026-01-29 14:21:00
U161,26,8,3.5,8,2026-03-20 15:12:00
U161,27,4,3.0,4,2026-03-23 18:43:00
U161,28,6,4.0,6,2026-01-25 09:16:00
U161,29,6,3.0,6,2026-03-09 21:25:00
U161,30,23,4.38,21,2026-03-23 18:43:00
U161,32,16,4.0,16,2026-03-22 09:29:00
U161,33,8,3.5,8,2026-03-24 09:39:00
U161,34,19,4.31,19,2026-03-23 18:43:00
U161,35,6,,6,2026-02-18 20:02:00
U161,40,1,,1,2025-12-19 14:30:00
U161,43,1,,1,2025-12-20 21:27:00
U161,46,1,,1,2025-12-18 15:51:00
U161,47,1,,1,2025-11-06 11:04:00
U161,48,3,,3,2025-11-01 11:36:00
U161,49,1,,1,2025-11-09 10:30:00
U161,50,1,,1,2026-02-05 20:32:00
U161,51,1,,1,2025-12-19 10:50:00
U161,53,2,,2,2026-02-13 16:11:00
U161,54,2,2.0,2,2025-12-18 15:51:00
U161,63,1,,1,2026-03-07 10:22:00
U161,64,3,,2,2025-11-23 14:04:00
U161,68,5,2.0,5,2026-03-14 16:51:00
U161,70,1,4.0,1,2026-02-12 17:22:00
U161,71,2,,2,2026-03-22 13:08:00
U161,72,1,,1,2025-10-12 17:05:00
U161,73,1,,1,2026-02-22 14:05:00
U161,76,2,,2,2026-03-13 13:35:00
U161,77,1,,1,2025-12-17 10:45:00
U161,83,1,,1,2026-02-15 10:56:00
U161,88,1,2.0,1,2026-01-18 17:55:00
U161,89,1,,1,2026-03-17 10:11:00
U161,92,3,3.0,3,2025-11-18 16:46:00
U161,93,1,1.0,1,2025-12-19 14:30:00
U161,95,2,,2,2026-02-27 15:02:00
U161,98,2,4.0,2,2026-01-31 13:04:00
U161,99,1,,1,2026-01-08 19:50:00
U161,100,8,4.0,8,2026-03-02 11:22:00
U161,101,14,3.71,14,2026-03-17 10:11:00
U161,102,5,4.0,5,2026-02-12 09:37:00
U162,8,2,,2,2026-09-29 09:14:00
U162,18,1,5.0,1,2026-09-05 10:04:00
U162,22,1,5.0,1,2026-09-04 09:06:00
U162,26,5,5.0,5,2026-09-28 08:50:00
U162,29,1,5.0,1,2026-05-11 11:46:00
U162,46,1,,1,2026-05-23 16:21:00
U162,54,1,,1,2026-05-10 10:19:00
U162,61,1,,1,2026-09-14 08:13:00
U162,63,1,4.0,1,2026-09-04 09:06:00
U162,70,1,4.0,1,2026-06-22 08:12:00
U162,71,11,4.14,10,2026-09-28 08:50:00
U162,86,1,5.0,1,2026-05-10 10:19:00
U162,101,3,,3,2026-09-29 09:14:00
U162,102,2,5.0,2,2026-06-04 13:08:00
U163,2,1,,1,2026-05-08 08:37:00
U163,3,2,,2,2026-05-30 14:55:00
U163,7,1,4.0,1,2026-08-02 10:21:00
U163,8,1,,1,2025-10-03 14:09:00
U163,9,1,,1,2026-02-17 09:01:00
U163,10,3,,3,2026-05-26 07:59:00
U163,11,2,,2,2025-10-15 09:02:00
U163,13,3,4.0,3,2026-01-10 10:39:00
U163,27,1,,1,2026-07-13 17:47:00
U163,28,1,,1,2025-11-26 11:18:00
U163,29,4,,4,2026-09-16 15:02:00
U163,32,1,,1,2026-08-02 15:22:00
U163,34,1,,1,2026-07-29 14:55:00
U163,35,2,,2,2026-07-27 08:59:00
U163,42,1,,1,2026-02-04 14:53:00
U163,44,2,4.0,2,2026-01-31 11:53:00
U163,45,3,3.0,3,2026-08-12 13:47:00
U163,46,1,2.0,1,2026-03-17 14:34:00
U163,49,2,,2,2026-03-23 18:31:00
U163,50,2,,2,2026-07-27 08:03:00
U163,54,9,4.0,9,2026-09-30 09:43:00
U163,55,1,,1,2026-09-24 14:46:00
U163,56,12,3.5,11,2026-07-21 07:23:00
U163,57,12,4.67,12,2026-09-25 16:12:00
U163,58,3,3.0,3,2026-04-20 17:40:00
U163,60,8,4.0,8,2026-07-13 17:47:00
U163,61,14,3.5,13,2026-09-11 07:14:00
U163,62,14,3.0,12,2026-08-31 19:41:00
U163,63,9,5.0,9,2026-09-24 12:56:00
U163,64,5,2.0,5,2026-07-16 07:53:00
U163,65,6,4.0,6,2026-09-08 07:48:00
U163,66,4,4.0,4,2026-09-22 11:05:00
U163,67,8,4.0,8,2026-08-31 19:41:00
U163,69,7,,7,2026-06-29 08:57:00
U163,70,1,,1,2026-03-11 13:21:00
U163,71,2,3.0,2,2026-05-01 16:48:00
U163,73,1,,1,2026-08-30 17:55:00
U163,74,1,,1,2025-11-17 09:27:00
U163,75,2,,2,2025-12-24 09:12:00
U163,77,1,1.0,1,2026-05-08 18:47:00
U163,79,2,,2,2026-06-29 08:57:00
U163,80,20,2.6,20,2026-09-10 09:57:00
U163,81,1,3.0,1,2026-06-01 08:37:00
U163,83,1,,1,2026-07-29 09:38:00
U163,85,1,,1,2026-04-01 08:39:00
U163,86,1,3.0,1,2026-09-11 09:26:00
U163,87,2,,2,2026-04-20 12:05:00
U163,92,1,,1,2026-02-11 14:03:00
U163,95,1,,1,2026-05-05 14:00:00
U163,96,2,,2,2025-11-17 09:27:00
U163,97,2,,2,2025-11-03 15:19:00
U163,98,4,,4,2026-09-02 19:19:00
U163,99,2,,2,2026-08-31 07:01:00
U163,100,17,3.57,17,2026-09-25 16:12:00
U163,101,15,3.5,15,2026-09-11 07:14:00
U163,102,9,4.0,9,2026-07-27 08:03:00
U164,1,8,4.5,8,2026-09-17 09:36:00
U164,2,9,4.5,9,2026-08-28 07:18:00
U164,3,1,,1,2026-06-05 15:22:00
U164,4,5,,5,2026-04-11 15:28:00
U164,5,6,4.0,6,2026-09-23 13:50:00
U164,6,148,4.85,140,2026-09-29 15:00:00
U164,7,4,3.0,4,2026-03-08 17:47:00
U164,8,29,4.0,28,2026-09-24 16:30:00
U164,9,2,,2,2026-09-20 10:58:00
U164,10,4,4.33,4,2026-09-23 11:56:00
U164,11,1,,1,2026-05-05 16:52:00
U164,12,1,,1,2026-01-24 17:41:00
U164,15,2,3.0,2,2026-05-28 16:17:00
U164,17,2,,2,2026-08-09 14:45:00
U164,21,1,4.0,1,2026-02-10 08:38:00
U164,22,1,,1,2026-02-07 11:27:00
U164,23,3,3.0,3,2026-09-28 15:01:00
U164,24,1,,1,2026-05-18 15:26:00
U164,27,1,,1,2026-05-26 16:37:00
U164,28,1,,1,2025-12-15 09:44:00
U164,31,1,3.0,1,2026-09-21 16:21:00
U164,33,1,4.0,1,2026-08-25 08:15:00
U164,34,1,,1,2026-08-07 15:53:00
U164,35,2,,2,2026-09-11 09:49:00
U164,39,1,,1,2026-05-14 18:41:00
U164,40,1,,1,2026-03-04 16:18:00
U164,41,1,,1,2026-09-05 15:19:00
U164,43,5,3.0,5,2026-02-14 09:03:00
U164,46,1,4.0,1,2026-07-20 08:42:00
U164,48,2,2.0,2,2026-02-05 19:45:00
U164,50,1,,1,2026-03-16 12:47:00
U164,52,1,,1,2026-05-03 15:07:00
U164,54,4,3.0,4,2026-07-10 09:33:00
U164,55,1,,1,2026-07-06 07:49:00
U164,56,1,,1,2026-09-17 09:36:00
U164,57,1,2.0,1,2026-05-31 11:01:00
U164,60,2,3.5,2,2026-05-12 08:20:00
U164,62,2,4.0,2,2026-09-25 15:09:00
U164,66,2,2.0,2,2026-03-16 12:47:00
U164,72,1,,1,2026-08-27 16:58:00
U164,76,4,,4,2026-09-23 13:50:00
U164,77,1,2.0,1,2026-07-09 18:18:00
U164,78,1,,1,2026-05-14 18:41:00
U164,79,3,,3,2026-05-02 16:29:00
U164,84,1,,1,2026-01-06 16:41:00
U164,87,1,,1,2026-09-08 18:23:00
U164,89,1,,1,2025-12-18 11:16:00
U164,92,1,,1,2026-06-18 19:38:00
U164,93,1,,1,2026-09-27 17:40:00
U164,97,2,3.0,2,2026-02-14 09:03:00
U164,98,5,4.0,5,2026-09-27 17:40:00
U164,99,2,,2,2026-05-31 14:22:00
U164,100,10,4.0,10,2026-08-07 15:53:00
U164,101,33,4.38,33,2026-09-28 07:17:00
U164,102,20,4.33,20,2026-09-15 15:13:00
U165,1,1,2.0,1,2026-02-27 09:56:00
U165,3,3,3.33,3,2026-07-31 16:48:00
U165,4,1,3.0,1,2026-09-04 08:03:00
U165,7,1,,1,2026-06-24 07:24:00
U165,9,1,,1,2026-08-28 09:51:00
U165,12,1,3.0,1,2026-05-23 08:41:00
U165,13,1,,1,2026-09-18 07:01:00
U165,19,2,3.0,2,2026-06-26 09:22:00
U165,20,1,,1,2026-07-08 07:08:00
U165,23,1,,1,2026-05-30 14:45:00
U165,25,1,3.0,1,2026-05-19 08:09:00
U165,28,3,2.0,3,2026-07-10 07:41:00
U165,30,1,,1,2026-08-08 07:31:00
U165,31,3,2.0,3,2026-05-11 08:35:00
U165,32,2,2.0,2,2026-08-16 09:42:00
U165,34,2,2.0,2,2026-01-19 06:32:00
U165,35,1,2.0,1,2026-09-14 09:34:00
U165,36,1,,1,2025-11-01 06:09:00
U165,37,22,4.25,22,2026-09-13 07:11:00
U165,38,4,3.0,4,2026-09-02 08:50:00
U165,40,7,2.43,7,2026-07-18 08:19:00
U165,41,1,,1,2025-12-07 07:33:00
U165,43,2,2.0,2,2026-04-15 17:20:00
U165,44,1,5.0,1,2026-09-14 07:06:00
U165,46,1,,1,2025-11-09 08:18:00
U165,47,1,,1,2026-02-03 10:22:00
U165,48,6,3.0,6,2026-07-22 09:23:00
U165,49,1,,1,2026-05-16 06:16:00
U165,51,1,,1,2026-06-22 12:03:00
U165,53,1,,1,2026-01-26 09:01:00
U165,54,4,3.0,4,2026-02-28 07:00:00
U165,56,4,2.0,4,2026-04-27 09:43:00
U165,57,3,3.0,3,2026-07-08 07:08:00
U165,58,1,1.0,1,2025-11-10 15:39:00
U165,59,1,2.0,1,2026-01-10 16:14:00
U165,60,1,1.0,1,2025-11-04 07:19:00
U165,62,2,2.0,2,2026-01-29 08:06:00
U165,63,1,4.0,1,2026-02-22 07:40:00
U165,64,1,,1,2026-07-23 06:54:00
U165,65,1,,1,2026-08-11 08:57:00
U165,66,3,2.0,3,2026-09-30 09:04:00
U165,67,1,,1,2025-12-09 09:43:00
U165,68,1,,1,2026-04-04 08:41:00
U165,69,20,3.45,20,2026-08-24 08:48:00
U165,70,1,,1,2026-09-07 14:32:00
U165,71,7,4.0,7,2026-09-25 11:33:00
U165,72,3,3.0,3,2026-06-23 06:08:00
U165,73,45,3.79,45,2026-09-25 09:37:00
U165,74,2,5.0,2,2026-09-20 09:38:00
U165,75,20,3.6,19,2026-09-18 17:54:00
U165,76,2,2.0,2,2026-09-18 17:54:00
U165,77,82,4.67,78,2026-09-27 09:44:00
U165,78,3,4.0,3,2026-04-06 17:15:00
U165,79,1,,1,2026-02-19 06:45:00
U165,80,2,4.0,2,2026-09-01 11:37:00
U165,81,1,3.0,1,2026-05-29 08:32:00
U165,82,6,3.5,6,2026-08-10 08:08:00
U165,84,8,2.67,8,2026-09-09 16:48:00
U165,85,2,3.0,2,2026-06-25 16:52:00
U165,88,5,3.0,5,2026-08-25 07:11:00
U165,89,10,3.0,10,2026-06-09 07:28:00
U165,90,1,,1,2026-01-20 07:51:00
U165,91,1,4.0,1,2026-03-07 17:53:00
U165,93,1,,1,2026-09-02 07:20:00
U165,94,1,1.0,1,2026-03-21 12:29:00
U165,96,1,,1,2026-04-12 08:06:00
U165,97,7,3.25,7,2026-03-07 17:53:00
U165,98,7,4.0,7,2026-09-02 07:20:00
U165,99,7,3.75,7,2026-09-14 09:34:00
U165,100,24,3.75,24,2026-09-18 17:54:00
U165,101,18,3.67,18,2026-09-14 07:06:00
U165,102,12,4.0,12,2026-08-06 17:39:00
U166,7,1,,1,2026-06-16 08:32:00
U166,8,2,3.5,2,2026-09-24 07:39:00
U166,9,6,4.0,6,2026-07-03 13:39:00
U166,10,13,3.5,13,2026-07-13 09:18:00
U166,11,4,4.0,4,2026-08-20 09:43:00
U166,12,35,3.93,34,2026-08-26 08:22:00
U166,13,11,3.75,10,2026-08-26 08:22:00
U166,15,1,,1,2026-07-07 12:41:00
U166,17,1,,1,2026-09-28 15:04:00
U166,20,1,,1,2026-04-25 14:07:00
U166,23,1,4.0,1,2025-12-19 08:17:00
U166,30,5,3.33,5,2026-08-01 14:08:00
U166,34,1,,1,2026-02-12 09:43:00
U166,35,1,4.0,1,2026-09-24 07:39:00
U166,37,1,,1,2025-11-24 12:41:00
U166,45,1,3.0,1,2026-08-24 16:02:00
U166,49,2,3.0,2,2026-06-02 08:31:00
U166,50,1,3.0,1,2026-02-02 18:39:00
U166,53,2,3.0,2,2026-09-07 16:17:00
U166,54,1,,1,2026-02-12 09:43:00
U166,55,1,,1,2026-07-27 14:24:00
U166,56,3,5.0,3,2026-01-01 09:36:00
U166,58,20,4.8,20,2026-09-17 07:17:00
U166,60,2,,2,2026-06-09 12:05:00
U166,61,4,3.0,4,2026-08-11 14:41:00
U166,62,15,3.75,15,2026-06-08 13:56:00
U166,63,1,,1,2026-03-04 18:13:00
U166,66,4,,4,2026-09-08 16:03:00
U166,71,1,,1,2026-05-16 11:13:00
U166,72,2,,2,2026-05-25 07:22:00
U166,91,1,4.0,1,2026-03-19 08:45:00
U166,98,4,4.0,4,2026-09-28 15:04:00
U166,99,2,4.0,2,2026-02-12 09:43:00
U166,100,18,4.22,18,2026-08-20 09:43:00
U166,101,16,4.25,16,2026-08-26 08:22:00
U166,102,4,4.0,4,2026-08-24 16:02:00
U167,1,1,,1,2026-04-18 16:53:00
U167,3,25,4.71,25,2026-09-24 11:21:00
U167,6,1,3.0,1,2026-04-27 11:39:00
U167,14,1,3.0,1,2026-05-10 16:24:00
U167,20,1,3.0,1,2026-07-09 13:26:00
U167,26,6,3.0,6,2026-09-22 09:22:00
U167,27,15,4.0,14,2026-09-07 17:31:00
U167,28,2,,2,2026-05-01 08:59:00
U167,29,4,,4,2026-08-27 15:56:00
U167,30,2,4.0,2,2026-09-09 16:49:00
U167,31,1,,1,2026-06-22 13:01:00
U167,32,2,3.0,2,2026-08-27 14:05:00
U167,33,2,,2,2026-07-02 17:57:00
U167,34,28,4.5,28,2026-09-26 09:06:00
U167,35,8,4.0,8,2026-09-22 14:52:00
U167,38,1,,1,2026-08-16 13:53:00
U167,39,1,3.0,1,2026-08-11 15:28:00
U167,44,1,3.0,1,2026-08-15 19:35:00
U167,45,3,,3,2026-09-18 15:02:00
U167,46,1,,1,2026-09-01 09:10:00
U167,47,1,,1,2026-08-28 15:40:00
U167,51,1,3.0,1,2026-07-06 17:22:00
U167,52,1,,1,2026-05-31 17:02:00
U167,54,1,,1,2026-09-08 14:11:00
U167,55,5,1.5,5,2026-09-21 18:48:00
U167,57,1,2.0,1,2026-06-02 20:37:00
U167,62,1,,1,2026-07-15 17:08:00
U167,64,4,,4,2026-08-25 18:37:00
U167,66,57,2.36,56,2026-09-27 11:50:00
U167,76,1,1.0,1,2026-08-21 14:09:00
U167,78,2,2.0,2,2026-09-09 18:51:00
U167,84,1,,1,2026-04-02 13:28:00
U167,89,1,2.0,1,2026-09-26 09:06:00
U167,91,2,2.5,2,2026-06-09 17:46:00
U167,92,2,3.0,2,2026-08-10 21:55:00
U167,93,1,2.0,1,2026-05-22 16:00:00
U167,94,2,,2,2026-06-25 13:05:00
U167,96,6,3.0,6,2026-08-10 21:55:00
U167,98,3,4.0,3,2026-09-27 11:50:00
U167,99,2,,2,2026-09-06 18:20:00
U167,100,20,4.0,20,2026-09-24 21:55:00
U167,101,11,3.6,11,2026-09-26 09:06:00
U167,102,9,3.25,9,2026-09-26 17:31:00
U168,5,1,,1,2026-07-21 14:02:00
U168,18,1,2.0,1,2026-01-24 15:31:00
U168,21,2,,2,2026-03-21 10:58:00
U168,27,1,,1,2026-05-27 09:53:00
U168,34,3,3.0,3,2025-10-24 10:50:00
U168,36,12,4.0,11,2026-09-20 15:11:00
U168,37,5,3.67,5,2026-08-05 16:56:00
U168,43,1,,1,2026-05-13 11:01:00
U168,46,1,3.0,1,2026-09-24 19:17:00
U168,54,3,3.5,3,2026-08-22 17:20:00
U168,58,1,3.0,1,2025-10-27 19:31:00
U168,63,1,3.0,1,2026-02-01 17:16:00
U168,67,12,2.8,12,2026-09-17 21:35:00
U168,68,1,3.0,1,2026-07-11 10:12:00
U168,69,2,,2,2026-06-16 16:15:00
U168,70,1,,1,2025-12-26 20:51:00
U168,72,4,,4,2026-07-22 19:06:00
U168,74,1,3.0,1,2026-06-05 17:56:00
U168,75,2,3.5,2,2026-05-22 21:38:00
U168,76,1,5.0,1,2026-04-11 12:12:00
U168,77,6,3.75,6,2026-09-18 15:31:00
U168,78,2,,2,2026-03-23 15:58:00
U168,79,1,4.0,1,2026-04-19 18:35:00
U168,80,1,4.0,1,2026-08-21 20:13:00
U168,81,8,4.57,8,2026-09-18 15:31:00
U168,82,49,4.71,46,2026-09-28 18:43:00
U168,83,1,2.0,1,2026-08-06 15:10:00
U168,84,1,2.0,1,2025-12-23 11:32:00
U168,85,3,2.5,3,2026-06-21 17:00:00
U168,87,1,2.0,1,2026-09-19 18:22:00
U168,88,2,,2,2026-03-31 11:26:00
U168,92,1,3.0,1,2025-11-08 15:54:00
U168,94,2,,2,2026-01-06 16:40:00
U168,95,1,,1,2026-05-27 16:29:00
U168,96,2,2.0,2,2026-04-17 15:14:00
U168,97,2,3.0,2,2025-11-22 12:15:00
U168,98,1,4.0,1,2026-04-09 19:19:00
U168,99,3,4.0,3,2026-05-21 20:23:00
U168,100,6,4.0,6,2026-07-21 14:02:00
U168,101,7,3.5,7,2026-07-22 19:06:00
U168,102,4,3.0,4,2026-09-18 15:31:00
U169,1,1,,1,2026-08-11 14:27:00
U169,3,10,4.8,10,2026-08-04 13:06:00
U169,11,1,,1,2025-10-04 15:24:00
U169,12,1,,1,2026-03-23 11:02:00
U169,17,15,3.0,15,2026-09-10 21:21:00
U169,19,1,3.0,1,2026-06-10 09:18:00
U169,26,35,4.85,34,2026-09-20 20:15:00
U169,27,1,4.0,1,2025-12-21 17:13:00
U169,28,2,4.0,2,2026-02-25 09:19:00
U169,29,11,3.67,11,2026-09-19 20:17:00
U169,30,1,4.0,1,2026-05-03 17:56:00
U169,31,1,,1,2026-04-11 17:55:00
U169,32,9,3.83,9,2026-09-12 10:49:00
U169,33,2,3.0,2,2026-02-25 21:59:00
U169,34,22,4.17,21,2026-09-01 21:46:00
U169,35,3,4.5,3,2026-05-24 15:21:00
U169,37,1,,1,2026-07-11 18:57:00
U169,38,1,3.0,1,2026-08-16 16:34:00
U169,39,1,3.0,1,2025-12-19 17:33:00
U169,46,4,3.5,4,2026-05-31 15:14:00
U169,49,1,,1,2026-08-19 13:36:00
U169,50,8,2.75,8,2026-05-17 11:32:00
U169,54,1,3.0,1,2025-11-01 19:44:00
U169,58,4,3.0,4,2026-03-07 14:37:00
U169,61,1,,1,2026-07-22 21:52:00
U169,62,1,,1,2026-05-22 17:46:00
U169,64,3,3.5,3,2026-09-12 10:49:00
U169,65,2,3.5,2,2026-06-16 17:45:00
U169,68,1,,1,2026-08-23 18:45:00
U169,70,1,,1,2026-09-11 18:31:00
U169,71,2,,2,2026-08-11 14:27:00
U169,73,1,,1,2026-06-18 17:31:00
U169,75,1,3.0,1,2025-12-27 18:22:00
U169,76,1,3.0,1,2026-09-10 21:21:00
U169,77,5,3.0,5,2026-09-07 20:18:00
U169,81,1,,1,2026-01-07 14:23:00
U169,86,1,,1,2025-12-19 17:33:00
U169,87,1,3.0,1,2026-04-28 18:17:00
U169,97,1,3.0,1,2026-05-05 19:55:00
U169,98,8,4.0,8,2026-09-07 20:18:00
U169,99,3,,3,2026-09-10 21:21:00
U169,100,13,4.0,13,2026-08-24 13:20:00
U169,101,10,4.0,10,2026-09-11 18:31:00
U169,102,3,5.0,3,2026-08-01 21:09:00
U170,1,1,,1,2026-02-26 14:47:00
U170,6,1,2.0,1,2026-02-11 16:32:00
U170,9,3,3.0,3,2026-01-13 19:41:00
U170,10,2,,2,2026-07-19 15:11:00
U170,12,1,3.0,1,2025-12-07 10:22:00
U170,14,1,,1,2026-05-27 21:00:00
U170,15,1,,1,2026-02-26 14:47:00
U170,22,1,,1,2026-01-18 12:38:00
U170,30,1,,1,2026-02-15 16:28:00
U170,34,1,,1,2025-11-15 16:28:00
U170,43,3,2.0,3,2026-07-04 21:05:00
U170,46,20,4.0,20,2026-08-28 18:57:00
U170,48,1,,1,2026-07-04 21:05:00
U170,59,1,,1,2026-01-13 19:41:00
U170,63,1,2.0,1,2026-05-24 14:05:00
U170,65,1,,1,2025-12-31 11:50:00
U170,66,8,2.33,8,2026-07-20 14:28:00
U170,67,1,2.0,1,2026-05-30 16:50:00
U170,71,4,,4,2026-09-06 14:27:00
U170,74,1,,1,2026-05-30 16:50:00
U170,76,1,3.0,1,2026-01-09 21:48:00
U170,77,1,,1,2026-09-22 16:50:00
U170,85,1,,1,2025-11-02 21:58:00
U170,87,1,4.0,1,2026-01-04 20:40:00
U170,96,1,,1,2026-02-11 16:32:00
U170,99,2,,2,2026-02-15 16:28:00
U170,100,3,3.0,3,2026-05-18 16:54:00
U170,101,9,2.67,9,2026-07-12 18:05:00
U170,102,5,3.0,5,2026-06-25 18:34:00
U171,9,1,,1,2026-06-03 09:06:00
U171,10,2,3.0,2,2025-12-19 07:16:00
U171,13,1,3.0,1,2026-05-16 18:54:00
U171,21,1,,1,2026-08-23 16:35:00
U171,24,1,,1,2026-06-10 16:55:00
U171,29,1,,1,2026-05-06 11:40:00
U171,33,1,,1,2026-05-01 11:46:00
U171,47,3,3.0,3,2026-09-17 14:24:00
U171,48,1,,1,2025-12-29 16:32:00
U171,61,32,3.11,31,2026-08-31 08:26:00
U171,64,1,,1,2026-09-17 14:24:00
U171,68,1,,1,2026-05-16 18:54:00
U171,74,2,4.0,2,2026-07-06 07:04:00
U171,86,1,,1,2026-07-14 08:08:00
U171,87,4,,4,2026-06-12 17:18:00
U171,88,2,,2,2026-03-07 10:37:00
U171,89,1,,1,2025-12-19 07:16:00
U171,98,1,,1,2026-09-17 14:24:00
U171,99,1,,1,2026-04-28 18:44:00
U171,100,2,,2,2026-08-23 16:35:00
U171,101,4,,4,2026-08-10 09:39:00
U171,102,1,,1,2026-07-06 07:04:00
U172,7,1,,1,2025-10-14 14:53:00
U172,12,1,,1,2025-10-25 17:40:00
U172,13,1,,1,2026-08-14 09:19:00
U172,14,5,,4,2026-03-11 08:04:00
U172,18,2,5.0,2,2026-09-15 07:10:00
U172,21,2,4.0,2,2026-04-11 10:09:00
U172,22,2,,2,2026-04-06 08:10:00
U172,23,1,,1,2026-05-25 12:10:00
U172,24,2,,2,2026-08-07 09:28:00
U172,25,2,4.0,2,2026-07-16 16:45:00
U172,33,1,,1,2026-08-23 09:10:00
U172,35,1,,1,2025-12-07 11:25:00
U172,37,2,,2,2026-07-07 08:32:00
U172,38,1,,1,2025-12-31 07:29:00
U172,40,3,,3,2026-07-05 15:20:00
U172,43,3,,3,2026-04-07 14:48:00
U172,49,1,4.0,1,2026-07-16 16:45:00
U172,62,3,,3,2026-09-15 07:10:00
U172,64,1,,1,2025-11-12 18:43:00
U172,71,5,,5,2026-08-08 17:23:00
U172,79,1,,1,2026-06-03 14:41:00
U172,90,14,3.0,14,2026-09-09 19:52:00
U172,98,2,,2,2026-03-11 08:04:00
U172,99,1,,1,2026-08-08 17:23:00
U172,100,2,,2,2026-07-05 15:20:00
U172,101,6,,6,2026-08-19 12:16:00
U173,8,2,,2,2026-09-06 17:46:00
U173,13,1,3.0,1,2026-04-15 20:38:00
U173,16,1,,1,2025-12-21 15:15:00
U173,22,3,4.0,3,2026-07-27 18:58:00
U173,26,2,4.0,2,2026-06-21 20:44:00
U173,27,1,,1,2026-05-18 13:00:00
U173,28,3,,3,2026-09-22 09:19:00
U173,30,1,,1,2026-05-09 21:56:00
U173,31,3,4.0,3,2026-06-04 18:32:00
U173,34,6,4.0,6,2026-08-24 21:22:00
U173,43,2,,2,2026-08-10 20:14:00
U173,46,1,,1,2026-06-17 21:57:00
U173,48,1,4.0,1,2026-05-18 13:00:00
U173,49,3,5.0,3,2026-09-18 14:29:00
U173,53,1,5.0,1,2025-10-13 11:24:00
U173,57,1,,1,2025-12-03 21:05:00
U173,59,1,4.0,1,2026-02-01 17:58:00
U173,62,3,5.0,3,2026-06-30 18:11:00
U173,67,1,,1,2026-06-02 13:26:00
U173,68,1,,1,2026-02-14 20:03:00
U173,73,9,4.17,9,2026-07-03 18:27:00
U173,78,2,,2,2026-04-11 18:09:00
U173,79,1,,1,2026-06-04 18:32:00
U173,91,1,3.0,1,2026-01-28 18:50:00
U173,94,2,,2,2026-05-27 21:18:00
U173,97,5,3.0,5,2026-08-30 17:32:00
U173,98,1,,1,2026-06-17 21:57:00
U173,100,2,5.0,2,2026-05-02 17:58:00
U173,101,2,,2,2026-08-30 17:32:00
U173,102,1,,1,2026-07-27 18:58:00
U174,11,1,,1,2025-12-16 18:20:00
U174,13,1,,1,2026-07-22 13:14:00
U174,18,2,,2,2026-07-14 13:08:00
U174,21,1,,1,2026-07-29 19:39:00
U174,36,4,3.0,4,2026-08-13 18:55:00
U174,37,1,,1,2026-03-14 12:27:00
U174,39,4,3.67,4,2026-07-29 09:11:00
U174,41,4,2.5,4,2026-04-10 13:38:00
U174,43,4,3.0,4,2026-08-16 19:11:00
U174,45,3,,3,2026-07-14 19:55:00
U174,47,11,1.67,11,2026-09-28 17:46:00
U174,58,1,,1,2026-04-30 17:41:00
U174,80,2,,2,2026-02-18 19:56:00
U174,93,4,,4,2026-07-14 19:55:00
U174,98,1,,1,2025-12-16 18:20:00
U174,100,2,3.0,2,2026-07-14 13:08:00
U174,101,3,2.5,3,2026-09-28 17:46:00
U174,102,3,2.0,3,2026-08-16 19:11:00
U175,41,1,,1,2026-03-10 11:39:00
U175,69,6,4.67,5,2026-08-27 14:58:00
U175,77,1,,1,2025-10-15 19:22:00
U175,82,16,3.8,16,2026-08-30 20:03:00
U175,91,1,3.0,1,2025-12-07 16:38:00
U175,95,13,4.5,12,2026-09-23 11:39:00
U175,98,1,,1,2026-05-25 11:42:00
U175,101,3,,3,2026-08-27 14:58:00
U176,1,1,1.0,1,2026-06-26 17:36:00
U176,2,1,,1,2026-05-28 15:00:00
U176,6,3,2.5,3,2026-03-23 09:45:00
U176,11,1,,1,2025-12-19 14:06:00
U176,16,1,1.0,1,2025-12-13 17:33:00
U176,19,1,,1,2026-06-24 09:32:00
U176,24,1,1.0,1,2026-05-13 16:25:00
U176,27,1,,1,2026-05-01 11:44:00
U176,37,7,4.0,7,2026-05-13 19:38:00
U176,38,2,3.0,2,2026-01-08 19:31:00
U176,39,5,,5,2026-06-05 14:16:00
U176,41,20,3.38,20,2026-06-26 17:36:00
U176,42,5,,5,2026-05-13 16:25:00
U176,43,30,3.43,27,2026-06-25 21:54:00
U176,48,1,,1,2025-10-15 16:10:00
U176,49,4,2.5,4,2026-05-28 15:00:00
U176,54,1,4.0,1,2026-04-27 13:53:00
U176,59,2,2.0,2,2026-06-20 17:01:00
U176,60,2,3.0,2,2026-06-18 14:37:00
U176,61,6,2.67,6,2026-04-10 19:06:00
U176,64,1,,1,2025-11-04 15:22:00
U176,66,2,3.0,2,2026-06-20 17:01:00
U176,71,2,3.0,2,2026-03-21 17:03:00
U176,77,2,,2,2026-05-09 17:02:00
U176,83,1,2.0,1,2025-11-23 17:22:00
U176,84,1,2.0,1,2025-12-06 16:27:00
U176,86,1,,1,2026-06-06 17:45:00
U176,87,1,,1,2026-04-27 13:53:00
U176,89,6,2.0,6,2026-03-29 18:06:00
U176,92,4,4.0,4,2026-06-21 18:09:00
U176,95,2,4.0,2,2026-04-09 20:24:00
U176,96,6,3.0,6,2026-05-01 11:44:00
U176,98,1,,1,2026-03-29 18:06:00
U176,99,2,3.0,2,2025-12-14 15:02:00
U176,100,8,3.5,8,2026-04-14 18:08:00
U176,101,8,4.0,8,2026-06-24 09:32:00
U176,102,8,3.0,8,2026-05-06 16:25:00
U177,1,2,,2,2026-09-29 06:26:00
U177,2,3,4.0,3,2026-09-26 07:37:00
U177,5,2,3.0,2,2026-09-21 07:45:00
U177,6,10,4.8,9,2026-09-29 15:21:00
U177,7,1,,1,2026-08-27 09:09:00
U177,9,2,,2,2026-08-26 09:45:00
U177,10,2,,2,2026-09-22 08:38:00
U177,44,1,3.0,1,2026-09-25 08:39:00
U177,50,2,3.0,2,2026-09-08 06:27:00
U177,54,1,3.0,1,2026-08-17 16:39:00
U177,75,1,2.0,1,2026-09-14 07:48:00
U177,98,1,5.0,1,2026-09-29 06:26:00
U177,100,3,3.5,3,2026-09-21 07:45:00
U177,101,1,,1,2026-08-27 09:09:00
U177,102,2,,2,2026-09-10 15:20:00
U178,1,5,4.0,5,2026-08-06 19:06:00
U178,3,2,,2,2026-07-10 13:53:00
U178,4,3,,3,2026-03-07 12:33:00
U178,5,15,3.17,15,2026-09-07 15:55:00
U178,6,1,2.0,1,2026-04-29 14:12:00
U178,7,11,2.67,11,2026-06-04 19:10:00
U178,8,3,2.0,3,2026-02-01 10:26:00
U178,9,8,3.4,8,2026-09-23 14:43:00
U178,10,5,2.0,5,2026-09-22 21:17:00
U178,13,6,3.0,6,2026-08-05 13:50:00
U178,17,1,,1,2026-01-14 18:31:00
U178,19,2,,2,2026-09-17 15:27:00
U178,20,1,,1,2026-06-02 21:24:00
U178,21,1,3.0,1,2025-11-30 16:25:00
U178,24,4,2.0,4,2026-06-21 11:47:00
U178,26,4,,4,2026-08-26 13:54:00
U178,27,19,3.62,19,2026-09-28 20:30:00
U178,28,7,3.0,7,2026-07-02 18:25:00
U178,29,3,3.0,3,2026-06-15 17:39:00
U178,30,51,4.45,51,2026-09-24 17:28:00
U178,31,1,,1,2026-08-09 12:06:00
U178,32,13,3.33,13,2026-09-17 15:27:00
U178,33,12,3.5,12,2026-09-08 19:09:00
U178,34,11,3.25,10,2026-09-07 20:58:00
U178,35,12,2.67,12,2026-09-27 14:40:00
U178,36,5,2.0,5,2026-08-06 19:06:00
U178,38,4,2.0,4,2026-09-21 18:03:00
U178,39,3,,3,2026-07-30 20:17:00
U178,40,1,,1,2025-10-15 16:06:00
U178,41,1,3.0,1,2025-11-20 15:31:00
U178,44,1,,1,2026-03-15 18:26:00
U178,45,1,,1,2026-01-31 19:23:00
U178,46,1,,1,2025-12-07 19:39:00
U178,48,3,,3,2026-03-25 20:45:00
U178,49,7,2.75,7,2026-08-02 11:29:00
U178,52,1,,1,2026-05-14 19:36:00
U178,54,12,3.5,12,2026-09-24 17:28:00
U178,56,2,2.0,2,2025-12-18 18:14:00
U178,57,1,,1,2026-01-04 18:52:00
U178,58,1,,1,2026-02-03 13:25:00
U178,59,4,2.5,4,2026-08-08 19:46:00
U178,61,1,,1,2026-01-25 14:31:00
U178,62,2,,2,2026-07-16 17:53:00
U178,63,1,,1,2025-11-17 13:49:00
U178,64,17,3.43,17,2026-09-04 19:44:00
U178,65,2,,2,2026-05-27 13:23:00
U178,67,1,2.0,1,2026-06-15 17:39:00
U178,68,1,,1,2026-09-14 21:02:00
U178,69,1,,1,2026-05-01 20:28:00
U178,70,3,,3,2026-05-17 16:13:00
U178,71,2,3.0,2,2026-06-04 11:43:00
U178,72,3,,3,2026-04-09 14:20:00
U178,73,1,,1,2025-10-27 18:24:00
U178,74,2,2.0,2,2026-08-31 14:45:00
U178,75,2,2.0,2,2026-07-24 10:23:00
U178,76,2,,2,2026-04-18 11:44:00
U178,77,6,,6,2026-06-15 09:56:00
U178,78,3,2.0,3,2026-07-21 20:36:00
U178,79,4,2.0,4,2026-03-12 16:56:00
U178,80,1,2.0,1,2025-12-10 20:50:00
U178,81,4,2.0,4,2026-03-15 15:27:00
U178,82,2,,2,2026-07-02 18:25:00
U178,83,2,,2,2026-06-22 17:33:00
U178,84,2,,2,2026-09-15 13:59:00
U178,86,1,,1,2025-10-04 21:14:00
U178,87,1,,1,2026-09-03 21:49:00
U178,88,4,2.5,4,2026-07-06 11:41:00
U178,91,3,,3,2026-09-21 18:03:00
U178,93,1,,1,2026-01-08 18:33:00
U178,94,19,2.57,19,2026-09-13 19:53:00
U178,95,5,2.0,5,2026-07-04 12:23:00
U178,96,1,,1,2026-02-09 16:23:00
U178,97,2,,2,2026-09-10 11:04:00
U178,98,7,4.0,7,2026-08-05 13:50:00
U178,99,4,3.5,4,2026-04-08 14:26:00
U178,100,24,3.25,24,2026-09-17 15:27:00
U178,101,27,3.25,27,2026-09-27 14:40:00
U178,102,9,3.0,9,2026-08-01 17:57:00
U179,1,1,5.0,1,2026-08-15 06:49:00
U179,2,3,5.0,3,2026-05-22 11:34:00
U179,4,11,4.75,10,2026-09-13 09:50:00
U179,5,2,,2,2026-05-21 07:26:00
U179,6,7,,7,2026-07-25 16:22:00
U179,7,4,3.0,4,2026-06-03 07:17:00
U179,8,18,4.0,16,2026-09-21 06:03:00
U179,10,1,,1,2026-09-21 06:03:00
U179,11,1,,1,2025-12-17 17:32:00
U179,17,1,3.0,1,2025-10-16 15:19:00
U179,18,1,,1,2025-12-27 07:11:00
U179,20,1,,1,2026-04-02 06:30:00
U179,26,1,,1,2026-02-16 09:59:00
U179,44,1,,1,2026-02-05 14:04:00
U179,51,1,,1,2026-06-04 09:10:00
U179,53,1,,1,2025-12-27 15:02:00
U179,54,2,,2,2026-07-25 16:22:00
U179,60,1,,1,2026-03-11 17:38:00
U179,62,1,3.0,1,2025-12-27 15:02:00
U179,69,1,,1,2026-03-18 12:32:00
U179,81,1,,1,2026-05-11 17:58:00
U179,87,1,,1,2026-03-18 12:32:00
U179,98,1,5.0,1,2026-05-22 11:34:00
U179,100,3,,3,2026-05-22 11:34:00
U179,101,14,4.4,14,2026-08-15 06:49:00
U180,10,1,3.0,1,2025-10-28 08:26:00
U180,13,3,4.5,3,2026-05-04 07:54:00
U180,18,1,,1,2026-05-20 12:54:00
U180,38,1,,1,2026-06-30 08:20:00
U180,40,1,3.0,1,2025-10-28 08:26:00
U180,45,10,3.0,10,2026-09-15 15:10:00
U180,53,5,4.0,5,2026-09-01 17:31:00
U180,54,2,5.0,2,2026-06-10 12:46:00
U180,60,1,4.0,1,2026-04-09 18:35:00
U180,61,4,,4,2026-06-18 09:28:00
U180,62,4,3.0,4,2026-08-27 09:44:00
U180,65,16,4.4,16,2026-09-17 08:18:00
U180,68,1,,1,2026-01-21 11:49:00
U180,69,1,,1,2026-06-29 09:24:00
U180,88,4,2.5,4,2026-05-18 07:50:00
U180,90,1,2.0,1,2026-05-20 08:13:00
U180,98,1,,1,2026-01-25 09:24:00
U180,99,1,4.0,1,2026-03-31 18:09:00
U180,100,4,4.5,4,2026-08-03 18:47:00
U180,101,7,4.5,7,2026-08-27 09:44:00
U180,102,2,4.0,2,2026-06-18 09:28:00
U181,2,1,,1,2026-08-23 14:56:00
U181,6,1,,1,2026-05-02 11:43:00
U181,14,1,,1,2026-05-07 21:12:00
U181,19,1,,1,2025-11-02 15:27:00
U181,35,1,,1,2026-07-01 09:18:00
U181,36,4,3.0,4,2026-09-07 08:39:00
U181,37,11,3.5,10,2026-08-01 18:03:00
U181,41,2,,2,2026-07-06 11:35:00
U181,43,2,,2,2025-12-13 14:44:00
U181,69,9,,8,2026-09-13 16:24:00
U181,77,7,,7,2026-08-01 18:03:00
U181,80,5,,5,2026-08-07 16:44:00
U181,82,9,3.6,9,2026-08-23 14:56:00
U181,89,1,,1,2025-11-19 15:33:00
U181,91,1,,1,2026-07-06 11:35:00
U181,98,1,,1,2026-06-17 20:36:00
U181,100,2,,2,2026-01-26 13:24:00
U181,101,4,3.5,4,2026-07-06 11:35:00
U181,102,2,3.0,2,2026-07-21 17:49:00
U182,1,1,,1,2026-02-23 17:53:00
U182,2,1,,1,2026-08-25 16:42:00
U182,4,2,,2,2026-08-18 11:31:00
U182,5,1,,1,2025-11-24 09:19:00
U182,6,13,5.0,12,2026-08-18 11:31:00
U182,7,1,,1,2026-01-22 15:04:00
U182,8,16,4.83,16,2026-09-18 07:51:00
U182,9,6,3.0,6,2026-08-11 16:31:00
U182,11,1,,1,2026-06-01 11:29:00
U182,22,1,3.0,1,2026-07-21 08:43:00
U182,25,1,3.0,1,2026-03-23 12:49:00
U182,28,1,3.0,1,2026-06-25 07:53:00
U182,36,1,,1,2026-09-15 17:02:00
U182,37,4,3.0,4,2026-09-15 17:02:00
U182,40,1,2.0,1,2026-07-14 11:49:00
U182,41,1,,1,2025-11-24 09:19:00
U182,43,2,3.0,2,2026-09-11 14:56:00
U182,90,1,,1,2026-03-24 07:19:00
U182,100,1,5.0,1,2026-03-23 12:49:00
U182,101,9,4.0,9,2026-09-18 07:51:00
U182,102,3,3.0,3,2026-06-10 14:36:00
U183,1,2,,2,2026-03-11 17:30:00
U183,5,2,2.0,2,2026-06-02 13:07:00
U183,6,1,4.0,1,2026-07-05 16:50:00
U183,10,1,,1,2026-07-01 14:48:00
U183,15,3,,3,2026-08-14 14:41:00
U183,22,1,,1,2026-04-21 14:20:00
U183,25,1,,1,2026-03-16 10:37:00
U183,26,16,2.4,16,2026-09-27 17:37:00
U183,29,1,,1,2026-02-18 09:58:00
U183,34,1,,1,2026-03-31 11:30:00
U183,36,4,4.0,4,2026-08-24 16:13:00
U183,37,4,3.0,4,2026-06-14 15:38:00
U183,39,1,,1,2026-04-18 15:26:00
U183,48,1,3.0,1,2026-09-01 19:35:00
U183,49,2,,2,2026-03-12 21:38:00
U183,52,1,3.0,1,2026-08-25 09:44:00
U183,53,1,,1,2026-05-26 19:35:00
U183,54,5,3.0,5,2026-06-02 18:42:00
U183,63,1,,1,2026-03-05 18:09:00
U183,64,8,2.33,8,2026-08-10 13:44:00
U183,69,5,4.0,5,2026-09-27 17:37:00
U183,70,7,3.0,7,2026-08-15 14:40:00
U183,71,14,3.0,14,2026-09-20 17:26:00
U183,72,4,3.5,4,2026-07-14 17:50:00
U183,73,1,,1,2026-02-08 14:20:00
U183,74,1,,1,2026-06-18 13:27:00
U183,75,20,4.33,20,2026-08-25 09:44:00
U183,77,2,4.0,2,2025-12-28 14:24:00
U183,78,6,3.5,6,2026-09-18 21:30:00
U183,79,1,,1,2026-03-21 15:03:00
U183,80,6,3.0,6,2026-07-23 09:34:00
U183,81,2,,2,2026-06-13 17:56:00
U183,82,28,4.5,28,2026-09-30 20:53:00
U183,88,2,3.0,2,2025-11-25 14:56:00
U183,89,1,,1,2026-06-13 17:56:00
U183,91,2,,2,2026-05-24 14:23:00
U183,92,1,3.0,1,2026-06-21 11:34:00
U183,95,2,,2,2026-03-07 12:52:00
U183,98,3,3.0,3,2026-07-23 13:00:00
U183,99,2,,2,2025-12-14 19:11:00
U183,100,6,2.5,6,2026-06-02 18:42:00
U183,101,14,3.8,14,2026-08-24 16:13:00
U183,102,6,4.0,6,2026-09-01 19:35:00
U184,2,1,,1,2026-06-24 13:42:00
U184,5,2,,2,2026-08-22 12:02:00
U184,7,5,5.0,5,2026-09-19 21:30:00
U184,8,2,3.0,2,2026-08-16 21:56:00
U184,9,1,,1,2026-08-09 14:07:00
U184,11,8,4.33,8,2026-09-03 14:45:00
U184,12,1,4.0,1,2026-09-20 19:32:00
U184,13,3,3.0,3,2026-08-31 21:01:00
U184,20,1,3.0,1,2026-08-14 18:13:00
U184,22,1,,1,2026-08-03 09:41:00
U184,23,1,3.0,1,2026-08-18 16:53:00
U184,28,1,,1,2026-06-20 15:57:00
U184,30,2,4.0,2,2026-08-02 16:40:00
U184,32,8,3.5,8,2026-09-13 18:13:00
U184,35,1,5.0,1,2026-09-21 20:02:00
U184,39,1,4.0,1,2026-09-26 12:31:00
U184,47,1,,1,2026-07-31 10:47:00
U184,49,1,3.0,1,2026-06-19 14:43:00
U184,53,4,4.33,4,2026-09-11 21:15:00
U184,54,13,4.1,13,2026-09-24 18:39:00
U184,55,4,4.0,4,2026-09-26 12:31:00
U184,59,5,4.0,5,2026-09-21 14:57:00
U184,61,2,4.0,2,2026-09-29 13:18:00
U184,63,4,4.0,4,2026-08-15 19:04:00
U184,66,14,4.62,14,2026-09-30 21:59:00
U184,67,7,4.25,7,2026-09-30 21:59:00
U184,68,1,,1,2026-08-25 19:07:00
U184,71,2,4.0,2,2026-08-28 09:15:00
U184,72,1,,1,2026-06-30 20:59:00
U184,78,1,,1,2026-06-20 15:57:00
U184,89,1,,1,2026-06-13 18:03:00
U184,98,2,4.0,2,2026-08-14 14:00:00
U184,99,1,5.0,1,2026-08-13 16:40:00
U184,100,6,4.33,6,2026-09-01 20:29:00
U184,101,7,4.17,7,2026-09-08 11:29:00
U184,102,4,4.0,4,2026-08-06 18:58:00
U186,2,1,,1,2026-04-21 09:07:00
U186,5,1,3.0,1,2026-07-27 12:45:00
U186,7,2,,2,2026-03-05 11:28:00
U186,11,3,,3,2026-02-04 15:46:00
U186,15,1,,1,2025-11-28 16:15:00
U186,18,1,,1,2026-08-09 18:49:00
U186,19,2,,2,2026-07-06 09:52:00
U186,21,1,,1,2025-10-23 08:25:00
U186,22,2,,2,2026-07-01 07:30:00
U186,26,3,3.0,3,2026-09-25 16:56:00
U186,34,2,,2,2026-06-10 13:34:00
U186,36,1,,1,2026-05-19 08:19:00
U186,37,2,,2,2026-05-07 11:25:00
U186,38,3,3.0,3,2026-03-24 19:12:00
U186,42,1,,1,2025-12-31 08:19:00
U186,45,1,,1,2025-11-04 07:42:00
U186,46,2,4.0,2,2026-04-06 11:24:00
U186,47,18,3.5,16,2026-09-17 09:01:00
U186,50,11,4.67,11,2026-09-03 11:11:00
U186,51,3,4.0,3,2026-07-27 12:45:00
U186,52,3,3.5,3,2026-09-01 13:41:00
U186,56,2,,2,2026-02-11 09:50:00
U186,58,1,,1,2026-04-17 11:10:00
U186,59,2,3.0,2,2026-03-13 13:20:00
U186,63,1,,1,2026-06-20 09:42:00
U186,65,1,4.0,1,2026-03-24 19:12:00
U186,70,2,2.0,2,2026-06-30 09:52:00
U186,71,1,,1,2025-12-09 08:09:00
U186,72,1,,1,2026-04-12 15:09:00
U186,73,3,2.5,3,2026-09-14 15:14:00
U186,74,2,,2,2026-04-30 14:49:00
U186,75,2,4.0,2,2026-05-01 13:11:00
U186,76,12,5.0,12,2026-09-01 13:41:00
U186,78,1,,1,2026-02-22 14:17:00
U186,79,10,3.67,10,2026-08-29 14:05:00
U186,80,1,3.0,1,2026-07-03 08:59:00
U186,82,1,3.0,1,2026-09-08 08:18:00
U186,83,8,4.0,8,2026-09-14 15:14:00
U186,84,9,4.0,9,2026-06-22 09:12:00
U186,85,8,4.67,8,2026-09-26 16:53:00
U186,86,2,2.0,2,2026-07-22 07:53:00
U186,87,2,,2,2026-09-29 17:49:00
U186,89,5,,5,2026-06-20 14:34:00
U186,90,28,3.75,27,2026-09-28 08:53:00
U186,93,1,,1,2026-07-23 13:52:00
U186,95,1,,1,2026-04-17 11:10:00
U186,98,5,4.0,5,2026-06-28 18:39:00
U186,99,1,,1,2025-10-21 12:27:00
U186,100,13,3.8,13,2026-08-09 18:49:00
U186,101,11,4.0,11,2026-09-17 09:01:00
U186,102,6,3.33,6,2026-09-25 16:56:00
U187,1,1,,1,2026-09-13 11:33:00
U187,26,1,,1,2026-01-21 16:23:00
U187,27,13,5.0,13,2026-09-13 11:33:00
U187,29,2,3.0,2,2026-09-18 19:30:00
U187,34,8,3.0,8,2026-08-03 18:58:00
U187,35,1,,1,2026-04-04 18:37:00
U187,65,1,,1,2026-08-22 15:47:00
U187,67,1,2.0,1,2026-08-08 11:57:00
U187,100,2,,2,2026-09-13 11:33:00
U187,101,4,4.0,4,2026-07-26 10:12:00
U187,102,1,,1,2026-01-17 20:58:00
U188,7,1,2.0,1,2026-08-14 15:45:00
U188,11,1,,1,2026-08-14 15:45:00
U188,28,1,2.0,1,2025-12-06 10:02:00
U188,32,1,,1,2025-11-22 15:09:00
U188,37,7,4.0,7,2026-09-01 14:55:00
U188,40,8,4.25,8,2026-09-20 09:29:00
U188,41,2,4.0,2,2026-09-04 15:38:00
U188,42,12,3.75,12,2026-09-04 21:10:00
U188,44,4,3.0,4,2026-09-30 16:17:00
U188,46,3,2.67,3,2026-07-18 20:09:00
U188,50,1,2.0,1,2025-11-30 15:39:00
U188,52,1,4.0,1,2026-07-24 13:26:00
U188,54,1,2.0,1,2026-05-31 14:57:00
U188,67,1,3.0,1,2026-09-01 14:55:00
U188,73,1,,1,2026-03-19 17:57:00
U188,76,1,,1,2026-06-27 09:39:00
U188,91,1,,1,2026-06-24 21:48:00
U188,98,2,3.0,2,2025-11-22 15:09:00
U188,100,1,,1,2026-06-24 21:48:00
U188,101,2,,2,2026-03-12 16:59:00
U188,102,2,3.5,2,2026-07-13 16:35:00
U189,1,1,,1,2026-03-08 15:26:00
U189,2,7,4.5,7,2026-08-27 13:01:00
U189,4,1,5.0,1,2026-08-07 13:45:00
U189,5,1,,1,2026-05-18 14:41:00
U189,6,1,,1,2026-07-31 20:50:00
U189,7,2,5.0,2,2026-08-27 13:01:00
U189,8,1,,1,2026-09-01 15:13:00
U189,9,1,,1,2026-04-23 20:17:00
U189,11,1,,1,2026-09-01 15:13:00
U189,26,1,2.0,1,2026-04-29 19:00:00
U189,41,4,,4,2026-09-01 15:13:00
U189,42,2,3.0,2,2026-08-26 19:32:00
U189,66,1,3.0,1,2026-08-19 17:17:00
U189,73,1,,1,2026-07-17 09:03:00
U189,88,1,,1,2026-01-18 15:53:00
U189,94,23,4.0,21,2026-09-07 15:23:00
U189,96,3,5.0,3,2026-08-26 19:32:00
U189,97,1,,1,2026-01-21 20:46:00
U189,98,1,,1,2026-03-28 20:59:00
U189,99,1,,1,2026-03-07 19:08:00
U189,100,3,4.0,3,2026-07-17 09:03:00
U189,101,2,4.0,2,2026-08-07 13:45:00
U189,102,4,3.5,4,2026-09-01 15:13:00
U190,7,1,,1,2026-05-29 15:42:00
U190,14,7,3.0,7,2026-05-29 15:42:00
U190,35,6,3.0,6,2026-05-29 15:42:00
U190,36,2,5.0,2,2026-07-03 20:32:00
U190,37,1,4.0,1,2025-12-02 21:27:00
U190,41,5,4.5,5,2026-07-20 20:16:00
U190,72,2,,2,2026-04-17 20:59:00
U190,75,23,4.75,23,2026-09-17 20:54:00
U190,78,3,,3,2026-08-18 17:27:00
U190,79,2,3.5,2,2026-06-07 14:11:00
U190,80,8,4.0,8,2026-08-18 17:27:00
U190,82,1,,1,2025-12-13 14:25:00
U190,83,1,3.0,1,2026-05-29 13:41:00
U190,98,1,,1,2026-01-06 21:44:00
U190,99,3,4.0,3,2026-05-27 18:30:00
U190,100,2,4.0,2,2025-12-07 11:34:00
U190,101,1,,1,2026-07-25 12:52:00
U190,102,5,,5,2026-07-20 20:16:00
U191,5,1,3.0,1,2026-04-06 14:45:00
U191,11,1,,1,2026-01-21 21:35:00
U191,15,1,,1,2025-10-12 17:14:00
U191,27,4,2.5,4,2026-04-07 10:32:00
U191,30,1,2.0,1,2025-12-23 20:48:00
U191,36,25,4.0,25,2026-04-16 10:16:00
U191,37,1,,1,2026-04-07 18:14:00
U191,38,1,,1,2025-12-21 19:51:00
U191,40,29,4.29,27,2026-04-15 14:32:00
U191,41,5,2.5,5,2026-04-03 11:10:00
U191,42,2,4.0,2,2026-04-15 14:32:00
U191,44,4,,4,2026-04-06 14:45:00
U191,49,2,,2,2026-03-29 18:26:00
U191,54,1,,1,2026-01-27 13:48:00
U191,57,1,3.0,1,2026-02-11 18:28:00
U191,62,1,3.0,1,2026-02-07 14:29:00
U191,68,1,,1,2025-12-13 19:04:00
U191,73,1,,1,2025-10-29 15:45:00
U191,91,1,4.0,1,2026-04-07 18:14:00
U191,92,2,,2,2025-12-05 15:13:00
U191,93,4,3.5,4,2026-02-22 18:45:00
U191,94,1,2.0,1,2026-03-24 13:50:00
U191,96,6,4.0,6,2026-04-03 11:10:00
U191,97,3,,3,2026-04-02 13:19:00
U191,98,2,,2,2026-04-07 18:14:00
U191,99,2,,2,2026-04-07 10:32:00
U191,100,4,,4,2026-04-07 10:32:00
U191,101,4,3.5,4,2026-03-13 13:05:00
U191,102,8,3.5,8,2026-04-06 14:45:00
U192,5,1,4.0,1,2025-11-27 20:25:00
U192,7,2,4.0,2,2026-07-05 21:12:00
U192,9,2,4.0,2,2026-05-31 15:49:00
U192,11,1,,1,2025-12-06 18:13:00
U192,12,2,5.0,2,2026-04-12 19:22:00
U192,13,3,,3,2026-07-11 12:51:00
U192,15,38,3.73,37,2026-09-29 20:35:00
U192,18,3,4.0,3,2025-12-14 16:11:00
U192,19,1,,1,2026-09-01 19:46:00
U192,22,2,,2,2026-03-14 21:45:00
U192,23,2,5.0,2,2026-09-13 17:20:00
U192,24,1,,1,2026-07-23 11:37:00
U192,25,1,,1,2026-07-22 17:42:00
U192,26,68,3.35,63,2026-09-26 21:51:00
U192,27,4,4.0,4,2026-08-04 20:19:00
U192,36,1,,1,2025-12-14 16:49:00
U192,37,3,4.0,3,2026-07-02 21:42:00
U192,38,4,,4,2026-09-26 12:38:00
U192,39,2,5.0,2,2026-06-01 16:47:00
U192,40,2,5.0,2,2026-07-22 17:42:00
U192,42,1,,1,2026-02-08 18:09:00
U192,44,2,5.0,2,2026-06-05 09:33:00
U192,45,1,4.0,1,2026-09-06 19:02:00
U192,47,1,,1,2026-01-12 13:27:00
U192,49,1,3.0,1,2026-05-20 14:25:00
U192,50,1,,1,2026-06-03 18:04:00
U192,51,1,,1,2026-09-01 19:46:00
U192,52,2,5.0,2,2026-04-12 19:22:00
U192,54,1,4.0,1,2025-12-24 16:13:00
U192,55,1,,1,2026-08-31 13:43:00
U192,56,3,,3,2026-09-16 20:23:00
U192,58,3,3.0,3,2026-09-06 19:02:00
U192,60,1,,1,2026-02-21 21:45:00
U192,61,1,,1,2026-08-12 19:52:00
U192,65,1,,1,2026-06-13 21:03:00
U192,66,1,5.0,1,2026-02-06 20:23:00
U192,70,1,,1,2026-04-12 19:22:00
U192,72,1,,1,2026-01-29 11:38:00
U192,73,2,4.0,2,2026-07-03 18:39:00
U192,77,1,4.0,1,2026-08-31 13:43:00
U192,78,2,,2,2026-09-06 18:11:00
U192,79,5,4.0,5,2026-08-31 13:43:00
U192,80,3,3.5,3,2026-09-29 16:06:00
U192,81,1,,1,2026-05-09 18:59:00
U192,82,2,,2,2026-05-10 21:44:00
U192,83,1,,1,2026-08-04 20:19:00
U192,87,3,,3,2026-09-29 16:06:00
U192,89,1,,1,2026-02-10 16:45:00
U192,90,1,3.0,1,2025-10-22 11:06:00
U192,92,2,5.0,2,2026-07-27 17:14:00
U192,93,1,5.0,1,2026-02-15 12:20:00
U192,94,1,,1,2025-12-06 18:13:00
U192,95,1,3.0,1,2026-07-18 19:08:00
U192,96,2,4.0,2,2026-07-11 12:51:00
U192,98,2,4.0,2,2026-07-27 17:14:00
U192,99,4,4.0,4,2026-09-16 20:23:00
U192,100,7,4.67,7,2026-09-05 10:16:00
U192,101,15,3.88,15,2026-09-19 10:25:00
U192,102,6,4.0,6,2026-05-25 15:34:00
U193,54,1,4.0,1,2026-09-11 09:27:00
U193,77,1,5.0,1,2026-09-29 07:33:00
U193,101,1,,1,2026-09-11 09:27:00
U194,3,5,,5,2026-07-17 16:50:00
U194,5,2,,2,2026-08-08 17:35:00
U194,7,2,,2,2026-01-10 14:25:00
U194,8,1,,1,2026-06-28 10:24:00
U194,9,1,,1,2026-02-05 11:02:00
U194,10,3,,3,2026-03-10 10:32:00
U194,11,2,,2,2026-02-07 17:36:00
U194,12,1,,1,2026-02-14 20:50:00
U194,14,1,,1,2025-11-08 09:10:00
U194,19,2,,2,2026-06-12 11:42:00
U194,20,1,,1,2026-01-09 10:14:00
U194,26,17,4.0,17,2026-09-18 18:19:00
U194,27,16,4.0,16,2026-08-15 15:54:00
U194,28,6,4.0,5,2026-09-24 11:09:00
U194,29,1,,1,2026-05-31 19:47:00
U194,30,3,,3,2026-08-18 11:23:00
U194,31,1,,1,2026-02-16 08:59:00
U194,32,10,2.0,10,2026-07-21 14:47:00
U194,33,4,,4,2026-09-09 09:07:00
U194,34,3,,3,2026-09-22 09:10:00
U194,35,7,,7,2026-08-16 09:59:00
U194,41,1,,1,2026-07-07 10:48:00
U194,42,3,2.0,3,2026-08-05 14:27:00
U194,43,1,,1,2026-05-05 19:47:00
U194,44,1,,1,2025-10-10 17:28:00
U194,45,1,2.0,1,2026-05-15 10:03:00
U194,47,4,,4,2026-09-22 09:10:00
U194,48,1,,1,2025-12-11 16:37:00
U194,52,3,,3,2026-05-30 14:06:00
U194,54,1,,1,2026-08-15 16:44:00
U194,60,4,,4,2026-09-05 14:11:00
U194,62,1,,1,2026-03-23 20:28:00
U194,64,10,,10,2026-08-07 17:56:00
U194,66,1,1.0,1,2026-07-25 11:33:00
U194,69,1,3.0,1,2026-08-29 15:57:00
U194,70,1,,1,2026-01-01 20:15:00
U194,71,1,2.0,1,2026-09-15 09:15:00
U194,74,2,3.0,2,2026-05-07 10:06:00
U194,76,1,,1,2026-05-06 09:47:00
U194,77,1,,1,2025-12-25 10:33:00
U194,78,1,,1,2026-04-15 14:25:00
U194,80,1,,1,2026-03-28 21:27:00
U194,84,3,,3,2026-06-09 19:27:00
U194,85,1,,1,2026-08-28 09:25:00
U194,87,1,,1,2026-02-26 09:24:00
U194,90,1,,1,2025-11-03 13:19:00
U194,91,3,,3,2026-07-25 20:16:00
U194,93,1,,1,2026-04-11 09:05:00
U194,94,4,3.0,4,2026-07-25 20:16:00
U194,98,7,3.5,7,2026-08-16 09:59:00
U194,99,4,,4,2026-08-15 15:54:00
U194,100,11,3.0,11,2026-09-05 14:11:00
U194,101,11,2.0,11,2026-08-08 17:35:00
U194,102,6,,6,2026-08-21 11:06:00
U195,2,2,4.0,2,2026-03-21 16:04:00
U195,4,5,,5,2026-03-07 15:33:00
U195,6,4,5.0,4,2026-03-15 07:23:00
U195,7,5,3.5,5,2026-03-28 16:26:00
U195,8,5,3.25,5,2026-03-21 16:04:00
U195,9,1,,1,2026-01-24 16:32:00
U195,10,4,3.0,4,2026-03-23 16:45:00
U195,22,1,,1,2026-02-04 08:07:00
U195,30,1,2.0,1,2026-02-07 06:41:00
U195,62,2,2.0,2,2026-03-07 15:33:00
U195,76,1,,1,2026-01-25 08:38:00
U195,78,1,,1,2026-03-11 07:28:00
U195,84,3,2.0,3,2026-03-05 11:09:00
U195,98,1,,1,2026-03-07 09:17:00
U195,99,1,4.0,1,2026-02-18 10:24:00
U195,100,4,3.67,4,2026-02-06 15:37:00
U195,101,8,3.25,8,2026-03-21 16:04:00
U195,102,1,,1,2026-02-06 06:29:00
U196,1,1,3.0,1,2026-09-07 18:13:00
U196,2,1,2.0,1,2025-12-06 14:26:00
U196,3,8,3.25,8,2026-05-13 16:06:00
U196,5,1,,1,2026-08-14 16:37:00
U196,6,1,3.0,1,2025-11-17 15:56:00
U196,14,1,,1,2026-02-01 15:09:00
U196,18,1,,1,2026-05-13 19:38:00
U196,19,1,3.0,1,2025-12-08 17:06:00
U196,21,1,3.0,1,2026-07-12 14:31:00
U196,22,1,,1,2026-05-09 20:13:00
U196,23,1,,1,2026-04-24 14:52:00
U196,26,2,3.0,2,2025-12-15 21:15:00
U196,27,74,4.65,70,2026-09-28 17:46:00
U196,30,4,3.5,4,2026-06-13 20:50:00
U196,32,1,3.0,1,2025-11-08 19:55:00
U196,33,28,3.12,27,2026-08-27 19:39:00
U196,34,3,,3,2026-09-03 10:12:00
U196,35,1,,1,2026-07-12 21:24:00
U196,36,1,,1,2025-10-25 15:00:00
U196,42,1,,1,2025-11-09 20:07:00
U196,56,4,2.5,4,2026-07-12 21:24:00
U196,60,1,,1,2026-06-23 17:01:00
U196,69,1,,1,2026-05-13 19:38:00
U196,71,1,,1,2025-12-16 18:41:00
U196,72,1,,1,2026-08-30 14:07:00
U196,77,2,2.0,2,2026-02-25 14:32:00
U196,78,1,,1,2026-05-02 16:52:00
U196,88,1,4.0,1,2026-07-30 15:54:00
U196,91,1,3.0,1,2026-08-22 16:18:00
U196,98,5,3.0,5,2026-04-17 17:44:00
U196,99,2,3.0,2,2026-04-30 21:44:00
U196,100,18,3.9,18,2026-08-27 19:39:00
U196,101,6,5.0,6,2026-09-07 18:13:00
U196,102,8,4.0,8,2026-09-02 10:59:00
U197,1,3,,3,2026-08-23 07:29:00
U197,2,1,,1,2026-07-04 16:31:00
U197,3,1,,1,2026-07-13 15:13:00
U197,5,22,3.89,21,2026-09-29 15:08:00
U197,6,47,4.43,41,2026-09-29 15:08:00
U197,7,1,,1,2026-04-03 15:07:00
U197,8,1,,1,2026-03-21 08:33:00
U197,15,2,,2,2026-09-05 15:23:00
U197,21,1,2.0,1,2026-07-08 15:01:00
U197,22,2,2.0,2,2026-06-16 08:28:00
U197,24,2,4.0,2,2026-04-18 07:54:00
U197,26,1,2.0,1,2026-06-16 07:30:00
U197,29,1,,1,2026-09-18 16:11:00
U197,30,7,2.0,7,2026-09-18 16:11:00
U197,31,2,3.0,2,2026-09-30 16:20:00
U197,33,1,,1,2026-04-02 06:14:00
U197,37,1,,1,2026-08-19 15:35:00
U197,39,1,,1,2026-09-23 16:07:00
U197,46,1,,1,2026-04-25 17:16:00
U197,51,2,2.0,2,2026-09-23 16:07:00
U197,70,1,2.0,1,2026-06-16 08:28:00
U197,74,5,2.0,5,2026-09-23 16:07:00
U197,79,1,,1,2026-07-11 07:46:00
U197,86,4,3.0,4,2026-08-10 13:25:00
U197,91,1,,1,2026-07-13 13:12:00
U197,98,3,3.0,3,2026-08-10 13:25:00
U197,99,1,2.0,1,2026-07-09 15:11:00
U197,100,1,3.0,1,2026-03-06 15:55:00
U197,101,15,3.8,15,2026-09-29 15:08:00
U197,102,3,3.0,3,2026-07-18 15:29:00
U198,6,6,4.0,6,2026-09-05 18:09:00
U198,7,1,,1,2026-08-22 16:57:00
U198,8,5,4.0,5,2026-09-22 14:50:00
U198,9,8,4.0,8,2026-09-04 20:25:00
U198,10,4,,4,2026-08-22 12:43:00
U198,11,2,4.0,2,2026-08-20 10:22:00
U198,12,2,,2,2026-04-11 19:35:00
U198,13,2,,2,2026-06-07 16:04:00
U198,18,3,,3,2026-07-16 18:19:00
U198,20,2,5.0,2,2026-04-13 10:32:00
U198,22,1,,1,2025-12-06 19:54:00
U198,28,1,4.0,1,2025-10-16 17:57:00
U198,29,1,,1,2026-09-10 21:30:00
U198,30,1,4.0,1,2025-11-14 15:31:00
U198,33,1,,1,2026-08-30 15:32:00
U198,35,1,,1,2026-09-20 12:45:00
U198,37,6,,6,2026-07-28 18:56:00
U198,47,1,,1,2026-03-04 09:45:00
U198,48,5,3.0,5,2026-08-05 15:12:00
U198,49,1,,1,2026-01-03 19:47:00
U198,53,2,5.0,2,2026-08-22 16:57:00
U198,54,81,4.67,77,2026-09-27 21:34:00
U198,55,2,,2,2026-08-30 17:06:00
U198,56,7,5.0,7,2026-08-06 21:56:00
U198,57,3,4.0,3,2026-05-31 17:32:00
U198,60,11,4.0,11,2026-08-29 15:48:00
U198,61,1,,1,2026-01-25 12:15:00
U198,62,9,3.67,9,2026-09-20 12:45:00
U198,63,2,4.0,2,2026-06-21 20:31:00
U198,65,1,,1,2026-01-01 19:48:00
U198,66,2,,2,2026-06-24 17:11:00
U198,67,2,,2,2026-09-16 19:15:00
U198,68,2,,2,2026-08-29 16:07:00
U198,69,3,,3,2026-09-10 21:30:00
U198,70,2,3.0,2,2026-06-17 13:33:00
U198,71,5,,5,2026-09-20 14:00:00
U198,75,1,,1,2026-03-07 16:52:00
U198,82,1,,1,2026-09-22 14:50:00
U198,91,1,,1,2026-08-03 14:11:00
U198,92,3,2.0,3,2026-03-31 15:13:00
U198,93,1,3.0,1,2026-06-30 16:33:00
U198,98,8,4.0,8,2026-08-20 10:22:00
U198,99,2,,2,2026-05-12 17:16:00
U198,100,20,4.17,20,2026-08-18 17:32:00
U198,101,16,3.0,16,2026-09-05 15:17:00
U198,102,5,3.67,5,2026-07-29 09:29:00
U199,9,4,3.0,4,2026-06-17 18:40:00
U199,10,1,3.0,1,2026-09-26 12:38:00
U199,12,1,,1,2026-09-23 17:30:00
U199,14,3,5.0,3,2026-08-15 14:24:00
U199,15,4,,4,2025-12-09 21:47:00
U199,16,2,5.0,2,2026-08-31 15:08:00
U199,18,2,,2,2026-07-04 16:31:00
U199,20,2,,2,2026-08-31 14:58:00
U199,21,1,,1,2026-09-12 21:15:00
U199,22,5,4.0,5,2026-09-23 17:30:00
U199,24,2,,2,2026-09-23 17:30:00
U199,32,8,,8,2026-08-15 14:24:00
U199,37,2,3.0,2,2026-08-04 15:08:00
U199,43,1,,1,2026-01-21 11:13:00
U199,50,6,3.0,6,2026-08-10 18:47:00
U199,58,1,3.0,1,2025-12-31 13:49:00
U199,69,2,2.0,2,2026-07-07 16:25:00
U199,93,1,,1,2026-08-15 14:24:00
U199,98,3,5.0,3,2026-08-31 15:08:00
U199,100,2,,2,2026-09-26 12:38:00
U199,101,2,4.0,2,2026-03-25 17:00:00
U199,102,1,4.0,1,2026-08-10 18:47:00
U200,35,3,,3,2026-06-23 12:08:00
U200,36,7,2.5,7,2026-08-19 15:42:00
U200,54,1,4.0,1,2026-03-12 07:17:00
U200,57,1,,1,2026-08-29 09:29:00
U200,58,1,,1,2025-11-19 18:15:00
U200,60,3,,3,2026-01-16 11:56:00
U200,62,1,,1,2026-08-17 07:26:00
U200,65,16,2.67,15,2026-09-08 14:41:00
U200,67,5,3.0,4,2026-08-06 09:17:00
U200,75,1,3.0,1,2026-06-19 08:32:00
U200,80,1,,1,2026-08-19 15:42:00
U200,83,1,,1,2026-06-28 10:01:00
U200,91,1,3.0,1,2026-05-20 15:18:00
U200,92,1,2.0,1,2026-05-20 08:41:00
U200,95,2,2.0,2,2026-09-17 09:58:00
U200,100,3,,3,2026-08-17 07:26:00
U200,101,6,3.0,6,2026-09-08 14:41:00
U201,2,1,2.0,1,2026-01-04 17:16:00
U201,5,2,,2,2026-05-21 14:28:00
U201,10,1,,1,2025-10-27 14:24:00
U201,11,1,,1,2026-05-23 11:03:00
U201,12,2,4.0,2,2026-01-18 10:05:00
U201,15,2,4.0,2,2026-08-30 14:35:00
U201,19,5,4.5,5,2026-08-21 14:11:00
U201,20,1,,1,2025-12-04 11:40:00
U201,23,1,,1,2026-02-26 17:10:00
U201,24,1,,1,2026-04-18 16:29:00
U201,41,22,2.29,22,2026-09-11 15:05:00
U201,46,1,,1,2026-01-25 18:17:00
U201,56,1,4.0,1,2026-05-28 11:53:00
U201,58,7,3.0,7,2026-08-13 10:34:00
U201,66,1,,1,2026-04-16 17:38:00
U201,75,1,,1,2026-01-01 21:08:00
U201,98,1,,1,2026-03-11 18:18:00
U201,100,5,3.0,5,2026-07-18 21:25:00
U201,101,5,3.5,5,2026-05-28 11:53:00
U202,2,1,,1,2026-02-25 09:05:00
U202,3,1,,1,2026-06-25 06:27:00
U202,4,1,,1,2026-09-15 07:16:00
U202,6,2,2.0,2,2026-06-21 09:13:00
U202,7,3,2.0,3,2026-09-05 06:21:00
U202,9,5,3.33,5,2026-06-02 13:08:00
U202,10,2,,2,2026-04-24 17:23:00
U202,12,2,2.0,2,2026-06-08 09:00:00
U202,13,4,3.0,4,2026-08-12 07:27:00
U202,15,4,2.0,4,2026-08-19 16:42:00
U202,18,1,1.0,1,2026-01-25 09:42:00
U202,19,1,,1,2026-04-16 06:06:00
U202,22,1,,1,2026-02-27 08:17:00
U202,23,1,2.0,1,2026-06-02 17:30:00
U202,25,2,,2,2026-07-04 07:24:00
U202,26,2,,2,2026-05-23 12:45:00
U202,29,5,2.0,4,2026-08-12 07:27:00
U202,31,1,,1,2026-03-10 17:29:00
U202,32,1,,1,2026-02-05 08:40:00
U202,34,1,,1,2026-07-04 07:24:00
U202,36,2,2.0,2,2026-04-11 12:48:00
U202,39,2,1.0,2,2025-12-24 09:51:00
U202,40,1,,1,2026-09-18 06:58:00
U202,41,1,2.0,1,2026-05-08 07:24:00
U202,42,1,1.0,1,2026-04-14 11:17:00
U202,43,1,2.0,1,2026-09-13 08:42:00
U202,52,1,,1,2026-05-02 06:15:00
U202,54,3,3.0,3,2026-05-10 08:47:00
U202,56,1,3.0,1,2026-03-05 15:54:00
U202,59,35,3.69,35,2026-09-29 09:31:00
U202,60,2,4.0,2,2026-09-20 07:49:00
U202,62,2,,2,2026-09-05 06:21:00
U202,63,4,4.0,4,2026-07-26 09:23:00
U202,65,1,,1,2026-03-24 17:34:00
U202,66,1,,1,2026-01-10 17:13:00
U202,67,1,3.0,1,2026-02-28 17:23:00
U202,68,1,,1,2025-12-29 14:48:00
U202,69,2,2.0,2,2026-07-31 09:32:00
U202,70,2,3.0,2,2026-04-07 07:33:00
U202,72,1,,1,2025-12-02 11:30:00
U202,73,2,,2,2026-03-05 15:54:00
U202,74,1,,1,2026-02-27 08:17:00
U202,75,3,2.0,3,2026-09-22 08:37:00
U202,76,2,2.0,2,2026-08-27 17:41:00
U202,79,1,,1,2026-02-28 17:23:00
U202,80,1,,1,2026-01-18 14:29:00
U202,81,55,2.06,54,2026-09-29 09:31:00
U202,82,1,,1,2026-06-02 13:08:00
U202,90,1,,1,2026-06-23 09:16:00
U202,91,1,1.0,1,2026-03-05 15:54:00
U202,93,1,,1,2026-04-28 08:21:00
U202,95,1,,1,2026-04-06 17:50:00
U202,96,1,1.0,1,2026-09-14 08:04:00
U202,98,7,3.5,7,2026-09-14 08:04:00
U202,99,1,,1,2025-10-11 16:33:00
U202,100,14,3.0,14,2026-09-15 07:16:00
U202,101,17,2.25,17,2026-09-19 06:07:00
U202,102,6,3.0,6,2026-09-18 06:58:00
U204,1,13,4.75,11,2026-08-31 10:44:00
U204,2,2,,2,2026-06-27 09:04:00
U204,4,2,4.0,2,2026-07-02 06:01:00
U204,5,4,3.0,4,2026-06-07 06:34:00
U204,6,2,,2,2026-01-16 06:03:00
U204,7,2,4.0,2,2026-07-01 15:27:00
U204,16,1,,1,2026-08-18 09:03:00
U204,17,1,3.0,1,2026-06-23 08:25:00
U204,21,1,,1,2026-07-09 15:08:00
U204,23,1,3.0,1,2026-09-19 09:08:00
U204,25,1,3.0,1,2026-05-09 08:10:00
U204,34,1,,1,2026-08-20 07:52:00
U204,39,1,,1,2026-08-31 10:44:00
U204,42,1,,1,2025-10-17 08:29:00
U204,45,3,3.0,3,2026-06-07 06:34:00
U204,50,1,4.0,1,2026-09-14 16:18:00
U204,58,1,,1,2026-04-05 13:52:00
U204,65,1,,1,2026-07-01 15:27:00
U204,67,1,2.0,1,2026-09-03 06:37:00
U204,68,1,,1,2026-01-16 16:23:00
U204,74,1,2.0,1,2026-09-06 06:23:00
U204,78,1,,1,2026-07-04 08:46:00
U204,82,1,,1,2026-05-30 15:19:00
U204,83,1,4.0,1,2026-06-07 06:34:00
U204,88,1,,1,2026-09-06 06:23:00
U204,91,1,3.0,1,2026-06-04 06:57:00
U204,98,3,,3,2026-09-03 06:37:00
U204,100,3,4.5,3,2026-08-18 09:03:00
U204,101,6,4.5,6,2026-07-08 06:34:00
U204,102,3,4.0,3,2026-08-31 10:44:00
U205,3,1,5.0,1,2026-09-27 20:57:00
U205,24,1,,1,2026-05-25 08:19:00
U205,27,4,4.0,4,2026-07-21 08:56:00
U205,28,15,4.5,15,2026-09-22 15:53:00
U205,30,2,4.0,2,2026-09-13 14:54:00
U205,32,7,4.5,7,2026-09-28 19:48:00
U205,33,1,,1,2026-02-24 17:07:00
U205,34,3,4.0,3,2026-09-27 20:57:00
U205,35,1,,1,2026-07-08 21:36:00
U205,37,1,,1,2026-05-24 09:07:00
U205,42,1,,1,2025-10-20 08:05:00
U205,48,1,4.0,1,2026-02-04 13:57:00
U205,50,1,,1,2026-03-03 20:33:00
U205,64,2,3.0,2,2026-09-30 08:49:00
U205,72,1,,1,2026-08-27 19:42:00
U205,98,1,4.0,1,2025-10-20 08:05:00
U205,100,3,3.0,3,2026-09-10 17:45:00
U205,101,3,4.0,3,2026-08-27 19:42:00
U205,102,4,4.0,4,2026-09-27 20:57:00
U206,1,3,4.0,3,2026-02-03 12:01:00
U206,2,4,3.33,4,2026-09-08 15:11:00
U206,4,3,4.5,3,2026-09-29 12:48:00
U206,5,2,,2,2026-05-25 07:42:00
U206,6,11,4.0,10,2026-08-26 08:41:00
U206,7,13,4.4,13,2026-09-29 07:26:00
U206,8,4,3.0,4,2026-08-20 16:36:00
U206,9,2,,2,2026-02-03 12:01:00
U206,10,2,,2,2026-03-27 14:05:00
U206,15,1,,1,2026-02-11 11:31:00
U206,26,3,2.0,3,2026-04-25 11:09:00
U206,27,7,3.5,7,2026-07-04 10:06:00
U206,29,5,3.67,5,2026-09-30 14:35:00
U206,31,1,,1,2026-09-23 12:52:00
U206,32,2,,2,2026-08-28 15:17:00
U206,33,1,3.0,1,2026-05-12 09:03:00
U206,34,1,,1,2026-05-15 08:11:00
U206,35,1,,1,2026-08-15 11:11:00
U206,36,2,,2,2026-03-16 09:04:00
U206,37,1,3.0,1,2025-10-30 13:57:00
U206,42,2,2.0,2,2026-01-01 13:49:00
U206,44,3,3.0,3,2026-04-18 10:06:00
U206,45,1,,1,2026-09-05 14:20:00
U206,47,4,,4,2026-09-26 09:07:00
U206,56,2,3.0,2,2026-06-27 09:16:00
U206,59,2,3.0,2,2026-08-19 15:34:00
U206,60,1,,1,2025-12-06 10:15:00
U206,64,71,3.61,70,2026-09-29 12:48:00
U206,67,5,,5,2026-09-15 18:00:00
U206,68,2,3.0,2,2026-06-27 14:10:00
U206,70,1,3.0,1,2026-02-03 12:01:00
U206,73,1,,1,2025-10-23 19:51:00
U206,75,21,2.67,21,2026-09-17 11:27:00
U206,77,37,2.91,36,2026-09-30 16:18:00
U206,78,1,3.0,1,2025-10-29 16:54:00
U206,84,1,,1,2026-09-16 19:42:00
U206,85,1,,1,2026-03-31 15:28:00
U206,87,33,2.62,32,2026-09-21 15:39:00
U206,88,2,3.0,2,2026-09-17 11:27:00
U206,89,2,2.0,2,2026-08-11 11:01:00
U206,92,8,2.0,8,2026-08-28 13:04:00
U206,94,2,4.0,2,2026-03-11 14:51:00
U206,95,12,2.75,12,2026-09-15 18:00:00
U206,96,1,,1,2025-12-02 17:51:00
U206,97,1,,1,2026-06-02 15:28:00
U206,98,8,4.0,8,2026-09-09 07:05:00
U206,99,3,,3,2026-05-14 12:38:00
U206,100,11,4.0,11,2026-09-26 09:07:00
U206,101,26,3.58,26,2026-09-29 12:48:00
U206,102,15,3.67,15,2026-09-30 16:18:00
U207,26,6,4.0,6,2026-09-11 13:00:00
U207,27,5,3.67,5,2026-08-22 12:02:00
U207,28,1,,1,2026-09-11 13:00:00
U207,30,5,3.5,5,2026-01-04 20:45:00
U207,32,1,4.0,1,2026-01-19 10:55:00
U207,34,7,4.0,7,2026-09-12 19:17:00
U207,36,1,3.0,1,2026-07-02 19:55:00
U207,51,1,2.0,1,2026-01-23 17:05:00
U207,53,1,3.0,1,2026-01-27 18:58:00
U207,59,25,2.77,24,2026-09-10 19:09:00
U207,63,1,3.0,1,2025-10-04 11:19:00
U207,64,4,5.0,4,2026-02-24 19:04:00
U207,72,2,,2,2026-02-04 21:12:00
U207,73,2,3.0,2,2026-04-13 13:12:00
U207,75,2,,2,2026-09-10 19:46:00
U207,85,1,,1,2026-03-09 20:18:00
U207,88,1,,1,2026-08-18 18:01:00
U207,98,5,3.33,5,2026-04-15 16:39:00
U207,99,1,5.0,1,2026-05-15 11:37:00
U207,100,4,4.0,4,2026-08-22 12:02:00
U207,101,5,3.5,5,2026-04-03 10:14:00
U207,102,4,3.5,4,2026-07-02 15:02:00
U208,13,3,3.67,3,2026-08-27 11:28:00
U208,14,3,3.0,3,2026-05-24 15:15:00
U208,15,5,3.0,5,2026-09-03 15:57:00
U208,16,1,3.0,1,2026-09-06 13:56:00
U208,17,3,4.5,3,2026-06-28 14:39:00
U208,18,1,,1,2026-02-04 16:37:00
U208,19,4,2.5,4,2026-09-17 20:37:00
U208,20,1,3.0,1,2026-09-03 15:57:00
U208,21,18,4.7,17,2026-09-13 21:09:00
U208,22,1,4.0,1,2026-06-08 17:21:00
U208,23,2,,2,2025-10-13 16:26:00
U208,27,1,2.0,1,2026-09-03 15:57:00
U208,35,8,2.33,8,2026-08-13 21:40:00
U208,36,1,,1,2026-04-14 10:43:00
U208,44,1,,1,2025-11-07 15:54:00
U208,49,1,3.0,1,2026-04-28 21:37:00
U208,64,1,,1,2026-06-08 17:21:00
U208,66,1,,1,2026-09-17 20:37:00
U208,74,1,,1,2026-01-20 11:47:00
U208,86,1,,1,2026-06-14 17:06:00
U208,88,1,4.0,1,2026-07-05 09:30:00
U208,89,1,,1,2026-01-26 13:29:00
U208,92,1,,1,2026-05-24 15:15:00
U208,93,1,,1,2025-11-07 15:54:00
U208,98,3,4.0,3,2026-05-07 10:37:00
U208,100,6,3.5,6,2026-09-17 20:37:00
U208,101,10,4.25,10,2026-08-02 13:29:00
U208,102,4,3.5,4,2026-09-06 13:56:00
U209,8,1,,1,2025-10-17 16:31:00
U209,14,1,,1,2026-01-10 09:25:00
U209,16,7,,7,2026-04-22 15:04:00
U209,19,1,,1,2025-12-19 20:24:00
U209,20,4,4.0,4,2026-02-27 09:08:00
U209,21,13,4.0,12,2026-04-02 14:39:00
U209,24,1,4.0,1,2026-04-04 20:42:00
U209,27,1,3.0,1,2025-11-17 15:19:00
U209,58,1,4.0,1,2026-01-22 11:07:00
U209,66,2,,2,2026-04-22 15:04:00
U209,69,1,,1,2026-01-10 11:14:00
U209,72,1,,1,2026-02-27 09:08:00
U209,78,3,2.0,3,2026-01-09 17:16:00
U209,80,1,,1,2026-02-26 21:37:00
U209,86,1,,1,2025-12-19 20:24:00
U209,98,7,3.5,7,2026-04-22 15:04:00
U209,100,4,,4,2026-04-02 14:39:00
U209,101,3,4.0,3,2026-03-11 14:14:00
U210,9,1,4.0,1,2025-12-16 14:00:00
U210,32,1,,1,2026-02-05 16:51:00
U210,33,1,2.0,1,2025-12-12 14:00:00
U210,36,7,3.0,7,2026-04-12 11:45:00
U210,39,3,,3,2026-03-01 12:05:00
U210,40,1,,1,2026-04-30 17:52:00
U210,41,26,4.38,24,2026-05-02 19:28:00
U210,43,2,3.0,2,2026-04-30 17:52:00
U210,44,3,,3,2026-02-26 11:15:00
U210,45,1,,1,2026-01-06 09:37:00
U210,46,4,3.0,4,2026-04-23 14:16:00
U210,48,2,,2,2026-03-01 12:05:00
U210,52,1,,1,2026-02-22 15:00:00
U210,57,1,,1,2026-02-08 12:28:00
U210,61,1,,1,2025-10-25 10:54:00
U210,62,1,,1,2026-01-08 13:47:00
U210,63,4,2.0,4,2026-04-06 17:50:00
U210,64,1,,1,2026-01-08 20:10:00
U210,65,1,,1,2026-04-02 18:57:00
U210,67,1,,1,2026-03-29 19:01:00
U210,68,1,,1,2025-10-30 10:17:00
U210,71,1,2.0,1,2026-02-08 12:28:00
U210,86,1,3.0,1,2026-02-17 20:35:00
U210,91,1,2.0,1,2026-02-15 17:05:00
U210,92,1,,1,2026-03-16 14:46:00
U210,93,22,3.9,22,2026-03-29 12:37:00
U210,94,4,,4,2026-03-08 11:45:00
U210,95,1,,1,2026-01-03 20:21:00
U210,96,8,3.0,8,2026-04-18 17:24:00
U210,98,1,,1,2025-12-24 09:56:00
U210,100,3,,3,2026-04-06 17:50:00
U210,101,4,3.5,4,2026-03-20 17:03:00
U210,102,5,3.33,5,2026-05-02 19:28:00
U211,11,1,,1,2026-06-30 09:41:00
U211,14,2,4.0,2,2026-08-26 08:41:00
U211,15,39,4.83,34,2026-09-28 09:30:00
U211,16,6,5.0,6,2026-09-16 11:46:00
U211,20,4,3.0,3,2026-09-28 09:30:00
U211,22,1,,1,2026-09-29 11:00:00
U211,35,1,4.0,1,2026-07-15 09:22:00
U211,45,2,,2,2026-07-15 09:22:00
U211,67,2,2.0,2,2026-09-23 19:59:00
U211,80,1,,1,2026-05-20 16:51:00
U211,82,1,2.0,1,2026-09-29 11:00:00
U211,89,1,,1,2025-12-15 14:28:00
U211,90,1,,1,2025-11-01 11:27:00
U211,95,1,,1,2026-01-12 16:26:00
U211,97,1,,1,2026-01-30 12:50:00
U211,98,5,4.0,5,2026-04-12 18:31:00
U211,99,2,3.0,2,2025-12-02 15:40:00
U211,100,3,,3,2026-07-24 11:55:00
U211,101,9,3.67,9,2026-07-24 11:55:00
U211,102,2,,2,2026-03-26 07:32:00
U212,1,1,2.0,1,2026-05-08 13:05:00
U212,3,1,,1,2026-04-22 14:14:00
U212,4,1,,1,2025-12-04 11:06:00
U212,5,2,3.0,2,2026-07-24 14:59:00
U212,7,1,,1,2025-12-15 13:15:00
U212,10,3,5.0,3,2026-09-06 13:01:00
U212,11,1,3.0,1,2026-02-10 16:47:00
U212,12,1,,1,2026-07-12 13:00:00
U212,13,101,3.42,97,2026-09-29 15:42:00
U212,14,7,4.0,7,2026-07-04 16:04:00
U212,15,18,4.67,17,2026-09-20 11:40:00
U212,16,10,4.33,10,2026-07-12 13:00:00
U212,17,1,,1,2026-01-27 14:17:00
U212,18,28,3.71,26,2026-09-30 10:12:00
U212,19,77,4.3,74,2026-09-24 19:18:00
U212,20,5,3.0,5,2026-07-22 09:37:00
U212,21,4,2.0,4,2026-09-25 13:34:00
U212,22,6,,6,2026-09-16 15:08:00
U212,23,6,3.33,6,2026-09-11 10:42:00
U212,24,4,4.0,4,2026-07-08 10:04:00
U212,25,6,4.0,6,2026-08-20 10:10:00
U212,27,1,3.0,1,2026-02-04 14:05:00
U212,30,2,3.0,2,2026-06-14 11:13:00
U212,33,1,,1,2026-07-08 10:04:00
U212,35,1,2.0,1,2026-05-30 11:41:00
U212,36,2,,2,2026-08-29 20:21:00
U212,41,2,3.0,2,2026-05-04 20:35:00
U212,43,1,,1,2026-06-01 13:55:00
U212,46,2,4.0,2,2026-07-27 21:05:00
U212,47,1,,1,2026-04-03 16:14:00
U212,54,1,,1,2026-05-19 15:23:00
U212,57,1,,1,2026-08-16 15:25:00
U212,59,2,,2,2026-09-14 21:51:00
U212,62,1,3.0,1,2026-07-31 14:01:00
U212,75,1,,1,2025-11-06 14:15:00
U212,76,1,,1,2026-06-01 13:55:00
U212,81,2,,2,2026-07-25 18:41:00
U212,88,2,,2,2026-07-03 14:37:00
U212,89,1,3.0,1,2026-08-07 10:24:00
U212,94,5,3.0,5,2026-09-11 10:42:00
U212,95,1,,1,2026-06-17 09:16:00
U212,97,3,,3,2026-06-06 21:02:00
U212,98,13,3.5,13,2026-08-07 10:24:00
U212,99,4,3.5,4,2026-08-16 11:05:00
U212,100,39,4.2,39,2026-09-28 16:20:00
U212,101,28,3.6,28,2026-09-11 10:42:00
U212,102,5,4.0,5,2026-09-14 21:51:00
U213,2,1,5.0,1,2026-07-17 13:36:00
U213,7,2,2.0,2,2026-08-21 13:17:00
U213,12,1,,1,2026-09-06 17:01:00
U213,27,1,,1,2026-07-19 20:08:00
U213,30,1,,1,2026-06-17 21:18:00
U213,31,1,3.0,1,2026-09-27 10:35:00
U213,34,1,,1,2026-02-22 16:36:00
U213,35,2,2.0,2,2025-12-26 21:39:00
U213,37,3,5.0,3,2026-09-05 21:48:00
U213,44,3,3.5,3,2026-09-12 11:37:00
U213,48,1,3.0,1,2025-10-01 09:13:00
U213,54,26,4.1,26,2026-09-20 10:56:00
U213,56,1,,1,2026-08-27 18:52:00
U213,61,1,,1,2025-12-16 20:01:00
U213,63,1,5.0,1,2026-05-16 21:00:00
U213,66,1,,1,2026-04-01 20:30:00
U213,68,2,2.5,2,2026-07-18 19:02:00
U213,70,5,5.0,4,2026-08-10 19:58:00
U213,71,2,,2,2026-08-15 18:43:00
U213,73,1,,1,2026-08-30 17:09:00
U213,74,1,5.0,1,2026-01-11 11:51:00
U213,75,8,5.0,8,2026-08-21 13:17:00
U213,76,61,4.92,58,2026-09-27 10:35:00
U213,77,2,4.0,2,2026-07-31 14:31:00
U213,78,8,3.33,8,2026-08-27 18:52:00
U213,79,2,3.0,2,2026-09-25 15:15:00
U213,80,11,3.75,11,2026-08-21 13:17:00
U213,81,2,,2,2026-09-15 19:47:00
U213,83,1,,1,2025-11-19 15:07:00
U213,85,1,2.0,1,2026-04-01 20:30:00
U213,89,1,3.0,1,2026-09-12 11:37:00
U213,90,2,,2,2026-09-26 19:40:00
U213,91,5,3.33,4,2026-09-13 18:56:00
U213,95,3,3.0,3,2026-09-12 11:37:00
U213,96,4,3.0,4,2026-08-20 20:46:00
U213,98,4,4.0,4,2026-08-21 13:17:00
U213,100,14,4.5,14,2026-09-20 10:56:00
U213,101,8,4.25,8,2026-09-15 19:47:00
U213,102,4,4.5,4,2026-09-13 14:00:00
U214,4,1,,1,2026-07-30 16:57:00
U214,12,2,,2,2026-05-18 18:15:00
U214,19,1,,1,2026-08-08 18:07:00
U214,26,1,,1,2026-07-11 20:05:00
U214,27,1,,1,2025-10-04 10:09:00
U214,34,1,,1,2026-02-01 10:34:00
U214,36,7,5.0,7,2026-09-01 09:31:00
U214,37,3,,3,2026-09-17 18:06:00
U214,39,2,4.0,2,2026-09-17 14:42:00
U214,40,6,4.0,6,2026-09-12 12:14:00
U214,41,8,5.0,8,2026-09-17 14:42:00
U214,42,6,4.0,6,2026-09-27 11:50:00
U214,43,1,,1,2025-12-14 11:33:00
U214,44,2,3.0,2,2026-04-23 14:48:00
U214,45,4,3.5,4,2026-04-14 16:27:00
U214,46,8,,8,2026-09-20 17:42:00
U214,49,6,3.0,6,2026-09-05 19:20:00
U214,52,1,,1,2026-01-17 16:22:00
U214,54,1,,1,2026-09-28 20:06:00
U214,56,2,,2,2026-08-06 16:02:00
U214,57,1,,1,2025-11-01 17:41:00
U214,63,6,,6,2026-08-22 20:35:00
U214,70,1,,1,2026-05-17 17:30:00
U214,73,1,,1,2026-05-08 15:24:00
U214,75,2,,2,2026-06-15 14:48:00
U214,76,2,,1,2026-04-06 19:02:00
U214,77,3,3.0,3,2026-09-15 19:24:00
U214,78,1,,1,2026-07-31 16:30:00
U214,79,10,,10,2026-09-13 17:15:00
U214,81,10,4.0,10,2026-09-17 18:06:00
U214,82,1,,1,2026-06-30 13:21:00
U214,91,2,,2,2026-08-11 20:51:00
U214,92,68,4.69,68,2026-09-28 20:06:00
U214,93,1,3.0,1,2026-08-02 20:48:00
U214,94,3,,3,2026-03-16 13:23:00
U214,95,4,4.5,4,2026-07-11 20:05:00
U214,96,1,,1,2026-02-19 15:10:00
U214,98,1,,1,2026-02-01 10:34:00
U214,99,2,,2,2026-04-14 16:02:00
U214,100,9,4.0,9,2026-09-28 20:06:00
U214,101,11,3.0,11,2026-09-27 11:50:00
U214,102,5,4.0,5,2026-09-12 12:14:00
U215,4,1,3.0,1,2026-07-29 17:16:00
U215,5,4,3.0,4,2026-06-17 09:01:00
U215,8,1,,1,2026-03-30 07:01:00
U215,10,2,3.0,2,2026-07-20 15:53:00
U215,26,1,3.0,1,2025-12-23 08:49:00
U215,27,1,,1,2026-09-10 06:47:00
U215,28,4,3.0,4,2026-06-24 08:46:00
U215,29,1,,1,2026-02-07 06:15:00
U215,36,1,,1,2026-07-11 15:16:00
U215,45,7,4.0,7,2026-07-13 07:59:00
U215,46,2,,2,2026-09-17 08:20:00
U215,47,19,3.29,19,2026-09-24 16:11:00
U215,48,1,,1,2026-06-04 08:20:00
U215,50,6,,6,2026-08-29 07:43:00
U215,52,7,4.0,7,2026-09-19 07:17:00
U215,57,1,,1,2026-04-18 15:28:00
U215,65,8,1.0,8,2026-09-10 07:20:00
U215,70,4,4.0,4,2026-09-12 12:28:00
U215,73,2,3.0,2,2026-09-13 06:25:00
U215,74,2,,2,2026-09-28 09:37:00
U215,76,4,,4,2026-07-29 17:16:00
U215,77,1,,1,2026-02-07 09:47:00
U215,79,2,,2,2026-09-12 12:28:00
U215,83,4,,4,2026-07-20 15:53:00
U215,84,7,3.75,7,2026-06-29 15:06:00
U215,85,5,3.5,5,2026-03-26 09:17:00
U215,86,25,5.0,24,2026-09-30 09:06:00
U215,87,4,,4,2026-08-03 16:38:00
U215,88,6,3.0,6,2026-09-17 16:32:00
U215,89,4,5.0,4,2026-07-11 15:16:00
U215,90,36,4.27,36,2026-09-27 06:17:00
U215,98,10,3.6,10,2026-09-19 07:17:00
U215,99,4,4.0,4,2026-06-29 16:48:00
U215,100,4,4.0,4,2026-06-13 08:36:00
U215,101,14,3.67,14,2026-09-30 09:06:00
U215,102,10,4.0,10,2026-09-22 08:44:00
U216,6,1,4.0,1,2026-01-28 14:30:00
U216,9,1,3.0,1,2026-03-21 18:19:00
U216,12,1,,1,2026-08-25 11:06:00
U216,13,1,3.0,1,2025-11-14 09:32:00
U216,14,1,3.0,1,2026-06-06 19:51:00
U216,23,1,2.0,1,2026-09-22 13:43:00
U216,27,1,3.0,1,2026-05-07 14:45:00
U216,28,2,2.0,2,2026-08-31 16:24:00
U216,34,1,3.0,1,2026-07-19 12:26:00
U216,36,5,3.5,5,2026-08-25 11:06:00
U216,37,3,3.0,3,2026-06-22 16:13:00
U216,40,2,2.5,2,2026-08-31 16:41:00
U216,41,1,,1,2026-09-24 16:34:00
U216,53,2,,2,2026-06-06 19:51:00
U216,56,1,,1,2026-06-05 21:51:00
U216,57,2,3.0,2,2026-08-05 14:46:00
U216,58,2,5.0,2,2026-09-17 16:16:00
U216,61,1,,1,2026-08-31 16:24:00
U216,63,19,3.75,19,2026-07-29 19:19:00
U216,65,3,4.5,3,2026-06-20 11:21:00
U216,66,3,3.0,3,2026-03-10 20:54:00
U216,67,5,3.0,5,2026-07-23 19:34:00
U216,68,3,3.0,3,2026-07-13 14:41:00
U216,69,8,3.33,8,2026-09-17 16:16:00
U216,71,1,,1,2026-04-25 15:39:00
U216,72,6,3.67,6,2026-09-27 15:06:00
U216,73,7,3.75,7,2026-09-02 11:54:00
U216,74,4,4.0,4,2026-09-26 16:23:00
U216,75,8,3.5,8,2026-07-20 19:06:00
U216,76,4,4.0,4,2026-09-06 21:11:00
U216,77,3,3.0,3,2026-06-27 18:58:00
U216,78,6,3.5,6,2026-07-03 09:22:00
U216,79,27,4.38,26,2026-09-24 16:34:00
U216,80,7,4.0,7,2026-09-23 20:19:00
U216,81,24,4.62,24,2026-09-13 17:41:00
U216,82,1,,1,2026-04-30 21:42:00
U216,84,2,2.5,2,2026-05-01 18:08:00
U216,88,1,3.0,1,2025-11-08 18:52:00
U216,91,3,3.0,3,2026-05-03 20:59:00
U216,95,3,3.5,3,2026-03-05 16:10:00
U216,96,3,2.33,3,2026-08-05 14:46:00
U216,98,9,3.5,9,2026-09-22 13:43:00
U216,99,4,3.0,4,2026-07-29 19:19:00
U216,100,8,2.83,8,2026-09-22 13:43:00
U216,101,13,3.45,13,2026-09-27 15:06:00
U216,102,5,3.5,5,2026-07-29 19:19:00
U217,14,1,5.0,1,2026-08-31 14:35:00
U217,16,2,4.0,2,2026-08-31 14:35:00
U217,23,1,,1,2026-08-06 09:25:00
U217,24,1,,1,2026-08-10 11:36:00
U217,63,2,3.0,2,2026-08-31 17:17:00
U217,102,1,5.0,1,2026-08-29 14:59:00
U218,7,1,,1,2026-09-19 20:57:00
U218,20,1,3.0,1,2026-08-23 10:18:00
U218,22,1,,1,2026-08-22 17:34:00
U218,29,1,,1,2026-09-05 16:27:00
U218,33,2,3.0,2,2026-08-30 17:39:00
U218,41,1,,1,2026-06-26 20:45:00
U218,44,1,3.0,1,2026-05-13 10:49:00
U218,54,3,4.0,3,2026-08-07 20:18:00
U218,60,8,2.0,8,2026-08-20 20:40:00
U218,67,1,,1,2026-08-04 17:07:00
U218,70,3,,3,2026-05-17 12:47:00
U218,71,4,,4,2026-09-14 16:11:00
U218,73,1,,1,2026-05-07 20:41:00
U218,74,1,4.0,1,2026-09-25 15:48:00
U218,75,11,4.0,10,2026-09-25 16:05:00
U218,76,4,4.0,4,2026-07-10 15:58:00
U218,77,2,,2,2026-06-10 20:33:00
U218,78,1,,1,2026-07-16 19:17:00
U218,80,43,4.89,39,2026-09-30 11:11:00
U218,82,3,5.0,3,2026-09-23 20:23:00
U218,95,1,,1,2026-02-16 21:52:00
U218,97,1,,1,2026-08-30 15:29:00
U218,98,5,,5,2026-09-21 09:13:00
U218,99,2,4.0,2,2026-08-25 20:30:00
U218,100,8,4.0,8,2026-09-14 16:11:00
U218,101,8,4.0,8,2026-08-23 20:33:00
U218,102,3,,3,2026-05-24 21:14:00
U219,1,6,4.0,6,2026-06-18 07:53:00
U219,2,3,3.0,3,2026-06-25 08:47:00
U219,3,1,3.0,1,2026-09-21 09:22:00
U219,5,2,3.0,2,2026-02-25 09:50:00
U219,6,1,,1,2026-04-16 08:50:00
U219,7,15,5.0,15,2026-08-15 09:09:00
U219,8,2,,2,2026-07-07 07:37:00
U219,10,10,2.67,10,2026-07-11 07:45:00
U219,22,1,,1,2026-05-19 08:57:00
U219,26,2,,2,2026-04-02 15:22:00
U219,36,5,4.0,5,2026-09-24 08:27:00
U219,37,10,4.0,10,2026-09-26 17:53:00
U219,38,1,,1,2026-04-04 07:52:00
U219,39,2,,2,2026-03-18 15:47:00
U219,40,12,2.5,12,2026-09-29 07:11:00
U219,41,1,2.0,1,2026-06-29 17:43:00
U219,42,10,4.0,10,2026-09-20 09:02:00
U219,43,4,3.5,4,2026-06-26 08:16:00
U219,44,5,4.0,5,2026-08-12 07:11:00
U219,46,1,,1,2025-12-01 09:15:00
U219,48,3,,3,2026-09-04 09:35:00
U219,53,1,,1,2026-02-02 16:06:00
U219,56,5,,5,2026-09-25 07:21:00
U219,63,1,,1,2026-07-20 07:26:00
U219,66,11,2.6,11,2026-09-22 06:05:00
U219,76,1,,1,2026-07-19 06:04:00
U219,79,1,,1,2026-07-04 07:59:00
U219,82,2,,2,2026-06-27 09:41:00
U219,85,1,,1,2026-07-22 08:57:00
U219,91,3,3.0,3,2026-04-09 09:06:00
U219,92,3,,3,2026-07-01 15:38:00
U219,93,1,,1,2026-01-20 10:29:00
U219,94,9,4.0,9,2026-09-24 06:18:00
U219,95,6,3.0,6,2026-06-30 08:46:00
U219,96,1,4.0,1,2026-07-20 07:26:00
U219,97,1,,1,2026-04-07 07:02:00
U219,98,1,,1,2026-03-01 15:43:00
U219,99,3,3.5,3,2026-04-22 07:40:00
U219,100,11,2.67,11,2026-08-05 07:07:00
U219,101,9,4.0,9,2026-09-24 08:27:00
U219,102,9,4.0,9,2026-09-25 07:21:00
U220,38,1,,1,2026-07-27 15:35:00
U220,46,5,4.0,5,2026-09-10 12:47:00
U220,47,1,,1,2026-02-07 09:17:00
U220,49,1,,1,2026-04-03 07:40:00
U220,50,26,3.71,25,2026-09-08 12:45:00
U220,51,1,,1,2026-03-20 13:03:00
U220,57,1,3.0,1,2026-06-22 09:52:00
U220,70,5,5.0,5,2026-09-15 09:44:00
U220,72,2,3.0,2,2026-05-21 07:52:00
U220,79,1,,1,2026-04-01 08:04:00
U220,80,1,,1,2026-06-19 07:49:00
U220,83,9,3.0,9,2026-08-01 15:58:00
U220,84,1,,1,2025-10-17 07:08:00
U220,86,1,,1,2026-03-30 08:46:00
U220,87,4,,4,2026-09-08 12:45:00
U220,88,1,,1,2026-08-01 11:43:00
U220,89,2,5.0,2,2026-08-16 17:44:00
U220,90,1,3.0,1,2026-06-22 09:52:00
U220,98,4,3.0,4,2026-06-22 09:52:00
U220,100,4,4.0,4,2026-06-22 09:52:00
U220,101,1,,1,2026-08-17 09:44:00
U220,102,1,,1,2026-01-28 07:48:00
U221,1,6,3.0,6,2026-08-22 08:48:00
U221,2,3,,3,2026-06-19 06:31:00
U221,4,3,,3,2026-06-07 07:12:00
U221,5,1,,1,2026-07-22 10:16:00
U221,6,3,,3,2026-06-15 16:55:00
U221,7,1,,1,2026-04-15 07:09:00
U221,9,1,2.0,1,2026-07-05 07:50:00
U221,10,2,3.0,2,2026-08-26 15:28:00
U221,11,3,4.0,3,2026-09-29 07:31:00
U221,13,1,4.0,1,2026-01-26 16:26:00
U221,15,1,,1,2026-06-05 09:59:00
U221,26,1,,1,2026-08-26 15:28:00
U221,32,1,3.0,1,2026-02-12 06:59:00
U221,34,4,,4,2026-08-03 16:49:00
U221,35,1,,1,2026-07-22 10:16:00
U221,40,1,,1,2026-05-10 09:19:00
U221,41,12,4.0,12,2026-07-12 08:28:00
U221,44,1,3.0,1,2026-03-23 09:29:00
U221,47,1,,1,2025-12-09 08:02:00
U221,54,1,3.0,1,2026-05-21 15:42:00
U221,57,1,,1,2026-08-08 09:45:00
U221,60,1,,1,2026-02-27 07:34:00
U221,63,20,3.5,20,2026-09-06 06:50:00
U221,65,1,,1,2025-10-28 12:33:00
U221,69,10,4.0,9,2026-09-30 16:30:00
U221,70,2,,2,2026-04-28 09:22:00
U221,71,1,,1,2025-11-14 17:27:00
U221,74,2,,2,2026-03-19 17:37:00
U221,76,74,4.24,66,2026-09-28 16:35:00
U221,77,1,,1,2025-10-07 16:29:00
U221,78,8,5.0,7,2026-08-21 09:14:00
U221,80,1,,1,2026-08-13 07:13:00
U221,82,1,,1,2026-08-25 06:17:00
U221,86,1,,1,2026-05-21 15:42:00
U221,87,1,,1,2026-03-27 07:48:00
U221,91,1,3.0,1,2025-10-25 16:39:00
U221,98,3,4.0,3,2026-03-22 09:53:00
U221,99,1,,1,2026-05-21 15:42:00
U221,100,8,,8,2026-09-06 06:50:00
U221,101,15,4.2,15,2026-08-22 08:48:00
U221,102,9,4.5,9,2026-07-05 07:50:00
U222,2,1,,1,2026-09-19 21:37:00
U222,6,1,,1,2026-01-25 15:28:00
U222,11,1,,1,2026-09-19 21:37:00
U222,44,1,,1,2025-12-16 14:22:00
U222,52,1,,1,2026-05-31 10:16:00
U222,54,1,4.0,1,2025-12-16 14:22:00
U222,63,8,4.0,7,2026-06-23 19:14:00
U222,69,1,,1,2026-05-17 21:30:00
U222,73,1,,1,2026-03-14 20:48:00
U222,74,1,,1,2026-04-13 09:56:00
U222,75,1,3.0,1,2026-05-14 13:45:00
U222,76,2,5.0,2,2026-04-18 17:24:00
U222,77,1,,1,2025-12-21 20:45:00
U222,78,1,4.0,1,2026-09-19 21:37:00
U222,79,30,3.8,30,2026-09-21 10:33:00
U222,80,1,,1,2025-10-08 15:29:00
U222,88,1,,1,2025-12-03 13:07:00
U222,89,1,4.0,1,2026-06-18 21:26:00
U222,98,1,,1,2026-04-24 13:54:00
U222,99,2,4.0,2,2025-11-09 19:14:00
U222,100,7,4.0,7,2026-09-19 21:37:00
U222,101,1,4.0,1,2026-01-06 15:09:00
U222,102,1,,1,2025-10-08 15:29:00
U223,5,2,,2,2026-01-24 16:19:00
U223,8,1,3.0,1,2026-03-02 12:56:00
U223,14,1,5.0,1,2026-09-24 08:16:00
U223,15,1,3.0,1,2025-12-05 09:55:00
U223,18,1,,1,2026-07-17 13:57:00
U223,21,1,,1,2026-04-27 07:21:00
U223,22,5,4.0,5,2026-09-15 16:37:00
U223,23,9,4.0,9,2026-09-17 08:45:00
U223,24,2,,2,2026-05-05 16:35:00
U223,29,1,,1,2026-02-03 09:49:00
U223,32,2,3.0,2,2026-04-13 14:34:00
U223,34,2,,2,2026-09-17 08:45:00
U223,61,1,,1,2026-02-06 17:00:00
U223,73,10,2.5,9,2026-08-07 08:54:00
U223,100,1,,1,2026-09-17 08:45:00
U223,101,4,3.67,4,2026-03-02 12:56:00
U223,102,2,,2,2026-08-07 08:54:00
U224,7,1,,1,2026-09-05 20:26:00
U224,23,2,,2,2026-07-04 16:09:00
U224,26,11,3.4,11,2026-09-30 15:51:00
U224,27,27,4.12,26,2026-09-29 17:10:00
U224,28,2,4.0,2,2026-09-22 21:31:00
U224,29,1,2.0,1,2026-06-28 12:48:00
U224,31,2,3.0,2,2026-09-22 21:31:00
U224,32,6,4.0,6,2026-07-11 10:51:00
U224,33,1,,1,2026-04-19 14:15:00
U224,34,7,3.0,7,2026-08-22 11:52:00
U224,35,1,,1,2026-07-29 16:04:00
U224,36,1,,1,2026-02-28 14:49:00
U224,47,1,3.0,1,2026-07-28 13:29:00
U224,56,1,2.0,1,2026-06-27 17:42:00
U224,64,19,4.25,17,2026-09-13 19:39:00
U224,67,1,,1,2026-08-29 20:40:00
U224,75,1,3.0,1,2026-04-28 18:28:00
U224,82,1,2.0,1,2026-09-05 20:26:00
U224,85,1,,1,2026-09-12 14:47:00
U224,93,2,,2,2026-04-09 21:43:00
U224,99,1,,1,2026-06-15 19:55:00
U224,100,8,3.5,8,2026-09-29 17:10:00
U224,101,4,4.0,4,2026-09-10 13:12:00
U224,102,2,4.0,2,2026-08-14 13:22:00
U225,2,1,,1,2025-11-25 14:52:00
U225,4,1,3.0,1,2026-02-22 19:39:00
U225,5,2,3.5,2,2026-01-08 07:28:00
U225,6,1,3.0,1,2026-06-08 09:59:00
U225,7,1,,1,2026-05-19 07:24:00
U225,8,1,3.0,1,2026-07-16 12:24:00
U225,9,1,,1,2026-08-16 19:33:00
U225,12,1,,1,2026-08-21 09:42:00
U225,13,1,3.0,1,2026-04-20 09:32:00
U225,17,1,,1,2026-05-19 12:42:00
U225,20,1,,1,2026-09-04 09:44:00
U225,21,1,1.0,1,2026-08-20 16:20:00
U225,25,2,2.0,2,2026-09-19 10:20:00
U225,26,1,,1,2026-07-24 08:53:00
U225,27,2,3.0,2,2026-07-30 09:42:00
U225,28,6,3.33,6,2026-07-13 07:26:00
U225,29,1,3.0,1,2026-03-05 13:14:00
U225,30,1,,1,2026-08-15 11:28:00
U225,32,1,,1,2025-10-24 07:51:00
U225,33,2,4.0,2,2026-06-22 08:09:00
U225,34,1,,1,2026-09-15 14:57:00
U225,36,6,,6,2026-08-01 10:16:00
U225,37,16,4.0,15,2026-09-26 11:29:00
U225,38,1,,1,2025-10-24 18:49:00
U225,39,21,4.0,21,2026-09-28 12:03:00
U225,40,5,4.0,5,2026-07-03 17:03:00
U225,41,6,4.0,6,2026-08-15 11:28:00
U225,42,7,3.75,7,2026-09-20 15:56:00
U225,43,81,4.86,79,2026-09-28 12:03:00
U225,44,4,4.0,4,2026-08-31 07:13:00
U225,46,1,,1,2026-03-29 15:31:00
U225,47,1,,1,2026-01-16 12:03:00
U225,48,15,2.75,15,2026-08-31 14:38:00
U225,49,11,3.5,11,2026-09-27 09:22:00
U225,50,1,3.0,1,2026-04-16 14:21:00
U225,52,20,2.78,20,2026-09-26 14:19:00
U225,55,1,,1,2026-08-04 08:19:00
U225,58,2,3.0,2,2026-01-19 18:36:00
U225,61,1,4.0,1,2026-08-11 15:59:00
U225,69,1,2.0,1,2026-02-12 14:49:00
U225,70,4,2.0,4,2026-06-06 14:53:00
U225,71,1,,1,2026-07-08 11:20:00
U225,74,1,,1,2026-05-29 13:43:00
U225,75,2,2.0,2,2026-04-30 09:31:00
U225,78,2,3.0,2,2026-09-15 14:57:00
U225,83,7,2.67,7,2026-07-07 15:42:00
U225,84,1,,1,2026-04-06 09:17:00
U225,85,1,,1,2026-03-26 15:09:00
U225,90,2,,2,2026-07-07 15:42:00
U225,91,2,4.5,2,2026-07-01 08:29:00
U225,92,13,4.0,13,2026-08-27 19:26:00
U225,94,2,3.0,2,2026-01-19 18:36:00
U225,95,1,,1,2026-09-16 09:15:00
U225,96,4,3.5,4,2026-08-31 07:13:00
U225,97,2,,2,2026-05-04 07:01:00
U225,98,9,4.5,9,2026-08-19 13:56:00
U225,99,4,4.0,4,2026-09-26 11:29:00
U225,100,12,3.67,12,2026-09-27 09:22:00
U225,101,13,4.2,13,2026-09-04 09:44:00
U225,102,18,4.17,18,2026-09-26 14:19:00
U226,3,1,,1,2026-06-08 07:11:00
U226,5,1,,1,2026-06-16 08:48:00
U226,6,1,,1,2026-06-27 07:57:00
U226,10,1,2.0,1,2026-03-20 13:13:00
U226,11,1,,1,2026-01-29 16:34:00
U226,13,1,,1,2026-04-13 16:25:00
U226,15,1,3.0,1,2026-02-25 09:24:00
U226,22,1,,1,2025-11-08 08:55:00
U226,33,1,,1,2026-06-08 07:11:00
U226,41,1,3.0,1,2026-05-17 15:20:00
U226,46,8,4.0,8,2026-09-28 08:57:00
U226,47,4,3.0,3,2026-04-05 07:17:00
U226,50,21,3.44,21,2026-09-25 09:49:00
U226,52,1,,1,2026-05-23 09:34:00
U226,54,1,,1,2026-08-02 07:37:00
U226,64,1,,1,2026-02-18 16:36:00
U226,66,1,,1,2025-11-30 08:19:00
U226,72,1,,1,2025-11-16 15:13:00
U226,74,1,3.0,1,2026-06-19 09:45:00
U226,76,7,3.0,7,2026-08-23 08:40:00
U226,77,1,3.0,1,2025-10-13 16:50:00
U226,78,1,,1,2025-11-18 09:04:00
U226,79,2,,2,2026-06-07 17:37:00
U226,81,10,2.2,10,2026-06-19 09:45:00
U226,83,4,3.5,4,2026-05-31 06:44:00
U226,84,11,3.0,11,2026-09-02 07:52:00
U226,85,39,3.4,38,2026-08-31 16:11:00
U226,86,6,3.0,6,2026-09-25 09:49:00
U226,87,4,2.5,4,2026-08-25 07:15:00
U226,88,9,4.0,9,2026-09-12 13:37:00
U226,89,1,,1,2026-05-24 15:35:00
U226,90,14,3.5,14,2026-07-29 06:25:00
U226,92,1,,1,2026-02-11 13:53:00
U226,95,1,,1,2026-02-01 06:35:00
U226,98,2,3.0,2,2026-03-20 08:32:00
U226,99,3,,3,2026-05-24 15:35:00
U226,100,13,3.0,13,2026-09-20 16:26:00
U226,101,5,3.5,5,2026-08-29 07:09:00
U226,102,9,3.5,9,2026-07-29 06:25:00
U227,3,1,,1,2026-04-20 20:05:00
U227,5,1,,1,2026-07-14 14:35:00
U227,7,1,,1,2025-12-26 21:36:00
U227,8,2,,2,2026-02-21 12:59:00
U227,11,2,3.0,2,2025-11-25 20:03:00
U227,12,3,3.0,3,2026-02-01 15:30:00
U227,23,1,,1,2026-02-04 17:50:00
U227,31,4,,4,2026-07-14 14:35:00
U227,34,1,2.0,1,2026-06-08 15:43:00
U227,35,2,3.0,2,2026-08-29 14:09:00
U227,36,5,,5,2026-09-26 19:00:00
U227,37,14,4.75,14,2026-09-23 10:41:00
U227,38,2,,2,2026-07-05 16:07:00
U227,39,28,4.2,28,2026-09-23 20:44:00
U227,40,4,,4,2026-06-02 10:20:00
U227,41,1,,1,2026-05-26 15:38:00
U227,42,2,,2,2026-06-02 18:12:00
U227,43,1,3.0,1,2026-06-15 17:53:00
U227,44,1,3.0,1,2026-09-12 18:40:00
U227,45,1,,1,2026-05-26 15:38:00
U227,46,10,5.0,10,2026-09-26 11:52:00
U227,47,5,,5,2026-09-21 18:20:00
U227,48,1,,1,2026-06-20 15:22:00
U227,51,3,3.0,3,2025-12-18 20:01:00
U227,52,1,,1,2026-04-30 21:38:00
U227,56,2,,2,2026-04-18 17:37:00
U227,59,2,,2,2026-05-30 11:20:00
U227,61,1,3.0,1,2026-06-20 15:22:00
U227,63,2,,2,2026-04-19 18:50:00
U227,69,2,3.5,2,2026-05-14 21:24:00
U227,71,6,3.0,6,2026-09-10 19:13:00
U227,72,13,3.67,13,2026-08-15 20:36:00
U227,74,2,,2,2026-08-15 20:36:00
U227,76,1,3.0,1,2026-06-02 18:12:00
U227,77,3,2.0,3,2026-09-20 21:12:00
U227,83,1,,1,2026-02-01 15:30:00
U227,90,1,4.0,1,2026-05-14 21:24:00
U227,91,4,,4,2026-04-25 12:15:00
U227,92,1,,1,2026-05-21 18:33:00
U227,93,2,,2,2026-08-16 11:31:00
U227,94,2,,2,2026-07-28 21:16:00
U227,95,3,4.0,3,2026-06-10 20:17:00
U227,96,12,4.0,12,2026-08-01 21:44:00
U227,98,4,,4,2026-09-26 19:00:00
U227,99,2,,2,2026-06-02 10:20:00
U227,100,6,,6,2026-09-26 19:00:00
U227,101,13,4.67,13,2026-09-20 21:12:00
U227,102,9,4.0,9,2026-09-23 20:44:00
U228,1,6,,6,2026-06-30 08:34:00
U228,2,3,3.5,3,2026-03-18 08:51:00
U228,3,1,3.0,1,2026-06-11 13:25:00
U228,4,5,5.0,5,2026-03-17 17:26:00
U228,5,9,4.0,8,2026-09-23 07:16:00
U228,6,3,4.0,3,2026-07-08 14:16:00
U228,7,4,4.0,4,2026-06-30 09:25:00
U228,8,1,4.0,1,2026-06-22 08:27:00
U228,11,1,,1,2026-03-18 08:51:00
U228,15,1,,1,2026-06-30 09:25:00
U228,19,1,,1,2026-09-17 08:24:00
U228,20,1,,1,2025-10-27 07:28:00
U228,23,1,,1,2026-05-06 09:28:00
U228,26,2,3.0,2,2026-09-22 18:57:00
U228,27,1,2.0,1,2026-02-27 12:41:00
U228,30,1,,1,2026-09-22 09:25:00
U228,34,1,,1,2026-07-31 11:43:00
U228,35,1,4.0,1,2026-09-22 09:25:00
U228,36,1,,1,2026-01-14 08:44:00
U228,38,1,,1,2026-01-13 16:00:00
U228,42,2,,2,2026-07-08 14:16:00
U228,61,1,,1,2026-03-04 15:48:00
U228,71,2,,2,2025-12-17 16:17:00
U228,86,1,,1,2026-02-05 07:52:00
U228,96,3,,3,2026-08-30 19:15:00
U228,100,3,4.0,3,2026-05-06 09:28:00
U228,101,10,4.5,10,2026-09-23 07:16:00
U229,8,3,,3,2026-07-05 09:09:00
U229,9,7,3.0,7,2026-08-09 11:32:00
U229,10,31,3.0,31,2026-09-11 07:24:00
U229,12,10,2.75,10,2026-07-04 11:13:00
U229,13,7,2.0,7,2026-08-19 07:45:00
U229,14,2,2.5,2,2026-03-25 08:38:00
U229,26,1,,1,2026-04-05 17:48:00
U229,27,1,,1,2026-05-13 13:01:00
U229,30,1,,1,2026-04-13 07:19:00
U229,35,2,3.0,2,2026-04-25 09:19:00
U229,37,2,3.0,2,2026-06-22 09:54:00
U229,40,1,,1,2026-06-24 07:18:00
U229,41,1,,1,2026-05-21 16:39:00
U229,47,1,,1,2025-11-04 19:55:00
U229,53,1,4.0,1,2026-06-30 07:37:00
U229,54,1,,1,2025-12-19 16:50:00
U229,56,4,3.0,4,2026-08-17 12:47:00
U229,57,3,,3,2026-09-18 07:02:00
U229,58,1,2.0,1,2026-04-21 07:01:00
U229,60,14,3.17,14,2026-09-24 13:52:00
U229,61,2,,2,2026-08-15 18:36:00
U229,62,2,,2,2026-09-24 13:19:00
U229,63,6,3.33,6,2026-09-05 09:09:00
U229,65,13,3.83,12,2026-09-30 14:01:00
U229,66,1,,1,2026-03-30 18:57:00
U229,67,1,,1,2025-10-02 12:59:00
U229,68,30,4.73,29,2026-09-18 08:46:00
U229,69,2,3.0,2,2026-07-05 09:09:00
U229,72,2,,2,2026-07-20 19:25:00
U229,81,1,2.0,1,2026-02-26 14:34:00
U229,94,1,,1,2025-12-15 09:43:00
U229,98,5,4.0,5,2026-09-30 14:01:00
U229,99,3,3.0,3,2026-09-24 13:52:00
U229,100,11,3.71,11,2026-08-29 17:14:00
U229,101,17,3.57,17,2026-09-11 07:24:00
U229,102,4,4.0,4,2026-06-12 12:51:00
U230,3,1,,1,2026-05-07 15:44:00
U230,7,1,,1,2026-07-26 18:04:00
U230,9,1,,1,2026-06-25 15:59:00
U230,10,1,,1,2026-08-09 15:47:00
U230,13,1,4.0,1,2026-05-09 16:05:00
U230,21,2,4.0,2,2026-09-24 21:52:00
U230,22,2,4.0,2,2026-08-20 17:38:00
U230,23,1,2.0,1,2026-01-27 11:14:00
U230,26,2,4.5,2,2026-07-28 16:33:00
U230,30,7,4.6,7,2026-09-29 16:29:00
U230,33,1,3.0,1,2026-03-17 14:38:00
U230,35,4,5.0,4,2026-09-16 15:51:00
U230,36,1,,1,2026-03-24 17:49:00
U230,38,1,,1,2026-05-17 15:53:00
U230,41,9,3.5,9,2026-07-10 15:20:00
U230,44,1,3.0,1,2026-09-22 10:02:00
U230,48,3,3.0,3,2026-08-20 17:38:00
U230,50,12,4.5,12,2026-09-04 16:01:00
U230,51,8,4.0,8,2026-09-15 15:18:00
U230,52,29,3.8,29,2026-09-09 18:46:00
U230,53,1,,1,2026-08-14 10:18:00
U230,54,2,,2,2026-05-01 15:10:00
U230,56,5,3.5,5,2026-09-22 10:02:00
U230,58,2,3.0,2,2026-02-08 15:24:00
U230,59,1,,1,2026-07-21 09:32:00
U230,60,1,,1,2026-01-03 20:46:00
U230,61,1,4.0,1,2026-09-10 16:46:00
U230,63,3,3.0,3,2026-09-09 18:46:00
U230,66,6,2.5,6,2026-08-17 17:52:00
U230,67,2,,2,2026-07-13 21:04:00
U230,68,2,,2,2026-09-28 21:30:00
U230,69,3,4.0,3,2026-09-30 19:12:00
U230,70,1,,1,2025-12-02 15:45:00
U230,71,1,,1,2026-06-10 16:27:00
U230,73,1,3.0,1,2026-03-12 19:41:00
U230,74,5,4.0,5,2026-09-26 12:21:00
U230,75,1,3.0,1,2026-04-12 21:58:00
U230,76,8,3.33,8,2026-03-15 12:04:00
U230,77,2,4.0,2,2026-05-26 13:21:00
U230,81,10,4.33,10,2026-09-18 13:00:00
U230,82,2,4.0,2,2026-05-09 16:05:00
U230,89,5,,5,2026-09-27 20:32:00
U230,90,2,,2,2026-01-28 13:23:00
U230,92,1,4.0,1,2026-09-29 16:29:00
U230,93,1,4.0,1,2025-10-12 18:40:00
U230,95,1,,1,2026-07-26 18:04:00
U230,98,5,4.0,5,2026-07-31 20:12:00
U230,99,1,,1,2026-05-30 14:17:00
U230,100,9,3.5,9,2026-09-28 21:30:00
U230,101,9,3.75,9,2026-09-30 19:12:00
U230,102,9,4.0,9,2026-08-06 15:24:00
U231,6,1,,1,2026-03-17 16:28:00
U231,9,1,,1,2026-05-20 15:45:00
U231,10,2,,1,2026-07-29 08:09:00
U231,11,1,3.0,1,2026-04-24 08:52:00
U231,14,7,4.5,6,2026-09-28 13:07:00
U231,15,1,,1,2026-03-17 16:28:00
U231,17,1,,1,2026-07-29 14:59:00
U231,22,4,2.0,4,2026-09-21 07:18:00
U231,23,4,3.0,4,2026-09-29 09:14:00
U231,25,1,,1,2026-05-20 15:45:00
U231,30,1,3.0,1,2026-09-29 07:50:00
U231,45,2,,2,2026-09-28 13:07:00
U231,58,2,3.0,2,2026-08-04 15:07:00
U231,65,2,,2,2026-09-29 09:14:00
U231,81,1,,1,2026-05-20 15:45:00
U231,83,3,3.0,3,2026-04-17 11:43:00
U231,98,1,,1,2026-03-19 08:23:00
U231,100,3,,3,2026-09-29 09:14:00
U231,101,1,3.0,1,2026-08-17 08:08:00
U232,10,1,,1,2026-04-02 13:34:00
U232,61,1,,1,2026-09-17 14:27:00
U232,69,1,,1,2026-07-20 09:30:00
U232,70,2,,2,2026-07-27 08:25:00
U232,72,1,,1,2025-10-17 07:32:00
U232,73,19,4.6,18,2026-08-09 11:31:00
U232,75,1,,1,2026-04-27 08:08:00
U232,78,2,5.0,2,2026-03-31 19:55:00
U232,82,1,5.0,1,2026-01-19 14:51:00
U232,86,1,,1,2026-04-27 08:08:00
U232,97,1,3.0,1,2026-08-18 12:17:00
U232,98,1,,1,2026-04-15 07:06:00
U232,99,2,5.0,2,2026-05-18 11:22:00
U232,100,1,,1,2025-11-12 14:54:00
U232,101,6,5.0,6,2026-09-17 14:27:00
U232,102,1,,1,2025-10-17 07:32:00
U233,2,1,,1,2025-11-02 09:45:00
U233,4,2,3.0,2,2026-08-22 16:27:00
U233,7,1,,1,2026-06-11 08:16:00
U233,8,1,,1,2026-06-21 09:07:00
U233,12,9,3.0,9,2026-08-10 15:32:00
U233,14,2,4.0,2,2026-06-11 08:16:00
U233,19,1,4.0,1,2025-12-23 10:17:00
U233,28,1,,1,2026-08-18 10:28:00
U233,31,1,,1,2026-04-13 08:23:00
U233,33,3,4.5,3,2026-08-22 16:27:00
U233,39,1,,1,2026-07-12 17:32:00
U233,40,2,,2,2026-01-26 17:40:00
U233,46,1,,1,2026-01-01 17:50:00
U233,50,3,3.5,3,2026-06-11 08:16:00
U233,51,1,3.0,1,2026-06-08 09:04:00
U233,54,1,,1,2025-12-23 10:17:00
U233,55,1,4.0,1,2026-06-24 13:17:00
U233,59,1,,1,2026-05-31 15:37:00
U233,63,2,,2,2026-09-10 21:27:00
U233,71,1,,1,2026-08-10 15:32:00
U233,74,2,3.0,2,2026-03-18 18:47:00
U233,75,3,4.5,3,2026-01-01 17:50:00
U233,78,3,3.0,3,2026-08-14 10:59:00
U233,79,12,3.33,12,2026-09-18 08:14:00
U233,80,1,,1,2026-02-07 19:19:00
U233,81,1,,1,2025-11-15 13:53:00
U233,84,1,,1,2026-03-02 13:06:00
U233,87,4,,4,2026-07-13 13:50:00
U233,89,1,,1,2026-08-24 13:33:00
U233,92,1,3.0,1,2026-06-15 16:59:00
U233,93,1,,1,2026-09-06 11:33:00
U233,96,1,,1,2025-10-29 16:57:00
U233,97,1,3.0,1,2026-04-06 10:17:00
U233,100,2,4.0,2,2026-06-15 16:59:00
U233,101,5,,5,2026-01-09 13:19:00
U233,102,2,4.0,2,2026-04-27 08:09:00
U234,2,1,,1,2026-07-02 11:20:00
U234,13,3,2.5,3,2026-07-20 07:19:00
U234,23,1,3.0,1,2026-02-09 14:36:00
U234,30,1,,1,2025-11-14 15:22:00
U234,36,6,4.75,6,2026-08-28 12:45:00
U234,37,2,4.0,2,2026-06-24 14:59:00
U234,40,1,,1,2026-02-18 07:11:00
U234,41,2,,2,2026-09-01 08:35:00
U234,42,1,,1,2026-09-24 19:07:00
U234,43,1,,1,2025-11-25 07:24:00
U234,48,1,,1,2026-04-24 07:17:00
U234,54,1,4.0,1,2026-08-28 12:45:00
U234,63,1,,1,2026-05-21 08:07:00
U234,64,1,,1,2025-12-27 17:45:00
U234,65,1,,1,2026-09-14 13:48:00
U234,75,4,4.0,4,2026-06-26 08:33:00
U234,76,1,4.0,1,2026-01-16 08:02:00
U234,77,2,4.0,2,2026-02-08 20:50:00
U234,80,1,,1,2026-02-09 14:36:00
U234,91,7,,7,2026-06-02 14:32:00
U234,94,1,,1,2025-10-24 11:57:00
U234,95,1,,1,2026-02-09 14:36:00
U234,96,10,3.67,9,2026-08-27 15:47:00
U234,97,5,4.0,5,2026-06-24 14:59:00
U234,98,1,,1,2026-07-02 11:20:00
U234,99,2,4.0,2,2026-07-20 07:19:00
U234,100,5,4.5,5,2026-09-14 13:48:00
U234,101,3,,3,2026-02-25 07:28:00
U234,102,3,4.5,3,2026-09-01 08:35:00
U235,12,1,,1,2026-08-07 09:12:00
U235,23,2,4.0,2,2026-09-04 08:07:00
U235,28,1,,1,2026-09-23 14:01:00
U235,48,1,,1,2026-09-23 14:01:00
U235,55,1,,1,2026-07-10 16:34:00
U235,59,1,,1,2026-08-13 09:57:00
U235,65,3,3.5,3,2026-08-13 09:57:00
U235,68,1,,1,2026-07-05 09:40:00
U235,100,1,,1,2026-09-23 14:01:00
U235,101,1,,1,2026-06-26 16:28:00
U236,4,1,3.0,1,2026-09-28 09:56:00
U236,5,3,2.5,3,2026-05-24 10:52:00
U236,10,1,,1,2026-04-28 11:52:00
U236,11,2,3.0,2,2026-01-10 16:11:00
U236,12,1,,1,2026-09-25 16:17:00
U236,13,1,3.0,1,2026-03-26 13:28:00
U236,14,4,4.5,4,2026-09-26 11:37:00
U236,15,1,,1,2026-03-17 09:47:00
U236,18,1,4.0,1,2026-03-09 15:27:00
U236,19,1,4.0,1,2025-10-17 10:59:00
U236,20,2,4.0,2,2026-05-28 16:34:00
U236,22,3,4.0,3,2026-09-11 17:56:00
U236,24,1,4.0,1,2026-05-26 20:16:00
U236,31,1,2.0,1,2026-07-22 13:02:00
U236,34,2,,2,2026-03-26 13:28:00
U236,36,1,2.0,1,2026-05-27 19:19:00
U236,44,13,2.4,13,2026-09-19 11:10:00
U236,53,2,,2,2026-07-10 15:12:00
U236,54,2,,2,2026-07-24 14:43:00
U236,63,1,,1,2026-04-25 11:09:00
U236,73,1,2.0,1,2025-12-07 16:22:00
U236,77,1,,1,2026-07-26 11:44:00
U236,79,1,,1,2025-12-07 16:22:00
U236,80,2,,2,2026-05-27 19:19:00
U236,89,1,,1,2026-09-19 11:10:00
U236,92,1,3.0,1,2026-04-15 13:08:00
U236,98,1,4.0,1,2026-05-06 17:14:00
U236,100,6,3.5,6,2026-07-12 10:45:00
U236,101,6,3.0,6,2026-07-30 17:35:00
U236,102,4,3.33,4,2026-03-22 19:32:00
U237,6,1,,1,2026-09-27 07:03:00
U237,28,1,,1,2026-09-07 08:14:00
U237,31,2,3.0,2,2026-09-08 07:56:00
U237,32,2,,2,2026-06-06 07:26:00
U237,34,1,,1,2026-09-30 08:20:00
U237,45,15,4.0,15,2026-07-01 17:06:00
U237,47,9,4.0,9,2026-07-11 14:49:00
U237,60,1,,1,2025-10-28 15:54:00
U237,64,1,,1,2025-10-06 15:35:00
U237,70,1,,1,2026-01-09 09:49:00
U237,73,2,2.0,2,2026-09-18 08:15:00
U237,83,2,,2,2026-09-27 07:03:00
U237,84,3,5.0,3,2026-08-18 16:04:00
U237,90,1,4.0,1,2026-03-23 09:12:00
U237,92,4,3.0,4,2026-09-13 08:52:00
U237,98,2,,2,2026-07-01 17:06:00
U237,99,2,4.0,2,2026-06-27 16:24:00
U237,100,3,4.0,3,2026-09-30 08:20:00
U237,101,3,,3,2026-04-25 07:49:00
U237,102,4,4.5,4,2026-03-10 17:58:00
U238,1,21,4.18,21,2026-09-24 08:46:00
U238,2,8,3.0,8,2026-09-25 09:55:00
U238,5,19,3.18,19,2026-09-06 17:10:00
U238,6,124,4.5,117,2026-09-30 15:30:00
U238,7,41,4.2,40,2026-09-26 13:14:00
U238,8,19,3.0,19,2026-09-23 16:57:00
U238,9,17,3.33,17,2026-09-18 07:50:00
U238,10,3,2.0,3,2026-06-27 16:38:00
U238,11,5,2.33,5,2026-09-30 15:30:00
U238,12,1,3.0,1,2026-09-10 08:17:00
U238,13,4,2.5,4,2026-06-11 09:39:00
U238,14,1,,1,2025-10-18 08:55:00
U238,15,1,1.0,1,2026-09-25 09:55:00
U238,16,2,,2,2026-03-10 16:11:00
U238,18,1,2.0,1,2025-12-09 15:38:00
U238,19,1,,1,2026-07-09 16:36:00
U238,20,1,,1,2026-04-24 08:49:00
U238,21,1,4.0,1,2026-05-15 16:52:00
U238,22,1,,1,2026-03-26 12:47:00
U238,23,1,2.0,1,2026-06-16 10:45:00
U238,24,1,,1,2026-04-11 09:26:00
U238,27,2,3.0,2,2025-11-16 07:44:00
U238,28,1,2.0,1,2026-04-15 08:36:00
U238,31,1,,1,2026-02-19 09:08:00
U238,32,1,,1,2026-05-25 14:39:00
U238,33,1,,1,2026-06-27 08:09:00
U238,34,1,,1,2025-11-04 17:17:00
U238,35,2,3.0,2,2026-08-05 14:37:00
U238,36,1,,1,2026-08-29 15:19:00
U238,40,1,3.0,1,2026-05-03 14:55:00
U238,41,3,2.5,3,2026-06-28 16:43:00
U238,43,1,,1,2026-05-22 09:59:00
U238,45,1,,1,2026-05-01 08:51:00
U238,49,1,,1,2026-01-31 09:48:00
U238,52,1,,1,2026-02-27 07:12:00
U238,53,1,,1,2026-06-27 16:38:00
U238,55,1,,1,2026-05-04 07:54:00
U238,56,1,,1,2026-06-28 16:43:00
U238,57,2,2.5,2,2026-05-01 07:45:00
U238,60,1,3.0,1,2026-04-18 17:12:00
U238,62,1,,1,2025-11-09 17:50:00
U238,66,1,2.0,1,2026-01-13 16:57:00
U238,67,1,,1,2026-01-22 15:01:00
U238,69,1,,1,2026-03-22 09:07:00
U238,72,1,,1,2026-07-09 16:36:00
U238,73,1,2.0,1,2025-12-19 17:51:00
U238,74,1,,1,2026-08-16 06:12:00
U238,75,1,,1,2026-08-27 13:32:00
U238,76,6,3.0,6,2026-06-16 10:45:00
U238,77,2,,2,2026-04-30 11:02:00
U238,78,1,,1,2026-02-19 12:48:00
U238,81,1,,1,2026-06-27 08:09:00
U238,83,1,2.0,1,2026-09-01 11:28:00
U238,84,2,2.0,2,2026-04-17 17:53:00
U238,85,2,2.0,2,2026-07-03 07:42:00
U238,86,2,3.0,2,2026-02-13 16:38:00
U238,87,1,3.0,1,2026-09-04 17:15:00
U238,88,1,3.0,1,2026-01-01 15:53:00
U238,89,1,,1,2025-12-07 08:11:00
U238,90,1,,1,2026-08-17 10:38:00
U238,91,1,,1,2026-02-25 11:32:00
U238,93,1,2.0,1,2026-03-11 08:42:00
U238,97,1,,1,2026-01-30 14:39:00
U238,98,9,4.0,9,2026-05-25 14:39:00
U238,99,7,4.0,7,2026-07-03 07:52:00
U238,100,11,4.5,11,2026-07-09 16:36:00
U238,101,59,3.59,59,2026-09-30 15:30:00
U238,102,15,3.6,15,2026-09-10 08:17:00
U239,7,1,,1,2026-03-31 08:08:00
U239,10,3,2.5,3,2026-07-16 07:40:00
U239,12,2,,2,2026-04-29 11:19:00
U239,14,1,,1,2026-08-21 12:09:00
U239,15,21,4.75,17,2026-08-26 14:19:00
U239,16,1,4.0,1,2026-09-19 16:24:00
U239,18,5,5.0,5,2026-09-14 08:22:00
U239,20,1,4.0,1,2026-03-18 07:27:00
U239,21,2,,2,2026-09-15 09:34:00
U239,22,7,3.0,7,2026-08-26 07:54:00
U239,23,3,,3,2026-08-20 13:10:00
U239,24,8,4.33,7,2026-09-05 15:56:00
U239,44,2,,2,2026-08-23 20:41:00
U239,48,2,4.0,2,2026-09-06 11:36:00
U239,56,1,,1,2026-01-01 07:52:00
U239,57,1,,1,2025-10-10 15:47:00
U239,83,1,2.0,1,2026-04-15 14:12:00
U239,89,1,,1,2026-09-06 11:36:00
U239,90,1,3.0,1,2026-04-01 18:47:00
U239,98,2,4.0,2,2026-06-15 07:25:00
U239,100,4,,4,2026-09-06 11:36:00
U239,101,7,,7,2026-09-01 08:15:00
U239,102,1,5.0,1,2025-10-10 15:47:00
U240,2,1,,1,2026-09-08 14:02:00
U240,7,1,,1,2026-09-25 14:38:00
U240,8,14,4.6,13,2026-09-25 14:38:00
U240,9,1,,1,2026-08-23 11:07:00
U240,12,1,,1,2026-08-12 20:23:00
U240,37,1,,1,2026-09-13 10:27:00
U240,39,1,4.0,1,2026-09-29 20:08:00
U240,54,3,5.0,3,2026-09-23 15:44:00
U240,60,3,4.0,3,2026-09-16 19:31:00
U240,63,2,4.0,2,2026-09-18 09:24:00
U240,66,1,3.0,1,2026-09-17 17:36:00
U240,68,1,,1,2026-09-03 15:24:00
U240,69,1,,1,2026-09-25 14:38:00
U240,70,2,,2,2026-09-29 11:41:00
U240,76,1,,1,2026-09-10 08:50:00
U240,77,1,,1,2026-09-13 10:27:00
U240,78,1,,1,2026-08-16 15:35:00
U240,80,5,2.0,5,2026-09-23 15:44:00
U240,99,2,5.0,2,2026-09-12 17:39:00
U240,100,4,,4,2026-09-29 20:08:00
U240,101,1,,1,2026-09-18 09:24:00
U241,2,5,4.5,5,2026-09-17 17:24:00
U241,5,1,,1,2026-03-24 06:56:00
U241,6,1,,1,2026-03-21 09:02:00
U241,8,4,,4,2026-06-19 08:49:00
U241,42,1,,1,2026-09-17 17:24:00
U241,52,1,,1,2026-02-25 07:52:00
U241,59,1,,1,2026-01-15 06:57:00
U241,66,1,3.0,1,2026-01-15 06:57:00
U241,73,1,3.0,1,2026-06-19 08:49:00
U241,83,24,3.2,21,2026-09-25 16:43:00
U241,98,1,,1,2026-04-20 06:44:00
U241,100,6,,6,2026-09-17 17:24:00
U241,101,4,4.0,4,2026-06-19 08:49:00
U241,102,2,,2,2026-07-19 08:12:00
U242,1,1,,1,2026-02-11 21:46:00
U242,2,2,,2,2026-06-06 11:15:00
U242,3,2,3.5,2,2026-03-23 16:57:00
U242,5,1,,1,2026-08-03 14:56:00
U242,6,1,3.0,1,2025-12-18 17:36:00
U242,7,1,,1,2026-09-19 15:43:00
U242,8,2,,2,2026-07-26 18:36:00
U242,11,3,,3,2026-08-07 21:10:00
U242,13,2,,2,2026-01-20 15:19:00
U242,14,8,3.0,8,2026-09-01 16:34:00
U242,15,1,,1,2026-04-14 18:16:00
U242,16,41,2.78,40,2026-09-29 15:40:00
U242,23,1,3.0,1,2026-01-24 10:08:00
U242,24,1,,1,2026-05-13 10:19:00
U242,29,1,,1,2026-09-10 15:08:00
U242,30,1,,1,2025-12-14 14:29:00
U242,34,1,3.0,1,2026-03-28 18:29:00
U242,36,4,5.0,4,2026-09-21 19:06:00
U242,37,8,4.0,8,2026-09-07 14:37:00
U242,38,1,,1,2025-12-15 15:20:00
U242,39,2,,2,2026-09-24 21:02:00
U242,40,21,4.8,21,2026-09-24 21:02:00
U242,41,9,4.0,9,2026-08-01 19:40:00
U242,42,1,,1,2026-09-17 15:00:00
U242,43,2,,2,2025-12-15 15:20:00
U242,48,1,,1,2026-09-17 15:00:00
U242,49,4,4.0,4,2026-09-21 19:09:00
U242,54,21,4.29,21,2026-09-01 18:50:00
U242,56,46,4.4,44,2026-09-19 15:43:00
U242,57,2,4.0,2,2026-09-21 19:09:00
U242,58,38,3.7,38,2026-09-30 10:04:00
U242,59,9,3.0,9,2026-09-27 19:29:00
U242,60,2,,2,2026-08-21 20:09:00
U242,62,1,,1,2025-12-01 18:43:00
U242,63,6,,6,2026-09-07 14:37:00
U242,65,4,3.0,4,2026-06-29 14:04:00
U242,67,6,3.0,6,2026-07-21 19:05:00
U242,68,2,,2,2026-04-15 16:25:00
U242,69,1,4.0,1,2026-08-07 21:10:00
U242,72,1,,1,2026-08-01 15:24:00
U242,75,1,,1,2026-05-17 21:51:00
U242,76,8,3.0,8,2026-08-15 19:11:00
U242,79,1,,1,2026-03-01 12:41:00
U242,82,1,,1,2026-09-24 21:02:00
U242,85,1,,1,2025-12-13 18:06:00
U242,87,2,3.0,2,2026-08-04 09:35:00
U242,88,1,,1,2026-07-14 13:39:00
U242,89,1,,1,2026-04-13 16:07:00
U242,91,21,4.67,21,2026-09-30 20:38:00
U242,93,1,,1,2026-09-02 13:01:00
U242,95,1,,1,2026-05-22 21:25:00
U242,96,1,,1,2026-04-13 16:07:00
U242,97,1,,1,2026-04-22 15:58:00
U242,98,20,3.25,20,2026-09-19 15:17:00
U242,99,5,4.0,5,2026-09-29 15:40:00
U242,100,21,4.25,21,2026-09-30 10:04:00
U242,101,25,4.33,25,2026-09-29 15:40:00
U242,102,6,4.0,6,2026-09-27 19:29:00
U243,2,1,4.0,1,2026-06-13 15:20:00
U243,36,19,4.6,17,2026-09-15 09:12:00
U243,38,1,,1,2026-08-18 15:58:00
U243,40,1,4.0,1,2026-08-18 15:58:00
U243,41,7,4.67,7,2026-09-17 09:59:00
U243,42,1,5.0,1,2026-04-23 08:33:00
U243,43,1,5.0,1,2026-01-27 08:02:00
U243,44,1,3.0,1,2026-01-04 16:00:00
U243,61,3,,3,2026-09-02 08:15:00
U243,65,1,3.0,1,2026-07-03 16:42:00
U243,85,1,,1,2026-06-03 07:11:00
U243,94,1,,1,2026-02-01 17:33:00
U243,96,2,4.0,2,2026-04-09 09:59:00
U243,98,3,,3,2026-07-03 16:42:00
U243,101,2,,2,2026-07-03 16:42:00
U243,102,2,,2,2026-07-01 07:12:00
U244,3,3,5.0,3,2026-09-30 16:47:00
U244,5,2,,2,2026-09-10 08:19:00
U244,7,2,,2,2026-07-07 07:14:00
U244,9,8,4.0,8,2026-09-02 06:35:00
U244,10,1,,1,2026-07-16 17:04:00
U244,11,6,4.0,6,2026-09-26 15:04:00
U244,12,1,,1,2025-10-19 06:40:00
U244,13,3,,3,2026-06-28 08:30:00
U244,14,1,4.0,1,2026-03-11 07:58:00
U244,15,1,,1,2026-07-08 15:21:00
U244,16,2,3.0,2,2026-02-05 06:03:00
U244,17,4,3.33,4,2026-08-19 16:25:00
U244,19,1,,1,2026-03-16 06:01:00
U244,20,1,,1,2026-05-20 06:41:00
U244,22,3,4.0,3,2026-06-08 09:08:00
U244,23,13,4.0,13,2026-08-18 07:53:00
U244,25,2,4.0,2,2026-06-26 15:37:00
U244,26,1,4.0,1,2025-10-05 09:42:00
U244,27,1,3.0,1,2026-09-09 16:48:00
U244,28,2,3.0,2,2026-05-29 16:03:00
U244,30,3,,3,2026-08-19 16:10:00
U244,32,9,3.67,9,2026-09-30 09:24:00
U244,33,1,,1,2026-05-21 08:59:00
U244,35,2,,2,2026-06-24 17:37:00
U244,38,2,3.0,2,2026-05-07 06:15:00
U244,39,1,5.0,1,2026-09-26 07:14:00
U244,42,1,,1,2026-08-31 15:59:00
U244,43,8,4.2,8,2026-07-08 15:06:00
U244,48,1,,1,2026-01-13 15:32:00
U244,49,1,,1,2026-07-30 16:53:00
U244,52,1,,1,2026-09-27 17:51:00
U244,53,1,,1,2026-08-12 09:16:00
U244,54,1,3.0,1,2026-02-28 07:46:00
U244,57,3,4.0,3,2026-03-28 09:52:00
U244,58,2,3.0,2,2026-07-13 15:43:00
U244,59,3,5.0,3,2026-05-07 16:15:00
U244,60,1,,1,2026-08-23 16:06:00
U244,61,3,,3,2026-03-22 06:40:00
U244,62,2,5.0,2,2026-04-22 08:56:00
U244,63,8,4.33,8,2026-09-16 17:53:00
U244,64,3,5.0,3,2026-09-08 09:10:00
U244,65,1,4.0,1,2026-03-22 08:23:00
U244,66,1,,1,2026-08-24 15:31:00
U244,67,1,4.0,1,2026-08-06 15:13:00
U244,68,2,3.5,2,2026-04-27 10:15:00
U244,69,1,,1,2025-10-03 07:34:00
U244,71,1,4.0,1,2026-01-19 08:30:00
U244,73,12,4.33,12,2026-09-25 16:41:00
U244,74,3,3.33,3,2026-09-21 10:19:00
U244,76,1,,1,2026-04-12 08:36:00
U244,77,2,,2,2026-06-21 09:49:00
U244,79,1,4.0,1,2025-12-10 07:58:00
U244,85,8,3.6,8,2026-09-16 15:29:00
U244,87,1,4.0,1,2026-01-06 06:11:00
U244,91,1,3.0,1,2025-12-29 08:52:00
U244,93,2,4.0,2,2026-07-29 07:33:00
U244,94,4,4.0,4,2026-09-09 16:48:00
U244,95,1,,1,2026-06-08 07:28:00
U244,98,7,4.33,7,2026-08-19 16:25:00
U244,99,2,5.0,2,2026-02-28 07:46:00
U244,100,11,4.0,11,2026-09-30 09:24:00
U244,101,15,4.25,15,2026-09-25 16:41:00
U244,102,7,4.0,7,2026-09-27 17:51:00
U245,1,4,5.0,4,2026-06-25 18:34:00
U245,2,35,4.71,33,2026-09-27 09:14:00
U245,3,2,,2,2026-08-10 20:39:00
U245,4,2,4.0,2,2026-07-21 09:39:00
U245,5,9,4.8,9,2026-09-30 14:49:00
U245,6,16,4.83,16,2026-09-18 14:34:00
U245,7,12,4.0,12,2026-09-21 09:39:00
U245,8,2,,2,2026-05-05 16:46:00
U245,10,1,,1,2025-12-19 14:50:00
U245,11,1,3.0,1,2026-09-05 09:03:00
U245,12,1,4.0,1,2025-12-08 21:47:00
U245,15,4,2.0,4,2026-08-06 13:45:00
U245,22,1,3.0,1,2026-01-09 14:27:00
U245,27,1,4.0,1,2026-09-05 09:03:00
U245,28,1,,1,2026-01-09 14:27:00
U245,30,1,3.0,1,2026-01-24 09:26:00
U245,31,1,4.0,1,2026-08-23 09:40:00
U245,38,1,,1,2026-03-22 18:59:00
U245,41,1,,1,2026-04-17 17:47:00
U245,48,1,,1,2026-02-17 16:03:00
U245,60,2,3.0,2,2026-05-08 09:59:00
U245,73,1,4.0,1,2026-03-19 08:16:00
U245,76,1,,1,2026-09-21 20:30:00
U245,78,2,3.0,2,2026-09-26 19:55:00
U245,82,1,,1,2025-11-30 11:01:00
U245,83,30,3.18,30,2026-09-22 17:26:00
U245,87,1,,1,2026-07-02 15:29:00
U245,91,1,,1,2026-01-26 20:48:00
U245,95,1,,1,2026-05-05 16:46:00
U245,97,1,,1,2026-06-06 09:14:00
U245,98,3,,3,2026-09-01 08:05:00
U245,99,4,,4,2026-09-05 09:22:00
U245,100,14,4.0,14,2026-09-27 09:14:00
U245,101,20,4.33,20,2026-09-21 20:30:00
U245,102,6,3.5,6,2026-05-23 16:53:00
U246,2,1,,1,2026-09-19 14:28:00
U246,23,1,,1,2026-08-06 14:34:00
U246,27,11,4.6,10,2026-09-25 10:13:00
U246,32,1,4.0,1,2026-09-25 10:13:00
U246,35,1,,1,2026-08-29 11:16:00
U246,47,1,,1,2026-08-02 11:58:00
U246,55,1,,1,2026-08-21 11:16:00
U246,64,3,3.0,3,2026-08-25 20:46:00
U246,75,1,3.0,1,2026-08-23 12:16:00
U246,100,4,,4,2026-09-19 14:28:00
U246,101,3,,3,2026-09-21 17:36:00
U246,102,2,4.0,2,2026-08-27 13:01:00
U247,2,12,4.33,12,2026-07-13 15:04:00
U247,4,1,,1,2026-05-09 15:50:00
U247,5,5,3.0,5,2026-05-22 09:43:00
U247,6,8,4.0,8,2026-07-18 11:15:00
U247,10,1,2.0,1,2026-01-02 07:29:00
U247,11,1,,1,2026-07-16 09:48:00
U247,13,10,3.67,10,2026-07-09 14:56:00
U247,14,1,,1,2026-01-21 09:46:00
U247,15,31,3.75,31,2026-07-13 07:08:00
U247,16,2,2.0,2,2026-06-26 09:22:00
U247,17,9,4.33,9,2026-06-30 08:06:00
U247,18,2,,2,2025-12-31 09:52:00
U247,19,3,4.0,3,2026-03-30 08:24:00
U247,20,1,,1,2026-07-08 09:37:00
U247,22,1,2.0,1,2026-05-24 09:00:00
U247,23,1,3.0,1,2026-06-12 11:28:00
U247,25,3,,3,2026-05-12 13:07:00
U247,26,2,3.0,2,2026-07-21 15:24:00
U247,27,4,2.5,4,2026-06-07 17:50:00
U247,28,1,3.0,1,2025-12-28 15:01:00
U247,29,4,,4,2026-04-07 09:40:00
U247,30,1,,1,2026-07-08 12:23:00
U247,31,1,,1,2026-04-20 13:49:00
U247,32,12,4.0,12,2026-06-22 16:03:00
U247,33,3,4.0,3,2026-05-17 11:45:00
U247,35,1,,1,2025-11-03 11:35:00
U247,36,16,4.0,16,2026-07-08 09:37:00
U247,39,1,,1,2026-05-24 09:00:00
U247,40,3,2.0,3,2026-06-03 08:49:00
U247,41,1,,1,2026-06-14 09:44:00
U247,42,1,,1,2026-03-07 11:37:00
U247,44,2,,2,2026-03-30 08:24:00
U247,45,3,2.0,3,2026-01-02 07:29:00
U247,47,9,3.5,8,2026-06-23 09:10:00
U247,48,1,,1,2025-10-22 07:05:00
U247,49,2,5.0,2,2026-06-15 11:59:00
U247,51,2,,2,2026-02-05 08:15:00
U247,52,1,,1,2026-07-11 11:03:00
U247,53,1,3.0,1,2026-02-04 18:49:00
U247,56,1,,1,2025-12-23 17:22:00
U247,57,1,,1,2025-10-20 16:49:00
U247,58,1,,1,2025-12-03 07:04:00
U247,60,3,3.0,3,2026-02-04 12:36:00
U247,61,2,4.0,2,2026-05-17 11:45:00
U247,62,2,,2,2026-05-17 17:07:00
U247,63,1,4.0,1,2026-03-22 14:46:00
U247,65,3,4.5,3,2026-07-22 08:30:00
U247,67,2,4.0,2,2026-06-27 09:24:00
U247,68,1,3.0,1,2026-05-25 08:52:00
U247,69,5,3.0,5,2026-03-27 15:26:00
U247,71,4,3.5,4,2026-02-03 15:41:00
U247,72,3,3.0,3,2026-06-02 15:02:00
U247,74,1,4.0,1,2025-11-21 19:11:00
U247,75,2,,2,2026-06-19 19:22:00
U247,76,7,3.0,7,2026-05-26 08:14:00
U247,78,4,3.0,4,2026-07-08 09:37:00
U247,79,5,4.0,5,2026-07-03 17:16:00
U247,81,3,3.5,3,2026-05-18 15:01:00
U247,82,1,2.0,1,2026-05-21 17:32:00
U247,84,3,,3,2026-02-09 12:25:00
U247,85,1,4.0,1,2026-05-27 07:28:00
U247,86,2,,2,2026-03-02 13:50:00
U247,87,1,2.0,1,2026-05-17 17:07:00
U247,89,2,4.0,2,2026-05-15 11:55:00
U247,90,1,,1,2026-03-31 09:14:00
U247,91,1,4.0,1,2025-12-02 14:50:00
U247,92,2,4.0,2,2026-04-13 18:56:00
U247,93,13,4.83,13,2026-07-15 07:07:00
U247,94,6,5.0,6,2026-04-22 13:15:00
U247,95,2,3.0,2,2026-04-22 13:15:00
U247,96,1,,1,2026-07-16 09:48:00
U247,98,8,3.25,8,2026-06-26 09:22:00
U247,99,5,3.33,5,2026-04-13 12:42:00
U247,100,15,3.62,15,2026-06-07 17:50:00
U247,101,32,3.7,32,2026-07-13 07:08:00
U247,102,7,3.67,7,2026-07-11 11:03:00
U248,1,1,,1,2026-08-08 14:03:00
U248,2,1,2.0,1,2026-03-24 17:26:00
U248,5,2,2.0,2,2025-10-21 11:09:00
U248,6,2,4.0,2,2026-04-24 09:41:00
U248,7,1,,1,2025-11-05 11:08:00
U248,9,3,2.5,3,2026-09-19 20:49:00
U248,11,1,,1,2026-03-08 17:18:00
U248,12,2,3.0,2,2026-09-28 20:13:00
U248,14,2,1.0,2,2026-07-03 19:37:00
U248,15,2,2.0,2,2026-07-05 14:29:00
U248,18,1,,1,2026-07-15 19:37:00
U248,20,2,,2,2026-07-27 10:20:00
U248,21,1,,1,2026-05-31 11:57:00
U248,22,2,,2,2026-04-20 09:50:00
U248,26,1,,1,2026-07-05 14:29:00
U248,28,1,3.0,1,2025-12-05 15:48:00
U248,33,1,,1,2026-06-14 18:52:00
U248,35,3,3.0,3,2026-07-25 20:12:00
U248,36,5,3.33,5,2026-04-24 20:46:00
U248,37,22,4.33,22,2026-09-07 15:42:00
U248,38,3,,3,2026-09-19 20:49:00
U248,39,4,3.0,4,2026-09-20 10:06:00
U248,40,12,4.0,12,2026-09-28 20:13:00
U248,41,4,3.5,4,2026-03-08 17:18:00
U248,42,4,3.0,4,2026-09-20 19:49:00
U248,43,44,4.33,42,2026-09-20 10:06:00
U248,44,1,3.0,1,2026-03-28 14:01:00
U248,45,83,3.16,80,2026-09-26 18:13:00
U248,46,5,3.5,5,2026-06-13 20:51:00
U248,47,1,2.0,1,2026-06-02 21:21:00
U248,48,7,3.67,7,2026-08-07 18:59:00
U248,49,25,5.0,25,2026-09-29 18:07:00
U248,50,1,3.0,1,2026-03-13 13:24:00
U248,52,3,3.0,3,2026-07-24 11:57:00
U248,53,4,2.0,4,2026-09-26 18:13:00
U248,59,5,2.0,5,2026-09-13 20:39:00
U248,60,2,,2,2026-06-13 20:51:00
U248,62,3,3.0,3,2026-02-22 14:40:00
U248,63,1,,1,2026-02-16 20:50:00
U248,64,1,,1,2025-11-25 13:30:00
U248,66,1,,1,2025-12-10 17:12:00
U248,69,1,,1,2025-11-14 14:55:00
U248,72,1,,1,2026-04-05 16:58:00
U248,74,1,,1,2026-04-07 20:12:00
U248,76,3,,3,2026-09-09 10:42:00
U248,78,15,3.0,15,2026-08-12 16:11:00
U248,80,1,2.0,1,2026-06-01 17:36:00
U248,81,1,,1,2026-08-04 11:44:00
U248,82,2,,2,2026-08-06 19:11:00
U248,83,1,,1,2026-06-21 15:32:00
U248,84,2,3.0,2,2026-08-06 19:11:00
U248,85,1,,1,2026-05-31 11:57:00
U248,87,1,,1,2026-03-08 17:18:00
U248,88,1,,1,2026-02-28 14:53:00
U248,89,1,,1,2026-08-19 15:31:00
U248,90,3,3.0,3,2026-06-21 15:32:00
U248,92,1,4.0,1,2026-03-13 13:24:00
U248,93,2,2.0,2,2025-12-18 19:51:00
U248,95,3,3.0,3,2026-01-02 14:37:00
U248,96,4,3.0,4,2026-07-25 20:12:00
U248,97,2,,2,2026-01-30 19:29:00
U248,98,6,3.0,6,2026-09-26 18:13:00
U248,99,5,4.0,5,2026-08-06 14:11:00
U248,100,20,4.0,20,2026-08-06 19:11:00
U248,101,14,3.75,14,2026-08-01 16:42:00
U248,102,22,4.11,22,2026-09-20 10:06:00
U249,12,3,4.0,3,2026-07-08 09:06:00
U249,15,4,,4,2026-08-13 13:04:00
U249,30,1,,1,2025-12-27 20:52:00
U249,31,2,4.0,2,2026-09-05 10:06:00
U249,36,1,,1,2026-07-15 16:02:00
U249,37,1,,1,2025-12-27 20:52:00
U249,38,1,4.0,1,2025-11-10 08:05:00
U249,41,5,3.25,5,2026-07-07 13:29:00
U249,43,8,4.6,8,2026-08-27 07:34:00
U249,44,1,,1,2025-10-31 13:10:00
U249,45,3,3.5,3,2025-12-16 08:37:00
U249,48,2,4.5,2,2026-09-25 16:56:00
U249,49,7,,7,2026-09-05 10:06:00
U249,57,2,2.5,2,2026-09-21 11:52:00
U249,63,2,,2,2026-06-19 09:33:00
U249,74,1,,1,2026-07-08 09:06:00
U249,75,1,3.0,1,2026-06-01 07:33:00
U249,95,4,4.75,4,2026-06-13 15:08:00
U249,97,1,4.0,1,2025-12-11 09:01:00
U249,98,2,,2,2026-06-19 14:32:00
U249,99,1,4.0,1,2025-12-16 08:23:00
U249,101,2,3.5,2,2026-06-01 07:33:00
U249,102,1,4.0,1,2026-08-17 15:35:00
U250,2,1,2.0,1,2026-06-29 11:49:00
U250,5,3,3.5,3,2026-04-22 07:04:00
U250,7,1,,1,2026-08-08 19:24:00
U250,12,1,,1,2026-08-15 09:18:00
U250,21,2,,2,2026-07-04 11:57:00
U250,25,1,4.0,1,2026-03-16 11:24:00
U250,31,1,,1,2026-04-07 11:01:00
U250,36,2,,2,2026-02-09 09:30:00
U250,37,7,3.33,7,2026-09-08 13:42:00
U250,43,1,2.0,1,2026-03-05 09:49:00
U250,52,40,3.11,39,2026-09-17 11:26:00
U250,54,2,,2,2026-04-13 15:36:00
U250,56,2,4.0,2,2026-08-26 19:58:00
U250,57,1,3.0,1,2026-03-16 11:24:00
U250,59,1,,1,2025-12-05 08:30:00
U250,60,1,,1,2026-01-23 12:29:00
U250,62,2,,2,2026-07-04 11:57:00
U250,63,2,4.0,2,2026-07-29 14:35:00
U250,64,16,3.5,16,2026-08-25 08:17:00
U250,69,2,3.0,2,2026-01-26 18:00:00
U250,70,4,5.0,4,2026-06-08 18:02:00
U250,71,1,3.0,1,2026-08-10 12:19:00
U250,72,2,,2,2026-07-31 17:48:00
U250,74,1,,1,2025-11-03 09:57:00
U250,75,13,5.0,13,2026-09-17 11:26:00
U250,76,10,,10,2026-08-25 07:39:00
U250,77,12,4.25,11,2026-09-29 07:06:00
U250,78,1,,1,2026-01-27 09:56:00
U250,79,1,4.0,1,2026-04-08 14:11:00
U250,80,13,5.0,13,2026-09-26 14:43:00
U250,82,4,,4,2026-09-17 11:26:00
U250,95,4,3.0,4,2026-07-28 13:32:00
U250,96,1,,1,2026-08-08 17:19:00
U250,98,5,4.0,5,2026-09-10 08:24:00
U250,99,3,,3,2026-03-14 15:01:00
U250,100,8,4.25,8,2026-09-04 09:12:00
U250,101,12,4.5,12,2026-08-15 09:18:00
U250,102,6,3.75,6,2026-05-29 09:17:00
U251,2,1,,1,2026-01-27 14:00:00
U251,9,1,,1,2026-02-14 09:54:00
U251,34,1,,1,2026-09-06 20:19:00
U251,35,1,,1,2025-10-11 11:24:00
U251,44,1,,1,2025-10-25 17:40:00
U251,53,14,4.0,14,2026-09-27 14:05:00
U251,54,8,3.0,8,2026-09-11 10:01:00
U251,56,1,,1,2026-08-14 14:27:00
U251,57,4,,4,2026-08-12 09:29:00
U251,58,2,,2,2026-08-01 09:07:00
U251,61,1,,1,2025-10-25 17:40:00
U251,66,1,,1,2025-10-12 09:59:00
U251,68,2,,2,2026-06-21 11:59:00
U251,69,5,4.0,5,2026-09-14 11:51:00
U251,72,2,,2,2026-09-06 20:19:00
U251,99,2,,2,2026-01-13 17:43:00
U251,100,8,4.0,8,2026-09-06 20:19:00
U251,101,7,,7,2026-09-27 14:05:00
U251,102,1,,1,2026-02-11 08:55:00
U252,2,2,,2,2026-09-29 08:32:00
U252,7,1,,1,2026-08-18 06:56:00
U252,9,2,,2,2026-06-26 07:37:00
U252,13,1,1.0,1,2026-08-25 08:30:00
U252,14,1,,1,2026-06-15 09:14:00
U252,20,1,2.0,1,2026-08-03 09:13:00
U252,22,1,,1,2026-05-11 09:55:00
U252,23,1,2.0,1,2026-07-29 17:26:00
U252,27,3,2.0,3,2026-09-17 12:25:00
U252,35,1,2.0,1,2026-08-12 06:43:00
U252,36,2,,2,2026-09-04 06:47:00
U252,37,1,,1,2026-08-10 08:48:00
U252,38,1,,1,2026-08-24 16:28:00
U252,39,1,1.0,1,2026-09-12 17:26:00
U252,40,1,,1,2026-09-12 17:26:00
U252,41,1,,1,2026-09-09 12:38:00
U252,45,1,2.0,1,2026-09-21 15:36:00
U252,46,4,2.33,4,2026-07-27 07:36:00
U252,47,1,,1,2026-09-15 07:08:00
U252,48,1,,1,2026-07-12 06:04:00
U252,49,2,3.0,2,2026-09-04 16:29:00
U252,52,1,,1,2026-07-10 06:22:00
U252,59,4,2.0,4,2026-09-02 06:31:00
U252,60,1,,1,2026-09-12 17:26:00
U252,64,1,,1,2026-07-31 08:09:00
U252,71,2,3.0,2,2026-08-07 06:31:00
U252,74,1,3.0,1,2026-09-04 06:47:00
U252,76,1,,1,2026-06-07 06:57:00
U252,78,2,,2,2026-08-23 17:15:00
U252,80,1,3.0,1,2026-05-25 16:14:00
U252,84,1,,1,2026-07-22 07:23:00
U252,86,1,,1,2026-08-27 15:49:00
U252,87,2,4.0,2,2026-08-18 14:28:00
U252,89,1,,1,2026-07-20 09:20:00
U252,90,5,3.5,5,2026-09-08 09:46:00
U252,92,1,3.0,1,2026-09-05 15:24:00
U252,94,1,,1,2026-06-13 17:04:00
U252,98,1,3.0,1,2026-06-30 08:28:00
U252,100,3,4.0,3,2026-09-17 12:25:00
U252,101,5,3.33,5,2026-09-29 08:32:00
U252,102,3,4.0,3,2026-09-15 07:08:00
U253,7,1,,1,2026-02-05 09:01:00
U253,14,1,4.0,1,2026-06-16 16:57:00
U253,15,16,4.5,14,2026-06-16 16:57:00
U253,17,14,4.75,14,2026-07-12 16:16:00
U253,18,1,4.0,1,2026-04-25 21:04:00
U253,19,1,5.0,1,2026-05-24 18:13:00
U253,20,2,4.0,2,2026-04-25 21:04:00
U253,21,2,4.0,2,2026-08-06 16:03:00
U253,23,1,,1,2026-06-07 15:30:00
U253,25,1,3.0,1,2026-03-13 13:27:00
U253,38,1,2.0,1,2026-07-10 11:23:00
U253,40,1,,1,2026-05-24 18:13:00
U253,52,6,2.5,6,2026-08-20 21:47:00
U253,56,1,,1,2026-05-28 20:33:00
U253,61,1,3.0,1,2026-06-20 21:29:00
U253,78,1,3.0,1,2026-06-06 15:37:00
U253,90,3,2.67,3,2026-08-10 19:15:00
U253,94,1,,1,2026-08-10 19:15:00
U253,98,5,3.0,5,2026-06-13 12:45:00
U253,99,2,5.0,2,2026-06-06 15:37:00
U253,100,4,4.0,4,2026-08-06 16:03:00
U253,101,6,5.0,6,2026-07-05 21:25:00
U253,102,3,5.0,3,2026-03-31 09:03:00
U254,2,1,2.0,1,2026-01-08 16:39:00
U254,3,2,3.0,2,2026-08-09 19:50:00
U254,4,1,,1,2025-12-13 11:22:00
U254,5,1,,1,2026-05-22 11:33:00
U254,6,2,,1,2025-12-30 09:56:00
U254,7,8,3.5,8,2026-08-08 11:13:00
U254,9,9,4.0,9,2026-03-31 21:07:00
U254,10,5,,5,2026-09-02 15:23:00
U254,11,1,,1,2026-07-15 17:52:00
U254,13,1,,1,2026-03-29 15:29:00
U254,18,4,3.0,4,2026-01-16 20:48:00
U254,19,1,2.0,1,2026-08-08 10:15:00
U254,20,2,,2,2026-03-14 19:26:00
U254,21,1,,1,2026-09-29 14:23:00
U254,22,2,,2,2026-04-18 17:54:00
U254,25,1,1.0,1,2026-08-13 14:35:00
U254,34,2,3.0,2,2026-05-16 15:10:00
U254,36,1,,1,2026-04-12 21:56:00
U254,37,3,,3,2026-07-18 14:22:00
U254,38,1,,1,2026-09-27 21:43:00
U254,46,2,,2,2026-05-11 20:11:00
U254,51,1,,1,2026-03-18 11:57:00
U254,52,3,3.0,3,2026-06-30 13:57:00
U254,53,5,5.0,5,2026-09-29 14:23:00
U254,56,1,4.0,1,2026-03-24 15:09:00
U254,58,2,,2,2026-03-14 19:26:00
U254,59,3,3.5,3,2026-04-29 19:54:00
U254,60,3,,3,2026-03-08 10:46:00
U254,61,2,,2,2026-08-17 11:52:00
U254,63,4,,4,2026-08-03 13:01:00
U254,65,3,5.0,3,2026-04-18 17:54:00
U254,66,1,,1,2026-09-29 18:28:00
U254,67,1,,1,2026-02-01 20:32:00
U254,68,89,4.29,78,2026-09-29 18:28:00
U254,69,1,,1,2026-03-22 15:58:00
U254,70,1,3.0,1,2026-09-16 21:30:00
U254,72,1,,1,2026-07-04 10:55:00
U254,75,2,,2,2026-04-15 15:30:00
U254,76,1,3.0,1,2026-09-22 20:46:00
U254,81,2,,2,2026-05-27 13:45:00
U254,83,1,,1,2026-02-10 17:28:00
U254,87,1,,1,2026-05-22 19:56:00
U254,91,1,,1,2026-06-06 17:35:00
U254,93,1,,1,2025-10-01 11:48:00
U254,95,1,3.0,1,2026-05-14 11:49:00
U254,96,1,,1,2025-10-01 11:48:00
U254,98,3,,3,2026-09-22 20:46:00
U254,99,2,,2,2026-04-27 13:17:00
U254,100,16,4.0,16,2026-09-29 14:23:00
U254,101,19,4.0,19,2026-09-21 10:59:00
U254,102,6,2.5,6,2026-09-27 21:43:00
U255,4,1,,1,2026-09-12 10:33:00
U255,21,1,,1,2026-07-03 15:26:00
U255,26,1,3.0,1,2026-01-26 20:08:00
U255,36,9,3.0,9,2026-08-16 17:28:00
U255,37,4,,4,2026-05-17 19:52:00
U255,38,1,3.0,1,2026-02-05 11:13:00
U255,41,1,,1,2026-07-03 15:26:00
U255,42,13,3.71,13,2026-09-20 12:23:00
U255,45,1,,1,2026-06-16 15:25:00
U255,49,8,2.75,8,2026-09-12 10:33:00
U255,51,1,,1,2026-08-26 13:29:00
U255,56,1,3.0,1,2026-01-26 20:08:00
U255,92,3,,3,2026-05-17 19:52:00
U255,94,1,,1,2026-08-13 17:48:00
U255,95,1,,1,2026-04-11 16:39:00
U255,96,1,4.0,1,2026-01-10 15:08:00
U255,97,2,3.0,2,2026-06-26 18:13:00
U255,98,2,5.0,2,2026-02-05 11:13:00
U255,100,3,,3,2026-05-13 13:53:00
U255,101,3,4.0,3,2026-06-26 18:13:00
U255,102,1,,1,2026-09-11 20:27:00
U256,1,6,,6,2026-09-30 09:31:00
U256,2,1,,1,2026-09-13 18:14:00
U256,5,1,3.0,1,2026-09-13 10:27:00
U256,6,8,4.33,7,2026-09-10 11:34:00
U256,9,1,3.0,1,2026-09-10 11:34:00
U256,18,2,3.0,2,2026-09-30 09:31:00
U256,32,1,,1,2026-09-02 09:27:00
U256,63,1,2.0,1,2026-08-17 12:14:00
U256,100,3,4.0,3,2026-09-13 18:14:00
U256,101,1,,1,2026-09-13 18:14:00
U257,8,1,2.0,1,2026-09-02 11:46:00
U257,24,1,,1,2026-08-14 11:19:00
U257,37,1,,1,2026-09-11 09:36:00
U257,38,1,,1,2026-09-03 10:55:00
U257,40,1,,1,2026-08-28 21:23:00
U257,41,1,,1,2026-08-21 19:36:00
U257,49,2,3.0,2,2026-09-06 18:14:00
U257,55,2,2.0,2,2026-08-26 18:26:00
U257,89,1,,1,2026-09-02 11:46:00
U257,92,2,,2,2026-08-14 11:19:00
U257,95,1,,1,2026-09-05 15:41:00
U257,97,1,,1,2026-08-18 17:46:00
U257,98,1,,1,2026-07-29 20:58:00
U257,100,2,,2,2026-09-06 18:14:00
U257,101,2,,2,2026-09-05 15:41:00
U258,2,4,1.0,4,2026-08-10 09:27:00
U258,16,1,3.0,1,2025-12-16 08:16:00
U258,18,1,,1,2025-10-02 07:13:00
U258,22,1,,1,2025-12-30 07:20:00
U258,24,1,,1,2026-04-14 15:25:00
U258,25,1,,1,2026-04-09 09:42:00
U258,26,1,,1,2026-06-03 13:43:00
U258,31,1,3.0,1,2026-07-10 18:44:00
U258,37,3,4.0,3,2026-04-14 15:25:00
U258,38,3,5.0,3,2026-05-29 17:22:00
U258,39,1,,1,2026-01-26 11:08:00
U258,40,1,,1,2025-12-08 07:37:00
U258,41,1,,1,2025-12-08 07:37:00
U258,42,1,,1,2026-08-18 07:12:00
U258,43,1,,1,2026-07-10 18:44:00
U258,44,1,3.0,1,2026-01-24 11:51:00
U258,46,4,,4,2026-04-21 16:59:00
U258,48,11,3.33,11,2026-08-27 08:53:00
U258,49,1,,1,2026-05-29 08:31:00
U258,50,2,2.0,2,2026-02-28 16:25:00
U258,54,1,,1,2025-11-29 18:17:00
U258,58,1,3.0,1,2026-07-23 15:16:00
U258,59,1,,1,2025-11-06 09:48:00
U258,63,1,,1,2026-07-16 09:23:00
U258,70,2,,2,2026-06-02 09:17:00
U258,73,1,,1,2026-01-24 11:51:00
U258,79,1,2.0,1,2025-12-09 11:42:00
U258,91,1,,1,2026-01-15 17:38:00
U258,96,1,,1,2026-01-26 11:08:00
U258,98,4,,4,2026-07-10 18:44:00
U258,100,4,3.0,4,2026-06-02 09:17:00
U258,101,4,3.0,4,2026-08-10 09:27:00
U258,102,6,,6,2026-08-18 07:12:00
U259,6,1,3.0,1,2025-12-14 12:16:00
U259,10,1,3.0,1,2026-02-07 10:15:00
U259,12,1,4.0,1,2025-10-11 17:28:00
U259,15,1,,1,2026-01-27 11:21:00
U259,22,3,,3,2026-06-06 10:09:00
U259,25,1,,1,2026-03-20 10:15:00
U259,29,2,2.0,2,2026-09-13 16:54:00
U259,32,2,,2,2026-03-30 11:10:00
U259,34,1,,1,2026-08-13 20:16:00
U259,36,19,4.33,19,2026-09-28 15:43:00
U259,37,3,3.0,3,2026-08-13 20:16:00
U259,38,2,,2,2026-04-04 11:08:00
U259,39,43,3.17,41,2026-09-29 17:56:00
U259,40,5,3.33,5,2026-04-22 13:35:00
U259,41,8,3.75,8,2026-08-29 20:32:00
U259,42,1,,1,2026-03-19 10:58:00
U259,43,1,,1,2026-02-04 16:00:00
U259,44,1,,1,2025-11-08 16:25:00
U259,45,1,,1,2026-08-09 14:08:00
U259,46,2,2.0,2,2025-10-29 21:47:00
U259,48,4,3.0,4,2026-09-14 21:41:00
U259,49,1,,1,2026-04-04 11:08:00
U259,50,3,3.0,3,2026-09-05 10:53:00
U259,53,1,,1,2026-06-13 20:12:00
U259,56,1,,1,2026-03-16 14:36:00
U259,57,2,3.0,2,2026-04-22 13:35:00
U259,68,2,,2,2026-07-14 20:51:00
U259,69,22,3.12,22,2026-09-22 13:58:00
U259,70,1,,1,2026-09-19 20:09:00
U259,73,1,2.0,1,2026-04-09 14:10:00
U259,74,3,2.33,3,2026-08-29 14:39:00
U259,76,2,,2,2026-02-26 13:00:00
U259,77,1,,1,2026-04-11 11:18:00
U259,79,5,3.0,5,2026-06-29 20:09:00
U259,83,1,,1,2026-01-02 19:35:00
U259,85,1,3.0,1,2026-02-04 16:00:00
U259,86,12,3.0,12,2026-09-16 13:02:00
U259,87,1,2.0,1,2025-12-14 10:38:00
U259,91,18,3.83,18,2026-08-04 16:27:00
U259,92,1,,1,2026-07-05 18:54:00
U259,93,3,3.0,3,2026-05-31 11:22:00
U259,94,4,3.5,4,2026-08-04 15:38:00
U259,95,1,,1,2026-08-24 14:29:00
U259,96,2,,2,2026-03-19 09:14:00
U259,97,3,,3,2026-04-04 11:08:00
U259,98,3,4.0,3,2026-09-11 11:53:00
U259,99,9,4.25,9,2026-09-16 14:09:00
U259,100,11,3.5,11,2026-08-04 15:38:00
U259,101,6,4.0,6,2026-08-04 16:27:00
U259,102,12,3.67,12,2026-09-29 17:56:00
U260,1,1,,1,2025-12-02 08:13:00
U260,3,2,,2,2026-09-03 20:05:00
U260,6,2,3.0,2,2026-03-14 13:08:00
U260,7,5,2.0,5,2026-04-12 18:39:00
U260,8,1,,1,2026-04-09 15:02:00
U260,9,2,3.0,2,2026-09-23 11:10:00
U260,10,1,,1,2026-05-30 21:17:00
U260,11,1,,1,2026-07-16 15:47:00
U260,12,12,4.0,12,2026-09-04 21:09:00
U260,13,3,4.0,3,2026-06-14 16:48:00
U260,18,4,2.0,4,2026-08-31 14:44:00
U260,20,6,5.0,6,2026-08-17 16:26:00
U260,23,1,4.0,1,2026-05-01 14:14:00
U260,24,3,4.0,3,2026-09-29 10:13:00
U260,25,1,,1,2026-03-07 15:35:00
U260,35,5,3.67,5,2026-09-29 08:40:00
U260,46,1,,1,2026-04-19 19:31:00
U260,53,2,4.0,2,2026-09-20 21:29:00
U260,54,3,3.0,3,2026-04-02 16:35:00
U260,55,5,5.0,5,2026-08-25 10:58:00
U260,56,1,,1,2026-07-08 09:47:00
U260,57,3,3.5,3,2026-03-07 15:35:00
U260,59,1,,1,2026-08-17 16:26:00
U260,60,5,4.67,5,2026-09-23 15:00:00
U260,61,1,,1,2026-01-11 15:26:00
U260,62,1,,1,2026-09-03 20:05:00
U260,63,1,,1,2025-12-20 16:15:00
U260,65,10,3.67,10,2026-09-28 11:37:00
U260,66,1,,1,2026-01-24 16:47:00
U260,67,1,,1,2025-12-21 16:05:00
U260,72,2,3.0,2,2026-07-11 14:27:00
U260,74,2,,2,2026-03-25 16:37:00
U260,76,2,3.0,2,2026-07-18 16:33:00
U260,77,1,3.0,1,2026-09-29 08:40:00
U260,78,47,4.0,46,2026-09-29 08:40:00
U260,79,1,,1,2026-08-05 14:37:00
U260,80,2,4.0,2,2026-09-03 14:42:00
U260,81,1,,1,2026-03-22 13:24:00
U260,83,1,4.0,1,2025-11-07 13:30:00
U260,90,1,3.0,1,2026-05-21 08:22:00
U260,91,1,4.0,1,2026-08-06 16:10:00
U260,92,1,,1,2026-08-03 13:42:00
U260,93,2,4.0,2,2026-05-16 14:45:00
U260,96,1,2.0,1,2026-09-25 21:54:00
U260,98,1,5.0,1,2026-08-06 16:10:00
U260,99,3,4.0,3,2026-09-23 11:10:00
U260,100,7,5.0,7,2026-08-31 14:44:00
U260,101,11,4.17,11,2026-08-07 09:36:00
U260,102,5,4.25,5,2026-05-01 14:14:00
U261,3,1,2.0,1,2026-04-06 16:40:00
U261,10,1,,1,2026-01-31 15:22:00
U261,27,1,2.0,1,2026-04-10 14:24:00
U261,28,1,,1,2025-12-25 15:39:00
U261,32,1,,1,2026-04-26 19:39:00
U261,36,4,5.0,4,2026-08-07 18:54:00
U261,37,5,3.25,5,2026-09-07 09:42:00
U261,40,3,,3,2026-02-21 20:22:00
U261,42,2,,2,2026-01-31 17:34:00
U261,43,1,2.0,1,2026-09-29 16:01:00
U261,44,6,4.0,6,2026-06-27 21:23:00
U261,48,6,3.0,6,2026-09-29 16:01:00
U261,64,1,,1,2026-07-06 15:02:00
U261,83,1,,1,2026-04-10 14:24:00
U261,91,4,3.0,3,2026-07-22 18:32:00
U261,99,1,,1,2026-08-17 17:26:00
U261,101,3,,3,2026-07-22 18:32:00
U261,102,2,4.0,2,2026-08-17 17:26:00
U263,2,4,4.0,4,2026-08-27 09:51:00
U263,4,1,,1,2026-01-06 16:55:00
U263,5,5,5.0,5,2026-05-20 16:44:00
U263,6,2,,2,2026-09-02 14:28:00
U263,7,1,,1,2026-08-27 09:51:00
U263,9,5,,5,2026-08-14 09:21:00
U263,18,2,,2,2026-08-07 10:55:00
U263,26,1,2.0,1,2026-01-29 13:55:00
U263,27,1,2.0,1,2026-04-23 21:37:00
U263,38,4,3.0,4,2026-07-15 18:58:00
U263,41,5,3.5,5,2026-06-18 08:21:00
U263,54,1,,1,2026-03-29 10:12:00
U263,57,1,3.0,1,2026-01-29 13:55:00
U263,72,2,4.0,2,2026-09-04 21:27:00
U263,86,1,,1,2026-03-30 17:31:00
U263,89,1,,1,2025-12-03 19:14:00
U263,90,2,,2,2026-08-15 11:28:00
U263,91,1,,1,2026-03-26 15:30:00
U263,94,2,4.0,2,2026-01-06 16:55:00
U263,98,2,,2,2026-08-27 09:51:00
U263,100,3,,3,2026-07-15 18:58:00
U263,101,6,4.5,6,2026-08-07 10:55:00
U263,102,3,,3,2026-09-02 14:28:00
U264,1,1,,1,2025-11-04 10:17:00
U264,2,1,,1,2026-06-18 17:01:00
U264,4,1,,1,2026-05-16 21:57:00
U264,6,14,4.25,14,2026-09-16 15:30:00
U264,7,3,,3,2026-09-25 21:20:00
U264,23,1,3.0,1,2026-05-26 09:10:00
U264,32,1,4.0,1,2026-07-19 15:48:00
U264,34,1,,1,2025-11-21 20:32:00
U264,42,1,,1,2026-08-02 18:59:00
U264,43,2,,2,2026-09-05 10:29:00
U264,47,15,,15,2026-09-25 21:20:00
U264,49,4,2.5,4,2026-07-16 16:08:00
U264,56,1,,1,2026-06-07 16:55:00
U264,79,1,,1,2025-12-15 19:39:00
U264,85,1,,1,2026-05-30 11:37:00
U264,88,1,,1,2026-08-31 19:26:00
U264,93,1,,1,2026-07-11 18:59:00
U264,98,1,4.0,1,2026-05-26 09:10:00
U264,99,1,,1,2026-06-19 18:10:00
U264,100,2,,2,2026-03-28 20:01:00
U264,101,3,4.0,3,2025-11-26 09:50:00
U264,102,4,3.67,4,2025-12-26 13:56:00
U265,2,4,3.0,4,2026-07-25 11:04:00
U265,5,1,,1,2026-07-08 10:22:00
U265,6,1,3.0,1,2026-03-25 18:01:00
U265,9,1,,1,2026-07-06 21:49:00
U265,10,1,3.0,1,2025-12-03 18:03:00
U265,15,1,,1,2025-12-31 15:04:00
U265,21,1,,1,2025-10-29 14:17:00
U265,23,1,,1,2026-06-07 18:10:00
U265,31,1,,1,2026-03-28 16:49:00
U265,33,2,3.0,2,2026-07-28 11:39:00
U265,35,4,2.0,4,2026-08-17 17:13:00
U265,36,9,3.4,9,2026-08-03 19:37:00
U265,37,30,3.69,29,2026-09-28 18:18:00
U265,41,8,3.33,8,2026-08-24 18:39:00
U265,47,1,3.0,1,2025-12-29 19:20:00
U265,48,1,,1,2026-09-16 14:55:00
U265,50,1,,1,2026-09-16 14:55:00
U265,54,3,3.0,3,2026-08-02 20:48:00
U265,63,2,2.0,2,2026-08-12 17:50:00
U265,64,1,,1,2025-12-23 18:57:00
U265,69,8,3.25,8,2026-06-26 16:38:00
U265,70,2,2.0,2,2026-04-30 14:42:00
U265,71,1,,1,2026-08-31 20:06:00
U265,72,2,,2,2026-07-29 10:01:00
U265,73,69,2.74,67,2026-09-25 10:28:00
U265,74,44,4.42,44,2026-09-20 17:07:00
U265,75,19,3.67,19,2026-09-23 11:27:00
U265,76,5,4.0,5,2026-09-08 16:44:00
U265,77,25,3.0,25,2026-09-26 12:48:00
U265,78,22,4.17,20,2026-09-28 09:59:00
U265,80,1,,1,2026-04-05 14:19:00
U265,81,9,3.75,9,2026-08-04 14:12:00
U265,82,4,4.0,4,2026-07-08 10:22:00
U265,83,1,,1,2026-01-24 16:33:00
U265,85,2,2.0,2,2026-06-19 20:50:00
U265,87,7,1.0,7,2026-09-16 21:58:00
U265,91,5,2.0,5,2026-08-23 20:10:00
U265,95,7,,7,2026-06-25 19:16:00
U265,96,1,,1,2026-08-07 18:58:00
U265,97,5,2.75,5,2026-09-09 18:34:00
U265,98,10,3.25,10,2026-09-08 16:44:00
U265,99,6,,6,2026-09-20 17:07:00
U265,100,15,3.5,15,2026-09-15 20:53:00
U265,101,20,3.14,20,2026-09-08 17:21:00
U265,102,12,3.33,12,2026-09-25 10:28:00
U266,4,11,3.75,11,2026-09-29 07:48:00
U266,7,1,,1,2026-01-14 13:47:00
U266,8,17,3.43,16,2026-08-31 11:18:00
U266,10,7,3.5,7,2026-09-28 16:14:00
U266,16,1,3.0,1,2026-09-28 16:14:00
U266,20,7,4.0,7,2026-09-15 18:02:00
U266,21,1,2.0,1,2026-05-08 09:58:00
U266,23,1,,1,2026-06-12 09:16:00
U266,30,4,5.0,4,2026-09-09 09:25:00
U266,32,1,4.0,1,2026-02-16 08:17:00
U266,35,2,,2,2026-07-22 19:47:00
U266,38,1,3.0,1,2025-11-18 15:58:00
U266,40,1,,1,2026-01-14 13:47:00
U266,42,1,4.0,1,2026-02-26 12:31:00
U266,51,1,,1,2025-11-22 09:49:00
U266,58,1,,1,2026-01-29 07:30:00
U266,60,1,,1,2026-01-16 15:24:00
U266,62,1,3.0,1,2026-09-13 10:17:00
U266,65,1,,1,2026-05-02 17:57:00
U266,74,1,,1,2026-03-17 07:48:00
U266,83,1,,1,2026-03-03 15:05:00
U266,97,6,4.0,6,2026-07-24 07:04:00
U266,98,3,3.5,3,2026-09-28 16:14:00
U266,100,2,,2,2026-09-15 14:08:00
U266,101,8,4.0,8,2026-09-09 09:25:00
U266,102,4,4.33,4,2026-09-28 16:14:00
U267,1,2,4.0,2,2026-09-25 14:35:00
U267,2,3,4.0,3,2026-09-09 19:41:00
U267,4,2,4.0,2,2026-06-12 09:19:00
U267,5,2,,2,2026-07-29 16:15:00
U267,6,7,4.5,7,2026-09-19 16:42:00
U267,7,3,3.0,2,2026-08-29 16:02:00
U267,8,3,4.0,3,2026-09-07 16:33:00
U267,12,1,,1,2026-05-19 08:26:00
U267,26,1,,1,2026-09-27 15:07:00
U267,31,1,,1,2026-09-23 16:40:00
U267,37,1,3.0,1,2026-09-22 15:30:00
U267,40,3,,3,2026-07-09 09:09:00
U267,42,1,,1,2026-08-31 13:05:00
U267,49,1,3.0,1,2026-07-03 14:22:00
U267,61,1,,1,2026-07-25 19:53:00
U267,63,3,2.0,3,2026-06-22 14:26:00
U267,65,1,,1,2026-05-23 17:24:00
U267,67,1,2.0,1,2026-07-25 19:53:00
U267,70,6,2.0,6,2026-09-27 15:07:00
U267,73,1,,1,2026-07-29 09:27:00
U267,75,3,2.0,3,2026-09-09 19:41:00
U267,76,3,3.0,3,2026-09-17 16:41:00
U267,80,1,,1,2026-06-23 16:23:00
U267,82,1,,1,2026-09-22 15:30:00
U267,89,1,,1,2026-09-09 13:38:00
U267,90,1,3.0,1,2026-09-26 16:39:00
U267,92,1,,1,2026-08-20 15:34:00
U267,93,2,,2,2026-08-11 07:33:00
U267,97,1,3.0,1,2026-08-11 07:33:00
U267,100,5,3.0,5,2026-09-09 19:41:00
U267,101,3,,3,2026-09-19 16:42:00
U267,102,1,3.0,1,2026-06-22 14:26:00
U268,2,4,3.0,4,2026-08-12 17:02:00
U268,16,3,3.0,3,2026-09-13 14:05:00
U268,27,1,,1,2026-08-25 14:58:00
U268,30,3,,3,2026-08-25 14:58:00
U268,33,1,,1,2026-09-13 14:05:00
U268,35,1,,1,2026-07-07 09:16:00
U268,41,1,2.0,1,2026-07-05 14:00:00
U268,44,2,,2,2026-07-30 11:02:00
U268,45,2,3.0,2,2026-05-11 10:17:00
U268,47,6,3.0,6,2026-08-15 17:30:00
U268,48,1,,1,2026-05-09 17:40:00
U268,52,1,,1,2026-07-03 16:17:00
U268,59,1,,1,2026-04-28 17:27:00
U268,62,2,,2,2026-08-25 14:21:00
U268,64,1,,1,2026-09-21 19:02:00
U268,70,10,4.0,10,2026-09-11 18:50:00
U268,73,2,,2,2026-08-28 08:46:00
U268,76,3,2.0,3,2026-09-21 19:02:00
U268,83,2,,2,2026-08-15 17:30:00
U268,84,12,3.67,12,2026-09-11 18:50:00
U268,85,1,,1,2026-05-18 08:48:00
U268,86,4,3.0,4,2026-09-16 11:53:00
U268,87,2,,2,2026-08-29 15:45:00
U268,88,2,,2,2026-07-02 21:01:00
U268,89,15,3.33,15,2026-09-13 14:05:00
U268,90,6,4.0,6,2026-08-29 15:45:00
U268,91,1,,1,2026-08-25 14:58:00
U268,98,3,,3,2026-08-28 08:46:00
U268,99,5,3.0,5,2026-08-30 16:23:00
U268,100,7,4.0,7,2026-05-11 10:17:00
U268,101,8,3.5,8,2026-09-10 17:52:00
U268,102,4,3.0,4,2026-08-05 16:14:00
U269,1,2,,2,2026-02-10 08:22:00
U269,2,1,,1,2025-11-14 16:57:00
U269,4,1,,1,2026-05-08 09:37:00
U269,5,1,5.0,1,2026-07-04 10:43:00
U269,6,2,4.0,2,2026-04-10 16:47:00
U269,7,1,,1,2026-04-23 07:36:00
U269,9,1,,1,2026-07-29 11:25:00
U269,12,1,,1,2026-02-06 07:47:00
U269,13,1,3.0,1,2026-05-22 08:09:00
U269,21,2,4.0,2,2026-02-19 09:56:00
U269,23,1,5.0,1,2025-11-11 13:02:00
U269,26,1,,1,2026-02-12 15:13:00
U269,33,1,3.0,1,2025-10-25 15:59:00
U269,34,1,5.0,1,2026-03-17 12:03:00
U269,35,3,,3,2026-09-14 08:00:00
U269,37,1,,1,2026-08-09 09:23:00
U269,38,2,5.0,2,2026-03-11 17:54:00
U269,39,1,,1,2026-06-28 09:00:00
U269,41,4,,4,2026-04-15 08:38:00
U269,42,1,,1,2026-09-14 08:00:00
U269,45,1,4.0,1,2026-02-10 11:57:00
U269,46,2,,2,2026-06-19 14:13:00
U269,50,3,4.0,3,2026-01-10 11:31:00
U269,52,1,,1,2026-09-28 09:51:00
U269,53,2,,2,2026-04-13 15:01:00
U269,56,1,,1,2025-12-04 12:47:00
U269,58,2,5.0,2,2026-09-28 09:51:00
U269,61,1,4.0,1,2026-09-20 16:45:00
U269,62,1,,1,2025-11-10 19:45:00
U269,63,1,5.0,1,2025-12-18 14:01:00
U269,64,1,,1,2026-01-30 12:42:00
U269,65,3,5.0,3,2026-02-10 11:57:00
U269,68,1,,1,2025-12-26 11:55:00
U269,69,1,,1,2026-06-21 11:39:00
U269,72,1,4.0,1,2026-02-19 09:56:00
U269,73,3,5.0,3,2026-05-14 15:10:00
U269,74,1,5.0,1,2026-03-11 08:23:00
U269,75,2,4.5,2,2026-07-02 08:01:00
U269,78,1,,1,2025-11-07 12:15:00
U269,79,1,,1,2026-03-04 13:29:00
U269,81,112,4.63,99,2026-09-28 09:51:00
U269,83,3,4.0,3,2026-09-15 17:06:00
U269,84,1,,1,2026-06-21 11:39:00
U269,87,2,,2,2026-03-11 17:54:00
U269,92,1,,1,2026-04-28 16:23:00
U269,98,7,4.0,7,2026-09-14 08:00:00
U269,99,3,3.0,3,2026-01-30 12:42:00
U269,100,10,3.5,10,2026-09-28 09:51:00
U269,101,8,4.5,8,2026-05-14 15:10:00
U269,102,8,,8,2026-08-29 16:21:00
U270,41,4,4.33,4,2026-03-13 16:02:00
U270,44,1,,1,2026-03-13 16:02:00
U270,76,1,,1,2026-01-13 13:14:00
U270,93,1,,1,2026-01-13 13:14:00
U270,99,1,4.0,1,2026-02-11 16:52:00
U270,100,1,4.0,1,2025-12-27 21:15:00
U270,101,1,,1,2026-01-13 13:14:00
U271,5,1,,1,2026-05-26 15:38:00
U271,6,1,,1,2026-03-14 17:03:00
U271,10,1,,1,2026-07-21 13:24:00
U271,11,1,,1,2026-09-06 10:54:00
U271,12,1,,1,2026-09-08 09:28:00
U271,13,6,4.0,6,2026-08-04 07:29:00
U271,14,2,5.0,2,2026-05-28 14:25:00
U271,15,47,4.88,43,2026-09-23 15:14:00
U271,16,1,4.0,1,2026-07-13 09:50:00
U271,17,2,,2,2026-06-18 09:36:00
U271,18,1,,1,2026-07-19 17:52:00
U271,20,10,4.0,9,2026-09-22 08:05:00
U271,21,2,,2,2026-09-02 07:23:00
U271,22,5,5.0,5,2026-09-14 16:22:00
U271,23,2,4.0,2,2026-07-28 15:00:00
U271,24,1,,1,2026-04-21 08:58:00
U271,25,1,2.0,1,2026-07-22 09:37:00
U271,30,1,3.0,1,2026-08-28 18:19:00
U271,34,1,,1,2026-09-17 07:12:00
U271,37,1,,1,2026-05-25 12:03:00
U271,40,1,4.0,1,2026-03-14 19:45:00
U271,43,1,5.0,1,2026-07-03 15:22:00
U271,47,1,,1,2026-06-15 14:22:00
U271,54,2,4.0,2,2026-07-13 18:29:00
U271,63,1,1.0,1,2026-09-21 08:01:00
U271,69,2,3.0,2,2026-09-17 07:12:00
U271,73,1,,1,2026-09-16 14:35:00
U271,81,1,3.0,1,2026-09-09 07:16:00
U271,92,1,2.0,1,2026-03-19 12:31:00
U271,98,8,4.0,8,2026-09-23 15:14:00
U271,100,5,4.67,5,2026-07-03 15:22:00
U271,101,19,4.4,19,2026-09-21 13:16:00
U271,102,1,,1,2026-05-29 07:47:00
U272,1,4,4.5,4,2026-08-06 12:40:00
U272,2,8,5.0,8,2026-09-27 09:04:00
U272,3,2,4.0,2,2026-08-27 14:38:00
U272,5,4,5.0,4,2026-08-11 07:03:00
U272,6,5,4.75,5,2026-09-23 17:03:00
U272,7,1,,1,2025-11-11 11:59:00
U272,8,1,,1,2025-11-19 09:01:00
U272,9,2,4.0,2,2026-01-16 07:05:00
U272,11,6,3.0,6,2026-08-31 15:44:00
U272,14,4,3.0,4,2026-03-04 09:17:00
U272,16,1,,1,2026-07-21 14:34:00
U272,26,1,,1,2025-11-20 13:15:00
U272,27,1,4.0,1,2026-02-04 14:50:00
U272,28,1,,1,2026-02-22 17:27:00
U272,34,1,3.0,1,2026-04-08 08:53:00
U272,49,4,3.0,4,2026-08-03 11:59:00
U272,50,1,,1,2026-02-18 07:06:00
U272,53,1,,1,2026-05-27 13:23:00
U272,63,2,3.0,2,2026-01-06 17:23:00
U272,65,4,3.5,4,2026-07-16 15:16:00
U272,74,1,3.0,1,2026-02-22 17:27:00
U272,80,1,,1,2026-07-25 14:58:00
U272,88,7,3.25,7,2026-08-22 09:31:00
U272,89,1,3.0,1,2025-11-19 09:01:00
U272,91,1,,1,2026-07-17 09:15:00
U272,92,1,3.0,1,2026-06-01 15:15:00
U272,98,1,4.0,1,2026-07-21 14:34:00
U272,99,2,4.5,2,2026-07-09 08:29:00
U272,100,5,4.0,5,2026-07-11 10:30:00
U272,101,9,4.17,9,2026-09-27 09:04:00
U272,102,4,4.0,4,2026-09-23 17:03:00
U273,1,6,3.0,6,2026-09-04 19:09:00
U273,2,48,4.2,48,2026-09-18 07:11:00
U273,4,3,,3,2026-09-17 16:01:00
U273,5,52,3.8,51,2026-09-26 15:23:00
U273,6,31,4.17,30,2026-09-04 19:09:00
U273,7,99,4.46,90,2026-09-29 15:16:00
U273,8,17,3.0,16,2026-09-10 09:46:00
U273,9,1,3.0,1,2026-02-25 12:03:00
U273,10,1,,1,2025-12-06 16:57:00
U273,12,1,,1,2026-02-13 07:43:00
U273,14,1,,1,2025-11-04 13:16:00
U273,15,1,,1,2025-10-25 17:32:00
U273,19,2,,2,2026-08-10 15:09:00
U273,20,1,,1,2026-06-16 18:32:00
U273,22,3,2.0,3,2026-05-22 16:34:00
U273,24,1,2.0,1,2026-04-24 07:01:00
U273,31,1,,1,2026-04-24 12:49:00
U273,35,1,,1,2026-04-21 14:40:00
U273,37,2,,2,2026-07-22 14:44:00
U273,38,1,,1,2026-04-21 14:40:00
U273,39,1,,1,2025-12-17 07:56:00
U273,40,1,2.0,1,2025-12-08 09:15:00
U273,43,1,,1,2026-02-09 08:26:00
U273,49,3,3.0,3,2026-05-19 07:29:00
U273,52,1,,1,2026-02-02 19:37:00
U273,53,1,,1,2026-05-13 18:30:00
U273,57,1,,1,2026-07-03 17:31:00
U273,59,1,,1,2025-12-02 07:36:00
U273,62,2,,2,2025-11-19 17:39:00
U273,63,1,,1,2026-03-04 08:53:00
U273,64,3,,3,2026-09-17 08:29:00
U273,67,1,2.0,1,2025-10-16 09:59:00
U273,68,2,2.0,2,2026-01-18 11:38:00
U273,72,1,,1,2025-11-29 18:35:00
U273,74,1,,1,2026-03-20 08:03:00
U273,75,4,4.0,4,2026-09-18 07:11:00
U273,76,1,,1,2025-11-20 17:46:00
U273,77,1,,1,2025-11-04 13:16:00
U273,78,1,,1,2026-01-05 07:05:00
U273,82,1,,1,2026-03-30 16:22:00
U273,85,1,,1,2026-06-23 16:46:00
U273,90,5,,4,2026-08-09 14:51:00
U273,91,1,,1,2025-11-08 16:51:00
U273,96,1,,1,2026-08-27 12:51:00
U273,98,5,,5,2026-08-09 14:51:00
U273,99,6,3.0,6,2026-09-10 09:46:00
U273,100,20,3.0,20,2026-09-11 08:39:00
U273,101,51,3.33,51,2026-09-26 15:23:00
U273,102,14,3.5,14,2026-09-18 07:11:00
U274,8,1,,1,2026-03-12 09:59:00
U274,9,1,,1,2026-05-19 14:41:00
U274,13,1,3.0,1,2026-01-30 13:49:00
U274,18,1,,1,2026-06-05 14:18:00
U274,20,1,,1,2025-10-17 08:07:00
U274,21,2,4.0,2,2026-06-15 09:35:00
U274,32,2,3.0,2,2026-09-19 14:17:00
U274,33,1,3.0,1,2026-07-28 13:29:00
U274,35,2,,2,2026-01-30 13:49:00
U274,36,5,3.0,5,2026-08-27 16:04:00
U274,37,4,,4,2026-07-28 13:29:00
U274,38,8,,8,2026-09-26 16:05:00
U274,39,3,,3,2026-09-05 21:20:00
U274,40,7,3.0,7,2026-09-10 09:22:00
U274,41,2,,2,2025-12-13 14:36:00
U274,42,33,4.5,32,2026-09-09 10:36:00
U274,43,1,,1,2026-07-20 15:16:00
U274,44,3,4.0,3,2026-08-17 18:25:00
U274,45,1,4.0,1,2026-06-24 18:40:00
U274,47,2,2.0,2,2026-03-19 16:05:00
U274,48,3,3.0,3,2026-07-29 20:40:00
U274,49,5,4.0,5,2026-09-24 10:03:00
U274,50,19,2.8,19,2026-09-23 08:22:00
U274,51,8,3.0,8,2026-07-23 11:12:00
U274,53,1,3.0,1,2026-09-06 16:14:00
U274,55,1,4.0,1,2026-09-24 10:03:00
U274,56,2,,2,2026-08-30 14:45:00
U274,57,4,3.0,4,2026-04-10 11:07:00
U274,58,2,3.0,2,2026-01-08 19:47:00
U274,60,6,2.0,6,2026-08-20 16:55:00
U274,61,2,4.0,2,2026-04-23 17:19:00
U274,62,2,3.0,2,2026-09-21 20:59:00
U274,63,2,3.5,2,2026-08-30 14:45:00
U274,64,91,3.75,88,2026-09-28 10:55:00
U274,65,1,,1,2026-09-09 11:26:00
U274,69,1,,1,2026-06-26 08:22:00
U274,70,1,,1,2025-11-15 16:13:00
U274,72,2,3.0,2,2026-09-23 08:24:00
U274,73,1,,1,2026-04-18 18:27:00
U274,74,2,,2,2026-05-11 16:01:00
U274,75,4,,4,2026-08-09 13:23:00
U274,76,2,,2,2026-09-21 20:59:00
U274,77,24,3.25,24,2026-09-14 09:45:00
U274,79,2,,2,2026-09-10 21:09:00
U274,80,1,4.0,1,2025-11-18 11:41:00
U274,82,2,3.0,2,2026-05-21 13:19:00
U274,83,2,,2,2026-06-16 17:35:00
U274,88,1,3.0,1,2026-09-09 11:26:00
U274,89,10,3.5,10,2026-09-09 11:26:00
U274,90,42,3.33,41,2026-09-10 21:09:00
U274,91,3,,3,2026-04-01 11:13:00
U274,92,3,,3,2026-06-16 13:44:00
U274,93,3,,3,2026-07-22 14:11:00
U274,94,4,3.5,4,2026-07-14 18:13:00
U274,95,5,3.0,5,2026-03-21 17:03:00
U274,97,3,,3,2026-09-26 20:37:00
U274,98,13,4.0,13,2026-09-23 08:22:00
U274,99,4,2.0,4,2026-06-05 14:18:00
U274,100,20,3.71,20,2026-09-23 08:24:00
U274,101,19,3.67,19,2026-09-12 19:09:00
U274,102,21,3.43,21,2026-09-14 14:51:00
U275,1,7,4.0,7,2025-11-14 09:45:00
U275,2,1,,1,2026-03-07 11:04:00
U275,3,2,3.0,2,2026-03-09 15:49:00
U275,5,4,4.0,4,2026-07-23 16:43:00
U275,6,2,,2,2026-09-30 14:06:00
U275,9,1,4.0,1,2025-12-16 11:09:00
U275,11,5,3.33,5,2026-09-02 09:12:00
U275,12,8,4.33,8,2026-07-29 18:05:00
U275,13,79,4.69,76,2026-09-30 13:07:00
U275,14,20,4.4,20,2026-09-23 09:22:00
U275,15,15,3.86,14,2026-09-11 11:48:00
U275,16,15,4.11,15,2026-09-12 16:50:00
U275,17,4,4.0,4,2026-07-19 15:58:00
U275,18,4,4.0,4,2026-07-04 11:55:00
U275,19,20,4.88,20,2026-09-26 09:41:00
U275,20,3,4.0,3,2026-02-09 19:45:00
U275,21,4,4.33,4,2026-06-29 13:49:00
U275,22,18,4.43,18,2026-09-07 13:13:00
U275,23,7,3.75,7,2026-03-17 11:15:00
U275,24,2,,2,2026-07-01 08:38:00
U275,25,2,4.0,2,2026-06-01 15:47:00
U275,26,2,,2,2026-08-28 14:13:00
U275,28,1,,1,2025-11-10 07:31:00
U275,33,1,4.0,1,2026-08-27 16:28:00
U275,37,1,,1,2025-12-01 16:56:00
U275,38,1,4.0,1,2026-05-03 09:56:00
U275,44,2,,2,2026-02-15 17:35:00
U275,47,2,3.0,2,2026-07-15 09:29:00
U275,48,1,3.0,1,2026-09-07 13:13:00
U275,52,2,3.0,2,2026-06-13 09:45:00
U275,59,1,,1,2026-04-02 12:28:00
U275,60,74,3.2,72,2026-09-29 16:31:00
U275,63,5,3.0,5,2026-03-03 14:07:00
U275,64,1,,1,2026-08-01 17:34:00
U275,66,1,,1,2026-04-16 11:01:00
U275,68,1,,1,2025-12-31 09:27:00
U275,70,1,2.0,1,2026-02-21 09:48:00
U275,71,1,,1,2026-07-02 07:11:00
U275,72,1,3.0,1,2026-08-14 17:01:00
U275,75,1,,1,2026-03-11 09:23:00
U275,77,3,3.0,3,2026-08-01 17:34:00
U275,78,1,,1,2026-05-25 12:28:00
U275,79,3,3.0,3,2026-09-24 14:42:00
U275,80,1,,1,2025-10-03 13:00:00
U275,82,2,,1,2026-05-31 10:24:00
U275,85,1,,1,2026-01-08 15:20:00
U275,90,2,3.0,2,2026-06-02 12:37:00
U275,91,1,3.0,1,2026-09-16 08:19:00
U275,95,1,3.0,1,2026-09-21 15:16:00
U275,98,13,4.0,13,2026-09-12 16:50:00
U275,99,5,4.0,5,2026-08-28 14:13:00
U275,100,38,4.16,38,2026-09-26 09:41:00
U275,101,43,4.15,43,2026-09-16 09:10:00
U275,102,15,4.0,15,2026-09-30 14:06:00
U276,2,3,3.0,3,2026-08-03 15:33:00
U276,3,2,,2,2026-07-17 15:21:00
U276,5,1,,1,2026-07-04 16:38:00
U276,7,1,3.0,1,2026-01-11 17:03:00
U276,8,1,3.0,1,2026-03-11 16:57:00
U276,11,1,,1,2026-05-14 16:01:00
U276,19,1,,1,2026-06-19 11:39:00
U276,20,1,3.0,1,2025-10-20 14:20:00
U276,23,5,4.0,5,2026-04-28 09:18:00
U276,26,10,3.33,10,2026-08-29 09:13:00
U276,27,15,4.33,15,2026-09-05 17:30:00
U276,28,35,4.69,34,2026-09-24 08:04:00
U276,29,5,4.0,5,2026-09-07 09:41:00
U276,30,4,4.0,4,2026-08-23 18:17:00
U276,31,3,4.0,3,2026-08-03 15:33:00
U276,32,5,3.0,5,2026-03-11 16:57:00
U276,34,12,4.2,12,2026-07-18 20:08:00
U276,35,3,5.0,3,2026-04-21 15:43:00
U276,38,1,,1,2025-11-20 12:11:00
U276,39,1,,1,2026-08-25 16:20:00
U276,40,2,2.0,2,2026-04-10 16:06:00
U276,44,1,2.0,1,2026-03-01 17:45:00
U276,45,50,2.47,48,2026-09-23 07:17:00
U276,52,1,,1,2026-03-24 16:23:00
U276,57,2,3.0,2,2026-07-03 16:38:00
U276,60,1,,1,2026-04-17 07:36:00
U276,64,4,4.0,4,2026-08-25 16:20:00
U276,68,1,,1,2026-03-23 11:50:00
U276,73,1,3.0,1,2026-04-16 15:35:00
U276,75,1,,1,2026-04-18 09:56:00
U276,79,1,,1,2025-12-24 13:09:00
U276,81,2,2.0,2,2026-01-09 17:32:00
U276,84,1,3.0,1,2026-04-07 09:01:00
U276,86,2,4.0,2,2026-08-05 16:03:00
U276,88,1,,1,2025-10-05 15:31:00
U276,89,1,,1,2026-08-03 15:33:00
U276,91,1,,1,2026-04-19 09:01:00
U276,98,1,,1,2026-06-07 15:45:00
U276,99,3,4.0,3,2026-06-19 11:39:00
U276,100,11,3.67,11,2026-09-02 09:41:00
U276,101,12,3.4,12,2026-09-07 09:41:00
U276,102,9,4.0,9,2026-07-07 09:39:00
U277,2,2,1.0,2,2026-07-10 14:59:00
U277,5,1,,1,2026-09-02 06:54:00
U277,11,17,4.0,17,2026-09-25 15:31:00
U277,12,1,,1,2025-11-10 08:23:00
U277,14,11,4.33,11,2026-07-09 06:46:00
U277,15,4,4.0,4,2026-08-14 08:33:00
U277,16,1,5.0,1,2026-07-03 16:55:00
U277,19,1,,1,2026-09-02 06:54:00
U277,21,1,,1,2025-12-23 14:36:00
U277,22,2,4.0,2,2026-07-03 16:55:00
U277,23,4,,4,2026-09-04 06:02:00
U277,25,1,3.0,1,2026-04-09 07:59:00
U277,30,1,,1,2026-07-28 08:53:00
U277,31,6,3.0,6,2026-09-28 07:18:00
U277,34,1,2.0,1,2026-05-01 07:21:00
U277,35,1,,1,2026-09-04 06:02:00
U277,36,2,2.0,2,2026-06-13 07:00:00
U277,37,1,,1,2026-02-15 09:28:00
U277,40,1,2.0,1,2026-08-14 08:33:00
U277,43,1,,1,2025-11-10 07:52:00
U277,45,1,3.0,1,2026-05-10 17:13:00
U277,47,2,3.0,2,2025-12-23 16:40:00
U277,49,1,,1,2025-12-19 11:47:00
U277,52,1,3.0,1,2026-02-07 12:33:00
U277,54,71,3.4,70,2026-09-30 17:31:00
U277,56,2,3.0,2,2026-09-03 17:31:00
U277,57,1,,1,2025-10-01 16:37:00
U277,58,2,3.5,2,2026-07-10 16:13:00
U277,62,2,,2,2026-02-05 16:44:00
U277,63,3,,3,2026-09-18 07:26:00
U277,66,1,3.0,1,2026-04-01 06:11:00
U277,69,1,,1,2026-04-01 06:11:00
U277,72,1,,1,2026-09-20 09:42:00
U277,75,1,,1,2026-05-07 06:50:00
U277,76,1,,1,2025-11-10 08:23:00
U277,83,1,,1,2026-03-08 17:57:00
U277,89,1,3.0,1,2026-08-26 12:55:00
U277,91,5,3.0,5,2025-12-23 14:36:00
U277,92,1,,1,2026-05-31 16:47:00
U277,95,1,1.0,1,2026-06-24 08:58:00
U277,98,4,3.5,4,2026-08-14 08:33:00
U277,99,2,,2,2026-05-17 07:44:00
U277,100,17,3.4,17,2026-09-05 07:16:00
U277,101,18,3.6,18,2026-09-20 09:42:00
U277,102,5,3.5,5,2026-09-15 07:44:00
U278,2,2,3.0,2,2026-07-19 09:06:00
U278,3,1,,1,2026-06-23 09:40:00
U278,4,2,3.0,2,2026-06-25 14:33:00
U278,5,2,3.0,2,2026-04-09 15:31:00
U278,6,2,3.5,2,2026-01-11 17:18:00
U278,7,2,4.0,2,2026-04-07 07:26:00
U278,8,5,,5,2026-05-14 14:34:00
U278,9,6,4.33,6,2026-06-22 08:32:00
U278,10,2,3.5,2,2026-06-18 15:58:00
U278,11,2,,2,2026-05-14 14:34:00
U278,12,2,3.0,2,2026-08-10 12:19:00
U278,13,7,3.67,7,2026-08-28 09:12:00
U278,14,1,,1,2025-11-18 08:28:00
U278,15,1,3.0,1,2025-10-14 08:51:00
U278,17,1,4.0,1,2026-05-15 08:32:00
U278,18,2,4.0,2,2026-01-20 08:47:00
U278,20,1,3.0,1,2026-07-19 09:06:00
U278,25,2,,2,2026-09-03 16:36:00
U278,26,2,,2,2026-07-05 15:50:00
U278,27,3,3.0,3,2026-07-28 12:17:00
U278,28,1,3.0,1,2026-07-02 07:46:00
U278,29,3,5.0,3,2026-08-07 19:34:00
U278,31,4,3.0,4,2026-09-18 13:42:00
U278,33,17,4.14,17,2026-08-19 13:37:00
U278,34,1,,1,2026-07-28 12:17:00
U278,35,4,3.0,4,2026-09-07 07:57:00
U278,37,3,3.5,3,2026-06-10 09:34:00
U278,39,2,4.0,2,2026-04-16 15:27:00
U278,40,1,,1,2026-09-26 20:55:00
U278,43,3,4.0,3,2026-02-10 15:36:00
U278,46,1,,1,2026-03-09 09:14:00
U278,47,1,,1,2025-11-10 09:50:00
U278,48,2,4.0,2,2026-09-26 20:55:00
U278,49,1,5.0,1,2026-09-24 12:09:00
U278,51,2,,2,2026-01-06 08:45:00
U278,52,2,5.0,2,2026-09-18 13:42:00
U278,54,1,3.0,1,2025-10-31 18:24:00
U278,57,1,3.0,1,2026-05-21 12:00:00
U278,58,4,4.0,4,2026-05-19 15:32:00
U278,59,1,,1,2026-05-21 08:41:00
U278,60,1,,1,2026-01-17 11:00:00
U278,61,2,4.0,2,2026-09-03 08:30:00
U278,63,4,,4,2026-06-18 07:33:00
U278,68,2,,2,2026-06-10 17:59:00
U278,71,6,4.0,6,2026-08-30 15:56:00
U278,72,23,3.44,22,2026-09-18 18:56:00
U278,73,8,3.5,8,2026-08-31 09:08:00
U278,75,6,4.33,6,2026-08-26 07:30:00
U278,79,3,4.0,3,2026-07-22 11:16:00
U278,80,2,4.0,2,2026-07-31 11:53:00
U278,82,1,,1,2026-03-17 09:36:00
U278,83,1,,1,2026-03-23 07:05:00
U278,85,2,3.5,2,2026-09-10 11:13:00
U278,86,1,,1,2026-05-26 08:26:00
U278,89,9,3.75,9,2026-08-26 15:06:00
U278,90,3,4.0,3,2026-09-24 12:09:00
U278,92,2,,2,2026-03-09 12:23:00
U278,93,3,,3,2026-06-25 14:33:00
U278,94,1,,1,2025-10-21 12:00:00
U278,95,1,4.0,1,2026-06-06 11:13:00
U278,96,1,,1,2026-06-21 15:34:00
U278,97,2,4.0,2,2026-04-06 11:58:00
U278,98,4,,4,2026-09-03 16:36:00
U278,99,3,3.0,3,2026-02-10 15:36:00
U278,100,8,4.0,8,2026-07-19 09:06:00
U278,101,16,3.6,16,2026-09-18 18:56:00
U278,102,7,3.0,7,2026-09-24 12:09:00
U279,1,1,,1,2026-01-31 10:31:00
U279,2,1,,1,2026-01-21 15:49:00
U279,6,5,,5,2026-03-13 19:19:00
U279,7,1,,1,2026-01-31 10:31:00
U279,9,2,,2,2026-01-12 15:24:00
U279,22,1,,1,2026-02-05 16:22:00
U279,27,1,3.0,1,2025-10-19 21:25:00
U279,35,1,2.0,1,2025-12-23 10:12:00
U279,39,1,,1,2025-10-19 21:25:00
U279,40,6,3.0,6,2026-01-12 15:24:00
U279,44,1,,1,2025-11-23 18:50:00
U279,58,2,2.0,2,2026-02-05 16:22:00
U279,84,1,2.0,1,2025-11-04 15:51:00
U279,100,1,,1,2026-01-21 15:49:00
U279,101,2,,2,2025-11-28 16:14:00
U279,102,3,,3,2026-01-31 10:31:00
U280,9,2,5.0,2,2025-12-23 17:23:00
U280,10,1,,1,2026-02-25 16:40:00
U280,11,47,3.6,46,2026-05-18 19:32:00
U280,12,1,,1,2026-05-14 16:23:00
U280,13,2,,2,2026-05-05 21:36:00
U280,18,3,,3,2026-02-17 13:14:00
U280,30,1,,1,2026-02-17 09:26:00
U280,37,2,4.0,2,2026-02-15 15:23:00
U280,39,1,,1,2026-02-06 20:07:00
U280,45,4,5.0,4,2026-04-16 13:47:00
U280,48,1,,1,2026-02-06 20:07:00
U280,52,1,,1,2025-12-03 16:01:00
U280,56,1,,1,2026-05-14 16:23:00
U280,57,1,,1,2026-04-21 16:03:00
U280,58,2,,2,2026-04-09 10:38:00
U280,59,1,,1,2026-05-16 19:47:00
U280,60,2,,2,2026-02-15 15:23:00
U280,61,1,,1,2026-02-25 16:40:00
U280,62,1,,1,2025-12-10 17:49:00
U280,63,1,,1,2026-01-18 16:41:00
U280,64,2,,2,2026-04-23 16:04:00
U280,65,1,3.0,1,2026-05-02 17:41:00
U280,66,2,3.0,2,2026-05-05 21:36:00
U280,68,1,3.0,1,2026-04-28 17:17:00
U280,69,1,,1,2026-04-16 13:47:00
U280,71,5,3.67,5,2026-05-16 19:47:00
U280,72,5,4.0,5,2026-04-14 20:56:00
U280,73,1,,1,2026-04-09 10:38:00
U280,77,2,,2,2026-05-10 09:50:00
U280,81,1,,1,2026-05-03 14:25:00
U280,91,2,3.0,2,2026-03-26 15:03:00
U280,94,6,3.0,6,2026-03-26 15:03:00
U280,98,3,,3,2026-04-14 20:56:00
U280,99,1,,1,2025-11-23 09:48:00
U280,100,6,3.0,6,2026-04-21 16:03:00
U280,101,11,4.0,11,2026-04-02 10:33:00
U280,102,3,,3,2026-04-22 14:07:00
U281,5,3,,3,2026-05-16 19:12:00
U281,6,1,,1,2026-04-05 10:26:00
U281,11,1,,1,2026-06-27 14:59:00
U281,12,1,4.0,1,2026-07-06 07:54:00
U281,14,2,,2,2026-09-22 15:59:00
U281,16,1,,1,2026-05-19 07:01:00
U281,18,8,,8,2026-09-21 09:44:00
U281,19,40,4.75,39,2026-09-13 10:35:00
U281,20,2,,2,2026-09-13 10:17:00
U281,21,3,5.0,3,2026-09-13 10:17:00
U281,22,3,,3,2026-07-18 15:08:00
U281,24,1,,1,2026-06-24 16:29:00
U281,25,1,4.0,1,2026-04-23 07:42:00
U281,28,1,,1,2026-09-30 19:04:00
U281,34,2,3.0,2,2026-09-22 15:59:00
U281,42,1,,1,2026-07-17 08:53:00
U281,44,5,,5,2026-08-26 07:02:00
U281,47,1,3.0,1,2026-08-05 16:24:00
U281,57,1,,1,2026-07-24 18:08:00
U281,59,1,,1,2026-02-27 18:00:00
U281,62,16,3.33,16,2026-09-30 19:04:00
U281,65,1,2.0,1,2026-04-15 16:15:00
U281,71,2,,2,2026-09-10 09:11:00
U281,74,1,,1,2026-06-08 15:01:00
U281,91,1,3.0,1,2026-09-21 09:44:00
U281,94,1,,1,2026-04-16 08:59:00
U281,95,1,2.0,1,2026-04-18 17:20:00
U281,96,5,2.5,5,2026-08-01 10:45:00
U281,98,4,4.0,4,2026-09-06 09:13:00
U281,99,1,4.0,1,2026-03-05 08:23:00
U281,100,10,3.67,10,2026-09-05 10:03:00
U281,101,12,4.5,12,2026-09-13 10:17:00
U281,102,3,,3,2026-09-22 15:59:00
U282,11,4,4.0,3,2026-09-23 15:39:00
U282,12,3,,3,2026-03-02 12:03:00
U282,13,1,2.0,1,2026-04-19 14:50:00
U282,14,16,4.0,15,2026-09-26 15:58:00
U282,15,5,4.0,5,2026-06-13 09:13:00
U282,17,1,2.0,1,2026-01-18 11:49:00
U282,18,1,,1,2026-09-22 17:28:00
U282,19,1,,1,2025-12-19 17:34:00
U282,21,3,3.0,3,2026-09-17 17:44:00
U282,22,2,3.0,2,2026-05-27 14:49:00
U282,23,3,3.0,3,2026-05-03 20:47:00
U282,80,1,,1,2026-09-22 17:28:00
U282,83,1,3.0,1,2026-05-27 14:49:00
U282,98,1,3.0,1,2026-09-22 17:28:00
U282,99,3,2.0,3,2026-09-04 13:36:00
U282,100,2,3.0,2,2026-09-17 17:44:00
U282,101,8,2.33,8,2026-08-14 19:50:00
U282,102,1,,1,2026-09-26 15:58:00
U283,3,1,,1,2026-01-18 20:04:00
U283,26,2,,2,2026-07-22 09:56:00
U283,27,17,5.0,16,2026-08-14 20:27:00
U283,28,27,4.0,24,2026-09-26 15:42:00
U283,29,5,4.5,5,2026-08-12 16:35:00
U283,31,1,3.0,1,2026-07-16 17:26:00
U283,34,1,,1,2026-08-12 16:35:00
U283,35,2,,2,2026-02-16 19:12:00
U283,36,1,3.0,1,2026-08-23 17:50:00
U283,39,1,,1,2026-04-16 19:20:00
U283,58,1,,1,2026-06-07 17:01:00
U283,60,1,,1,2026-03-05 19:54:00
U283,61,1,,1,2026-03-29 19:06:00
U283,64,4,,3,2026-02-23 20:19:00
U283,71,1,4.0,1,2026-05-29 19:32:00
U283,85,1,,1,2026-01-31 16:57:00
U283,98,1,,1,2026-04-19 15:24:00
U283,100,6,,6,2026-08-03 15:56:00
U283,101,5,3.0,5,2026-03-27 17:25:00
U284,2,2,3.0,2,2026-09-14 09:43:00
U284,5,4,,4,2026-09-22 09:01:00
U284,6,2,3.0,2,2025-10-27 07:36:00
U284,7,1,,1,2026-04-25 10:55:00
U284,10,2,,2,2026-08-04 12:14:00
U284,12,5,,5,2026-03-04 08:26:00
U284,13,1,3.0,1,2025-12-24 07:43:00
U284,14,2,5.0,2,2026-09-01 09:46:00
U284,15,7,3.0,7,2026-08-21 13:49:00
U284,16,3,,3,2026-07-17 08:15:00
U284,17,2,4.0,2,2026-07-10 09:21:00
U284,19,2,3.0,2,2026-04-17 09:34:00
U284,21,6,4.0,6,2026-09-29 19:59:00
U284,22,12,4.83,10,2026-09-12 09:14:00
U284,23,4,3.0,4,2026-07-07 08:40:00
U284,24,1,,1,2026-05-20 09:58:00
U284,25,3,3.5,3,2026-06-13 17:25:00
U284,27,1,2.0,1,2026-05-26 16:03:00
U284,30,1,,1,2026-07-06 12:07:00
U284,31,1,,1,2026-02-23 07:49:00
U284,35,2,2.0,2,2026-09-14 15:33:00
U284,36,5,3.0,5,2026-03-30 14:54:00
U284,37,2,3.0,2,2026-05-14 17:06:00
U284,39,2,2.0,2,2026-02-01 20:49:00
U284,40,7,3.0,7,2026-08-27 07:07:00
U284,41,3,3.0,3,2026-04-04 16:37:00
U284,44,2,1.0,2,2025-12-02 15:09:00
U284,45,6,2.6,6,2026-07-22 14:12:00
U284,46,2,,2,2026-02-15 14:57:00
U284,49,3,,3,2026-05-30 14:00:00
U284,54,3,3.0,3,2026-07-25 14:44:00
U284,55,1,2.0,1,2026-08-07 18:59:00
U284,56,3,3.0,3,2026-09-29 14:55:00
U284,57,3,2.5,3,2026-05-26 16:36:00
U284,58,2,2.0,2,2026-07-14 08:36:00
U284,59,1,1.0,1,2026-05-22 09:48:00
U284,60,4,2.5,4,2026-06-11 07:01:00
U284,61,2,,2,2026-06-07 17:25:00
U284,62,1,,1,2026-04-16 17:40:00
U284,63,2,3.0,2,2026-04-12 15:27:00
U284,64,1,,1,2026-09-22 09:01:00
U284,65,2,,2,2026-09-21 17:50:00
U284,66,1,2.0,1,2026-09-02 13:16:00
U284,67,1,,1,2026-08-07 18:59:00
U284,68,3,3.5,3,2026-06-16 11:01:00
U284,69,3,3.0,3,2026-09-03 13:49:00
U284,70,3,2.0,3,2026-06-01 07:23:00
U284,71,32,3.0,32,2026-09-23 09:37:00
U284,72,8,3.5,8,2026-08-09 10:42:00
U284,73,7,3.4,7,2026-09-08 14:52:00
U284,74,11,3.4,11,2026-09-26 09:48:00
U284,75,1,3.0,1,2026-09-02 07:45:00
U284,76,11,3.67,11,2026-09-26 20:55:00
U284,77,12,2.67,12,2026-09-03 07:46:00
U284,78,6,3.67,6,2026-07-06 12:07:00
U284,79,6,3.5,6,2026-07-13 15:28:00
U284,80,13,4.33,13,2026-09-26 09:48:00
U284,81,7,3.5,6,2026-08-09 10:42:00
U284,82,20,3.92,20,2026-08-15 10:59:00
U284,83,4,2.67,4,2026-09-05 11:42:00
U284,84,1,,1,2026-04-27 14:25:00
U284,85,1,3.0,1,2026-09-09 17:44:00
U284,86,4,3.0,4,2026-09-26 09:48:00
U284,87,1,,1,2026-04-26 17:02:00
U284,89,3,3.0,3,2026-04-03 16:08:00
U284,90,1,3.0,1,2026-03-10 18:07:00
U284,91,1,,1,2026-05-29 13:48:00
U284,92,3,3.0,3,2026-09-29 19:59:00
U284,93,2,3.0,2,2026-08-19 14:51:00
U284,94,4,2.67,4,2026-07-14 09:38:00
U284,96,1,,1,2026-03-20 09:48:00
U284,98,8,4.0,8,2026-09-11 07:53:00
U284,99,6,4.25,6,2026-07-22 14:12:00
U284,100,15,3.44,15,2026-09-16 08:51:00
U284,101,26,4.08,26,2026-09-09 17:44:00
U284,102,4,3.5,4,2026-06-11 07:35:00
U285,3,2,,2,2026-09-07 20:21:00
U285,5,1,,1,2026-03-24 16:22:00
U285,7,2,2.0,2,2026-08-25 16:44:00
U285,24,1,3.0,1,2026-07-05 11:08:00
U285,26,42,3.36,40,2026-09-27 10:18:00
U285,27,14,,13,2026-09-27 16:32:00
U285,28,2,5.0,2,2026-06-18 14:40:00
U285,29,9,3.86,9,2026-08-23 14:19:00
U285,31,2,,2,2026-06-05 19:22:00
U285,33,7,4.0,6,2026-09-15 13:27:00
U285,42,4,2.67,4,2026-06-30 20:12:00
U285,44,1,4.0,1,2026-09-07 20:21:00
U285,57,1,2.0,1,2026-07-03 16:01:00
U285,64,1,,1,2026-03-22 19:37:00
U285,67,1,,1,2026-05-09 11:18:00
U285,71,1,3.0,1,2026-09-14 21:11:00
U285,98,5,4.33,5,2026-09-27 10:18:00
U285,99,3,,3,2026-08-29 10:05:00
U285,100,5,,5,2026-06-20 17:45:00
U285,101,5,3.5,5,2026-09-15 13:27:00
U285,102,2,4.0,2,2026-09-18 14:36:00
U286,1,1,4.0,1,2026-09-08 13:29:00
U286,3,1,,1,2026-09-22 11:05:00
U286,6,1,,1,2026-07-15 13:25:00
U286,9,2,,2,2026-07-15 07:02:00
U286,21,6,3.25,6,2026-09-20 11:18:00
U286,32,2,4.0,2,2026-08-04 09:33:00
U286,34,1,,1,2026-08-11 16:15:00
U286,36,2,,2,2026-08-04 09:33:00
U286,37,15,5.0,15,2026-09-23 09:22:00
U286,38,10,5.0,10,2026-08-07 08:02:00
U286,39,3,4.5,3,2026-09-19 14:59:00
U286,40,5,4.0,5,2026-09-15 07:42:00
U286,41,1,3.0,1,2025-11-04 11:16:00
U286,42,63,4.3,60,2026-09-26 15:04:00
U286,43,1,,1,2026-03-25 09:11:00
U286,48,4,5.0,3,2026-09-15 07:42:00
U286,49,31,5.0,30,2026-09-09 11:40:00
U286,60,1,,1,2026-06-05 11:26:00
U286,69,1,4.0,1,2026-07-24 09:18:00
U286,78,1,,1,2026-06-17 18:41:00
U286,79,1,,1,2026-06-26 07:19:00
U286,83,1,,1,2026-06-24 13:42:00
U286,87,1,3.0,1,2025-11-21 07:31:00
U286,91,2,4.0,2,2026-04-25 15:44:00
U286,92,7,,7,2026-09-08 13:29:00
U286,93,4,3.5,4,2026-09-11 14:44:00
U286,95,1,4.0,1,2026-09-04 18:42:00
U286,96,5,4.0,5,2026-07-24 09:18:00
U286,97,1,,1,2026-04-22 07:11:00
U286,98,2,,2,2026-07-25 10:40:00
U286,99,2,4.0,2,2026-09-02 07:11:00
U286,100,10,4.4,10,2026-09-20 11:18:00
U286,101,9,4.67,9,2026-09-22 11:05:00
U286,102,8,4.33,8,2026-07-23 09:43:00
U287,1,44,4.57,41,2026-05-27 09:32:00
U287,2,2,,2,2026-04-16 06:17:00
U287,3,1,3.0,1,2026-03-08 06:45:00
U287,4,16,4.0,16,2026-05-11 17:28:00
U287,5,2,,2,2026-04-14 09:07:00
U287,6,15,4.5,14,2026-05-23 09:24:00
U287,7,4,3.0,4,2026-04-01 17:47:00
U287,8,7,3.0,7,2026-04-10 15:58:00
U287,9,2,2.0,2,2026-05-03 11:47:00
U287,10,1,,1,2026-04-13 06:56:00
U287,11,3,3.0,3,2026-03-19 09:56:00
U287,15,1,,1,2025-10-16 08:59:00
U287,24,1,,1,2026-05-11 15:22:00
U287,34,1,,1,2025-12-06 07:23:00
U287,41,1,,1,2026-02-20 15:06:00
U287,51,6,2.67,6,2026-04-01 17:47:00
U287,56,1,,1,2025-11-25 16:01:00
U287,66,1,4.0,1,2025-12-31 13:43:00
U287,73,1,,1,2026-01-24 17:55:00
U287,74,3,2.0,3,2025-12-30 06:55:00
U287,79,3,2.0,3,2026-03-03 06:40:00
U287,80,1,,1,2026-05-20 16:26:00
U287,82,2,2.0,2,2026-02-05 15:50:00
U287,83,2,3.0,2,2026-01-17 16:27:00
U287,86,1,,1,2026-01-31 17:24:00
U287,96,1,3.0,1,2026-03-23 08:25:00
U287,97,1,,1,2026-03-08 06:45:00
U287,98,1,,1,2025-11-08 17:51:00
U287,99,1,,1,2026-05-12 17:26:00
U287,100,2,,2,2026-04-13 06:56:00
U287,101,22,4.0,22,2026-05-27 09:32:00
U287,102,6,4.0,6,2026-03-31 17:37:00
U288,3,1,,1,2026-08-06 15:04:00
U288,27,1,4.0,1,2025-12-14 19:05:00
U288,28,2,,2,2026-05-17 15:04:00
U288,29,2,3.5,2,2026-08-02 14:14:00
U288,30,2,3.5,2,2026-02-18 16:04:00
U288,31,1,,1,2026-08-25 07:09:00
U288,34,25,4.43,25,2026-09-25 07:20:00
U288,35,5,,5,2026-08-26 09:46:00
U288,43,1,2.0,1,2025-11-27 07:37:00
U288,44,4,3.0,4,2026-06-08 11:28:00
U288,68,1,,1,2026-05-06 14:02:00
U288,72,7,2.67,7,2026-06-30 08:12:00
U288,75,1,,1,2026-04-28 17:07:00
U288,78,1,,1,2026-09-25 07:20:00
U288,88,1,,1,2026-07-11 17:59:00
U288,96,2,2.0,2,2026-02-24 08:07:00
U288,98,2,,2,2026-05-27 07:10:00
U288,100,7,4.0,7,2026-08-26 09:46:00
U288,101,4,,4,2026-08-02 14:14:00
U288,102,1,,1,2026-01-21 11:35:00
U289,1,4,3.33,4,2026-08-20 16:08:00
U289,10,7,4.0,7,2026-09-13 14:22:00
U289,13,29,3.33,28,2026-08-25 13:20:00
U289,14,2,,2,2026-06-20 09:33:00
U289,15,15,4.12,15,2026-07-26 14:33:00
U289,17,7,5.0,7,2026-05-25 16:51:00
U289,18,7,4.83,7,2026-09-15 14:48:00
U289,19,7,4.5,7,2026-08-10 10:09:00
U289,20,8,4.33,8,2026-07-29 21:57:00
U289,23,1,,1,2026-06-26 08:53:00
U289,27,1,3.0,1,2026-03-11 10:10:00
U289,32,4,3.0,4,2026-08-16 11:37:00
U289,40,1,,1,2026-09-28 17:28:00
U289,42,3,2.5,3,2026-08-04 11:01:00
U289,46,1,3.0,1,2026-05-18 08:57:00
U289,48,2,,2,2026-09-21 13:02:00
U289,53,2,4.0,2,2026-08-14 18:46:00
U289,54,3,,3,2026-09-27 11:03:00
U289,56,1,5.0,1,2026-06-04 11:51:00
U289,57,2,,2,2026-09-12 17:25:00
U289,60,1,4.0,1,2026-04-24 15:48:00
U289,61,1,3.0,1,2026-05-18 18:10:00
U289,63,1,,1,2025-12-21 19:10:00
U289,64,1,3.0,1,2026-02-10 17:47:00
U289,66,3,3.0,3,2026-07-09 11:58:00
U289,71,4,4.0,4,2026-08-17 13:47:00
U289,75,1,3.0,1,2026-07-26 14:33:00
U289,79,1,4.0,1,2026-09-22 17:26:00
U289,81,4,3.5,4,2026-09-30 15:29:00
U289,84,16,2.88,16,2026-08-17 13:47:00
U289,86,1,,1,2026-09-15 15:22:00
U289,87,1,,1,2026-05-31 17:02:00
U289,88,1,,1,2026-03-10 14:52:00
U289,89,2,2.0,2,2026-06-20 09:33:00
U289,90,2,2.0,2,2026-07-21 14:14:00
U289,94,1,2.0,1,2026-02-24 11:17:00
U289,98,8,4.0,8,2026-05-30 11:55:00
U289,99,1,3.0,1,2026-03-15 14:35:00
U289,100,16,3.92,16,2026-06-12 09:36:00
U289,101,15,3.82,15,2026-07-29 21:57:00
U289,102,5,3.5,5,2026-09-15 15:22:00
U290,2,2,3.0,2,2026-04-15 07:35:00
U290,5,1,4.0,1,2025-11-28 16:54:00
U290,6,3,,3,2026-06-23 08:12:00
U290,7,6,4.0,6,2026-09-29 15:47:00
U290,9,1,,1,2026-05-08 08:42:00
U290,10,1,4.0,1,2026-08-18 07:38:00
U290,26,1,,1,2026-06-23 08:12:00
U290,30,3,,3,2026-09-24 13:08:00
U290,33,2,,2,2026-09-24 13:33:00
U290,37,3,,3,2026-09-22 14:59:00
U290,42,1,2.0,1,2026-03-06 12:15:00
U290,50,2,3.0,2,2026-05-13 08:39:00
U290,58,1,,1,2026-02-06 08:16:00
U290,66,1,2.0,1,2026-08-07 15:15:00
U290,67,1,,1,2026-03-03 09:32:00
U290,78,1,,1,2026-08-07 15:15:00
U290,86,1,,1,2025-11-26 15:25:00
U290,87,6,2.0,6,2026-07-27 07:06:00
U290,97,9,2.5,9,2026-08-03 09:05:00
U290,98,3,5.0,3,2026-09-29 15:47:00
U290,100,2,,2,2026-02-02 09:48:00
U290,101,5,,5,2026-09-29 15:47:00
U290,102,1,,1,2026-03-27 11:19:00
U291,6,3,4.0,3,2026-06-09 17:53:00
U291,15,1,2.0,1,2026-03-03 13:33:00
U291,26,1,,1,2026-03-14 19:16:00
U291,35,1,3.0,1,2026-04-14 18:28:00
U291,48,1,2.0,1,2026-03-24 17:26:00
U291,70,12,4.83,12,2026-06-11 14:37:00
U291,71,2,3.0,2,2026-03-14 19:16:00
U291,72,2,5.0,2,2026-03-04 11:48:00
U291,74,1,,1,2025-12-20 17:28:00
U291,75,1,,1,2026-06-09 17:53:00
U291,77,1,5.0,1,2026-04-26 12:09:00
U291,78,4,4.5,4,2026-05-28 09:48:00
U291,79,4,5.0,4,2026-06-09 17:53:00
U291,80,3,5.0,3,2026-05-24 20:01:00
U291,88,1,,1,2026-06-11 14:37:00
U291,95,1,,1,2026-05-05 17:14:00
U291,98,2,,2,2026-03-03 13:33:00
U291,99,1,,1,2026-05-24 20:01:00
U291,100,2,,2,2026-05-05 17:14:00
U291,101,1,,1,2026-02-08 20:20:00
U291,102,2,,2,2026-01-12 14:17:00
U292,2,2,4.0,2,2026-04-25 14:51:00
U292,3,1,3.0,1,2026-09-02 15:50:00
U292,6,1,,1,2026-09-13 16:20:00
U292,7,1,,1,2025-12-07 12:10:00
U292,8,4,3.33,4,2026-09-09 09:27:00
U292,9,1,,1,2026-03-18 16:12:00
U292,10,1,,1,2026-01-21 19:39:00
U292,12,3,3.5,3,2026-05-27 11:20:00
U292,15,1,2.0,1,2026-04-19 19:44:00
U292,22,2,3.0,2,2026-01-08 21:04:00
U292,27,1,3.0,1,2025-10-18 16:26:00
U292,29,1,3.0,1,2026-06-14 15:15:00
U292,30,1,3.0,1,2026-01-25 14:21:00
U292,33,3,4.0,3,2026-08-20 21:45:00
U292,35,2,,2,2026-06-14 15:15:00
U292,37,2,4.0,2,2026-09-23 09:18:00
U292,41,2,4.0,2,2026-01-28 14:25:00
U292,45,3,,3,2026-06-28 18:09:00
U292,46,1,,1,2025-11-30 11:33:00
U292,48,1,,1,2026-09-12 14:32:00
U292,50,2,3.0,2,2026-02-28 11:26:00
U292,51,1,,1,2025-10-18 10:00:00
U292,52,1,,1,2026-06-29 21:09:00
U292,54,7,4.0,7,2026-04-29 15:29:00
U292,56,1,,1,2026-06-14 14:32:00
U292,57,2,3.0,2,2026-09-06 21:23:00
U292,59,1,3.0,1,2026-07-25 19:22:00
U292,61,5,4.0,5,2025-12-22 19:48:00
U292,64,1,3.0,1,2026-07-30 15:13:00
U292,66,9,3.0,9,2026-09-14 20:23:00
U292,69,2,4.0,2,2026-02-22 11:37:00
U292,70,9,4.0,9,2026-09-15 19:51:00
U292,71,6,3.0,6,2026-08-01 14:41:00
U292,72,24,3.3,23,2026-09-13 16:20:00
U292,73,4,,4,2026-08-17 10:48:00
U292,74,2,,2,2026-09-02 15:50:00
U292,75,2,,2,2026-09-24 10:55:00
U292,76,5,4.0,5,2026-07-12 21:52:00
U292,77,14,4.0,14,2026-09-20 19:49:00
U292,80,1,,1,2026-08-19 20:06:00
U292,81,3,,3,2026-03-30 13:56:00
U292,82,7,4.5,7,2026-08-29 17:43:00
U292,83,12,4.0,12,2026-08-06 21:33:00
U292,85,1,,1,2026-06-10 11:51:00
U292,86,1,,1,2026-09-13 18:22:00
U292,87,1,,1,2026-01-21 17:54:00
U292,88,4,,4,2026-03-19 13:25:00
U292,89,1,,1,2026-06-09 14:44:00
U292,91,1,,1,2026-04-13 20:12:00
U292,92,1,,1,2026-04-19 19:44:00
U292,94,1,3.0,1,2026-04-19 19:44:00
U292,95,1,,1,2026-07-25 19:22:00
U292,98,2,,2,2026-08-29 17:43:00
U292,100,10,4.0,10,2026-09-02 15:50:00
U292,101,17,3.75,17,2026-09-13 16:20:00
U292,102,3,5.0,3,2026-09-20 19:49:00
U293,2,1,,1,2026-09-28 17:03:00
U293,3,4,4.0,4,2026-08-14 08:55:00
U293,6,1,3.0,1,2026-07-22 18:38:00
U293,7,2,3.0,2,2026-09-28 09:40:00
U293,8,2,2.0,2,2026-08-31 16:24:00
U293,9,2,3.0,2,2026-08-21 08:21:00
U293,10,2,,2,2026-09-29 09:09:00
U293,12,3,,3,2026-07-01 11:00:00
U293,14,1,2.0,1,2026-08-31 16:24:00
U293,16,1,,1,2026-08-08 10:49:00
U293,19,2,,2,2026-09-13 15:16:00
U293,22,2,,2,2026-09-10 07:57:00
U293,23,1,,1,2026-04-17 09:46:00
U293,24,1,2.0,1,2026-04-16 17:25:00
U293,25,1,,1,2026-04-05 09:22:00
U293,26,20,3.83,19,2026-09-11 16:27:00
U293,27,11,3.5,11,2026-08-31 12:43:00
U293,28,5,2.0,5,2026-09-08 11:46:00
U293,29,3,4.0,3,2026-06-30 14:52:00
U293,30,2,,2,2026-05-16 09:42:00
U293,31,46,4.5,45,2026-09-28 17:03:00
U293,32,5,3.5,5,2026-07-27 09:50:00
U293,33,1,2.0,1,2026-09-11 16:27:00
U293,34,3,4.0,3,2026-09-09 07:51:00
U293,35,14,3.38,14,2026-09-29 16:25:00
U293,40,1,,1,2026-04-03 09:05:00
U293,46,2,2.0,2,2026-09-02 07:02:00
U293,48,1,2.0,1,2026-07-13 09:49:00
U293,50,1,2.0,1,2026-09-04 09:41:00
U293,52,1,,1,2026-06-09 18:32:00
U293,54,1,2.0,1,2026-08-04 12:52:00
U293,55,1,3.0,1,2026-07-14 11:03:00
U293,57,1,2.0,1,2026-05-07 14:50:00
U293,58,2,,2,2026-08-02 18:46:00
U293,61,1,,1,2026-08-25 14:51:00
U293,62,1,2.0,1,2026-09-21 08:27:00
U293,63,2,,2,2026-09-02 07:08:00
U293,64,3,2.0,3,2026-07-08 08:49:00
U293,66,1,4.0,1,2026-07-04 09:45:00
U293,68,1,,1,2026-03-26 14:48:00
U293,71,1,,1,2026-06-12 12:35:00
U293,72,2,3.0,2,2026-07-02 09:07:00
U293,73,1,3.0,1,2026-08-27 08:42:00
U293,75,6,1.5,6,2026-07-14 13:40:00
U293,78,1,,1,2026-07-02 15:54:00
U293,79,4,,4,2026-09-25 07:12:00
U293,80,1,2.0,1,2026-07-29 12:52:00
U293,81,1,,1,2026-08-26 13:11:00
U293,82,1,,1,2026-08-21 08:21:00
U293,83,2,3.0,2,2026-08-24 09:10:00
U293,84,1,3.0,1,2026-09-01 15:33:00
U293,85,1,,1,2026-05-08 09:48:00
U293,86,1,2.0,1,2026-09-27 17:07:00
U293,87,2,4.0,2,2026-08-05 07:32:00
U293,88,2,2.0,2,2026-09-07 16:57:00
U293,89,2,,2,2026-07-19 14:41:00
U293,92,1,3.0,1,2026-05-26 08:31:00
U293,93,1,2.0,1,2026-08-27 14:20:00
U293,94,1,,1,2026-09-28 17:03:00
U293,96,1,,1,2026-06-25 13:07:00
U293,98,6,3.0,6,2026-09-27 17:07:00
U293,99,4,3.0,4,2026-08-19 07:55:00
U293,100,12,3.5,12,2026-09-09 07:51:00
U293,101,16,3.33,16,2026-09-29 09:09:00
U293,102,4,3.5,4,2026-09-21 08:27:00
U294,1,5,4.0,5,2026-07-28 17:01:00
U294,2,2,,2,2026-04-08 11:05:00
U294,6,4,4.5,4,2026-06-26 12:50:00
U294,7,10,4.25,10,2026-08-31 17:51:00
U294,8,1,,1,2025-12-17 08:46:00
U294,9,6,2.0,6,2026-06-08 11:33:00
U294,11,1,2.0,1,2025-12-17 08:46:00
U294,13,1,2.0,1,2026-04-10 09:58:00
U294,15,1,,1,2026-04-20 09:42:00
U294,26,1,,1,2026-08-24 13:07:00
U294,28,4,2.0,4,2026-07-11 10:11:00
U294,35,1,,1,2026-04-08 11:05:00
U294,73,1,,1,2026-05-11 15:51:00
U294,75,2,2.5,2,2026-07-03 07:08:00
U294,80,1,,1,2026-02-15 11:47:00
U294,94,1,,1,2026-04-03 15:21:00
U294,98,2,,2,2026-07-24 13:10:00
U294,101,8,3.5,8,2026-05-22 08:48:00
U294,102,1,,1,2026-06-24 16:32:00
U295,2,1,,1,2025-10-17 16:44:00
U295,5,1,3.0,1,2025-11-10 19:31:00
U295,7,1,,1,2026-02-28 21:49:00
U295,9,1,,1,2026-01-21 17:48:00
U295,25,1,,1,2026-06-09 14:19:00
U295,26,1,,1,2026-05-09 15:33:00
U295,27,1,,1,2025-11-14 10:20:00
U295,31,1,,1,2026-04-24 13:41:00
U295,32,2,3.0,2,2026-05-30 11:08:00
U295,33,1,2.0,1,2026-07-07 19:31:00
U295,36,15,4.0,14,2026-09-20 10:02:00
U295,37,10,4.5,10,2026-08-30 16:27:00
U295,39,1,,1,2025-12-02 14:48:00
U295,40,3,,3,2026-07-26 12:32:00
U295,41,9,4.0,9,2026-04-28 17:02:00
U295,42,15,4.5,15,2026-09-19 10:08:00
U295,43,21,3.5,21,2026-09-19 14:35:00
U295,44,5,3.0,5,2026-07-20 21:47:00
U295,45,7,3.0,7,2026-06-07 19:47:00
U295,46,1,,1,2026-04-14 10:32:00
U295,47,2,2.0,2,2026-06-14 12:25:00
U295,48,5,,5,2026-09-29 13:47:00
U295,49,2,4.0,2,2026-03-01 11:02:00
U295,50,1,,1,2026-06-06 18:10:00
U295,52,1,2.0,1,2026-03-15 12:46:00
U295,53,1,3.0,1,2026-03-15 12:46:00
U295,54,3,2.0,3,2026-08-30 17:59:00
U295,55,1,,1,2026-08-11 10:20:00
U295,56,2,,2,2026-08-22 19:18:00
U295,57,1,4.0,1,2026-05-23 10:29:00
U295,59,3,,3,2026-09-17 21:54:00
U295,60,1,,1,2026-08-02 14:40:00
U295,62,1,,1,2025-11-07 21:41:00
U295,63,1,,1,2026-02-07 10:10:00
U295,67,2,,2,2026-05-06 18:16:00
U295,68,2,4.0,2,2026-08-22 16:09:00
U295,69,1,,1,2026-07-07 19:31:00
U295,71,2,3.5,2,2026-09-25 15:03:00
U295,75,2,2.0,2,2026-02-14 12:47:00
U295,84,1,,1,2026-05-30 11:08:00
U295,86,1,3.0,1,2026-08-07 21:29:00
U295,89,1,2.0,1,2026-03-07 21:28:00
U295,91,2,2.0,2,2026-01-08 19:50:00
U295,92,1,4.0,1,2026-03-08 19:20:00
U295,93,4,3.33,4,2026-06-14 12:25:00
U295,94,8,2.33,8,2026-07-07 19:31:00
U295,95,6,3.0,6,2026-06-06 18:10:00
U295,96,14,3.5,14,2026-08-27 17:01:00
U295,97,2,,2,2026-05-18 20:17:00
U295,98,6,3.0,6,2026-05-09 14:16:00
U295,99,4,3.0,4,2026-09-17 21:54:00
U295,100,9,5.0,9,2026-08-13 15:03:00
U295,101,9,3.33,9,2026-09-19 10:08:00
U295,102,11,4.0,11,2026-06-09 14:19:00
U296,1,12,4.33,12,2026-08-31 07:50:00
U296,2,3,,3,2026-05-17 06:51:00
U296,4,11,3.2,11,2026-08-19 08:39:00
U296,5,3,,3,2026-04-02 15:49:00
U296,6,24,3.5,24,2026-08-27 06:07:00
U296,7,3,3.0,3,2026-08-08 07:36:00
U296,9,1,,1,2026-04-01 06:07:00
U296,10,2,3.0,2,2026-08-13 14:19:00
U296,11,2,3.0,2,2026-07-15 06:28:00
U296,12,1,,1,2026-07-30 07:20:00
U296,13,2,3.0,2,2026-06-16 09:52:00
U296,14,2,,2,2026-06-10 15:14:00
U296,15,1,,1,2026-08-12 12:08:00
U296,16,2,,2,2026-07-15 06:34:00
U296,17,2,,2,2026-07-15 06:34:00
U296,18,2,,2,2026-09-04 15:21:00
U296,20,11,2.67,11,2026-08-24 16:41:00
U296,21,4,,4,2026-08-03 07:23:00
U296,23,2,3.0,2,2026-04-01 06:07:00
U296,25,1,,1,2026-08-31 17:15:00
U296,26,4,1.67,4,2026-09-04 15:21:00
U296,27,1,,1,2026-08-24 16:41:00
U296,28,1,,1,2025-10-08 09:54:00
U296,31,1,,1,2026-02-19 15:39:00
U296,33,3,,3,2026-03-17 07:35:00
U296,34,1,2.0,1,2026-04-19 06:26:00
U296,36,4,,4,2026-06-01 08:23:00
U296,37,1,,1,2026-01-28 09:08:00
U296,40,1,2.0,1,2026-04-09 15:02:00
U296,42,1,,1,2026-01-11 16:23:00
U296,45,13,2.4,12,2026-04-20 16:44:00
U296,47,1,,1,2026-01-13 16:43:00
U296,51,2,,2,2026-09-13 10:34:00
U296,53,1,2.0,1,2026-02-19 07:08:00
U296,54,2,2.0,2,2026-08-08 12:01:00
U296,59,1,,1,2026-04-27 17:24:00
U296,61,1,,1,2026-08-09 08:25:00
U296,64,1,,1,2025-10-14 17:29:00
U296,66,1,,1,2026-08-17 07:47:00
U296,67,4,2.0,4,2026-03-31 08:03:00
U296,68,2,,2,2026-01-07 15:56:00
U296,69,1,1.0,1,2026-02-06 15:23:00
U296,72,1,,1,2026-02-12 17:07:00
U296,74,2,3.0,2,2026-07-23 11:42:00
U296,77,1,,1,2026-01-14 07:13:00
U296,79,1,,1,2026-02-06 15:23:00
U296,80,1,,1,2026-07-10 15:42:00
U296,81,2,,2,2026-09-19 16:49:00
U296,82,2,,2,2026-08-17 09:40:00
U296,91,1,,1,2026-08-13 14:19:00
U296,97,2,2.0,2,2026-09-05 08:31:00
U296,98,9,3.5,9,2026-09-05 08:31:00
U296,99,1,,1,2026-02-03 15:58:00
U296,100,17,3.4,17,2026-09-19 16:49:00
U296,101,19,3.17,19,2026-09-05 08:31:00
U296,102,7,3.0,7,2026-08-19 08:39:00
U297,3,2,3.0,2,2026-07-17 16:58:00
U297,5,2,3.0,2,2026-06-26 16:11:00
U297,10,1,,1,2026-04-18 09:40:00
U297,13,3,4.5,3,2026-07-15 07:13:00
U297,14,41,4.6,39,2026-09-23 16:12:00
U297,15,6,4.5,6,2026-09-18 07:14:00
U297,17,4,4.0,4,2026-07-25 16:13:00
U297,18,46,4.53,44,2026-09-29 09:02:00
U297,19,22,4.8,21,2026-09-08 07:18:00
U297,21,7,5.0,6,2026-08-28 12:09:00
U297,22,15,4.0,15,2026-07-30 16:06:00
U297,23,6,4.0,6,2026-07-15 08:26:00
U297,24,2,,2,2026-09-01 16:21:00
U297,25,2,4.0,2,2026-07-14 11:52:00
U297,28,1,2.0,1,2025-10-24 08:01:00
U297,36,1,3.0,1,2026-04-10 18:20:00
U297,37,1,,1,2026-09-24 17:34:00
U297,40,1,,1,2026-03-30 09:03:00
U297,57,4,3.5,4,2026-08-01 19:23:00
U297,72,1,,1,2026-04-03 09:33:00
U297,73,7,4.33,7,2026-01-27 11:40:00
U297,75,1,,1,2026-05-11 11:23:00
U297,80,1,3.0,1,2026-05-05 08:33:00
U297,82,1,3.0,1,2026-09-18 09:15:00
U297,91,2,4.0,2,2026-05-22 11:39:00
U297,98,13,4.5,13,2026-09-07 07:48:00
U297,99,4,4.0,4,2026-09-03 16:38:00
U297,100,21,4.0,21,2026-09-24 15:49:00
U297,101,27,4.14,27,2026-09-14 08:33:00
U297,102,2,,2,2026-04-18 09:40:00
U298,2,5,5.0,4,2026-06-21 15:12:00
U298,4,3,,3,2026-08-22 07:50:00
U298,5,11,,11,2026-08-06 09:38:00
U298,6,7,5.0,7,2026-09-10 11:48:00
U298,7,17,5.0,16,2026-09-25 06:26:00
U298,8,1,4.0,1,2026-05-27 06:55:00
U298,9,2,4.0,2,2026-03-01 17:28:00
U298,11,20,3.0,20,2026-09-07 15:01:00
U298,13,10,,10,2026-09-25 08:42:00
U298,14,2,3.0,2,2026-06-26 15:45:00
U298,20,1,4.0,1,2026-07-24 11:11:00
U298,21,1,,1,2025-11-07 15:37:00
U298,22,1,4.0,1,2026-03-26 17:14:00
U298,26,1,,1,2026-04-04 07:08:00
U298,30,13,5.0,13,2026-09-16 14:06:00
U298,32,1,,1,2026-01-09 15:05:00
U298,35,1,,1,2026-09-02 11:25:00
U298,36,3,,3,2026-03-03 07:53:00
U298,39,3,,3,2026-09-21 08:27:00
U298,41,5,4.0,5,2026-08-16 11:08:00
U298,42,1,,1,2026-04-14 06:51:00
U298,43,1,,1,2025-11-14 06:37:00
U298,46,1,,1,2026-06-27 07:40:00
U298,54,2,,2,2026-06-15 09:28:00
U298,55,1,4.0,1,2026-08-25 16:21:00
U298,57,1,,1,2026-02-25 15:18:00
U298,59,2,,2,2026-04-28 08:25:00
U298,61,4,2.5,4,2026-03-02 09:02:00
U298,62,5,,5,2026-08-19 07:22:00
U298,65,1,,1,2026-09-09 07:32:00
U298,66,1,3.0,1,2026-03-24 09:54:00
U298,67,1,,1,2026-04-21 06:21:00
U298,68,3,,3,2026-08-25 07:25:00
U298,69,8,4.0,8,2026-09-25 08:42:00
U298,72,1,,1,2026-03-03 09:24:00
U298,73,1,,1,2026-05-29 07:16:00
U298,78,3,,3,2026-08-14 16:50:00
U298,79,1,,1,2025-11-28 16:04:00
U298,81,1,,1,2026-09-06 15:56:00
U298,86,1,,1,2026-06-29 15:02:00
U298,88,1,,1,2025-11-28 16:34:00
U298,92,2,,2,2026-09-10 11:48:00
U298,96,1,,1,2026-01-17 09:05:00
U298,98,2,,2,2026-08-16 11:08:00
U298,99,1,,1,2026-02-17 15:06:00
U298,100,6,,6,2026-09-06 15:56:00
U298,101,19,3.8,19,2026-08-19 07:22:00
U298,102,5,4.0,5,2026-09-21 08:27:00
U299,1,5,3.0,4,2026-09-11 16:56:00
U299,2,3,4.0,3,2026-09-10 07:06:00
U299,4,1,4.0,1,2026-02-04 09:13:00
U299,5,9,4.0,9,2026-09-23 13:05:00
U299,6,73,4.52,66,2026-09-23 13:05:00
U299,7,25,4.17,25,2026-09-29 17:15:00
U299,8,2,3.0,2,2026-09-07 13:22:00
U299,9,1,,1,2026-05-08 07:38:00
U299,10,1,2.0,1,2026-03-25 08:40:00
U299,11,3,4.0,3,2026-09-04 12:10:00
U299,12,1,,1,2026-03-22 10:44:00
U299,14,2,3.5,2,2026-07-03 12:57:00
U299,17,2,2.5,2,2026-06-29 19:07:00
U299,18,4,,4,2026-09-10 07:06:00
U299,20,1,,1,2026-07-10 16:25:00
U299,22,1,,1,2026-04-30 08:56:00
U299,27,1,2.0,1,2026-04-03 16:11:00
U299,32,5,3.0,5,2026-05-29 15:38:00
U299,34,1,,1,2025-10-08 08:55:00
U299,42,2,2.5,2,2026-03-04 14:23:00
U299,44,2,3.0,2,2026-09-07 13:22:00
U299,51,1,,1,2025-11-14 07:54:00
U299,59,3,2.5,3,2026-07-31 07:37:00
U299,60,2,3.0,2,2026-01-02 18:22:00
U299,65,2,2.5,2,2026-06-19 19:16:00
U299,67,1,2.0,1,2026-05-06 09:46:00
U299,68,1,,1,2025-10-09 08:07:00
U299,73,1,,1,2026-04-28 11:07:00
U299,75,6,,6,2026-09-24 07:27:00
U299,81,2,3.0,2,2026-09-15 09:36:00
U299,87,1,2.0,1,2026-08-30 09:59:00
U299,89,2,3.0,2,2026-08-01 11:26:00
U299,91,1,,1,2026-09-05 18:58:00
U299,96,1,3.0,1,2026-08-30 15:04:00
U299,98,7,4.5,7,2026-09-17 15:32:00
U299,99,2,4.0,2,2025-12-24 16:10:00
U299,100,15,3.5,15,2026-09-11 07:21:00
U299,101,23,3.78,23,2026-09-24 07:27:00
U299,102,8,4.0,8,2026-09-07 13:22:00
U300,1,3,5.0,2,2026-09-16 14:46:00
U300,46,3,,3,2026-09-25 09:24:00
U300,60,1,5.0,1,2026-09-25 19:10:00
U300,101,2,4.0,2,2026-09-25 19:10:00
U301,2,1,,1,2026-06-15 13:58:00
U301,6,3,2.0,3,2026-04-06 19:48:00
U301,8,3,3.0,3,2026-08-21 08:22:00
U301,9,1,,1,2026-09-22 16:48:00
U301,10,6,3.0,6,2026-09-14 16:19:00
U301,13,2,4.0,2,2026-08-11 08:53:00
U301,14,14,5.0,13,2026-08-17 07:35:00
U301,15,23,4.0,23,2026-08-26 11:57:00
U301,18,6,3.67,6,2026-08-06 07:16:00
U301,19,1,3.0,1,2026-08-24 07:59:00
U301,20,1,,1,2026-04-08 11:02:00
U301,22,6,4.0,5,2026-06-10 09:52:00
U301,23,50,3.75,47,2026-09-27 19:53:00
U301,24,2,4.0,2,2026-08-17 07:35:00
U301,26,1,,1,2026-06-08 08:54:00
U301,32,1,,1,2026-04-27 09:03:00
U301,36,1,,1,2026-03-21 20:44:00
U301,37,2,2.0,2,2026-02-17 14:56:00
U301,41,1,,1,2025-11-10 11:50:00
U301,42,1,,1,2026-04-09 11:00:00
U301,45,1,,1,2026-08-08 16:01:00
U301,46,1,1.0,1,2026-07-11 19:00:00
U301,49,1,,1,2026-05-26 14:07:00
U301,53,2,,2,2026-06-15 13:58:00
U301,60,1,,1,2026-08-10 11:26:00
U301,65,1,3.0,1,2025-12-30 09:08:00
U301,68,1,,1,2026-08-26 11:57:00
U301,72,3,2.0,3,2026-09-13 15:12:00
U301,74,1,2.0,1,2026-09-25 13:44:00
U301,76,1,3.0,1,2026-09-21 15:29:00
U301,79,1,3.0,1,2026-08-12 09:36:00
U301,80,1,,1,2026-08-06 07:16:00
U301,81,1,,1,2026-08-08 16:01:00
U301,82,1,,1,2026-06-11 13:58:00
U301,83,2,2.0,2,2026-04-02 17:08:00
U301,89,1,2.0,1,2026-06-15 13:58:00
U301,95,1,,1,2026-09-25 13:44:00
U301,97,1,,1,2026-07-11 19:00:00
U301,98,4,,4,2026-08-21 08:22:00
U301,99,3,4.0,3,2026-08-20 09:32:00
U301,100,15,3.5,15,2026-08-24 07:59:00
U301,101,22,3.12,22,2026-08-20 09:32:00
U301,102,4,3.0,4,2026-07-11 19:00:00
U302,1,5,3.33,5,2026-06-19 08:26:00
U302,2,2,4.0,2,2026-07-25 09:59:00
U302,3,1,,1,2026-08-20 13:58:00
U302,5,8,3.0,8,2026-09-23 17:35:00
U302,6,18,4.0,18,2026-08-19 15:56:00
U302,7,6,3.0,6,2026-07-06 08:34:00
U302,8,4,,4,2026-05-31 08:09:00
U302,21,11,2.67,10,2026-08-12 17:46:00
U302,29,1,2.0,1,2026-02-10 08:39:00
U302,31,1,,1,2026-09-23 17:35:00
U302,32,1,,1,2026-07-13 15:04:00
U302,58,1,,1,2026-03-26 16:11:00
U302,65,1,,1,2025-12-28 09:16:00
U302,66,1,,1,2026-06-14 06:13:00
U302,82,1,,1,2026-04-18 09:10:00
U302,86,1,2.0,1,2025-12-06 08:42:00
U302,88,3,2.0,3,2026-08-20 13:58:00
U302,95,1,,1,2026-01-14 06:13:00
U302,98,2,3.0,2,2026-07-06 08:34:00
U302,99,1,2.0,1,2025-11-24 06:23:00
U302,100,5,4.0,5,2026-07-25 09:59:00
U302,101,9,3.0,9,2026-06-01 12:59:00
U302,102,2,,2,2026-08-10 11:06:00
U303,7,1,3.0,1,2026-08-24 13:30:00
U303,11,1,3.0,1,2026-05-11 17:49:00
U303,36,1,4.0,1,2026-07-25 11:23:00
U303,37,3,,3,2026-09-05 12:38:00
U303,44,2,3.0,2,2026-05-23 17:54:00
U303,70,1,,1,2026-08-24 13:30:00
U303,72,3,5.0,3,2026-07-22 21:53:00
U303,73,2,,2,2026-05-08 10:42:00
U303,76,8,4.5,8,2026-09-28 13:57:00
U303,77,3,4.0,3,2026-09-02 18:45:00
U303,78,3,5.0,3,2026-08-30 21:20:00
U303,91,1,3.0,1,2026-08-28 17:52:00
U303,95,9,4.0,9,2026-08-24 13:30:00
U303,100,4,4.0,4,2026-09-02 18:45:00
U303,101,1,4.0,1,2026-08-30 21:20:00
U304,4,1,4.0,1,2026-07-26 19:49:00
U304,5,1,,1,2025-10-16 17:46:00
U304,7,1,,1,2026-09-29 16:07:00
U304,8,4,4.0,4,2026-09-14 15:17:00
U304,9,6,4.0,6,2026-08-22 13:02:00
U304,10,7,5.0,7,2026-07-17 15:03:00
U304,11,3,,3,2026-08-04 19:20:00
U304,12,3,,3,2026-05-23 10:51:00
U304,13,8,,8,2026-08-10 11:59:00
U304,14,1,,1,2026-02-07 11:20:00
U304,20,1,4.0,1,2026-05-08 18:32:00
U304,23,1,,1,2026-02-17 14:03:00
U304,27,1,,1,2026-05-29 16:19:00
U304,30,45,3.6,45,2026-09-27 17:04:00
U304,35,8,5.0,8,2026-09-14 08:32:00
U304,36,2,2.0,2,2026-02-06 08:51:00
U304,50,2,,2,2026-08-08 16:55:00
U304,51,1,,1,2026-02-18 19:52:00
U304,53,1,,1,2026-05-08 18:32:00
U304,54,4,5.0,4,2026-08-27 08:54:00
U304,55,1,,1,2026-09-27 17:04:00
U304,57,7,4.5,7,2026-09-30 13:17:00
U304,58,2,,2,2026-08-30 13:58:00
U304,60,4,5.0,4,2026-08-05 11:12:00
U304,61,3,4.0,3,2026-07-26 19:49:00
U304,62,4,4.0,4,2026-07-18 19:57:00
U304,63,10,4.0,10,2026-08-25 15:48:00
U304,65,11,4.25,11,2026-07-24 13:59:00
U304,66,8,4.0,8,2026-09-07 19:20:00
U304,68,4,4.0,4,2026-09-27 14:33:00
U304,69,4,,4,2026-08-10 11:59:00
U304,70,1,,1,2026-03-07 21:19:00
U304,71,4,,4,2026-07-01 08:10:00
U304,72,1,,1,2025-12-10 18:56:00
U304,77,1,,1,2026-05-14 11:23:00
U304,79,1,,1,2026-06-16 21:33:00
U304,85,1,4.0,1,2025-11-10 14:57:00
U304,98,3,4.0,3,2026-09-27 14:33:00
U304,99,4,5.0,4,2026-08-10 11:59:00
U304,100,15,5.0,15,2026-09-30 13:17:00
U304,101,12,4.25,12,2026-09-14 15:17:00
U304,102,6,4.0,6,2026-09-23 17:26:00
U305,1,1,,1,2025-10-16 08:26:00
U305,3,1,,1,2026-06-16 14:14:00
U305,6,6,,6,2026-08-20 12:53:00
U305,7,2,3.0,2,2026-03-09 07:26:00
U305,20,1,,1,2026-02-27 07:54:00
U305,33,22,3.3,21,2026-09-16 07:11:00
U305,36,1,,1,2026-03-16 09:33:00
U305,42,1,3.0,1,2026-09-14 15:00:00
U305,72,1,4.0,1,2026-03-16 09:33:00
U305,73,2,4.0,2,2026-09-14 15:00:00
U305,74,1,3.0,1,2026-01-31 17:07:00
U305,75,20,5.0,19,2026-09-23 11:30:00
U305,77,6,5.0,6,2026-04-27 12:13:00
U305,78,1,,1,2026-04-16 07:11:00
U305,79,2,4.0,2,2026-08-20 17:31:00
U305,80,2,4.0,2,2026-07-09 15:07:00
U305,82,1,3.0,1,2026-07-14 07:56:00
U305,98,1,,1,2026-01-21 16:56:00
U305,99,1,,1,2026-06-16 14:14:00
U305,100,5,4.33,5,2026-09-23 11:30:00
U305,101,9,4.0,9,2026-07-30 07:08:00
U305,102,3,5.0,3,2026-05-20 08:29:00
U306,3,2,,2,2026-08-21 09:55:00
U306,7,2,3.0,2,2026-08-17 09:59:00
U306,9,5,3.5,5,2026-08-09 10:44:00
U306,10,2,,2,2026-03-31 09:19:00
U306,12,5,3.33,5,2026-04-02 08:22:00
U306,13,1,4.0,1,2025-10-21 09:10:00
U306,18,1,,1,2026-04-10 16:03:00
U306,23,1,,1,2026-07-20 17:37:00
U306,26,4,4.0,4,2026-04-18 20:59:00
U306,32,1,,1,2025-10-20 13:34:00
U306,50,1,,1,2025-12-05 12:28:00
U306,54,1,,1,2026-05-31 15:09:00
U306,55,4,5.0,3,2026-09-26 17:20:00
U306,58,1,4.0,1,2025-10-23 08:19:00
U306,60,4,,4,2026-09-14 14:56:00
U306,62,3,3.0,3,2026-08-27 08:22:00
U306,63,1,5.0,1,2025-10-21 09:10:00
U306,66,1,,1,2026-07-24 14:02:00
U306,68,3,3.0,3,2026-09-26 17:20:00
U306,71,1,4.0,1,2026-02-28 14:40:00
U306,98,2,,2,2026-02-19 18:52:00
U306,99,1,,1,2026-06-15 12:21:00
U306,100,2,,2,2026-06-15 12:21:00
U306,101,5,5.0,5,2026-08-27 08:22:00
U306,102,2,4.5,2,2026-05-13 07:37:00
U307,1,3,5.0,3,2026-01-31 13:17:00
U307,2,1,4.0,1,2025-11-24 13:54:00
U307,4,1,,1,2025-12-22 16:00:00
U307,5,3,,3,2026-07-18 16:59:00
U307,6,8,4.67,8,2026-07-16 08:14:00
U307,7,2,5.0,2,2026-03-12 16:50:00
U307,10,1,,1,2025-11-30 10:16:00
U307,11,1,4.0,1,2025-12-27 19:59:00
U307,15,1,3.0,1,2026-01-10 09:21:00
U307,29,1,,1,2026-03-26 11:12:00
U307,30,4,4.0,4,2026-04-06 10:59:00
U307,38,1,4.0,1,2025-12-21 15:56:00
U307,44,1,,1,2026-06-20 18:31:00
U307,48,18,3.44,18,2026-07-07 11:56:00
U307,52,28,3.5,28,2026-07-17 15:44:00
U307,54,1,,1,2026-05-28 13:15:00
U307,56,3,,3,2026-06-19 16:45:00
U307,57,5,3.5,5,2026-07-20 19:29:00
U307,58,3,3.0,3,2026-05-09 13:38:00
U307,59,2,,2,2026-03-14 11:40:00
U307,64,1,4.0,1,2026-04-20 17:02:00
U307,65,1,4.0,1,2026-07-18 16:59:00
U307,66,1,,1,2025-12-23 14:08:00
U307,67,1,,1,2026-03-08 14:48:00
U307,71,3,4.0,3,2026-03-19 08:41:00
U307,72,1,,1,2026-02-27 21:08:00
U307,74,1,3.0,1,2026-06-17 11:47:00
U307,77,1,2.0,1,2026-04-09 21:02:00
U307,78,6,3.5,6,2026-05-14 08:04:00
U307,80,1,4.0,1,2026-07-18 16:59:00
U307,81,1,,1,2026-05-07 15:25:00
U307,82,1,,1,2025-11-10 18:55:00
U307,85,3,4.0,3,2026-07-15 10:04:00
U307,92,3,4.0,3,2026-04-28 18:59:00
U307,95,4,3.0,4,2026-05-23 11:13:00
U307,96,4,3.5,4,2026-04-30 10:57:00
U307,97,1,3.0,1,2026-01-08 14:04:00
U307,98,1,,1,2026-03-13 20:07:00
U307,99,3,,3,2026-04-01 16:49:00
U307,100,11,4.4,11,2026-07-20 19:29:00
U307,101,6,4.5,6,2026-01-10 09:21:00
U307,102,5,5.0,5,2026-07-17 15:44:00
U308,2,2,5.0,2,2026-06-05 10:49:00
U308,8,1,,1,2026-08-15 10:03:00
U308,10,3,4.0,3,2026-02-14 17:43:00
U308,12,1,4.0,1,2026-07-22 19:02:00
U308,13,6,4.0,6,2026-09-24 14:08:00
U308,19,1,,1,2026-09-14 16:58:00
U308,20,2,,2,2026-09-24 09:56:00
U308,21,1,,1,2026-03-11 08:36:00
U308,22,1,4.0,1,2025-10-22 13:30:00
U308,23,1,4.0,1,2026-06-23 16:49:00
U308,26,1,,1,2026-09-01 16:00:00
U308,27,4,4.0,4,2026-06-23 16:49:00
U308,28,1,3.0,1,2026-09-20 19:10:00
U308,29,1,,1,2026-09-16 18:54:00
U308,30,1,4.0,1,2026-05-25 17:14:00
U308,32,2,,2,2026-07-16 08:57:00
U308,33,2,,2,2026-08-26 09:37:00
U308,34,2,4.0,2,2026-04-29 19:45:00
U308,35,1,,1,2026-09-01 16:00:00
U308,36,3,4.0,3,2026-08-18 20:36:00
U308,37,1,3.0,1,2026-06-09 18:01:00
U308,39,1,,1,2026-01-27 13:01:00
U308,40,2,,2,2026-09-27 20:45:00
U308,41,1,,1,2026-08-14 10:58:00
U308,42,4,4.0,4,2026-06-25 14:31:00
U308,44,3,5.0,3,2026-08-22 17:46:00
U308,45,1,,1,2026-03-15 14:40:00
U308,46,6,3.67,6,2026-09-05 17:20:00
U308,47,3,4.0,3,2026-04-23 08:51:00
U308,48,11,4.5,11,2026-09-16 16:00:00
U308,49,3,4.0,3,2026-03-31 17:17:00
U308,50,1,,1,2026-09-02 16:09:00
U308,52,11,4.5,11,2026-09-28 21:04:00
U308,58,3,4.0,3,2026-09-23 14:14:00
U308,60,1,,1,2026-05-13 20:00:00
U308,61,1,,1,2025-11-16 15:27:00
U308,62,11,4.33,10,2026-08-13 13:50:00
U308,68,3,,3,2026-07-02 09:15:00
U308,69,5,3.67,5,2026-08-15 10:03:00
U308,70,4,4.0,4,2026-09-02 16:09:00
U308,71,1,,1,2026-01-27 13:01:00
U308,72,7,4.0,7,2026-09-13 16:37:00
U308,73,2,,2,2026-07-07 14:43:00
U308,75,1,4.0,1,2026-05-20 09:03:00
U308,77,2,5.0,2,2026-01-28 11:50:00
U308,78,2,2.0,2,2026-01-02 10:53:00
U308,80,3,2.0,3,2026-09-27 16:12:00
U308,81,1,,1,2026-03-20 11:58:00
U308,82,1,,1,2026-03-09 13:24:00
U308,83,7,3.5,7,2026-07-24 13:34:00
U308,84,1,,1,2026-09-23 14:14:00
U308,86,4,4.0,4,2026-09-27 20:45:00
U308,87,1,,1,2026-04-04 16:04:00
U308,89,1,,1,2025-12-24 16:21:00
U308,90,2,3.5,2,2026-06-23 14:11:00
U308,91,4,4.5,4,2026-08-23 17:34:00
U308,92,3,3.0,3,2026-04-23 08:51:00
U308,93,1,,1,2026-06-25 14:31:00
U308,94,4,3.0,4,2026-03-09 13:24:00
U308,95,2,,2,2026-06-20 17:50:00
U308,96,3,3.5,3,2026-08-22 21:49:00
U308,97,11,4.0,11,2026-09-17 16:10:00
U308,98,3,3.5,3,2026-07-02 09:15:00
U308,99,7,3.0,7,2026-09-20 19:10:00
U308,100,8,5.0,8,2026-09-24 14:08:00
U308,101,14,3.8,14,2026-09-23 14:14:00
U308,102,3,4.0,3,2026-09-28 21:04:00
U309,39,1,,1,2026-08-23 18:13:00
U309,42,2,5.0,2,2026-09-07 19:50:00
U309,48,1,4.0,1,2026-09-07 19:50:00
U309,81,1,3.0,1,2026-09-14 08:00:00
U310,2,1,,1,2025-11-28 08:38:00
U310,22,1,,1,2026-03-07 14:31:00
U310,27,2,4.0,2,2026-08-15 16:46:00
U310,41,1,,1,2025-10-14 11:19:00
U310,47,9,4.5,9,2026-09-17 07:09:00
U310,73,1,,1,2026-02-19 08:38:00
U310,79,2,,2,2026-06-04 15:03:00
U310,81,1,,1,2026-01-28 07:55:00
U310,83,18,5.0,17,2026-09-15 15:42:00
U310,84,1,3.0,1,2026-08-15 16:46:00
U310,85,2,4.0,2,2026-05-08 16:54:00
U310,87,2,,2,2026-03-07 14:31:00
U310,88,7,4.0,7,2026-09-03 18:53:00
U310,89,1,,1,2026-02-19 08:38:00
U310,90,2,4.0,2,2026-09-28 07:03:00
U310,100,1,,1,2026-09-05 15:27:00
U310,101,1,4.0,1,2026-09-08 09:38:00
U310,102,2,,2,2026-06-04 15:03:00
U311,14,1,,1,2026-07-30 13:30:00
U311,18,2,,2,2026-02-15 15:37:00
U311,19,3,4.0,3,2026-02-28 11:31:00
U311,20,3,3.5,3,2026-09-25 14:08:00
U311,21,2,3.0,2,2026-09-25 14:08:00
U311,22,1,,1,2026-02-15 15:37:00
U311,23,2,,2,2026-08-24 17:40:00
U311,27,2,2.0,2,2026-04-22 15:02:00
U311,45,4,3.0,4,2026-06-04 13:23:00
U311,50,12,2.33,12,2026-09-06 19:35:00
U311,56,1,,1,2026-01-03 14:58:00
U311,58,1,,1,2026-02-28 11:31:00
U311,69,1,2.0,1,2026-06-12 15:27:00
U311,72,11,2.33,11,2026-09-25 14:08:00
U311,73,2,,2,2026-05-16 11:39:00
U311,74,5,3.0,5,2026-09-10 11:12:00
U311,83,1,,1,2026-04-22 15:02:00
U311,86,1,,1,2026-06-05 17:43:00
U311,89,2,,2,2026-08-24 17:40:00
U311,94,1,,1,2026-04-17 19:40:00
U311,95,3,,3,2026-09-09 08:43:00
U311,98,2,3.0,2,2026-09-25 14:08:00
U311,99,1,,1,2026-06-04 13:23:00
U311,100,4,4.0,4,2026-09-09 08:43:00
U311,101,4,3.0,4,2026-07-30 13:30:00
U311,102,5,4.0,5,2026-08-24 17:40:00
U312,4,1,,1,2026-05-16 09:32:00
U312,5,3,,3,2026-08-31 09:06:00
U312,6,5,4.0,5,2026-07-14 08:53:00
U312,7,1,,1,2026-02-14 16:54:00
U312,10,1,2.0,1,2026-09-12 13:51:00
U312,11,4,2.0,4,2026-07-22 15:33:00
U312,12,3,,3,2026-07-12 13:55:00
U312,13,1,,1,2026-02-04 13:17:00
U312,14,5,3.33,5,2026-01-31 10:51:00
U312,15,106,4.61,99,2026-09-27 17:22:00
U312,18,15,4.0,15,2026-09-16 16:30:00
U312,19,27,4.6,25,2026-09-03 15:10:00
U312,20,6,4.33,6,2026-08-18 11:19:00
U312,21,1,,1,2026-02-19 16:57:00
U312,22,15,4.0,15,2026-09-27 18:39:00
U312,23,13,3.0,13,2026-09-18 21:13:00
U312,24,5,4.0,5,2026-09-25 08:08:00
U312,25,3,,3,2026-08-09 11:38:00
U312,28,1,,1,2026-01-27 10:12:00
U312,30,1,,1,2026-02-16 11:10:00
U312,31,1,3.0,1,2026-04-07 14:51:00
U312,33,1,,1,2026-05-16 18:44:00
U312,36,19,3.5,19,2026-08-08 16:36:00
U312,37,9,4.0,9,2026-06-11 09:53:00
U312,39,2,,2,2026-07-28 13:37:00
U312,40,16,4.0,16,2026-07-09 09:59:00
U312,41,3,4.0,3,2026-08-17 09:16:00
U312,43,5,3.0,5,2026-09-14 20:34:00
U312,45,3,4.0,3,2026-06-03 09:55:00
U312,46,2,3.0,2,2026-09-23 19:29:00
U312,49,4,3.0,4,2026-06-17 14:05:00
U312,53,2,3.0,2,2026-08-08 21:56:00
U312,58,1,,1,2026-07-12 13:55:00
U312,59,1,,1,2026-02-16 11:10:00
U312,61,1,,1,2026-01-06 17:08:00
U312,62,1,,1,2026-02-06 13:06:00
U312,67,2,2.0,2,2026-06-24 17:18:00
U312,68,1,,1,2025-12-26 08:44:00
U312,71,1,4.0,1,2026-03-25 15:21:00
U312,74,2,2.0,2,2026-09-27 17:22:00
U312,75,1,,1,2026-05-15 14:27:00
U312,76,1,,1,2026-08-23 14:49:00
U312,77,2,4.0,2,2026-04-18 09:56:00
U312,79,1,,1,2026-02-25 15:16:00
U312,82,2,2.0,2,2026-08-20 08:40:00
U312,85,1,,1,2025-12-05 16:19:00
U312,86,2,4.0,2,2026-07-29 09:28:00
U312,87,1,,1,2026-04-03 16:58:00
U312,88,1,4.0,1,2026-09-27 17:22:00
U312,91,6,3.5,6,2026-04-26 11:05:00
U312,92,1,,1,2026-04-09 21:18:00
U312,94,11,3.0,11,2026-09-18 20:24:00
U312,95,2,4.0,2,2026-09-28 15:28:00
U312,96,4,3.0,4,2026-07-24 08:34:00
U312,98,18,4.25,18,2026-09-27 17:22:00
U312,99,5,,5,2026-07-22 15:33:00
U312,100,23,3.88,23,2026-08-27 20:34:00
U312,101,37,3.78,37,2026-08-31 09:06:00
U312,102,18,3.5,18,2026-09-07 16:08:00
U313,8,1,,1,2026-08-13 14:39:00
U313,16,1,,1,2026-08-25 13:04:00
U313,17,3,4.0,3,2026-08-13 14:39:00
U313,25,1,,1,2026-06-09 13:54:00
U313,28,2,,2,2026-08-05 14:25:00
U313,29,1,3.0,1,2026-06-05 09:09:00
U313,37,3,3.0,3,2026-08-04 09:34:00
U313,45,1,,1,2026-07-05 09:33:00
U313,51,1,5.0,1,2026-08-13 15:07:00
U313,59,1,,1,2026-08-25 13:04:00
U313,60,1,,1,2026-08-25 13:04:00
U313,81,1,4.0,1,2026-08-25 12:50:00
U313,98,1,,1,2026-08-25 12:50:00
U313,100,2,3.0,2,2026-07-25 14:51:00
U313,101,1,,1,2026-08-13 14:39:00
U313,102,1,,1,2026-08-04 09:34:00
U314,2,2,5.0,2,2026-09-06 06:58:00
U314,5,2,4.0,2,2026-09-20 07:54:00
U314,6,2,4.0,2,2026-09-24 06:14:00
U314,7,1,,1,2026-09-24 06:14:00
U314,10,1,3.0,1,2026-09-24 06:14:00
U314,80,2,3.0,2,2026-09-02 06:08:00
U314,98,1,3.0,1,2026-08-23 07:24:00
U314,100,1,,1,2026-09-06 06:58:00
U315,2,1,4.0,1,2026-06-07 16:38:00
U315,6,1,,1,2026-01-11 12:07:00
U315,7,1,3.0,1,2025-12-28 17:38:00
U315,8,1,,1,2026-02-28 11:59:00
U315,10,3,3.0,3,2026-07-14 10:29:00
U315,14,1,4.0,1,2026-07-29 18:12:00
U315,15,2,,2,2026-07-05 19:27:00
U315,22,3,4.0,3,2026-07-22 15:13:00
U315,23,1,4.0,1,2026-09-30 21:47:00
U315,25,1,,1,2026-07-22 15:13:00
U315,28,1,3.0,1,2026-01-11 12:07:00
U315,29,4,,4,2026-04-29 18:44:00
U315,30,7,3.67,7,2026-09-30 21:47:00
U315,31,2,3.5,2,2026-09-20 11:34:00
U315,37,2,4.0,2,2026-07-08 19:29:00
U315,38,1,3.0,1,2026-09-23 21:06:00
U315,39,1,,1,2026-06-30 13:36:00
U315,40,4,3.0,4,2026-08-22 19:09:00
U315,41,1,,1,2026-08-08 14:20:00
U315,45,1,,1,2025-12-27 10:55:00
U315,46,1,3.0,1,2025-12-27 10:55:00
U315,48,6,3.33,6,2026-09-26 14:34:00
U315,50,1,4.0,1,2026-06-21 17:13:00
U315,52,1,2.0,1,2026-02-14 20:21:00
U315,53,7,3.6,7,2026-09-24 18:43:00
U315,55,1,,1,2026-07-09 15:01:00
U315,56,2,3.0,2,2026-09-08 16:40:00
U315,57,11,3.0,11,2026-08-21 13:32:00
U315,61,4,4.67,4,2026-09-05 14:47:00
U315,64,6,3.2,6,2026-07-25 16:47:00
U315,66,2,3.0,2,2026-01-21 11:32:00
U315,68,10,4.33,10,2026-09-14 15:22:00
U315,72,1,,1,2026-06-20 21:34:00
U315,74,5,3.0,5,2026-04-03 10:29:00
U315,76,2,,2,2026-01-17 20:30:00
U315,77,2,,2,2026-01-09 10:32:00
U315,78,1,3.0,1,2026-06-29 21:34:00
U315,80,1,5.0,1,2026-07-14 10:29:00
U315,81,19,2.7,19,2026-09-29 16:00:00
U315,83,1,2.0,1,2026-09-08 20:14:00
U315,84,3,,3,2026-08-02 10:24:00
U315,87,8,3.67,8,2026-08-15 17:39:00
U315,88,2,3.0,2,2026-06-21 12:22:00
U315,90,1,,1,2025-12-13 14:29:00
U315,91,1,4.0,1,2026-04-19 17:34:00
U315,92,5,4.0,5,2026-07-21 20:55:00
U315,93,1,,1,2026-02-15 10:19:00
U315,95,1,,1,2026-03-18 14:50:00
U315,98,4,,4,2026-08-21 13:32:00
U315,99,6,3.67,6,2026-09-05 14:47:00
U315,100,13,3.11,13,2026-09-20 11:34:00
U315,101,14,3.73,14,2026-09-08 20:14:00
U315,102,5,3.67,5,2026-09-26 14:34:00
U316,5,1,,1,2026-04-27 13:28:00
U316,10,2,3.0,2,2025-11-15 16:19:00
U316,29,1,,1,2026-08-09 15:26:00
U316,30,3,3.0,3,2026-07-26 11:04:00
U316,34,6,4.0,6,2026-07-19 15:10:00
U316,41,1,,1,2026-09-16 13:36:00
U316,42,1,,1,2026-03-05 15:19:00
U316,44,1,4.0,1,2026-04-04 16:41:00
U316,46,3,3.0,3,2025-12-28 15:29:00
U316,49,3,4.0,3,2026-04-19 20:37:00
U316,51,1,,1,2025-11-01 16:51:00
U316,54,1,,1,2026-07-07 18:42:00
U316,58,2,3.0,2,2026-09-01 17:11:00
U316,67,2,2.0,2,2026-08-01 11:51:00
U316,71,2,,2,2026-06-02 10:49:00
U316,72,1,,1,2025-12-28 15:29:00
U316,73,2,,2,2026-06-27 11:34:00
U316,75,3,4.0,3,2026-08-10 18:25:00
U316,79,1,,1,2026-07-28 14:54:00
U316,80,3,,3,2026-08-21 09:08:00
U316,81,1,,1,2026-01-15 17:53:00
U316,85,3,3.0,3,2026-05-29 09:57:00
U316,86,2,,2,2025-12-05 18:53:00
U316,90,2,,2,2025-11-16 12:32:00
U316,94,4,4.0,4,2026-05-26 17:35:00
U316,97,1,3.0,1,2026-07-04 11:49:00
U316,98,1,4.0,1,2025-10-14 11:55:00
U316,99,1,,1,2026-09-01 17:11:00
U316,100,5,4.0,5,2026-04-19 20:37:00
U316,101,5,3.5,5,2026-03-05 15:19:00
U316,102,2,4.0,2,2025-11-18 20:40:00
U317,2,2,,2,2026-08-09 11:55:00
U317,5,1,,1,2026-08-20 21:28:00
U317,6,2,,2,2026-04-28 09:42:00
U317,7,4,4.0,4,2026-09-12 21:48:00
U317,8,4,3.33,4,2026-09-05 15:01:00
U317,9,1,,1,2026-04-29 21:02:00
U317,10,1,,1,2026-09-13 15:28:00
U317,11,2,,2,2026-09-26 12:38:00
U317,15,1,,1,2026-02-17 14:10:00
U317,23,1,,1,2026-07-04 15:17:00
U317,25,1,,1,2026-07-19 21:19:00
U317,26,3,2.0,3,2026-08-21 21:10:00
U317,30,1,2.0,1,2026-05-10 11:03:00
U317,31,1,,1,2026-07-30 20:36:00
U317,32,1,3.0,1,2026-06-06 12:13:00
U317,33,1,3.0,1,2026-07-16 17:21:00
U317,36,4,5.0,4,2026-09-10 16:43:00
U317,37,43,3.4,40,2026-09-23 21:38:00
U317,38,1,3.0,1,2026-07-04 15:17:00
U317,41,5,3.5,5,2026-07-17 20:19:00
U317,42,4,,4,2026-09-08 21:47:00
U317,43,1,,1,2026-04-10 18:42:00
U317,44,1,,1,2025-10-28 17:02:00
U317,45,1,,1,2025-12-12 18:41:00
U317,46,1,,1,2026-08-05 21:12:00
U317,48,2,3.0,2,2026-01-24 12:00:00
U317,49,3,,3,2026-09-26 12:38:00
U317,50,1,,1,2025-10-13 16:37:00
U317,54,1,3.0,1,2026-01-13 15:37:00
U317,59,1,,1,2026-03-01 21:57:00
U317,60,1,,1,2025-10-01 19:29:00
U317,61,1,,1,2026-08-03 16:12:00
U317,63,1,,1,2026-01-09 17:44:00
U317,67,1,2.0,1,2026-01-11 16:55:00
U317,70,3,3.0,3,2026-03-05 16:36:00
U317,71,2,,2,2026-09-04 16:15:00
U317,74,1,,1,2026-09-12 21:48:00
U317,76,2,2.0,2,2026-05-08 19:38:00
U317,80,1,,1,2026-08-06 15:09:00
U317,81,1,,1,2026-08-20 21:28:00
U317,88,3,3.0,3,2026-08-09 11:55:00
U317,91,5,3.5,5,2026-08-15 19:14:00
U317,92,9,3.5,9,2026-09-18 17:51:00
U317,93,6,3.0,6,2026-09-05 20:52:00
U317,94,6,3.67,6,2026-03-28 18:34:00
U317,95,1,,1,2025-12-18 19:57:00
U317,98,3,,3,2026-09-12 21:48:00
U317,99,3,4.0,3,2026-07-30 20:36:00
U317,100,10,4.0,10,2026-08-20 21:28:00
U317,101,5,4.0,5,2026-09-12 21:48:00
U317,102,10,4.0,10,2026-08-06 15:09:00
U318,4,1,2.0,1,2025-12-01 21:12:00
U318,7,1,3.0,1,2026-07-30 17:45:00
U318,9,1,,1,2026-06-07 14:37:00
U318,11,1,,1,2026-01-28 14:38:00
U318,14,1,,1,2026-02-28 20:53:00
U318,26,1,4.0,1,2026-08-23 14:14:00
U318,40,1,3.0,1,2025-11-29 14:47:00
U318,42,7,2.33,7,2026-06-07 14:37:00
U318,47,1,2.0,1,2025-11-09 19:46:00
U318,52,1,,1,2026-01-18 10:01:00
U318,53,1,3.0,1,2026-05-23 15:12:00
U318,56,3,4.0,3,2026-07-24 15:43:00
U318,57,10,3.0,9,2026-08-07 13:59:00
U318,59,2,3.5,2,2026-08-23 14:14:00
U318,60,4,,3,2026-09-26 21:34:00
U318,61,12,3.5,12,2026-09-02 17:35:00
U318,65,2,,2,2026-08-07 13:59:00
U318,66,1,,1,2025-10-09 15:36:00
U318,68,1,,1,2026-07-30 17:45:00
U318,71,1,,1,2026-02-28 20:53:00
U318,74,1,,1,2026-06-07 14:37:00
U318,85,1,,1,2025-11-29 14:47:00
U318,93,1,,1,2026-09-02 17:35:00
U318,95,2,2.0,2,2026-05-07 14:12:00
U318,98,2,,2,2026-04-04 17:47:00
U318,99,1,,1,2026-06-16 18:03:00
U318,100,5,3.0,5,2026-06-16 18:03:00
U318,101,2,,2,2026-06-10 18:47:00
U319,1,3,,3,2026-09-10 13:23:00
U319,2,5,3.0,5,2026-08-23 10:46:00
U319,4,6,3.67,6,2026-06-08 08:01:00
U319,5,18,4.5,18,2026-08-23 15:35:00
U319,6,12,4.0,12,2026-08-26 09:43:00
U319,7,4,3.0,4,2026-08-19 06:07:00
U319,8,62,3.67,59,2026-09-28 16:19:00
U319,9,22,3.5,21,2026-08-31 08:47:00
U319,10,1,,1,2025-12-27 06:02:00
U319,11,3,3.0,3,2026-06-04 08:21:00
U319,13,1,,1,2025-12-25 09:10:00
U319,16,1,,1,2026-09-10 13:23:00
U319,20,1,1.0,1,2026-05-06 09:22:00
U319,29,1,,1,2026-02-12 15:03:00
U319,30,2,,2,2026-08-08 06:47:00
U319,36,5,2.5,5,2026-07-03 06:00:00
U319,40,1,3.0,1,2026-07-28 16:29:00
U319,41,1,3.0,1,2026-08-23 10:46:00
U319,43,1,,1,2026-06-15 17:19:00
U319,45,1,2.0,1,2026-05-27 09:03:00
U319,49,1,,1,2026-08-31 08:47:00
U319,59,1,,1,2026-04-24 07:21:00
U319,67,1,,1,2026-08-30 13:33:00
U319,69,1,,1,2025-10-31 15:18:00
U319,75,1,,1,2025-12-16 16:38:00
U319,79,1,,1,2026-06-14 07:31:00
U319,83,1,,1,2026-08-23 15:35:00
U319,85,1,,1,2026-08-22 07:19:00
U319,88,1,,1,2026-01-19 07:31:00
U319,91,1,,1,2026-01-28 09:06:00
U319,92,1,,1,2026-05-01 09:53:00
U319,93,1,,1,2026-05-13 15:56:00
U319,96,2,,2,2026-09-14 08:16:00
U319,97,1,,1,2026-05-20 15:44:00
U319,98,4,,4,2026-09-10 13:23:00
U319,99,3,3.0,3,2026-08-08 06:47:00
U319,100,6,2.33,6,2026-06-25 07:41:00
U319,101,31,3.7,31,2026-09-11 12:43:00
U319,102,7,3.0,7,2026-09-28 16:19:00
U320,1,1,,1,2026-06-27 19:49:00
U320,2,4,3.0,4,2026-07-16 18:18:00
U320,5,2,4.0,2,2026-04-04 10:15:00
U320,6,11,4.5,11,2026-08-13 20:57:00
U320,7,34,4.55,33,2026-09-14 16:52:00
U320,9,1,,1,2026-03-07 19:17:00
U320,10,1,,1,2026-08-16 11:51:00
U320,17,1,,1,2026-08-17 10:09:00
U320,20,2,,2,2026-06-24 09:04:00
U320,22,1,3.0,1,2025-11-01 10:00:00
U320,28,2,,2,2026-09-06 15:50:00
U320,32,1,,1,2026-09-06 15:50:00
U320,33,1,,1,2025-10-31 20:19:00
U320,44,1,3.0,1,2025-12-29 18:39:00
U320,50,1,,1,2026-04-13 18:36:00
U320,64,1,,1,2026-01-15 20:00:00
U320,68,1,3.0,1,2026-08-29 11:29:00
U320,83,1,,1,2026-08-13 20:57:00
U320,87,6,2.0,5,2026-09-25 20:36:00
U320,95,1,,1,2026-07-09 13:08:00
U320,98,6,3.0,6,2026-09-25 20:36:00
U320,99,1,5.0,1,2026-04-01 14:47:00
U320,100,3,5.0,3,2026-07-16 18:18:00
U320,101,14,4.0,14,2026-08-23 10:12:00
U320,102,2,,2,2026-08-13 20:57:00
U321,3,1,,1,2026-03-10 09:21:00
U321,5,2,,2,2025-12-22 13:49:00
U321,7,1,,1,2026-09-19 10:13:00
U321,9,1,2.0,1,2026-05-16 17:12:00
U321,11,7,,7,2026-09-16 14:49:00
U321,12,1,,1,2025-10-29 12:21:00
U321,13,1,,1,2026-06-29 08:10:00
U321,14,3,,3,2026-03-28 11:42:00
U321,15,2,,2,2026-09-21 07:19:00
U321,16,5,,5,2026-09-15 18:36:00
U321,17,3,,3,2026-02-28 09:40:00
U321,18,6,,5,2026-09-10 08:48:00
U321,19,4,3.0,4,2026-09-15 18:36:00
U321,21,3,,3,2026-03-28 11:42:00
U321,22,20,4.0,20,2026-09-23 07:24:00
U321,24,1,,1,2026-04-12 18:11:00
U321,25,3,3.0,3,2026-09-07 07:41:00
U321,29,2,,2,2026-08-22 09:34:00
U321,30,1,,1,2025-10-29 14:13:00
U321,33,7,2.33,7,2026-07-03 16:23:00
U321,34,1,,1,2025-12-15 09:03:00
U321,36,6,2.33,6,2026-09-27 20:45:00
U321,38,9,2.5,9,2026-09-30 07:53:00
U321,39,1,,1,2026-08-31 07:35:00
U321,66,8,2.0,8,2026-08-12 12:36:00
U321,70,2,,2,2026-09-21 07:19:00
U321,74,1,,1,2026-06-23 12:08:00
U321,81,1,,1,2025-12-03 08:17:00
U321,83,38,4.1,38,2026-09-27 20:45:00
U321,84,1,,1,2025-12-20 09:52:00
U321,86,1,,1,2026-07-22 16:51:00
U321,89,19,3.33,19,2026-09-21 07:19:00
U321,98,5,3.0,5,2026-06-16 07:33:00
U321,99,2,,2,2026-01-16 14:56:00
U321,100,11,3.75,11,2026-09-27 20:45:00
U321,101,19,4.0,19,2026-09-07 07:41:00
U321,102,7,4.0,7,2026-09-14 16:28:00
U322,1,2,3.0,2,2026-08-18 12:00:00
U322,2,2,,2,2026-08-19 11:31:00
U322,4,3,4.67,3,2026-09-17 08:43:00
U322,5,4,4.0,4,2026-08-05 07:11:00
U322,7,2,3.5,2,2026-03-08 10:26:00
U322,12,1,2.0,1,2026-03-29 14:17:00
U322,13,8,4.33,8,2026-09-22 12:37:00
U322,21,1,3.0,1,2026-07-14 13:15:00
U322,23,3,4.33,3,2025-11-01 14:43:00
U322,26,1,,1,2026-07-26 15:01:00
U322,27,1,,1,2026-09-21 07:07:00
U322,28,3,4.0,3,2026-05-27 14:10:00
U322,29,2,3.5,2,2026-09-17 08:43:00
U322,32,7,3.5,7,2026-07-05 11:13:00
U322,33,5,3.0,5,2026-08-07 14:33:00
U322,34,1,,1,2026-04-07 12:30:00
U322,36,4,3.33,4,2026-04-22 15:30:00
U322,37,1,3.0,1,2025-12-25 11:42:00
U322,40,3,3.5,3,2026-09-15 14:21:00
U322,43,2,3.0,2,2026-02-01 09:09:00
U322,45,3,3.0,3,2026-03-05 15:46:00
U322,48,4,4.75,4,2026-09-16 08:49:00
U322,49,14,3.44,14,2026-09-30 09:37:00
U322,50,14,4.5,14,2026-09-22 07:23:00
U322,51,1,3.0,1,2026-03-27 12:40:00
U322,52,6,3.6,6,2026-05-07 16:40:00
U322,53,3,3.5,3,2025-12-26 07:18:00
U322,54,1,3.0,1,2026-05-08 16:10:00
U322,56,1,3.0,1,2026-07-29 19:34:00
U322,58,3,4.0,3,2026-09-02 08:49:00
U322,63,2,,2,2025-11-23 11:57:00
U322,64,3,4.0,3,2026-09-15 08:01:00
U322,69,2,3.0,2,2026-09-22 12:37:00
U322,71,1,4.0,1,2025-10-21 07:22:00
U322,72,1,,1,2026-05-19 13:36:00
U322,75,1,,1,2026-08-07 14:33:00
U322,79,1,3.0,1,2026-06-23 14:29:00
U322,84,49,3.81,46,2026-09-22 07:23:00
U322,89,5,5.0,5,2026-09-02 08:49:00
U322,91,1,4.0,1,2026-03-04 13:01:00
U322,92,1,,1,2026-09-09 09:03:00
U322,93,5,3.33,5,2026-08-19 11:31:00
U322,95,1,,1,2025-12-25 11:42:00
U322,98,6,3.5,6,2026-08-22 09:30:00
U322,99,2,4.0,2,2026-09-21 07:07:00
U322,100,12,3.67,12,2026-09-22 12:37:00
U322,101,10,3.67,10,2026-09-17 08:43:00
U322,102,10,3.5,10,2026-09-02 13:41:00
U323,2,1,,1,2026-09-02 09:09:00
U323,5,1,,1,2026-09-02 09:09:00
U323,6,2,,1,2026-06-01 08:23:00
U323,7,14,4.0,11,2026-09-08 06:42:00
U323,8,1,,1,2026-07-25 15:32:00
U323,98,1,,1,2026-06-01 15:32:00
U323,100,1,,1,2026-05-10 08:35:00
U323,101,5,,5,2026-09-08 06:42:00
U323,102,1,4.0,1,2026-06-01 08:23:00
U324,6,1,,1,2026-04-20 16:59:00
U324,7,6,3.0,6,2026-09-23 16:25:00
U324,8,4,4.0,4,2026-06-05 15:52:00
U324,11,1,,1,2026-06-26 16:15:00
U324,12,2,,2,2026-04-19 09:19:00
U324,13,17,5.0,17,2026-09-16 08:04:00
U324,20,1,3.0,1,2026-01-12 16:33:00
U324,26,1,,1,2025-10-09 19:43:00
U324,30,18,3.14,18,2026-09-24 14:38:00
U324,32,2,,2,2026-07-24 15:11:00
U324,33,1,,1,2025-10-29 14:04:00
U324,34,1,,1,2026-06-17 14:53:00
U324,35,1,,1,2026-01-08 14:47:00
U324,42,1,,1,2025-12-15 13:56:00
U324,54,1,,1,2025-10-06 09:02:00
U324,55,1,,1,2026-09-29 13:05:00
U324,56,3,4.33,3,2026-07-05 14:37:00
U324,57,2,3.0,2,2026-06-10 15:42:00
U324,58,1,,1,2026-03-26 11:02:00
U324,59,2,,2,2026-07-01 16:53:00
U324,60,4,,4,2026-09-02 19:53:00
U324,61,1,,1,2026-04-20 08:59:00
U324,63,5,4.0,5,2026-08-17 15:24:00
U324,65,3,5.0,3,2026-09-11 08:56:00
U324,66,5,4.0,5,2026-07-07 09:56:00
U324,67,2,,2,2026-02-17 13:13:00
U324,68,6,3.0,5,2026-08-04 12:39:00
U324,71,1,4.0,1,2025-11-23 09:06:00
U324,72,209,3.72,183,2026-09-30 12:38:00
U324,75,1,,1,2026-05-20 16:16:00
U324,78,1,,1,2025-10-17 09:57:00
U324,80,1,,1,2025-10-01 12:40:00
U324,87,1,,1,2026-02-03 09:25:00
U324,92,1,,1,2025-11-25 16:51:00
U324,96,1,,1,2026-05-28 16:09:00
U324,98,5,4.0,5,2026-09-13 14:34:00
U324,99,6,5.0,6,2026-06-30 09:56:00
U324,100,19,4.14,19,2026-09-21 08:15:00
U324,101,24,4.45,24,2026-09-14 07:45:00
U324,102,11,5.0,11,2026-06-06 10:20:00
U325,9,1,,1,2026-02-01 16:53:00
U325,13,1,4.0,1,2026-01-09 09:25:00
U325,22,1,,1,2025-11-21 09:22:00
U325,28,1,,1,2026-09-17 07:42:00
U325,31,1,3.0,1,2026-07-21 07:26:00
U325,35,1,,1,2026-09-01 16:03:00
U325,36,8,4.0,8,2026-09-01 16:03:00
U325,37,6,4.0,6,2026-07-22 07:12:00
U325,38,11,2.67,11,2026-09-21 19:20:00
U325,39,3,,3,2026-08-19 07:48:00
U325,40,9,4.0,9,2026-09-21 08:08:00
U325,41,8,4.0,8,2026-09-05 10:54:00
U325,42,2,3.0,2,2026-09-10 13:31:00
U325,44,5,3.5,5,2026-08-19 07:48:00
U325,46,5,2.5,5,2026-04-25 10:00:00
U325,47,1,,1,2026-09-04 15:46:00
U325,48,1,3.0,1,2025-11-19 09:50:00
U325,49,1,4.0,1,2026-01-30 08:47:00
U325,53,1,2.0,1,2026-03-07 16:22:00
U325,59,15,2.25,15,2026-07-23 15:01:00
U325,61,1,3.0,1,2026-09-17 07:42:00
U325,64,1,,1,2025-12-02 15:56:00
U325,79,1,,1,2026-08-24 09:14:00
U325,86,3,2.0,3,2026-07-23 15:49:00
U325,87,3,,3,2026-06-07 14:46:00
U325,91,29,3.14,28,2026-08-13 15:58:00
U325,92,4,4.0,4,2026-08-11 08:46:00
U325,95,17,3.75,17,2026-09-07 11:06:00
U325,97,19,3.4,18,2026-09-21 19:20:00
U325,98,4,3.0,4,2026-09-19 18:23:00
U325,99,1,,1,2026-06-30 07:54:00
U325,100,4,3.5,4,2026-08-15 15:06:00
U325,101,6,2.0,6,2026-09-21 19:20:00
U325,102,10,3.33,10,2026-06-25 07:05:00
U326,7,1,,1,2026-05-04 12:15:00
U326,8,10,4.33,9,2026-08-10 12:16:00
U326,11,11,4.0,11,2026-08-24 07:55:00
U326,13,1,,1,2026-08-13 09:40:00
U326,15,1,3.0,1,2025-12-29 14:09:00
U326,21,1,,1,2026-05-18 09:32:00
U326,22,1,,1,2026-05-18 09:32:00
U326,26,4,2.0,4,2026-09-06 14:56:00
U326,29,2,,2,2026-03-27 11:52:00
U326,30,1,,1,2026-02-03 07:32:00
U326,31,1,3.0,1,2026-07-03 07:24:00
U326,35,1,,1,2026-03-27 11:52:00
U326,36,1,,1,2026-08-16 11:33:00
U326,45,1,2.0,1,2026-04-19 16:55:00
U326,46,1,,1,2026-09-09 12:48:00
U326,56,1,4.0,1,2026-06-04 14:38:00
U326,58,11,3.33,11,2026-07-30 13:41:00
U326,60,1,,1,2026-05-18 09:32:00
U326,61,3,,3,2026-07-28 07:19:00
U326,62,1,3.0,1,2026-01-08 13:00:00
U326,63,11,4.38,11,2026-09-09 12:48:00
U326,66,2,,2,2026-09-06 14:56:00
U326,67,1,2.0,1,2026-07-31 09:37:00
U326,69,2,4.0,2,2026-06-12 16:31:00
U326,70,1,3.0,1,2026-07-30 13:41:00
U326,71,1,2.0,1,2025-12-25 14:26:00
U326,72,9,3.75,9,2026-08-10 12:16:00
U326,79,2,2.0,2,2026-04-04 17:21:00
U326,88,1,,1,2026-05-01 09:45:00
U326,90,43,2.53,42,2026-09-06 14:56:00
U326,98,2,4.0,2,2026-01-27 16:21:00
U326,99,2,4.0,2,2026-02-23 08:24:00
U326,100,5,,5,2026-08-24 07:55:00
U326,101,12,4.0,12,2026-08-13 09:40:00
U326,102,5,4.0,5,2026-04-19 19:11:00
U327,14,1,,1,2026-07-02 14:55:00
U327,15,10,4.0,9,2026-09-23 16:29:00
U327,22,8,4.0,6,2026-09-26 13:37:00
U327,23,1,,1,2026-06-14 11:18:00
U327,25,1,,1,2026-05-12 16:44:00
U327,26,1,,1,2026-08-30 13:57:00
U327,27,1,2.0,1,2026-05-12 16:44:00
U327,37,1,,1,2026-05-29 19:46:00
U327,76,1,,1,2026-05-08 10:22:00
U327,79,1,2.0,1,2026-05-12 16:44:00
U327,88,1,,1,2026-09-05 09:03:00
U327,98,2,3.5,2,2026-09-02 09:12:00
U327,100,2,,2,2026-06-14 11:18:00
U327,101,4,,4,2026-09-26 13:37:00
U328,1,154,4.85,146,2026-09-30 20:08:00
U328,2,10,4.0,10,2026-08-23 17:16:00
U328,3,2,3.0,2,2026-01-11 11:39:00
U328,4,5,4.0,5,2026-09-28 17:17:00
U328,5,11,4.5,11,2026-09-13 17:21:00
U328,6,55,4.88,54,2026-09-26 19:44:00
U328,7,10,3.8,10,2026-09-28 10:28:00
U328,8,3,3.0,3,2026-09-27 17:04:00
U328,9,1,4.0,1,2026-04-04 15:01:00
U328,10,1,3.0,1,2025-10-01 13:16:00
U328,14,1,,1,2026-01-22 19:41:00
U328,16,1,,1,2026-02-17 20:45:00
U328,17,1,,1,2026-07-20 17:40:00
U328,20,3,3.0,3,2026-06-04 14:27:00
U328,21,2,3.0,2,2026-08-15 12:39:00
U328,26,3,3.5,3,2026-07-04 18:14:00
U328,28,1,,1,2026-07-11 17:03:00
U328,29,1,,1,2026-02-04 15:47:00
U328,31,1,3.0,1,2026-02-23 18:39:00
U328,34,1,,1,2026-08-10 09:46:00
U328,36,1,4.0,1,2025-12-27 10:48:00
U328,37,2,,2,2026-09-06 14:48:00
U328,41,2,3.0,2,2026-07-18 18:31:00
U328,43,1,,1,2026-02-06 16:52:00
U328,44,1,3.0,1,2026-07-22 13:37:00
U328,48,1,3.0,1,2026-09-03 20:59:00
U328,49,2,,2,2026-07-13 21:05:00
U328,50,2,2.0,2,2026-07-27 16:42:00
U328,52,1,2.0,1,2025-12-20 20:55:00
U328,54,2,,2,2026-05-27 18:34:00
U328,56,1,,1,2026-05-09 21:31:00
U328,59,1,4.0,1,2026-07-17 19:22:00
U328,63,1,2.0,1,2026-06-27 18:45:00
U328,64,1,,1,2026-09-17 21:03:00
U328,66,1,3.0,1,2026-08-01 19:31:00
U328,68,1,3.0,1,2026-01-21 13:19:00
U328,70,2,3.0,2,2026-03-17 21:09:00
U328,71,1,4.0,1,2026-08-16 16:38:00
U328,72,5,3.0,5,2026-07-24 17:06:00
U328,75,5,3.5,5,2026-06-19 17:25:00
U328,76,1,4.0,1,2026-03-30 13:34:00
U328,77,6,3.5,6,2026-08-07 18:39:00
U328,78,2,,2,2026-02-23 18:39:00
U328,80,1,,1,2026-04-05 16:10:00
U328,82,12,3.83,12,2026-09-22 17:16:00
U328,83,2,3.0,2,2026-05-16 19:27:00
U328,85,2,,2,2026-08-27 16:45:00
U328,89,3,4.0,3,2026-07-01 21:30:00
U328,94,1,3.0,1,2026-09-22 17:16:00
U328,97,1,3.0,1,2026-04-20 20:59:00
U328,98,12,3.88,12,2026-09-28 17:17:00
U328,99,2,4.0,2,2025-12-31 13:56:00
U328,100,17,4.38,17,2026-09-18 14:18:00
U328,101,33,4.27,33,2026-09-28 10:28:00
U328,102,21,4.09,21,2026-08-23 17:16:00
U329,11,1,,1,2026-08-29 10:24:00
U329,14,6,,6,2026-09-20 09:38:00
U329,15,3,,3,2026-08-21 14:31:00
U329,16,1,,1,2026-08-28 20:46:00
U329,17,4,4.0,4,2026-09-27 16:54:00
U329,19,6,4.0,6,2026-09-29 16:42:00
U329,20,1,,1,2026-09-18 11:55:00
U329,21,8,4.0,7,2026-09-15 10:52:00
U329,23,1,4.0,1,2026-08-07 14:31:00
U329,70,1,,1,2026-09-18 11:55:00
U329,71,1,,1,2026-08-28 20:46:00
U329,82,1,,1,2026-09-12 17:17:00
U329,98,3,,3,2026-09-20 09:38:00
U329,100,1,,1,2026-08-05 16:55:00
U329,101,6,,6,2026-09-20 09:38:00
U329,102,1,,1,2026-08-26 10:54:00
U330,28,1,,1,2026-09-03 14:38:00
U330,30,9,,8,2026-09-10 17:15:00
U330,86,1,,1,2026-09-01 09:47:00
U330,88,1,,1,2026-06-21 14:23:00
U330,91,2,,2,2026-08-20 11:44:00
U330,98,1,,1,2026-08-21 15:41:00
U330,99,1,,1,2026-06-21 14:23:00
U330,102,1,,1,2026-06-16 20:06:00
U331,7,1,,1,2026-04-02 14:30:00
U331,11,2,3.0,2,2026-08-29 10:27:00
U331,15,1,2.0,1,2026-07-31 16:19:00
U331,26,1,3.0,1,2026-07-05 19:11:00
U331,32,2,3.0,2,2026-08-18 13:10:00
U331,36,1,,1,2026-08-10 18:21:00
U331,37,1,,1,2026-07-05 19:11:00
U331,39,1,,1,2026-06-26 21:29:00
U331,40,1,,1,2026-08-29 10:27:00
U331,43,9,5.0,9,2026-09-21 21:18:00
U331,44,3,4.0,3,2026-04-19 10:45:00
U331,49,6,,6,2026-09-23 09:32:00
U331,92,1,,1,2026-08-12 14:23:00
U331,93,9,4.0,9,2026-09-15 13:10:00
U331,94,1,,1,2026-08-12 14:23:00
U331,97,1,3.0,1,2026-03-05 13:44:00
U331,98,1,4.0,1,2026-05-10 17:44:00
U331,99,1,,1,2026-08-12 14:23:00
U331,100,1,3.0,1,2026-03-25 21:05:00
U331,101,1,,1,2026-07-31 16:19:00
U331,102,1,3.0,1,2026-09-23 09:32:00
U332,8,10,2.5,10,2026-09-28 08:37:00
U332,13,1,3.0,1,2026-06-07 13:23:00
U332,27,37,4.5,33,2026-09-14 15:43:00
U332,28,1,,1,2026-09-02 08:46:00
U332,29,2,3.0,2,2026-07-05 16:17:00
U332,30,1,,1,2025-12-18 11:45:00
U332,32,1,4.0,1,2026-09-05 17:32:00
U332,33,1,,1,2026-09-14 15:43:00
U332,34,2,4.0,2,2026-09-02 08:46:00
U332,39,1,3.0,1,2026-03-20 14:50:00
U332,43,3,,3,2026-07-05 16:17:00
U332,54,1,3.0,1,2026-07-09 11:41:00
U332,55,1,,1,2026-06-07 13:23:00
U332,66,1,,1,2026-08-13 16:57:00
U332,68,1,2.0,1,2026-09-13 11:04:00
U332,95,1,,1,2026-02-19 16:29:00
U332,100,9,4.0,9,2026-09-05 17:32:00
U332,101,5,3.67,5,2026-09-14 15:43:00
U333,2,1,,1,2026-08-13 15:00:00
U333,3,5,3.67,5,2026-08-10 07:49:00
U333,6,1,,1,2025-10-03 19:09:00
U333,7,1,2.0,1,2026-06-15 09:01:00
U333,9,3,4.0,3,2026-04-24 16:42:00
U333,14,2,3.0,2,2025-12-31 11:05:00
U333,15,1,4.0,1,2025-10-27 08:06:00
U333,16,2,3.0,2,2026-04-23 12:56:00
U333,17,1,,1,2026-08-07 15:08:00
U333,19,1,,1,2026-06-03 09:10:00
U333,20,1,,1,2026-04-09 08:24:00
U333,26,16,4.17,16,2026-07-11 14:05:00
U333,27,9,4.67,9,2026-06-17 07:52:00
U333,28,115,4.84,109,2026-09-27 15:05:00
U333,29,3,,3,2026-07-24 16:41:00
U333,30,3,3.0,3,2026-04-17 07:47:00
U333,31,2,3.5,2,2026-09-08 16:28:00
U333,32,8,4.33,8,2026-09-20 17:42:00
U333,33,1,5.0,1,2026-05-15 08:36:00
U333,34,12,3.83,12,2026-08-25 16:52:00
U333,35,2,,2,2026-06-14 15:59:00
U333,36,2,3.0,2,2026-06-17 08:20:00
U333,37,2,4.0,2,2026-07-01 12:38:00
U333,38,2,4.0,2,2026-08-22 14:02:00
U333,39,44,3.18,42,2026-09-20 17:42:00
U333,42,1,,1,2026-08-27 07:44:00
U333,47,2,3.0,2,2026-07-10 08:35:00
U333,49,5,3.0,5,2026-07-10 13:12:00
U333,50,3,3.0,3,2026-09-14 09:32:00
U333,52,7,3.2,7,2026-07-22 14:30:00
U333,53,2,3.0,2,2026-02-05 07:07:00
U333,54,1,4.0,1,2026-04-23 12:56:00
U333,56,1,,1,2026-08-04 13:58:00
U333,57,3,,3,2026-03-31 17:38:00
U333,59,4,3.33,4,2026-07-25 17:42:00
U333,60,3,4.0,3,2026-07-19 19:39:00
U333,63,1,,1,2026-06-03 09:10:00
U333,64,6,4.0,6,2026-08-14 19:59:00
U333,67,1,2.0,1,2026-06-02 11:44:00
U333,68,1,3.0,1,2025-12-16 07:34:00
U333,70,2,3.0,2,2026-08-31 09:58:00
U333,71,3,,3,2026-08-05 07:43:00
U333,72,1,4.0,1,2026-08-30 10:51:00
U333,73,1,2.0,1,2026-02-25 16:42:00
U333,75,1,3.0,1,2026-03-30 07:11:00
U333,77,1,,1,2026-09-14 09:32:00
U333,79,5,3.0,5,2026-05-12 11:44:00
U333,80,9,3.0,9,2026-09-04 19:48:00
U333,81,1,,1,2026-03-22 19:15:00
U333,82,4,3.0,4,2026-02-08 15:43:00
U333,85,1,,1,2026-08-14 16:41:00
U333,86,4,3.0,4,2026-08-25 16:52:00
U333,89,2,,2,2026-07-10 08:35:00
U333,90,1,5.0,1,2026-07-01 12:38:00
U333,92,1,,1,2026-04-01 09:38:00
U333,93,1,,1,2026-09-01 16:51:00
U333,94,1,,1,2026-07-31 16:45:00
U333,95,1,3.0,1,2026-04-01 16:41:00
U333,96,2,3.0,2,2026-03-06 11:45:00
U333,98,8,4.0,8,2026-09-21 18:23:00
U333,99,3,5.0,3,2026-08-22 14:02:00
U333,100,27,4.21,27,2026-09-07 11:05:00
U333,101,21,4.1,21,2026-08-18 09:02:00
U333,102,15,4.0,15,2026-09-25 15:39:00
U334,7,1,2.0,1,2026-02-21 14:14:00
U334,11,1,3.0,1,2026-08-02 09:30:00
U334,13,2,,2,2026-09-30 14:28:00
U334,15,3,4.0,3,2026-07-18 15:42:00
U334,17,1,4.0,1,2025-12-24 17:25:00
U334,18,1,,1,2025-10-20 08:17:00
U334,19,1,,1,2026-01-20 16:42:00
U334,20,1,,1,2026-09-17 21:22:00
U334,21,1,,1,2026-09-09 16:11:00
U334,22,1,,1,2026-02-17 17:13:00
U334,25,1,3.0,1,2026-09-17 13:18:00
U334,49,1,,1,2026-08-04 11:16:00
U334,53,1,2.0,1,2025-11-26 10:54:00
U334,63,1,,1,2026-09-18 16:43:00
U334,64,40,3.12,39,2026-09-26 14:44:00
U334,89,1,4.0,1,2026-06-06 20:41:00
U334,97,1,,1,2026-05-18 18:48:00
U334,98,1,,1,2026-01-02 11:53:00
U334,99,1,,1,2026-08-11 18:21:00
U334,100,5,4.0,5,2026-09-30 14:28:00
U334,101,2,,2,2026-09-17 21:22:00
U334,102,2,5.0,2,2026-08-11 18:21:00
U335,1,13,3.71,12,2026-09-20 16:42:00
U335,2,10,4.33,10,2026-09-14 15:16:00
U335,4,13,4.5,13,2026-09-22 14:51:00
U335,6,24,4.91,22,2026-09-13 10:25:00
U335,7,27,4.12,26,2026-09-28 15:59:00
U335,8,3,3.0,3,2026-03-20 12:02:00
U335,9,1,,1,2026-08-31 11:05:00
U335,10,2,4.0,2,2026-06-29 07:53:00
U335,11,2,3.0,2,2026-09-14 15:16:00
U335,12,1,3.0,1,2026-09-16 09:39:00
U335,15,6,3.67,6,2026-08-10 18:14:00
U335,22,5,3.0,5,2026-07-09 16:17:00
U335,23,2,3.0,2,2026-02-18 07:40:00
U335,25,1,,1,2026-08-31 08:54:00
U335,48,1,,1,2026-01-19 12:45:00
U335,51,2,4.0,2,2026-02-18 07:40:00
U335,52,3,3.5,3,2026-09-30 08:14:00
U335,58,2,3.0,2,2026-09-01 15:36:00
U335,59,1,3.0,1,2026-09-26 18:58:00
U335,73,1,,1,2026-08-14 14:21:00
U335,75,1,3.0,1,2026-07-20 17:47:00
U335,76,2,4.0,2,2026-08-09 20:19:00
U335,80,1,,1,2026-09-22 14:51:00
U335,81,1,3.0,1,2026-01-19 12:45:00
U335,84,19,3.6,19,2026-09-29 07:59:00
U335,85,1,5.0,1,2026-07-03 09:08:00
U335,88,1,4.0,1,2026-08-04 14:22:00
U335,90,1,,1,2026-04-27 18:20:00
U335,95,1,,1,2026-04-13 15:59:00
U335,98,4,5.0,4,2026-09-06 11:36:00
U335,100,8,4.0,8,2026-09-20 16:42:00
U335,101,21,3.7,21,2026-09-28 15:59:00
U335,102,5,4.0,5,2026-07-03 09:08:00
U336,6,1,,1,2026-08-15 11:19:00
U336,30,1,,1,2026-04-04 17:27:00
U336,40,1,2.0,1,2026-02-09 21:21:00
U336,41,2,,2,2026-08-13 20:52:00
U336,44,1,,1,2026-08-03 21:00:00
U336,63,1,,1,2026-04-05 18:26:00
U336,69,1,,1,2025-11-16 10:09:00
U336,70,15,5.0,15,2026-09-01 15:49:00
U336,72,2,4.0,2,2026-07-29 21:29:00
U336,73,1,,1,2026-04-17 09:29:00
U336,74,1,3.0,1,2026-05-17 16:05:00
U336,75,7,4.5,6,2026-08-15 15:43:00
U336,76,2,,2,2026-05-17 16:05:00
U336,78,2,5.0,2,2026-08-03 21:00:00
U336,81,1,,1,2026-07-02 13:54:00
U336,83,1,,1,2026-09-09 09:51:00
U336,91,4,2.0,4,2026-07-16 16:36:00
U336,95,7,,7,2026-08-20 13:13:00
U336,98,2,,2,2026-08-30 18:20:00
U336,99,1,,1,2026-09-01 15:49:00
U336,100,3,,3,2026-08-13 20:10:00
U336,101,3,,3,2026-05-17 16:05:00
U336,102,1,,1,2025-12-26 16:45:00
U337,19,1,3.0,1,2026-03-03 11:16:00
U337,20,1,2.0,1,2026-06-10 10:07:00
U337,40,1,,1,2026-06-10 08:27:00
U337,41,3,,3,2026-06-13 14:51:00
U337,63,2,4.0,2,2026-03-20 10:12:00
U337,69,9,3.75,9,2026-06-10 08:27:00
U337,73,2,4.0,2,2026-08-12 10:13:00
U337,75,10,4.0,10,2026-08-01 16:26:00
U337,77,1,,1,2025-11-23 18:31:00
U337,78,5,5.0,5,2026-09-05 16:51:00
U337,81,3,,3,2026-08-04 18:24:00
U337,82,2,4.0,2,2026-01-05 15:29:00
U337,91,15,3.6,14,2026-07-09 20:18:00
U337,93,1,,1,2026-03-20 20:59:00
U337,98,1,,1,2026-02-15 15:35:00
U337,99,1,,1,2026-06-10 10:07:00
U337,100,1,,1,2025-11-21 21:00:00
U337,101,4,4.0,4,2026-06-10 10:07:00
U337,102,1,4.0,1,2026-05-11 10:55:00
U338,1,3,,3,2026-06-12 09:21:00
U338,2,3,3.0,3,2026-09-22 11:50:00
U338,3,1,,1,2026-05-07 09:45:00
U338,5,1,3.0,1,2026-01-01 08:38:00
U338,6,1,,1,2025-11-13 11:31:00
U338,7,1,,1,2026-05-18 17:22:00
U338,8,1,,1,2025-10-07 14:34:00
U338,10,1,,1,2026-01-11 16:35:00
U338,12,2,,2,2026-09-13 14:45:00
U338,13,1,,1,2026-09-07 07:31:00
U338,14,5,3.5,5,2026-08-21 09:45:00
U338,15,40,4.43,37,2026-09-08 07:32:00
U338,17,3,,3,2026-04-22 09:04:00
U338,18,2,3.0,2,2026-09-17 07:05:00
U338,20,3,3.0,3,2026-08-09 14:31:00
U338,21,5,3.5,5,2026-05-27 11:33:00
U338,22,9,4.0,9,2026-09-07 14:12:00
U338,23,6,,6,2026-09-07 07:31:00
U338,24,5,4.0,5,2026-09-10 08:07:00
U338,25,1,2.0,1,2026-07-02 18:34:00
U338,26,45,2.57,45,2026-09-29 09:09:00
U338,27,2,,2,2026-08-27 07:26:00
U338,33,1,,1,2025-12-17 13:12:00
U338,34,2,3.0,2,2026-04-03 09:08:00
U338,36,2,,2,2026-07-22 13:39:00
U338,37,1,,1,2025-11-03 18:12:00
U338,38,1,,1,2026-01-01 17:43:00
U338,39,1,,1,2026-06-15 15:53:00
U338,42,1,,1,2025-11-02 20:34:00
U338,44,1,2.0,1,2026-01-11 17:14:00
U338,46,2,,2,2026-04-15 17:03:00
U338,52,1,,1,2026-04-10 19:08:00
U338,57,1,,1,2025-12-09 11:20:00
U338,59,1,,1,2025-10-21 17:25:00
U338,62,1,,1,2026-06-14 10:32:00
U338,63,1,,1,2026-07-31 16:27:00
U338,64,4,3.0,4,2026-04-21 15:27:00
U338,65,3,3.0,3,2026-08-03 13:39:00
U338,72,1,,1,2026-03-08 17:22:00
U338,74,1,3.0,1,2026-08-21 14:53:00
U338,75,2,,2,2026-06-25 11:35:00
U338,76,1,,1,2026-06-03 14:30:00
U338,82,1,,1,2026-06-18 13:04:00
U338,86,2,,2,2026-09-17 07:05:00
U338,87,1,3.0,1,2025-11-01 09:04:00
U338,89,1,,1,2026-07-29 13:59:00
U338,91,2,3.0,2,2026-08-09 17:55:00
U338,93,1,,1,2026-04-16 19:22:00
U338,94,5,3.0,5,2026-05-06 09:01:00
U338,95,2,,2,2026-01-01 08:38:00
U338,98,8,,8,2026-08-21 09:45:00
U338,99,2,4.0,2,2026-06-24 08:36:00
U338,100,9,3.33,9,2026-08-09 14:31:00
U338,101,20,3.25,20,2026-09-29 09:09:00
U338,102,2,4.0,2,2026-07-08 11:02:00
U339,1,2,,2,2026-04-07 09:30:00
U339,4,6,4.0,6,2026-04-19 11:05:00
U339,7,1,,1,2026-04-20 15:53:00
U339,9,11,4.0,11,2026-04-20 15:53:00
U339,13,1,,1,2026-01-08 14:19:00
U339,32,12,3.5,11,2026-04-11 14:00:00
U339,42,1,3.0,1,2026-04-19 11:05:00
U339,85,1,,1,2026-02-01 11:42:00
U339,98,1,,1,2026-01-07 09:39:00
U339,99,2,,2,2026-04-19 11:05:00
U339,100,2,,2,2026-04-11 14:00:00
U339,101,3,5.0,3,2026-04-07 09:30:00
U339,102,1,,1,2026-03-17 08:51:00
U340,1,2,,2,2026-08-22 14:45:00
U340,5,1,,1,2026-09-10 15:02:00
U340,7,1,3.0,1,2026-09-17 16:27:00
U340,9,3,4.0,3,2026-06-05 20:28:00
U340,11,3,,3,2026-07-31 11:48:00
U340,15,1,3.0,1,2026-08-23 18:38:00
U340,17,3,3.0,3,2026-08-18 17:34:00
U340,18,2,4.0,2,2026-08-08 21:45:00
U340,19,1,,1,2026-09-17 16:27:00
U340,23,2,3.0,2,2026-09-11 13:50:00
U340,25,1,,1,2026-04-25 18:17:00
U340,26,1,,1,2026-01-29 18:50:00
U340,29,10,4.5,10,2026-07-07 09:57:00
U340,34,1,3.0,1,2026-07-07 09:57:00
U340,35,1,,1,2026-08-08 14:38:00
U340,36,5,4.0,5,2026-09-17 20:55:00
U340,45,1,,1,2026-02-21 18:15:00
U340,51,1,4.0,1,2026-07-31 11:48:00
U340,54,1,,1,2026-06-06 12:54:00
U340,57,1,,1,2025-10-04 17:45:00
U340,59,2,4.0,2,2026-07-19 17:39:00
U340,61,1,,1,2026-01-16 19:20:00
U340,65,1,,1,2026-02-21 18:15:00
U340,66,2,,2,2026-06-07 10:53:00
U340,68,1,,1,2026-07-23 15:26:00
U340,72,1,,1,2026-01-08 18:40:00
U340,74,2,,2,2026-09-11 13:50:00
U340,77,1,,1,2026-08-27 13:29:00
U340,83,1,3.0,1,2026-03-10 21:46:00
U340,85,1,,1,2026-05-16 12:47:00
U340,86,3,4.0,3,2026-09-28 09:59:00
U340,89,4,3.0,4,2026-02-19 19:57:00
U340,93,1,,1,2026-07-08 16:17:00
U340,98,4,4.0,4,2026-08-23 18:38:00
U340,99,1,,1,2026-06-07 10:53:00
U340,100,2,3.5,2,2026-07-17 21:13:00
U340,101,8,3.0,8,2026-09-17 16:27:00
U340,102,3,4.0,3,2026-09-17 20:55:00
U341,3,1,,1,2026-09-13 10:54:00
U341,22,1,,1,2026-09-15 08:40:00
U341,36,10,4.0,10,2026-09-24 12:48:00
U341,37,1,4.0,1,2026-09-16 11:33:00
U341,40,1,2.0,1,2026-09-26 18:53:00
U341,48,13,4.0,12,2026-09-27 18:58:00
U341,59,1,,1,2026-08-14 15:42:00
U341,92,1,,1,2026-09-11 15:43:00
U341,98,1,,1,2026-09-12 10:49:00
U341,99,1,,1,2026-08-29 11:58:00
U341,100,2,,2,2026-09-12 10:49:00
U341,101,1,,1,2026-08-28 09:35:00
U341,102,4,,4,2026-09-27 18:58:00
U342,7,1,,1,2026-04-01 12:44:00
U342,11,2,3.0,2,2026-06-04 15:21:00
U342,12,1,,1,2026-09-14 08:10:00
U342,18,3,4.0,3,2026-08-14 11:58:00
U342,31,3,3.0,3,2026-08-12 15:40:00
U342,35,1,,1,2025-12-29 08:42:00
U342,39,2,3.5,2,2026-04-20 07:24:00
U342,42,1,,1,2026-08-06 09:49:00
U342,53,1,,1,2026-04-18 10:23:00
U342,54,1,,1,2026-05-25 07:23:00
U342,60,10,4.2,10,2026-09-14 08:10:00
U342,63,1,,1,2026-04-22 12:04:00
U342,65,3,,3,2026-07-15 09:28:00
U342,67,4,5.0,4,2026-04-24 07:14:00
U342,68,9,3.67,9,2026-08-02 10:49:00
U342,78,1,,1,2026-04-22 12:04:00
U342,99,2,4.0,2,2026-05-15 09:42:00
U342,100,4,3.0,4,2026-05-25 07:23:00
U342,101,3,3.5,3,2026-04-22 12:04:00
U342,102,1,,1,2025-12-23 16:51:00
U343,4,2,,2,2026-08-01 10:51:00
U343,7,1,,1,2026-02-20 09:55:00
U343,8,1,,1,2026-03-03 08:47:00
U343,9,2,3.0,2,2026-06-08 16:36:00
U343,14,2,3.0,2,2026-05-28 09:17:00
U343,23,1,2.0,1,2026-08-26 13:19:00
U343,32,1,,1,2026-07-27 12:16:00
U343,34,1,1.0,1,2026-08-26 13:19:00
U343,35,1,,1,2026-03-08 11:39:00
U343,50,1,,1,2026-07-06 07:00:00
U343,51,1,2.0,1,2026-03-03 08:47:00
U343,53,2,,2,2026-09-27 11:46:00
U343,54,3,4.0,3,2026-08-08 14:47:00
U343,57,1,,1,2026-07-27 12:16:00
U343,61,1,,1,2026-04-23 17:07:00
U343,62,1,,1,2026-06-08 16:36:00
U343,63,1,,1,2026-06-15 08:41:00
U343,65,3,,3,2026-04-22 14:39:00
U343,67,3,5.0,3,2026-07-27 12:16:00
U343,68,3,3.5,3,2026-09-10 17:26:00
U343,74,2,1.5,2,2026-07-29 19:20:00
U343,77,2,,2,2026-09-30 13:31:00
U343,82,2,3.0,2,2026-06-27 14:38:00
U343,98,2,,2,2026-09-30 13:31:00
U343,99,2,,2,2026-09-27 11:46:00
U343,100,6,3.33,6,2026-09-27 11:46:00
U343,101,3,2.5,3,2026-08-26 13:19:00
U343,102,5,4.0,5,2026-07-06 07:00:00
U344,6,1,,1,2026-09-03 15:51:00
U344,10,1,,1,2026-07-24 08:37:00
U344,15,1,,1,2026-02-13 21:48:00
U344,19,1,,1,2026-02-13 21:48:00
U344,28,1,3.0,1,2025-12-28 15:58:00
U344,29,2,4.0,2,2026-08-03 10:55:00
U344,32,3,,3,2026-09-09 17:23:00
U344,33,1,3.0,1,2026-09-20 16:39:00
U344,34,1,,1,2026-08-28 08:32:00
U344,36,3,2.67,3,2026-09-12 09:29:00
U344,37,1,2.0,1,2026-02-21 11:02:00
U344,39,1,,1,2026-09-03 14:17:00
U344,43,1,,1,2026-05-20 09:19:00
U344,44,2,,2,2026-09-19 13:43:00
U344,45,2,3.0,2,2026-02-18 17:20:00
U344,46,1,4.0,1,2026-04-25 14:42:00
U344,48,1,,1,2025-11-17 18:56:00
U344,50,5,2.5,5,2026-09-20 16:46:00
U344,52,2,,2,2026-09-10 08:00:00
U344,57,1,,1,2026-08-14 17:41:00
U344,58,1,,1,2026-02-21 11:02:00
U344,59,5,2.33,5,2026-07-21 18:54:00
U344,60,1,,1,2026-02-26 20:47:00
U344,62,1,,1,2026-08-24 19:20:00
U344,63,1,,1,2026-08-26 20:22:00
U344,65,1,2.0,1,2026-09-03 15:51:00
U344,66,2,1.0,2,2026-09-20 16:39:00
U344,68,1,2.0,1,2026-08-28 14:29:00
U344,73,2,,2,2026-09-03 14:17:00
U344,74,15,4.67,15,2026-08-05 16:26:00
U344,75,1,,1,2026-06-01 19:55:00
U344,76,5,4.33,5,2026-06-26 15:08:00
U344,78,2,3.0,2,2026-09-20 16:46:00
U344,79,8,4.0,7,2026-09-10 16:06:00
U344,81,2,3.0,2,2026-07-27 08:42:00
U344,82,3,3.0,3,2026-05-16 13:36:00
U344,83,10,4.17,10,2026-09-09 17:23:00
U344,85,30,4.14,30,2026-09-29 21:42:00
U344,86,7,3.0,7,2026-08-26 14:10:00
U344,87,3,3.0,3,2026-09-12 14:48:00
U344,88,2,3.0,2,2026-08-05 16:26:00
U344,90,9,3.5,9,2026-05-16 13:36:00
U344,94,3,2.5,3,2026-07-05 16:13:00
U344,95,4,3.0,4,2026-04-11 17:05:00
U344,96,1,,1,2026-09-16 15:36:00
U344,98,7,3.5,7,2026-09-05 09:46:00
U344,99,1,4.0,1,2026-01-25 17:35:00
U344,100,9,3.5,9,2026-08-28 14:29:00
U344,101,10,3.33,10,2026-08-26 14:10:00
U344,102,10,3.0,10,2026-09-20 16:46:00
U345,2,6,,6,2026-08-30 14:10:00
U345,4,1,4.0,1,2026-06-29 17:26:00
U345,6,1,,1,2025-11-04 07:22:00
U345,7,6,3.5,6,2026-08-24 09:40:00
U345,8,2,3.0,2,2026-07-17 08:31:00
U345,9,1,4.0,1,2026-01-22 12:10:00
U345,15,11,3.5,11,2026-09-13 10:20:00
U345,43,11,2.67,11,2026-08-02 14:28:00
U345,61,1,,1,2026-03-12 09:17:00
U345,85,1,,1,2025-12-19 14:53:00
U345,86,1,3.0,1,2026-01-17 16:08:00
U345,88,3,2.0,3,2026-03-17 15:09:00
U345,98,3,3.0,3,2026-01-22 12:10:00
U345,99,1,,1,2026-09-13 10:20:00
U345,100,1,,1,2026-06-24 16:16:00
U345,101,9,4.0,9,2026-07-17 08:31:00
U345,102,2,,2,2026-07-23 09:51:00
U346,12,1,5.0,1,2026-03-16 14:02:00
U346,14,1,3.0,1,2026-06-06 19:40:00
U346,17,1,4.0,1,2025-10-18 18:12:00
U346,32,2,,2,2026-01-31 11:08:00
U346,39,1,,1,2026-07-15 14:25:00
U346,44,1,3.0,1,2026-06-28 16:52:00
U346,56,1,,1,2026-08-05 15:27:00
U346,65,8,4.0,8,2026-09-06 14:07:00
U346,66,1,,1,2025-12-23 13:50:00
U346,69,1,,1,2026-09-11 14:29:00
U346,71,1,,1,2026-08-05 17:20:00
U346,72,2,,2,2026-02-24 13:42:00
U346,73,4,4.0,4,2026-09-13 11:30:00
U346,74,1,3.0,1,2026-02-18 20:36:00
U346,79,1,,1,2026-04-19 11:39:00
U346,82,5,4.0,5,2026-09-13 11:30:00
U346,87,9,4.5,9,2026-09-11 09:16:00
U346,90,1,,1,2026-04-19 11:39:00
U346,95,8,,8,2026-09-11 09:16:00
U346,98,1,,1,2026-06-06 14:48:00
U346,99,1,,1,2026-05-11 11:22:00
U346,100,1,3.0,1,2026-08-18 16:56:00
U346,101,2,,2,2026-09-13 11:30:00
U346,102,1,,1,2025-10-17 17:11:00
U347,2,1,,1,2026-05-24 21:00:00
U347,5,1,,1,2026-07-03 10:25:00
U347,6,1,3.0,1,2026-07-26 20:57:00
U347,8,3,,3,2026-07-03 16:33:00
U347,10,2,,2,2026-07-26 20:57:00
U347,11,1,,1,2026-04-29 13:12:00
U347,15,18,4.6,16,2026-09-22 08:04:00
U347,16,1,,1,2026-08-24 21:59:00
U347,18,3,5.0,3,2026-07-16 15:24:00
U347,19,4,4.0,4,2026-08-19 13:02:00
U347,20,1,5.0,1,2026-05-08 09:21:00
U347,21,1,5.0,1,2026-02-11 11:52:00
U347,23,3,5.0,3,2026-05-24 21:00:00
U347,32,1,,1,2026-04-09 13:24:00
U347,40,1,,1,2025-12-29 13:51:00
U347,56,1,,1,2025-10-15 15:59:00
U347,59,1,3.0,1,2026-06-06 09:42:00
U347,63,1,,1,2026-05-02 13:11:00
U347,71,1,,1,2026-07-26 20:57:00
U347,84,6,3.0,6,2026-04-06 19:40:00
U347,87,4,,4,2026-08-24 21:59:00
U347,96,1,,1,2026-02-12 17:09:00
U347,98,4,4.0,4,2026-08-24 21:59:00
U347,100,5,4.5,5,2026-08-19 13:02:00
U347,101,3,5.0,3,2026-06-03 09:04:00
U347,102,2,4.0,2,2026-06-06 09:42:00
U348,2,2,,2,2026-04-03 11:00:00
U348,4,2,,2,2026-08-05 07:45:00
U348,5,1,,1,2025-12-12 13:27:00
U348,6,2,3.0,2,2026-04-20 11:46:00
U348,8,1,,1,2025-12-04 09:42:00
U348,12,2,3.0,2,2026-09-08 08:57:00
U348,14,1,,1,2025-12-03 07:43:00
U348,15,3,,3,2026-08-20 08:38:00
U348,16,1,4.0,1,2026-06-10 14:00:00
U348,17,1,,1,2026-01-22 08:04:00
U348,18,5,5.0,4,2026-08-04 12:16:00
U348,20,1,,1,2026-06-04 09:23:00
U348,21,1,,1,2026-06-04 09:23:00
U348,23,1,,1,2025-11-15 11:58:00
U348,25,3,,3,2026-09-08 08:57:00
U348,30,1,,1,2026-05-25 07:43:00
U348,40,5,,5,2026-06-07 14:03:00
U348,49,6,2.0,6,2026-05-26 09:17:00
U348,52,1,,1,2026-08-19 08:51:00
U348,59,2,3.5,2,2026-05-17 15:01:00
U348,64,3,4.0,3,2026-05-09 10:39:00
U348,65,9,2.5,9,2026-09-08 08:57:00
U348,66,2,,2,2026-08-05 07:45:00
U348,68,1,,1,2026-01-22 08:04:00
U348,82,7,3.0,7,2026-09-29 17:14:00
U348,83,1,3.0,1,2025-12-08 14:20:00
U348,84,1,,1,2026-08-17 08:44:00
U348,87,1,,1,2025-12-12 13:27:00
U348,91,1,2.0,1,2026-06-14 17:24:00
U348,92,2,,2,2025-12-04 09:42:00
U348,98,4,3.0,4,2026-06-10 14:00:00
U348,100,2,4.0,2,2026-06-04 09:23:00
U348,101,9,4.0,9,2026-09-04 13:51:00
U348,102,2,,2,2025-11-15 11:58:00
U349,1,1,,1,2026-05-02 10:48:00
U349,5,2,3.0,2,2026-05-12 12:09:00
U349,6,1,,1,2025-12-25 08:23:00
U349,9,9,4.33,9,2026-08-16 14:39:00
U349,11,8,3.67,8,2026-08-28 16:22:00
U349,14,1,,1,2026-05-11 09:52:00
U349,15,3,3.5,3,2026-05-01 18:33:00
U349,16,2,3.5,2,2026-04-27 11:24:00
U349,20,1,,1,2026-02-24 11:47:00
U349,21,1,,1,2026-07-21 09:31:00
U349,22,1,,1,2026-09-11 08:10:00
U349,25,3,3.5,3,2026-06-29 09:15:00
U349,27,1,2.0,1,2026-06-02 11:38:00
U349,28,4,3.0,4,2026-08-10 15:36:00
U349,31,1,,1,2026-03-26 14:29:00
U349,32,2,,2,2026-09-18 12:32:00
U349,35,1,,1,2026-07-28 14:33:00
U349,37,3,3.5,3,2026-09-19 09:55:00
U349,38,4,4.0,4,2026-06-04 09:33:00
U349,39,1,,1,2026-06-02 11:38:00
U349,40,3,3.0,3,2026-09-23 17:41:00
U349,41,2,3.0,2,2026-02-24 11:47:00
U349,42,1,,1,2026-06-28 09:25:00
U349,45,2,4.0,2,2026-07-08 09:58:00
U349,49,3,,3,2026-08-17 15:53:00
U349,51,1,,1,2026-08-26 16:28:00
U349,56,1,4.0,1,2026-01-16 08:34:00
U349,57,4,3.0,4,2026-07-23 14:00:00
U349,58,40,2.93,39,2026-09-25 17:21:00
U349,59,3,,3,2026-09-08 11:51:00
U349,61,1,,1,2026-08-14 16:03:00
U349,62,1,,1,2026-04-27 11:24:00
U349,63,4,2.5,4,2026-08-16 14:39:00
U349,64,1,4.0,1,2026-04-10 08:00:00
U349,68,1,,1,2026-07-08 07:18:00
U349,69,1,4.0,1,2026-09-08 11:51:00
U349,74,1,,1,2026-03-30 17:47:00
U349,75,2,2.0,2,2026-05-05 08:00:00
U349,76,2,3.0,2,2026-03-17 17:27:00
U349,77,1,,1,2026-07-16 07:19:00
U349,78,12,4.0,12,2026-08-26 16:28:00
U349,80,3,4.0,3,2026-08-03 07:21:00
U349,81,3,,3,2026-08-17 15:53:00
U349,82,2,3.0,2,2026-09-29 13:41:00
U349,83,5,3.0,5,2026-09-10 17:27:00
U349,84,1,3.0,1,2026-03-30 17:47:00
U349,85,1,3.0,1,2026-09-13 15:07:00
U349,88,2,4.0,2,2026-07-24 11:09:00
U349,89,3,,3,2026-09-08 11:51:00
U349,91,2,,2,2026-08-23 11:09:00
U349,92,1,4.0,1,2026-05-09 10:40:00
U349,93,4,,4,2026-09-29 13:41:00
U349,94,3,3.5,3,2026-03-26 14:29:00
U349,95,3,3.0,3,2026-09-21 08:19:00
U349,98,6,3.0,6,2026-09-17 07:25:00
U349,99,1,,1,2025-12-25 08:23:00
U349,100,9,4.0,9,2026-09-19 09:55:00
U349,101,17,3.5,17,2026-08-03 08:48:00
U349,102,7,,7,2026-09-21 08:19:00
U350,1,3,,3,2026-04-14 13:37:00
U350,2,2,,2,2025-11-06 11:33:00
U350,8,1,3.0,1,2026-03-17 13:28:00
U350,9,1,,1,2026-01-31 10:47:00
U350,10,1,,1,2025-11-28 13:45:00
U350,13,4,4.0,4,2026-04-29 13:44:00
U350,14,2,,2,2026-05-03 14:29:00
U350,15,19,4.67,18,2026-04-08 13:43:00
U350,17,1,,1,2026-04-25 14:21:00
U350,18,1,,1,2025-10-02 20:49:00
U350,20,2,,2,2026-04-04 19:58:00
U350,21,3,,3,2026-01-31 14:18:00
U350,22,30,4.0,27,2026-04-27 20:05:00
U350,23,1,4.0,1,2026-02-14 14:15:00
U350,27,1,,1,2026-02-03 10:51:00
U350,28,1,4.0,1,2026-04-18 14:45:00
U350,30,1,,1,2026-01-24 11:01:00
U350,33,2,3.0,2,2026-04-21 14:01:00
U350,36,1,,1,2026-01-31 10:47:00
U350,46,4,,4,2026-03-14 19:47:00
U350,47,1,,1,2025-12-20 17:58:00
U350,52,1,,1,2026-02-08 17:05:00
U350,56,3,,3,2026-05-04 19:55:00
U350,58,1,2.0,1,2026-02-22 18:11:00
U350,59,2,5.0,2,2026-03-10 19:34:00
U350,65,1,,1,2025-11-22 16:52:00
U350,66,7,3.0,7,2026-04-05 12:46:00
U350,75,1,,1,2025-12-28 16:11:00
U350,82,1,3.0,1,2026-05-01 19:47:00
U350,89,1,,1,2026-03-14 19:15:00
U350,98,5,4.0,5,2026-04-27 20:05:00
U350,99,1,,1,2026-01-31 14:18:00
U350,100,6,3.5,6,2026-05-04 19:55:00
U350,101,8,2.0,8,2026-04-27 20:05:00
U350,102,6,4.5,6,2026-04-21 14:01:00
U351,1,2,2.0,2,2026-09-13 14:54:00
U351,2,2,,2,2026-08-02 10:33:00
U351,5,4,1.5,4,2026-09-20 15:42:00
U351,6,1,,1,2026-06-14 17:48:00
U351,7,6,3.0,6,2026-08-22 10:12:00
U351,8,3,3.0,3,2026-06-21 21:49:00
U351,9,7,3.5,6,2026-08-30 20:49:00
U351,10,11,4.0,11,2026-09-27 14:35:00
U351,11,7,4.0,7,2026-08-09 14:15:00
U351,12,4,,4,2026-08-28 15:19:00
U351,13,15,4.5,15,2026-09-18 14:34:00
U351,14,1,,1,2025-11-09 15:05:00
U351,15,1,,1,2026-04-18 14:23:00
U351,17,1,,1,2025-12-14 18:18:00
U351,18,1,3.0,1,2026-06-22 19:11:00
U351,19,4,,4,2026-07-26 10:12:00
U351,20,1,,1,2025-12-08 14:45:00
U351,22,35,4.6,35,2026-09-27 14:35:00
U351,23,2,2.0,2,2026-07-10 14:15:00
U351,24,1,,1,2026-08-29 15:05:00
U351,26,3,,3,2026-07-17 11:14:00
U351,27,1,3.0,1,2026-07-14 13:23:00
U351,30,4,2.0,4,2026-07-10 15:58:00
U351,33,3,2.5,3,2026-06-28 11:35:00
U351,35,9,2.67,9,2026-04-14 21:23:00
U351,43,2,,2,2026-07-07 11:28:00
U351,44,1,3.0,1,2026-02-11 19:50:00
U351,45,1,,1,2026-01-27 10:22:00
U351,46,1,,1,2025-11-20 09:50:00
U351,49,1,,1,2026-01-08 18:31:00
U351,50,1,3.0,1,2026-02-26 18:03:00
U351,53,12,,12,2026-06-15 16:24:00
U351,54,30,3.67,30,2026-09-15 15:44:00
U351,55,1,,1,2026-09-14 14:55:00
U351,56,21,3.4,20,2026-08-16 18:56:00
U351,57,8,,8,2026-09-15 15:00:00
U351,58,16,3.8,16,2026-09-20 21:01:00
U351,59,5,3.0,5,2026-09-13 18:12:00
U351,60,10,3.0,10,2026-07-03 19:48:00
U351,62,19,3.0,18,2026-09-10 20:21:00
U351,63,5,3.5,5,2026-07-18 17:52:00
U351,65,6,3.0,6,2026-09-19 18:08:00
U351,66,10,4.0,10,2026-09-21 21:56:00
U351,67,2,,2,2026-08-01 16:17:00
U351,68,2,3.0,2,2026-02-26 18:03:00
U351,69,15,3.5,15,2026-09-20 15:42:00
U351,71,34,3.67,34,2026-09-15 15:44:00
U351,72,1,,1,2026-02-18 15:52:00
U351,73,2,1.0,2,2026-08-15 10:57:00
U351,76,1,,1,2026-02-15 19:56:00
U351,77,1,,1,2026-08-12 18:49:00
U351,81,2,,2,2026-06-18 19:57:00
U351,83,1,1.0,1,2025-10-14 17:55:00
U351,84,1,,1,2026-01-05 21:46:00
U351,85,1,,1,2025-12-25 17:27:00
U351,92,1,,1,2026-07-09 18:07:00
U351,94,1,3.0,1,2025-10-17 15:11:00
U351,95,1,,1,2026-05-19 14:44:00
U351,98,7,3.0,7,2026-08-08 16:19:00
U351,99,7,3.5,7,2026-08-30 20:49:00
U351,100,33,3.5,33,2026-08-29 15:05:00
U351,101,30,3.17,30,2026-09-17 10:47:00
U351,102,8,3.0,8,2026-09-02 16:21:00
U352,1,53,5.0,50,2026-09-30 07:45:00
U352,2,6,,6,2026-05-28 13:58:00
U352,3,5,2.67,5,2026-06-16 09:54:00
U352,4,3,,3,2026-07-11 17:38:00
U352,5,3,,3,2026-06-08 13:35:00
U352,6,5,5.0,5,2026-05-11 09:58:00
U352,7,15,5.0,15,2026-08-18 07:45:00
U352,8,1,4.0,1,2026-04-30 07:46:00
U352,9,3,5.0,3,2026-09-15 15:41:00
U352,11,3,5.0,3,2026-06-28 14:57:00
U352,12,1,4.0,1,2026-09-17 08:30:00
U352,13,1,,1,2026-06-08 16:03:00
U352,16,2,,2,2026-08-31 15:27:00
U352,17,2,,2,2026-08-06 17:48:00
U352,18,1,,1,2026-08-12 09:02:00
U352,26,1,,1,2026-01-18 09:52:00
U352,30,4,3.75,4,2026-07-16 19:16:00
U352,34,1,,1,2026-04-13 09:22:00
U352,36,1,,1,2026-06-11 11:20:00
U352,37,1,4.0,1,2025-11-17 11:34:00
U352,38,4,3.33,4,2026-06-22 11:35:00
U352,40,3,3.0,3,2026-07-11 17:38:00
U352,47,1,,1,2026-07-29 14:18:00
U352,50,1,,1,2025-12-30 09:13:00
U352,53,1,,1,2026-06-18 17:09:00
U352,54,2,,2,2026-08-23 11:26:00
U352,56,1,3.0,1,2026-09-20 10:20:00
U352,57,9,4.0,9,2026-04-22 08:45:00
U352,58,1,,1,2026-01-19 09:53:00
U352,60,1,,1,2026-01-20 07:48:00
U352,61,1,,1,2026-01-06 15:50:00
U352,66,1,,1,2026-09-11 11:44:00
U352,67,2,,2,2025-11-17 11:34:00
U352,71,3,,3,2026-04-01 08:28:00
U352,72,1,,1,2026-06-07 16:33:00
U352,74,1,3.0,1,2026-08-06 17:48:00
U352,75,2,,2,2026-06-08 16:03:00
U352,79,3,3.5,3,2026-08-29 16:16:00
U352,80,1,,1,2026-09-11 11:44:00
U352,84,1,,1,2025-11-27 09:08:00
U352,86,1,,1,2026-06-22 19:52:00
U352,87,1,,1,2026-09-10 19:47:00
U352,88,1,,1,2026-01-05 07:24:00
U352,96,1,,1,2026-03-20 08:04:00
U352,98,6,3.5,6,2026-08-06 17:48:00
U352,99,4,5.0,4,2026-09-27 11:05:00
U352,100,10,4.5,10,2026-08-12 09:02:00
U352,101,16,4.5,16,2026-09-27 11:05:00
U352,102,4,3.33,4,2026-07-11 17:38:00
U353,11,1,,1,2026-04-24 14:27:00
U353,14,3,5.0,3,2026-01-16 08:19:00
U353,15,5,,5,2026-09-24 15:56:00
U353,16,1,,1,2026-06-28 09:16:00
U353,17,4,4.0,4,2026-09-18 11:57:00
U353,18,1,5.0,1,2026-03-17 09:37:00
U353,19,1,,1,2026-09-24 15:56:00
U353,21,2,,2,2026-03-17 09:37:00
U353,46,1,,1,2026-05-16 17:19:00
U353,53,1,,1,2025-12-16 14:45:00
U353,58,13,3.5,13,2026-09-17 08:07:00
U353,68,2,4.0,2,2026-04-20 11:00:00
U353,92,1,,1,2026-01-25 16:32:00
U353,98,2,,2,2025-11-24 09:43:00
U353,100,1,4.0,1,2025-12-16 14:45:00
U353,101,7,4.33,7,2026-09-18 11:57:00
U353,102,2,,2,2026-05-23 13:01:00
U354,6,1,,1,2026-04-11 21:21:00
U354,7,4,4.0,4,2026-09-26 12:00:00
U354,8,4,4.0,4,2026-06-29 09:18:00
U354,9,1,,1,2026-07-30 13:00:00
U354,10,1,4.0,1,2026-01-11 15:06:00
U354,11,21,4.0,21,2026-09-26 18:45:00
U354,18,1,,1,2025-10-29 13:44:00
U354,20,6,3.25,6,2026-09-12 19:45:00
U354,21,1,,1,2026-09-11 10:14:00
U354,22,1,,1,2025-10-09 19:19:00
U354,24,1,,1,2026-06-07 12:09:00
U354,25,1,,1,2026-03-28 15:19:00
U354,26,1,,1,2026-09-19 18:09:00
U354,27,9,,9,2026-09-15 13:55:00
U354,29,1,,1,2026-03-23 21:33:00
U354,30,1,,1,2026-07-04 15:38:00
U354,36,1,,1,2026-01-26 15:09:00
U354,38,1,,1,2025-12-26 19:19:00
U354,50,1,,1,2026-07-23 21:48:00
U354,53,5,4.0,5,2026-07-25 15:33:00
U354,54,3,,3,2026-05-24 21:28:00
U354,55,1,4.0,1,2026-08-02 14:12:00
U354,56,12,4.0,12,2026-08-22 19:10:00
U354,58,8,,8,2026-08-02 14:12:00
U354,59,2,4.0,2,2026-09-11 10:14:00
U354,60,12,3.5,10,2026-09-19 18:09:00
U354,61,2,,2,2026-02-24 13:38:00
U354,62,1,,1,2025-10-10 21:05:00
U354,63,2,4.0,2,2025-12-29 16:27:00
U354,65,1,3.0,1,2026-03-16 16:29:00
U354,66,3,3.0,3,2026-08-09 16:46:00
U354,67,16,3.6,15,2026-09-23 21:31:00
U354,68,11,4.67,11,2026-09-06 12:08:00
U354,69,3,,3,2026-06-19 15:22:00
U354,76,1,4.0,1,2026-08-11 16:19:00
U354,77,5,,5,2026-09-23 13:01:00
U354,78,1,,1,2026-05-22 09:27:00
U354,87,3,,3,2026-08-01 10:13:00
U354,91,1,2.0,1,2025-10-01 21:36:00
U354,94,1,,1,2026-08-18 16:51:00
U354,98,2,4.0,2,2026-09-23 21:31:00
U354,99,2,,2,2026-02-16 15:58:00
U354,100,18,4.0,18,2026-09-23 13:01:00
U354,101,10,3.0,10,2026-08-18 16:51:00
U354,102,5,5.0,5,2026-08-31 21:44:00
U355,2,4,3.0,4,2026-08-10 13:38:00
U355,3,1,4.0,1,2026-08-31 15:19:00
U355,30,1,4.0,1,2026-08-22 10:51:00
U355,35,1,2.0,1,2026-05-06 11:39:00
U355,36,14,3.5,13,2026-09-05 09:20:00
U355,37,3,,3,2026-07-21 17:49:00
U355,38,2,3.0,2,2026-08-27 16:39:00
U355,40,1,,1,2026-07-20 17:37:00
U355,41,1,4.0,1,2026-07-20 17:37:00
U355,43,5,2.5,5,2026-04-16 11:49:00
U355,45,1,,1,2026-09-12 10:05:00
U355,46,1,,1,2025-10-05 10:35:00
U355,49,1,3.0,1,2026-03-16 12:47:00
U355,91,1,4.0,1,2026-06-03 07:40:00
U355,92,6,,5,2026-09-13 17:59:00
U355,100,1,,1,2026-02-24 12:18:00
U355,101,1,,1,2026-08-22 10:51:00
U355,102,3,3.0,3,2026-08-27 16:39:00
U356,4,1,2.0,1,2026-02-15 07:42:00
U356,5,1,2.0,1,2026-09-29 16:03:00
U356,6,2,2.0,2,2026-07-05 09:19:00
U356,9,1,,1,2026-03-31 13:04:00
U356,10,2,3.0,2,2026-08-18 08:33:00
U356,11,1,,1,2026-01-16 15:21:00
U356,12,4,,4,2026-06-06 09:26:00
U356,14,3,3.0,3,2026-04-23 11:26:00
U356,15,4,4.33,4,2026-06-25 06:28:00
U356,16,2,,2,2026-06-06 09:26:00
U356,17,3,,3,2026-09-18 10:13:00
U356,18,20,4.67,20,2026-08-22 07:32:00
U356,19,10,4.0,10,2026-09-29 16:03:00
U356,20,3,3.0,3,2026-03-02 07:02:00
U356,21,4,4.0,4,2026-08-14 06:30:00
U356,22,15,4.0,15,2026-09-28 07:47:00
U356,23,1,,1,2025-12-12 06:51:00
U356,24,1,3.0,1,2026-05-17 17:40:00
U356,26,1,,1,2025-12-18 07:16:00
U356,27,2,,2,2026-04-23 11:26:00
U356,30,2,2.0,2,2026-07-24 06:37:00
U356,41,2,3.0,2,2025-12-28 17:02:00
U356,42,1,,1,2025-12-14 07:32:00
U356,44,1,,1,2025-11-05 08:10:00
U356,45,1,2.0,1,2026-09-07 17:30:00
U356,47,38,2.5,37,2026-09-14 06:56:00
U356,49,10,2.67,10,2026-08-22 08:26:00
U356,51,1,3.0,1,2026-09-02 12:04:00
U356,59,1,3.0,1,2026-03-07 17:53:00
U356,60,5,2.0,5,2026-01-11 17:54:00
U356,61,1,,1,2026-03-01 06:57:00
U356,68,1,,1,2026-06-23 09:06:00
U356,73,1,,1,2025-12-19 09:35:00
U356,76,1,,1,2026-08-14 06:30:00
U356,79,1,3.0,1,2026-05-18 16:20:00
U356,81,21,2.57,21,2026-09-23 07:36:00
U356,85,4,2.0,4,2026-02-21 09:18:00
U356,87,2,2.0,2,2026-04-22 07:47:00
U356,88,1,,1,2026-07-14 13:29:00
U356,91,1,,1,2026-09-18 17:59:00
U356,94,1,,1,2026-09-30 16:38:00
U356,95,1,,1,2026-02-05 17:52:00
U356,96,1,3.0,1,2026-07-28 12:38:00
U356,98,8,4.0,8,2026-09-28 07:47:00
U356,99,7,,7,2026-08-04 11:11:00
U356,100,19,3.0,19,2026-08-28 15:16:00
U356,101,20,3.89,20,2026-09-28 07:47:00
U356,102,5,3.5,5,2026-08-22 07:32:00
U357,7,7,5.0,6,2026-09-15 16:33:00
U357,40,1,,1,2026-09-02 08:16:00
U357,75,1,,1,2026-08-13 06:00:00
U357,101,2,4.0,2,2026-08-13 06:00:00
U358,7,1,2.0,1,2026-09-03 07:14:00
U358,11,1,,1,2026-09-02 16:41:00
U358,41,1,,1,2026-09-08 12:14:00
U358,50,5,3.0,5,2026-09-02 16:41:00
U358,52,5,3.0,5,2026-09-15 08:17:00
U358,53,1,,1,2026-09-02 16:41:00
U358,54,2,3.0,2,2026-09-14 16:00:00
U358,77,4,3.0,4,2026-09-21 12:50:00
U358,78,5,3.0,5,2026-09-30 07:51:00
U358,89,1,,1,2026-08-16 17:55:00
U358,100,1,,1,2026-08-11 13:57:00
U358,101,2,,2,2026-09-30 07:51:00
U358,102,1,,1,2026-09-14 16:00:00
U359,6,2,5.0,2,2025-12-22 15:33:00
U359,10,1,,1,2025-11-10 20:27:00
U359,12,1,,1,2026-02-18 15:48:00
U359,23,1,,1,2026-05-16 21:32:00
U359,33,1,,1,2026-01-28 14:30:00
U359,37,2,,2,2026-03-29 17:22:00
U359,40,1,,1,2026-03-01 17:25:00
U359,41,5,4.0,5,2026-09-21 16:36:00
U359,50,2,,2,2026-06-16 17:02:00
U359,51,2,2.0,2,2026-09-05 18:21:00
U359,56,3,,3,2026-09-03 16:05:00
U359,57,2,,2,2026-02-03 16:33:00
U359,63,9,4.0,9,2026-06-06 15:47:00
U359,65,2,,2,2026-06-26 17:11:00
U359,66,1,,1,2026-01-15 18:17:00
U359,67,1,,1,2026-01-25 18:47:00
U359,69,2,5.0,2,2026-06-08 15:21:00
U359,70,4,3.0,4,2026-04-03 17:04:00
U359,71,7,4.0,7,2026-09-01 20:59:00
U359,72,7,4.5,7,2026-09-23 14:27:00
U359,73,5,4.0,5,2026-07-11 19:11:00
U359,74,9,5.0,9,2026-09-13 11:05:00
U359,75,58,4.91,56,2026-09-29 19:07:00
U359,76,1,,1,2026-01-15 13:19:00
U359,77,4,,4,2026-06-27 11:10:00
U359,78,2,,2,2026-09-02 11:09:00
U359,79,2,,2,2026-03-23 13:23:00
U359,80,1,,1,2026-05-25 18:59:00
U359,81,11,4.67,11,2026-09-22 17:09:00
U359,88,3,3.0,3,2026-06-03 15:04:00
U359,91,16,4.5,16,2026-08-10 16:21:00
U359,95,2,,2,2026-08-10 16:21:00
U359,96,1,,1,2026-05-16 21:32:00
U359,98,3,3.5,3,2026-04-03 17:04:00
U359,99,5,4.0,5,2026-09-18 10:29:00
U359,100,8,3.0,8,2026-09-03 16:05:00
U359,101,15,4.25,15,2026-08-10 16:21:00
U359,102,7,4.25,7,2026-07-07 13:25:00
U360,1,6,4.0,6,2026-02-26 20:19:00
U360,2,20,4.5,20,2026-09-30 08:38:00
U360,3,1,,1,2025-12-20 11:03:00
U360,4,9,4.67,9,2026-09-06 16:48:00
U360,5,30,4.38,29,2026-09-24 11:32:00
U360,6,41,4.27,39,2026-09-07 15:23:00
U360,7,10,3.5,10,2026-08-05 16:34:00
U360,8,91,4.71,88,2026-09-30 08:38:00
U360,9,3,3.0,3,2026-07-23 14:42:00
U360,10,6,,6,2026-09-12 17:47:00
U360,11,4,2.0,4,2026-09-12 18:40:00
U360,12,3,3.0,3,2026-05-04 19:10:00
U360,15,3,4.0,3,2026-06-26 09:40:00
U360,22,3,3.0,3,2026-09-11 13:10:00
U360,27,1,3.0,1,2026-04-20 20:51:00
U360,28,3,3.0,3,2026-08-05 16:28:00
U360,29,1,3.0,1,2026-07-16 17:58:00
U360,30,2,,2,2026-08-30 13:13:00
U360,32,2,,2,2026-09-19 09:24:00
U360,33,2,,2,2026-01-19 11:15:00
U360,34,3,4.0,3,2026-07-28 18:26:00
U360,35,4,2.67,4,2026-07-13 10:15:00
U360,36,3,3.0,3,2026-09-06 14:30:00
U360,38,1,3.0,1,2026-06-26 15:19:00
U360,40,1,,1,2026-03-19 17:23:00
U360,43,3,,3,2026-03-23 21:06:00
U360,44,2,,2,2026-01-25 18:03:00
U360,45,3,3.0,3,2026-08-05 16:28:00
U360,48,2,,2,2026-08-21 17:37:00
U360,51,3,4.0,3,2026-02-15 17:52:00
U360,52,1,,1,2026-01-11 20:21:00
U360,55,1,,1,2026-06-10 10:04:00
U360,56,2,,2,2026-06-11 15:15:00
U360,57,1,,1,2026-01-07 11:26:00
U360,58,1,,1,2026-08-30 19:25:00
U360,60,1,,1,2026-03-15 21:29:00
U360,64,2,,2,2026-05-25 19:39:00
U360,67,1,,1,2026-02-23 17:56:00
U360,69,1,,1,2026-04-19 14:34:00
U360,70,1,3.0,1,2025-12-19 08:30:00
U360,71,1,,1,2026-01-17 15:46:00
U360,73,1,,1,2026-02-12 08:02:00
U360,75,5,3.5,5,2026-03-15 21:29:00
U360,76,1,,1,2026-03-05 11:24:00
U360,77,4,,4,2026-09-22 16:34:00
U360,79,1,,1,2026-07-08 18:39:00
U360,80,4,2.67,4,2026-09-03 08:40:00
U360,81,3,,3,2026-06-13 10:43:00
U360,82,1,3.0,1,2026-02-01 10:04:00
U360,83,2,4.0,2,2026-01-26 16:12:00
U360,84,1,,1,2026-07-31 16:21:00
U360,85,1,,1,2025-10-13 10:37:00
U360,86,4,3.33,4,2026-08-28 09:12:00
U360,87,1,,1,2025-11-05 17:35:00
U360,88,2,3.0,2,2026-08-19 14:08:00
U360,90,2,,2,2026-05-14 20:31:00
U360,91,1,3.0,1,2025-12-23 16:20:00
U360,92,2,,2,2026-06-09 11:30:00
U360,93,2,2.0,2,2026-07-16 17:58:00
U360,95,3,3.0,3,2026-07-11 10:35:00
U360,96,1,3.0,1,2026-04-27 20:30:00
U360,97,1,,1,2026-09-03 16:47:00
U360,98,6,4.5,6,2026-06-17 21:04:00
U360,99,8,5.0,8,2026-09-12 18:40:00
U360,100,23,3.83,23,2026-09-07 15:23:00
U360,101,41,3.73,41,2026-09-30 08:38:00
U360,102,14,4.5,14,2026-09-06 16:48:00
U361,3,1,,1,2026-02-23 09:55:00
U361,7,1,,1,2026-04-17 08:58:00
U361,15,1,,1,2026-01-23 07:30:00
U361,19,1,1.0,1,2026-05-13 09:42:00
U361,20,2,,2,2026-07-16 16:38:00
U361,25,1,,1,2026-03-06 07:43:00
U361,26,2,,2,2026-04-17 08:58:00
U361,30,1,,1,2026-08-09 11:32:00
U361,33,2,3.0,2,2026-07-16 16:38:00
U361,40,7,3.0,7,2026-07-21 16:50:00
U361,56,3,3.0,3,2026-05-13 07:07:00
U361,62,6,3.5,6,2026-09-08 14:58:00
U361,72,1,,1,2026-04-02 14:04:00
U361,76,1,,1,2026-07-16 16:38:00
U361,79,1,3.0,1,2026-09-23 18:38:00
U361,85,1,,1,2026-08-21 07:55:00
U361,89,1,,1,2026-05-15 13:56:00
U361,90,13,4.0,13,2026-09-14 14:00:00
U361,94,2,3.0,2,2026-08-17 07:32:00
U361,98,3,,3,2026-07-21 16:50:00
U361,100,4,4.0,4,2026-09-23 18:38:00
U361,101,3,3.0,3,2026-05-13 07:07:00
U362,1,1,3.0,1,2026-03-28 15:20:00
U362,3,10,3.75,9,2026-03-13 15:32:00
U362,17,1,3.0,1,2026-01-11 16:33:00
U362,27,22,4.75,22,2026-05-23 20:53:00
U362,32,3,4.5,3,2026-05-28 13:08:00
U362,33,45,3.36,44,2026-06-09 09:34:00
U362,34,5,3.4,5,2026-06-13 14:06:00
U362,43,1,3.0,1,2026-01-10 19:27:00
U362,53,6,3.5,6,2026-06-13 14:06:00
U362,57,1,3.0,1,2026-03-31 20:53:00
U362,60,1,,1,2026-04-02 14:22:00
U362,64,1,4.0,1,2025-10-24 16:01:00
U362,66,1,3.0,1,2026-05-30 12:34:00
U362,67,3,2.33,3,2026-03-29 20:59:00
U362,70,1,,1,2025-12-16 21:15:00
U362,72,1,,1,2026-05-10 16:15:00
U362,74,1,,1,2026-03-08 21:49:00
U362,77,1,,1,2026-01-17 12:55:00
U362,79,1,2.0,1,2026-04-05 14:50:00
U362,92,1,3.0,1,2026-03-30 17:34:00
U362,98,5,4.5,5,2026-05-16 19:21:00
U362,99,1,3.0,1,2026-04-26 11:10:00
U362,100,13,4.14,13,2026-04-04 11:50:00
U362,101,7,3.75,7,2026-04-05 14:50:00
U362,102,2,,2,2026-02-25 17:42:00
U363,2,1,,1,2026-08-24 08:23:00
U363,3,1,5.0,1,2026-08-12 15:08:00
U363,4,1,,1,2026-08-05 15:15:00
U363,5,1,,1,2026-05-07 16:12:00
U363,6,3,5.0,3,2026-04-18 17:30:00
U363,8,7,4.67,7,2026-09-22 18:47:00
U363,9,1,4.0,1,2026-02-02 15:56:00
U363,10,2,,2,2026-01-23 17:47:00
U363,11,1,5.0,1,2026-03-09 10:07:00
U363,12,2,,2,2026-01-23 10:00:00
U363,13,2,4.0,2,2026-07-06 13:06:00
U363,20,1,,1,2026-08-19 10:41:00
U363,22,1,5.0,1,2026-06-13 11:41:00
U363,23,1,,1,2026-02-28 09:58:00
U363,24,1,,1,2026-08-24 08:23:00
U363,26,2,,2,2026-09-28 13:16:00
U363,27,2,,2,2026-05-24 14:00:00
U363,28,1,3.0,1,2026-02-06 17:14:00
U363,29,1,,1,2026-08-05 14:45:00
U363,31,3,,3,2026-09-05 20:59:00
U363,32,3,4.0,3,2026-04-08 10:56:00
U363,33,2,,2,2026-02-24 10:42:00
U363,34,3,5.0,3,2026-08-15 11:04:00
U363,36,29,4.11,29,2026-08-20 13:26:00
U363,37,1,,1,2026-09-19 18:38:00
U363,38,4,5.0,4,2026-08-07 15:52:00
U363,40,1,,1,2025-10-15 10:55:00
U363,41,1,,1,2025-11-09 09:49:00
U363,42,1,4.0,1,2026-02-04 21:55:00
U363,43,1,,1,2025-12-02 21:32:00
U363,45,1,,1,2026-08-19 10:41:00
U363,47,2,,2,2026-04-11 16:31:00
U363,48,1,,1,2026-03-22 14:23:00
U363,51,3,4.0,3,2026-04-10 11:58:00
U363,52,1,,1,2026-07-05 10:46:00
U363,54,1,,1,2026-05-23 11:26:00
U363,56,1,,1,2026-06-26 11:45:00
U363,57,1,4.0,1,2025-10-15 17:09:00
U363,58,9,5.0,9,2026-08-15 11:04:00
U363,59,1,5.0,1,2026-09-19 18:38:00
U363,60,2,4.0,2,2026-06-20 10:27:00
U363,61,4,,4,2026-09-26 18:21:00
U363,64,2,4.0,2,2026-05-23 11:26:00
U363,65,1,,1,2026-08-24 15:00:00
U363,66,2,3.0,2,2026-09-26 18:21:00
U363,67,3,,3,2026-03-25 21:29:00
U363,69,2,,2,2026-05-07 09:12:00
U363,70,1,,1,2025-12-02 21:32:00
U363,73,3,,3,2026-04-10 11:58:00
U363,74,9,5.0,9,2026-04-23 16:11:00
U363,75,3,,3,2026-09-27 18:01:00
U363,76,1,,1,2026-08-05 15:15:00
U363,77,1,2.0,1,2025-12-27 18:15:00
U363,79,2,,2,2026-05-14 10:47:00
U363,80,1,,1,2026-02-01 21:58:00
U363,82,1,,1,2026-02-28 09:58:00
U363,83,2,5.0,2,2026-02-01 21:58:00
U363,84,11,4.5,11,2026-08-30 10:11:00
U363,85,1,,1,2026-09-19 18:38:00
U363,87,8,4.0,8,2026-09-19 15:04:00
U363,88,4,4.5,4,2026-03-10 19:14:00
U363,89,3,5.0,3,2026-09-16 19:38:00
U363,90,3,,3,2026-08-19 10:41:00
U363,94,14,5.0,14,2026-08-17 11:38:00
U363,95,3,5.0,3,2026-07-28 10:20:00
U363,97,2,,2,2026-02-06 17:14:00
U363,98,3,4.0,3,2026-06-26 11:45:00
U363,99,4,,4,2026-05-10 10:30:00
U363,100,4,4.0,4,2026-08-19 10:41:00
U363,101,14,4.4,14,2026-09-26 18:21:00
U363,102,3,,3,2026-04-17 20:59:00
U364,1,1,,1,2026-08-18 08:58:00
U364,6,1,,1,2026-07-16 15:11:00
U364,13,3,3.0,3,2026-07-18 09:26:00
U364,35,1,,1,2026-07-08 09:28:00
U364,51,1,,1,2026-07-08 16:50:00
U364,76,2,,2,2026-07-16 15:11:00
U364,88,3,4.0,3,2026-08-18 08:58:00
U364,101,2,3.0,2,2026-07-18 09:26:00
U365,22,1,3.0,1,2026-05-21 16:26:00
U365,24,1,,1,2026-05-21 16:26:00
U365,26,2,3.0,2,2026-01-05 16:52:00
U365,27,6,4.5,6,2026-09-14 15:57:00
U365,28,4,2.0,4,2026-09-11 10:44:00
U365,29,3,,3,2026-07-25 12:20:00
U365,30,2,4.0,2,2026-04-08 13:50:00
U365,32,11,4.0,11,2026-09-14 15:57:00
U365,34,10,4.0,10,2026-09-13 19:25:00
U365,35,1,,1,2026-01-17 18:56:00
U365,48,2,3.0,2,2026-02-17 20:47:00
U365,54,1,,1,2026-05-08 21:37:00
U365,64,2,,2,2026-08-02 15:15:00
U365,67,1,,1,2026-07-04 18:47:00
U365,69,1,2.0,1,2026-09-11 13:46:00
U365,82,1,,1,2025-12-26 20:48:00
U365,91,1,,1,2026-03-16 17:06:00
U365,97,2,,2,2026-07-13 17:26:00
U365,98,1,3.0,1,2025-12-30 14:01:00
U365,100,3,,3,2026-07-16 11:54:00
U365,101,2,4.0,2,2026-05-21 16:26:00
U365,102,2,,2,2026-09-11 10:44:00
U366,1,1,,1,2026-03-18 16:56:00
U366,2,1,4.0,1,2025-11-11 13:56:00
U366,5,1,2.0,1,2026-06-05 18:05:00
U366,6,1,,1,2026-02-21 17:09:00
U366,9,1,,1,2026-01-23 09:30:00
U366,12,1,,1,2026-06-05 18:05:00
U366,14,1,,1,2026-02-22 17:07:00
U366,18,1,,1,2026-06-07 09:42:00
U366,26,1,,1,2025-11-01 09:28:00
U366,27,16,3.0,16,2026-06-16 20:48:00
U366,28,1,,1,2026-03-11 15:14:00
U366,39,3,5.0,3,2026-09-13 09:59:00
U366,40,2,4.5,2,2026-07-27 08:18:00
U366,42,4,3.5,4,2026-06-05 18:05:00
U366,44,1,,1,2026-06-23 13:55:00
U366,46,1,,1,2026-06-07 09:42:00
U366,48,4,4.0,4,2026-09-21 11:50:00
U366,55,1,,1,2026-09-21 11:50:00
U366,71,1,2.0,1,2026-03-18 16:56:00
U366,93,5,3.0,5,2026-07-30 08:41:00
U366,95,2,,2,2025-10-16 14:50:00
U366,98,2,4.0,2,2026-07-27 08:18:00
U366,100,6,,6,2026-06-23 13:55:00
U366,101,6,4.0,6,2026-09-13 09:59:00
U367,1,1,,1,2026-08-09 10:35:00
U367,5,1,,1,2025-12-06 14:57:00
U367,6,1,,1,2026-05-30 14:31:00
U367,7,1,4.0,1,2026-02-02 14:27:00
U367,9,2,,2,2026-09-16 15:51:00
U367,10,1,,1,2026-02-27 14:38:00
U367,11,3,5.0,3,2026-09-27 17:13:00
U367,12,3,4.0,3,2026-09-19 16:21:00
U367,13,3,,3,2026-07-14 09:47:00
U367,15,1,2.0,1,2026-06-22 17:20:00
U367,18,4,3.0,4,2026-08-07 16:51:00
U367,20,3,5.0,3,2026-07-06 14:28:00
U367,22,1,,1,2026-04-24 09:20:00
U367,28,2,,2,2026-08-11 10:22:00
U367,30,1,,1,2026-02-22 11:05:00
U367,32,1,,1,2025-11-07 09:54:00
U367,33,1,3.0,1,2026-01-07 10:48:00
U367,34,1,,1,2026-01-12 16:58:00
U367,39,1,4.0,1,2025-12-28 11:59:00
U367,40,1,,1,2026-04-05 20:21:00
U367,41,1,,1,2025-12-21 15:09:00
U367,44,4,3.0,4,2026-02-08 12:54:00
U367,46,2,2.0,2,2026-07-15 14:48:00
U367,47,2,3.0,2,2026-08-13 11:21:00
U367,49,1,,1,2026-02-03 18:00:00
U367,51,2,3.0,2,2026-07-26 12:17:00
U367,53,47,4.59,46,2026-09-26 15:35:00
U367,54,7,5.0,6,2026-09-12 16:01:00
U367,55,1,,1,2026-09-26 21:47:00
U367,56,8,3.67,8,2026-09-21 21:29:00
U367,57,14,4.14,14,2026-09-03 16:16:00
U367,58,8,3.5,8,2026-09-06 20:02:00
U367,59,2,,2,2026-09-18 14:37:00
U367,60,12,4.5,12,2026-07-28 19:27:00
U367,61,3,3.0,3,2026-09-26 15:35:00
U367,62,6,3.0,6,2026-08-05 15:43:00
U367,63,10,5.0,10,2026-09-23 18:24:00
U367,65,3,3.0,3,2026-05-20 18:05:00
U367,66,70,4.88,67,2026-09-26 21:47:00
U367,67,13,3.5,13,2026-09-03 16:16:00
U367,68,7,4.0,7,2026-08-15 16:54:00
U367,69,18,4.5,18,2026-09-19 16:21:00
U367,71,7,4.0,7,2026-09-16 15:51:00
U367,72,6,3.5,6,2026-08-23 14:42:00
U367,75,1,,1,2026-03-03 15:20:00
U367,77,1,3.0,1,2026-04-30 16:13:00
U367,80,1,,1,2025-11-09 11:58:00
U367,81,1,,1,2026-05-10 17:47:00
U367,84,2,3.0,2,2026-04-13 15:25:00
U367,85,1,,1,2026-02-15 17:48:00
U367,87,1,,1,2025-12-17 17:43:00
U367,92,1,,1,2026-06-05 16:07:00
U367,98,10,4.0,10,2026-09-25 13:28:00
U367,99,5,4.0,5,2026-01-15 18:17:00
U367,100,28,4.25,28,2026-09-26 15:35:00
U367,101,24,3.78,24,2026-09-27 17:13:00
U367,102,6,4.5,6,2026-08-19 14:48:00
U368,34,1,,1,2026-08-16 20:14:00
U368,36,4,5.0,4,2026-08-25 16:03:00
U368,37,1,5.0,1,2026-07-23 18:01:00
U368,38,3,,3,2026-06-02 19:09:00
U368,39,2,,2,2026-06-22 09:38:00
U368,40,5,4.0,5,2026-09-20 17:23:00
U368,41,2,4.0,2,2026-08-12 18:34:00
U368,42,1,4.0,1,2026-07-12 17:07:00
U368,43,1,,1,2025-11-17 13:26:00
U368,44,1,,1,2026-05-04 09:20:00
U368,48,1,,1,2026-05-02 16:31:00
U368,49,1,,1,2026-03-09 18:35:00
U368,59,1,,1,2026-07-20 16:56:00
U368,69,3,,3,2026-05-02 16:31:00
U368,75,2,2.0,2,2026-01-30 14:33:00
U368,77,2,3.0,2,2026-05-09 19:54:00
U368,92,10,5.0,10,2026-09-18 19:08:00
U368,94,3,3.0,3,2026-07-05 18:26:00
U368,95,1,,1,2026-08-16 20:14:00
U368,98,2,,2,2026-07-12 17:07:00
U368,99,2,,2,2026-08-25 16:03:00
U368,100,1,,1,2025-11-19 13:31:00
U368,101,1,,1,2025-12-30 16:25:00
U368,102,2,,2,2026-07-12 17:07:00
U369,1,1,,1,2026-04-21 12:07:00
U369,2,3,,3,2026-09-07 19:03:00
U369,5,2,,2,2026-06-03 13:44:00
U369,6,4,5.0,4,2026-08-27 07:55:00
U369,7,30,3.31,29,2026-09-04 07:04:00
U369,8,2,4.0,2,2026-05-15 07:21:00
U369,9,1,,1,2026-01-23 15:16:00
U369,15,1,3.0,1,2026-04-12 17:38:00
U369,19,1,,1,2025-12-07 20:24:00
U369,36,1,,1,2025-12-04 09:04:00
U369,44,3,2.0,3,2026-07-01 09:07:00
U369,47,1,3.0,1,2026-04-21 12:07:00
U369,53,1,2.0,1,2025-10-30 09:35:00
U369,54,1,4.0,1,2026-05-07 14:41:00
U369,60,1,1.0,1,2026-06-11 09:57:00
U369,82,1,2.0,1,2026-08-27 07:55:00
U369,88,1,,1,2026-07-09 12:22:00
U369,98,1,,1,2026-08-27 07:55:00
U369,100,4,4.0,4,2026-08-21 13:00:00
U369,101,9,4.25,9,2026-09-04 07:04:00
U369,102,1,,1,2026-01-14 18:11:00
U370,1,10,3.0,10,2026-09-15 13:20:00
U370,2,5,3.5,5,2026-09-25 08:24:00
U370,3,2,,2,2025-10-11 07:08:00
U370,4,3,4.0,3,2026-05-27 06:57:00
U370,5,2,4.0,2,2026-07-27 16:38:00
U370,6,16,3.83,16,2026-09-04 06:34:00
U370,7,6,3.67,5,2026-09-12 09:47:00
U370,8,3,,3,2026-05-25 06:48:00
U370,9,21,2.67,21,2026-09-19 09:49:00
U370,10,2,,2,2026-03-29 06:44:00
U370,11,1,,1,2025-10-04 15:31:00
U370,15,5,3.0,5,2026-08-02 06:20:00
U370,21,1,,1,2025-10-11 07:08:00
U370,22,78,3.0,72,2026-09-25 08:24:00
U370,23,1,2.0,1,2026-08-29 10:24:00
U370,25,1,,1,2026-03-30 15:59:00
U370,27,2,2.0,2,2026-08-28 06:36:00
U370,30,1,,1,2025-11-30 09:40:00
U370,35,2,,2,2026-08-29 16:30:00
U370,36,1,,1,2025-10-19 08:57:00
U370,37,1,,1,2026-09-26 12:15:00
U370,38,1,,1,2026-09-19 09:49:00
U370,40,1,,1,2026-05-14 17:29:00
U370,41,11,2.5,11,2026-09-26 12:15:00
U370,42,1,,1,2026-08-16 09:03:00
U370,44,1,,1,2026-08-03 14:30:00
U370,47,1,,1,2026-06-17 07:43:00
U370,50,2,2.0,2,2026-03-16 07:23:00
U370,59,1,,1,2026-07-29 06:13:00
U370,61,3,3.0,3,2025-12-28 17:45:00
U370,67,2,,2,2026-02-25 17:20:00
U370,68,1,,1,2026-08-03 08:23:00
U370,69,1,,1,2026-02-28 06:33:00
U370,71,2,2.0,2,2026-03-19 08:51:00
U370,72,2,2.0,2,2026-08-13 16:18:00
U370,77,2,,2,2026-08-24 09:19:00
U370,81,1,,1,2025-12-26 12:27:00
U370,88,1,,1,2026-07-27 16:38:00
U370,93,1,,1,2026-08-04 15:04:00
U370,94,1,,1,2025-12-26 12:27:00
U370,97,1,,1,2026-03-17 07:39:00
U370,98,2,,2,2026-06-17 07:43:00
U370,99,2,4.0,2,2026-06-26 07:44:00
U370,100,5,,5,2026-06-16 07:42:00
U370,101,33,3.0,33,2026-09-25 08:24:00
U370,102,5,3.5,5,2026-09-19 09:49:00
U371,8,1,3.0,1,2026-08-07 19:03:00
U371,10,1,3.0,1,2026-06-11 11:59:00
U371,11,1,3.0,1,2026-07-18 21:21:00
U371,14,1,,1,2026-02-02 09:39:00
U371,18,1,,1,2026-08-17 16:15:00
U371,29,1,,1,2026-07-18 21:21:00
U371,32,1,,1,2026-03-28 15:04:00
U371,36,2,3.0,2,2026-09-28 17:17:00
U371,50,11,4.0,11,2026-09-11 15:43:00
U371,51,1,,1,2026-03-20 15:36:00
U371,76,1,2.0,1,2026-05-19 15:08:00
U371,83,2,5.0,2,2026-07-03 13:05:00
U371,85,1,4.0,1,2026-05-19 15:08:00
U371,87,1,,1,2025-12-14 20:05:00
U371,88,2,3.0,2,2026-06-11 11:59:00
U371,89,3,5.0,3,2026-08-17 16:15:00
U371,90,13,5.0,13,2026-07-30 13:56:00
U371,98,1,,1,2026-03-20 15:36:00
U371,99,1,,1,2026-09-03 15:48:00
U371,100,1,,1,2025-10-30 16:43:00
U371,101,5,,5,2026-07-30 13:56:00
U371,102,1,,1,2026-04-05 10:17:00
U372,10,1,,1,2025-11-05 08:52:00
U372,13,1,4.0,1,2026-02-27 09:32:00
U372,17,1,3.0,1,2026-06-28 15:45:00
U372,20,1,,1,2026-02-01 15:43:00
U372,21,1,,1,2025-11-24 13:06:00
U372,23,1,2.0,1,2026-05-13 10:59:00
U372,27,1,,1,2026-04-27 16:50:00
U372,28,12,2.5,12,2026-08-31 10:28:00
U372,30,1,,1,2026-06-21 16:48:00
U372,31,1,3.0,1,2026-09-02 08:54:00
U372,36,2,,2,2026-07-30 19:01:00
U372,39,1,3.0,1,2026-01-10 17:00:00
U372,40,2,,2,2026-03-31 11:20:00
U372,41,19,3.0,19,2026-09-14 18:03:00
U372,48,1,2.0,1,2026-07-30 19:01:00
U372,52,1,2.0,1,2026-04-27 16:50:00
U372,53,3,,3,2026-08-31 20:07:00
U372,54,3,,3,2026-02-01 15:43:00
U372,55,1,4.0,1,2026-08-15 11:17:00
U372,56,3,,3,2026-09-02 16:32:00
U372,57,1,,1,2026-03-09 18:54:00
U372,58,1,,1,2025-11-16 21:54:00
U372,60,3,,3,2026-09-27 13:54:00
U372,61,2,4.0,2,2026-07-03 11:19:00
U372,62,5,4.0,5,2026-09-20 10:49:00
U372,65,1,,1,2026-02-01 15:43:00
U372,66,2,,2,2026-07-29 16:38:00
U372,67,2,,2,2026-09-15 14:53:00
U372,68,85,4.23,78,2026-09-27 13:54:00
U372,69,3,2.5,3,2026-05-22 11:04:00
U372,71,4,,4,2026-05-22 11:04:00
U372,72,1,,1,2026-02-27 09:32:00
U372,74,1,3.0,1,2026-07-22 10:52:00
U372,80,1,,1,2026-08-24 16:56:00
U372,85,2,,2,2026-09-25 14:27:00
U372,88,1,2.0,1,2025-11-29 09:14:00
U372,89,5,2.0,5,2026-05-08 10:41:00
U372,92,1,,1,2026-09-03 19:49:00
U372,97,1,3.0,1,2026-04-15 19:23:00
U372,98,6,3.5,6,2026-09-07 08:34:00
U372,99,1,2.0,1,2026-04-21 21:54:00
U372,100,14,3.83,14,2026-09-15 14:53:00
U372,101,8,,8,2026-08-31 20:07:00
U372,102,5,3.0,5,2026-07-10 14:39:00
U373,9,1,,1,2026-08-17 21:14:00
U373,13,1,5.0,1,2026-07-29 16:11:00
U373,15,3,5.0,3,2026-07-31 13:41:00
U373,18,1,,1,2026-05-20 15:07:00
U373,19,2,4.0,2,2026-08-17 21:14:00
U373,21,10,3.5,10,2026-08-29 16:15:00
U373,37,2,,2,2026-08-17 18:54:00
U373,67,3,4.0,2,2026-04-17 15:27:00
U373,72,1,,1,2026-09-13 19:08:00
U373,74,1,,1,2026-08-29 13:35:00
U373,84,1,3.0,1,2026-06-17 16:34:00
U373,92,1,,1,2026-09-13 19:08:00
U373,98,2,3.5,2,2026-07-31 13:41:00
U373,100,6,4.0,6,2026-08-17 21:14:00
U373,101,1,,1,2026-06-12 10:02:00
U373,102,1,,1,2026-09-13 19:08:00
U374,3,1,,1,2026-08-27 09:24:00
U374,4,4,1.0,4,2026-07-16 08:27:00
U374,5,1,,1,2026-09-12 14:50:00
U374,8,1,2.0,1,2026-09-06 11:18:00
U374,15,1,3.0,1,2026-09-06 11:18:00
U374,16,1,2.0,1,2026-07-23 09:38:00
U374,17,1,,1,2026-04-05 15:28:00
U374,23,1,,1,2026-09-12 14:50:00
U374,30,97,2.35,87,2026-09-30 08:56:00
U374,36,3,3.0,3,2026-07-08 08:54:00
U374,37,1,5.0,1,2026-09-27 18:59:00
U374,38,28,3.75,26,2026-09-27 18:59:00
U374,40,1,,1,2026-06-09 15:34:00
U374,41,1,4.0,1,2026-06-03 09:06:00
U374,43,2,2.0,2,2026-07-13 16:02:00
U374,44,1,3.0,1,2026-07-21 16:57:00
U374,46,1,,1,2026-08-22 09:43:00
U374,49,1,3.0,1,2026-09-28 15:24:00
U374,51,1,,1,2026-08-10 14:37:00
U374,52,1,2.0,1,2026-06-26 08:14:00
U374,53,1,,1,2026-08-10 19:34:00
U374,54,1,,1,2026-09-09 12:42:00
U374,56,1,,1,2026-05-07 14:19:00
U374,58,1,,1,2026-09-03 11:23:00
U374,59,2,2.5,2,2026-09-30 08:07:00
U374,64,1,,1,2026-04-20 08:14:00
U374,78,1,1.0,1,2026-09-03 11:23:00
U374,86,1,,1,2026-08-25 15:45:00
U374,88,1,,1,2026-06-22 13:09:00
U374,92,2,,2,2026-05-08 17:13:00
U374,94,2,3.0,2,2026-06-09 15:34:00
U374,95,4,3.0,4,2026-08-10 19:34:00
U374,97,1,3.0,1,2026-08-05 15:58:00
U374,98,4,3.0,4,2026-08-06 18:51:00
U374,99,1,,1,2026-06-23 09:23:00
U374,100,14,3.29,14,2026-09-15 14:28:00
U374,101,6,3.5,6,2026-09-15 14:29:00
U374,102,8,4.0,8,2026-07-13 16:02:00
U375,5,1,,1,2026-06-14 15:24:00
U375,11,1,,1,2026-08-17 07:33:00
U375,12,1,,1,2026-09-01 15:10:00
U375,13,6,3.5,6,2026-08-29 16:11:00
U375,14,1,4.0,1,2026-09-21 11:49:00
U375,15,12,4.45,12,2026-09-29 19:06:00
U375,16,3,5.0,3,2026-07-09 09:20:00
U375,18,6,5.0,6,2026-09-21 11:49:00
U375,19,1,4.0,1,2026-07-02 13:33:00
U375,21,2,4.0,1,2026-06-30 08:51:00
U375,22,2,4.0,2,2026-09-16 09:05:00
U375,23,1,,1,2026-04-27 09:48:00
U375,24,20,3.27,20,2026-09-21 11:49:00
U375,25,2,4.0,2,2026-06-30 08:51:00
U375,26,1,3.0,1,2026-09-22 08:32:00
U375,29,1,,1,2026-08-21 13:44:00
U375,30,1,4.0,1,2026-09-18 19:06:00
U375,40,4,4.0,4,2026-09-01 15:10:00
U375,43,1,,1,2026-06-14 15:24:00
U375,56,1,,1,2026-07-25 19:23:00
U375,58,1,,1,2026-05-06 15:12:00
U375,65,1,,1,2026-09-14 14:50:00
U375,66,1,,1,2026-07-23 15:17:00
U375,67,1,3.0,1,2026-09-13 20:11:00
U375,69,1,3.0,1,2026-06-14 15:24:00
U375,73,1,,1,2026-07-23 14:14:00
U375,76,1,,1,2026-09-24 16:51:00
U375,81,2,,2,2026-07-26 14:15:00
U375,89,2,2.5,2,2026-07-01 11:03:00
U375,91,1,4.0,1,2026-07-02 13:33:00
U375,97,1,,1,2026-05-22 15:04:00
U375,98,5,3.67,5,2026-09-13 20:11:00
U375,100,6,4.5,6,2026-09-14 09:24:00
U375,101,12,4.2,12,2026-09-22 08:32:00
U375,102,5,4.2,5,2026-08-21 16:49:00
U376,2,2,,2,2026-04-18 16:39:00
U376,23,1,,1,2025-10-13 15:40:00
U376,26,1,,1,2026-05-19 16:38:00
U376,33,1,3.0,1,2026-08-08 10:35:00
U376,34,1,,1,2026-04-30 11:06:00
U376,35,1,2.0,1,2026-04-18 10:24:00
U376,37,1,3.0,1,2026-07-29 09:06:00
U376,41,1,,1,2026-08-02 20:57:00
U376,48,1,,1,2025-10-25 15:20:00
U376,53,1,,1,2026-04-18 10:24:00
U376,54,1,,1,2026-06-03 13:55:00
U376,61,2,2.0,2,2026-02-09 15:38:00
U376,63,1,,1,2026-08-08 10:35:00
U376,64,1,,1,2026-04-23 13:24:00
U376,66,1,3.0,1,2025-11-21 17:06:00
U376,69,2,4.0,2,2026-07-14 13:54:00
U376,70,1,,1,2025-10-12 16:44:00
U376,72,2,,2,2026-08-02 20:57:00
U376,73,1,3.0,1,2025-12-17 14:36:00
U376,74,2,,2,2025-12-17 14:36:00
U376,75,4,5.0,4,2026-05-03 16:35:00
U376,76,15,4.75,14,2026-08-30 16:45:00
U376,77,6,4.0,6,2026-08-30 11:27:00
U376,78,2,4.0,2,2026-04-22 18:21:00
U376,79,1,5.0,1,2026-04-30 11:06:00
U376,80,3,4.0,3,2026-07-29 09:06:00
U376,81,1,,1,2026-05-03 16:35:00
U376,84,1,,1,2026-04-18 10:24:00
U376,91,5,3.0,5,2026-05-27 13:09:00
U376,98,1,,1,2026-02-08 17:47:00
U376,99,1,,1,2026-03-13 19:34:00
U376,100,2,4.5,2,2026-04-18 10:24:00
U376,101,3,4.5,3,2026-08-30 11:27:00
U376,102,6,4.0,6,2026-07-29 09:06:00
U377,1,1,,1,2026-01-04 10:53:00
U377,8,4,3.67,4,2026-07-09 19:54:00
U377,9,1,,1,2026-06-08 08:44:00
U377,10,1,,1,2026-08-19 12:08:00
U377,13,1,,1,2026-09-08 14:19:00
U377,16,1,,1,2026-03-12 07:16:00
U377,17,3,3.67,3,2025-10-08 16:34:00
U377,20,1,3.0,1,2026-08-08 14:01:00
U377,21,1,,1,2026-04-23 15:14:00
U377,22,1,2.0,1,2026-01-27 12:40:00
U377,23,2,,2,2026-04-15 07:23:00
U377,25,1,,1,2026-03-16 09:37:00
U377,26,2,,2,2026-04-21 09:59:00
U377,27,1,3.0,1,2026-01-24 15:56:00
U377,29,2,3.0,2,2026-04-29 13:40:00
U377,30,1,,1,2025-11-11 09:48:00
U377,34,39,3.42,38,2026-09-04 08:08:00
U377,42,1,,1,2026-07-05 14:46:00
U377,43,2,3.0,2,2026-08-01 15:45:00
U377,44,1,3.0,1,2025-10-03 07:37:00
U377,45,2,,2,2026-09-02 13:28:00
U377,47,1,,1,2025-12-20 19:55:00
U377,48,2,,2,2026-01-19 07:54:00
U377,49,1,3.0,1,2026-04-21 09:59:00
U377,50,1,,1,2026-04-27 09:04:00
U377,53,34,4.0,32,2026-09-23 14:17:00
U377,54,1,,1,2026-06-28 19:13:00
U377,57,1,,1,2026-03-07 17:42:00
U377,58,27,3.56,27,2026-09-30 16:40:00
U377,59,1,,1,2026-06-19 14:01:00
U377,60,2,,2,2026-04-29 08:31:00
U377,61,2,,2,2026-09-09 08:56:00
U377,68,2,,2,2026-09-04 08:08:00
U377,71,1,,1,2026-08-19 12:08:00
U377,72,1,,1,2026-07-24 15:17:00
U377,74,2,,2,2026-07-15 15:35:00
U377,75,1,,1,2026-07-05 14:46:00
U377,76,1,,1,2026-09-06 20:35:00
U377,78,2,,2,2026-07-16 08:58:00
U377,79,3,4.5,3,2026-09-08 14:19:00
U377,82,1,,1,2025-11-13 08:34:00
U377,83,1,4.0,1,2026-07-10 08:41:00
U377,85,1,,1,2026-05-13 09:59:00
U377,90,7,4.0,6,2026-09-22 12:54:00
U377,92,3,,3,2026-09-11 09:06:00
U377,93,1,,1,2026-09-06 20:35:00
U377,95,2,4.0,2,2026-01-19 07:54:00
U377,98,7,4.0,7,2026-09-21 07:13:00
U377,99,3,4.0,3,2026-07-06 08:59:00
U377,100,14,4.0,14,2026-09-23 14:17:00
U377,101,11,4.0,11,2026-09-08 08:55:00
U377,102,4,5.0,4,2026-06-08 08:44:00
U378,2,1,,1,2026-01-20 18:50:00
U378,3,1,2.0,1,2026-09-02 16:28:00
U378,4,1,,1,2026-09-04 21:47:00
U378,7,3,,3,2026-09-18 11:08:00
U378,9,1,2.0,1,2026-07-03 10:33:00
U378,10,1,,1,2026-05-30 10:12:00
U378,13,2,,2,2026-09-02 16:28:00
U378,17,1,,1,2026-06-14 16:33:00
U378,18,1,,1,2026-01-20 17:19:00
U378,19,1,,1,2026-02-03 14:06:00
U378,21,2,,2,2026-08-24 16:48:00
U378,28,1,2.0,1,2026-09-18 11:08:00
U378,31,1,,1,2026-05-16 12:24:00
U378,32,1,,1,2026-01-26 14:01:00
U378,33,1,,1,2026-01-20 18:50:00
U378,34,1,,1,2026-05-16 12:24:00
U378,35,3,,3,2026-04-30 09:13:00
U378,36,2,,2,2026-05-12 16:46:00
U378,37,1,2.0,1,2026-08-02 11:37:00
U378,38,2,,2,2026-07-10 14:17:00
U378,41,2,2.0,2,2026-09-01 14:56:00
U378,42,1,,1,2026-01-30 21:17:00
U378,47,1,,1,2026-09-14 09:17:00
U378,52,1,,1,2026-05-16 17:12:00
U378,53,1,5.0,1,2026-06-30 13:10:00
U378,54,7,3.5,7,2026-09-01 21:14:00
U378,55,1,,1,2026-09-27 20:20:00
U378,56,1,3.0,1,2026-02-14 19:12:00
U378,57,5,,5,2026-09-19 12:22:00
U378,58,7,2.5,7,2026-07-27 19:15:00
U378,60,13,3.25,13,2026-08-09 11:41:00
U378,61,23,4.33,23,2026-09-19 12:22:00
U378,62,1,,1,2026-04-22 19:38:00
U378,63,28,3.7,28,2026-09-17 17:29:00
U378,64,1,,1,2026-07-05 20:03:00
U378,65,2,,2,2026-08-16 20:57:00
U378,66,4,,4,2026-09-05 21:23:00
U378,68,4,,4,2026-07-03 10:33:00
U378,69,1,,1,2026-03-14 10:03:00
U378,75,2,3.0,2,2026-04-13 16:40:00
U378,80,2,2.0,2,2026-08-18 16:07:00
U378,81,1,3.0,1,2026-02-05 18:07:00
U378,91,1,,1,2026-08-24 16:48:00
U378,95,1,2.0,1,2026-05-08 20:32:00
U378,98,5,3.0,5,2026-07-28 11:27:00
U378,99,2,,2,2026-09-18 11:08:00
U378,100,6,3.0,6,2026-09-16 18:28:00
U378,101,15,4.0,15,2026-09-01 21:14:00
U378,102,6,3.5,6,2026-08-01 15:31:00
U379,6,1,,1,2026-02-03 15:29:00
U379,7,1,,1,2025-10-10 18:08:00
U379,9,3,2.0,3,2026-07-20 09:17:00
U379,19,1,3.0,1,2025-12-27 17:51:00
U379,22,2,3.0,2,2026-08-14 13:01:00
U379,23,1,,1,2026-05-29 14:39:00
U379,29,1,3.0,1,2026-07-20 14:17:00
U379,30,2,4.0,2,2026-07-08 17:09:00
U379,33,4,2.0,4,2026-06-14 19:11:00
U379,35,1,,1,2026-09-09 09:36:00
U379,36,1,,1,2026-03-14 15:11:00
U379,37,5,4.0,5,2026-08-20 20:10:00
U379,38,2,2.0,2,2026-01-09 19:44:00
U379,40,1,3.0,1,2026-08-23 11:19:00
U379,41,24,3.0,24,2026-09-03 15:29:00
U379,44,1,3.0,1,2026-02-24 21:07:00
U379,46,1,,1,2026-08-28 18:03:00
U379,47,5,2.5,5,2026-06-03 18:42:00
U379,48,8,3.0,8,2026-08-05 18:25:00
U379,49,1,2.0,1,2026-04-29 15:36:00
U379,54,22,3.67,22,2026-09-24 11:51:00
U379,56,1,,1,2026-07-14 09:21:00
U379,60,9,3.0,9,2026-05-17 20:20:00
U379,61,2,3.0,2,2026-06-12 16:30:00
U379,64,1,2.0,1,2025-11-29 16:39:00
U379,69,2,,2,2026-09-06 15:00:00
U379,70,14,4.75,14,2026-07-25 16:32:00
U379,71,5,3.0,5,2026-08-06 14:19:00
U379,72,5,2.0,5,2026-09-14 17:00:00
U379,74,2,4.0,2,2026-07-26 11:39:00
U379,76,8,3.5,8,2026-09-19 20:54:00
U379,77,6,4.0,6,2026-07-23 11:27:00
U379,78,3,3.5,3,2026-05-20 13:50:00
U379,79,7,4.0,7,2026-09-23 20:37:00
U379,80,3,4.0,3,2026-09-17 16:21:00
U379,81,2,4.0,2,2026-03-07 20:35:00
U379,82,12,4.0,12,2026-09-15 20:25:00
U379,84,2,2.5,2,2026-09-12 15:06:00
U379,86,25,2.57,25,2026-08-25 15:46:00
U379,91,1,,1,2026-03-01 10:21:00
U379,94,1,,1,2026-01-09 17:49:00
U379,95,1,3.0,1,2026-03-14 15:11:00
U379,97,2,3.0,2,2026-09-03 15:29:00
U379,98,1,,1,2025-12-19 13:48:00
U379,99,1,4.0,1,2026-04-10 20:04:00
U379,100,15,3.8,15,2026-08-03 19:42:00
U379,101,13,3.71,13,2026-09-24 11:12:00
U379,102,5,4.0,5,2026-05-26 19:41:00
U380,6,1,,1,2026-04-21 13:50:00
U380,8,1,,1,2026-04-10 14:51:00
U380,9,1,,1,2026-02-20 09:37:00
U380,10,5,5.0,5,2026-09-04 07:23:00
U380,12,1,3.0,1,2026-08-24 15:28:00
U380,13,1,5.0,1,2026-09-30 16:47:00
U380,18,1,,1,2026-03-03 09:59:00
U380,33,3,3.5,3,2026-09-14 07:13:00
U380,35,1,,1,2026-09-04 07:50:00
U380,40,1,,1,2026-09-07 16:33:00
U380,44,1,,1,2026-08-24 15:28:00
U380,49,1,3.0,1,2026-06-26 11:53:00
U380,50,1,4.0,1,2026-08-01 10:50:00
U380,59,1,,1,2026-05-28 16:53:00
U380,60,7,4.0,7,2026-04-25 11:47:00
U380,65,3,,2,2026-04-10 14:51:00
U380,67,1,4.0,1,2026-06-22 13:21:00
U380,70,1,3.0,1,2025-12-02 19:51:00
U380,81,1,,1,2026-03-31 15:39:00
U380,83,1,,1,2026-09-30 16:47:00
U380,87,1,,1,2026-09-29 16:55:00
U380,88,12,2.67,12,2026-07-09 07:29:00
U380,89,1,,1,2026-06-26 11:53:00
U380,94,1,,1,2026-02-19 12:51:00
U380,97,2,,2,2026-04-16 17:27:00
U380,98,2,4.0,2,2026-04-21 13:50:00
U380,100,2,,2,2026-03-16 08:56:00
U380,101,7,3.0,7,2026-08-01 10:50:00
U380,102,1,,1,2025-12-22 07:11:00
U381,2,1,,1,2026-05-02 18:52:00
U381,10,1,,1,2026-01-01 21:57:00
U381,11,1,,1,2025-11-25 21:10:00
U381,13,1,,1,2025-10-21 17:46:00
U381,14,1,,1,2026-05-09 14:48:00
U381,15,1,,1,2026-02-14 14:35:00
U381,18,1,,1,2026-05-22 18:33:00
U381,24,1,,1,2026-04-28 14:30:00
U381,25,1,,1,2026-06-23 14:08:00
U381,27,1,,1,2025-10-12 14:37:00
U381,36,17,5.0,17,2026-06-28 14:30:00
U381,37,14,5.0,13,2026-06-11 14:35:00
U381,38,23,4.12,23,2026-06-28 14:30:00
U381,39,13,3.8,13,2026-05-30 10:05:00
U381,40,7,3.5,6,2026-05-23 15:33:00
U381,41,3,4.0,3,2026-06-01 13:34:00
U381,43,9,4.0,9,2026-06-04 16:06:00
U381,44,2,,2,2026-07-02 17:26:00
U381,45,2,,2,2026-04-30 14:13:00
U381,46,1,,1,2026-06-09 17:31:00
U381,48,4,,4,2026-03-22 18:34:00
U381,49,6,3.5,6,2026-06-09 17:31:00
U381,64,1,,1,2026-04-28 14:30:00
U381,70,1,3.0,1,2025-12-24 09:53:00
U381,75,1,,1,2026-04-21 21:38:00
U381,91,3,4.0,3,2026-04-28 14:30:00
U381,92,4,3.0,4,2026-05-09 14:48:00
U381,94,6,3.25,6,2026-04-11 12:59:00
U381,95,2,,2,2026-04-21 21:38:00
U381,96,4,3.0,4,2026-05-25 11:52:00
U381,97,1,,1,2026-03-22 18:34:00
U381,98,2,5.0,2,2026-04-14 16:45:00
U381,100,4,3.0,4,2026-05-22 18:33:00
U381,101,6,4.0,6,2026-05-30 10:05:00
U381,102,9,4.5,9,2026-07-02 17:26:00
U382,1,6,4.0,6,2026-08-05 09:36:00
U382,2,26,5.0,25,2026-09-19 10:33:00
U382,3,1,,1,2025-10-17 11:22:00
U382,4,1,3.0,1,2026-09-04 07:20:00
U382,5,21,3.88,18,2026-09-19 10:33:00
U382,6,9,3.67,8,2026-07-22 12:56:00
U382,7,16,3.67,15,2026-08-20 08:36:00
U382,8,4,3.0,4,2026-09-11 15:15:00
U382,9,4,3.0,4,2026-08-26 08:34:00
U382,13,1,,1,2026-07-20 09:52:00
U382,15,1,,1,2026-08-30 14:13:00
U382,17,1,3.0,1,2025-11-14 14:26:00
U382,21,1,3.0,1,2026-09-18 15:46:00
U382,25,2,,2,2026-06-19 08:26:00
U382,27,1,,1,2026-07-21 09:17:00
U382,29,1,,1,2026-04-03 11:42:00
U382,31,1,2.0,1,2026-09-08 16:27:00
U382,34,1,,1,2026-05-25 15:48:00
U382,39,1,,1,2026-02-06 12:59:00
U382,45,1,,1,2026-08-17 12:10:00
U382,51,1,2.0,1,2025-10-18 09:32:00
U382,57,1,,1,2026-08-17 16:18:00
U382,63,1,,1,2026-01-18 09:56:00
U382,65,1,2.0,1,2026-03-16 15:01:00
U382,69,1,,1,2026-04-22 08:02:00
U382,70,5,2.33,5,2026-06-24 12:36:00
U382,77,2,2.0,2,2026-05-17 11:12:00
U382,80,13,3.0,13,2026-09-18 15:46:00
U382,82,1,3.0,1,2026-01-06 07:15:00
U382,83,1,,1,2026-08-17 12:10:00
U382,85,20,2.8,20,2026-09-11 15:15:00
U382,86,1,,1,2026-01-18 09:56:00
U382,89,3,3.0,2,2026-04-17 18:12:00
U382,98,2,,2,2026-08-04 12:35:00
U382,99,1,3.0,1,2025-10-17 11:22:00
U382,100,9,4.33,9,2026-09-19 10:33:00
U382,101,23,3.44,23,2026-09-08 08:37:00
U382,102,10,3.4,10,2026-08-26 08:34:00
U383,2,1,,1,2026-07-23 07:05:00
U383,4,1,3.0,1,2026-04-13 11:44:00
U383,5,1,,1,2026-06-09 16:58:00
U383,6,7,3.25,7,2026-06-16 19:11:00
U383,7,1,2.0,1,2026-06-14 14:57:00
U383,10,3,,3,2026-05-21 15:39:00
U383,12,1,3.0,1,2025-10-27 19:53:00
U383,13,6,4.0,6,2026-05-20 08:28:00
U383,14,1,,1,2026-05-01 13:54:00
U383,15,3,,3,2026-02-24 14:27:00
U383,18,2,3.0,2,2026-06-09 16:58:00
U383,19,1,5.0,1,2026-05-08 16:14:00
U383,20,1,4.0,1,2026-02-16 07:19:00
U383,21,2,5.0,2,2026-09-15 15:45:00
U383,22,2,4.0,2,2026-04-04 10:07:00
U383,23,3,3.5,3,2026-08-24 14:29:00
U383,25,1,,1,2026-05-01 13:54:00
U383,27,1,,1,2025-10-27 19:53:00
U383,28,1,,1,2026-05-27 09:15:00
U383,32,2,2.0,2,2026-06-09 16:58:00
U383,33,2,,2,2026-05-13 14:30:00
U383,34,5,2.0,5,2026-07-06 09:41:00
U383,36,1,,1,2026-02-04 15:12:00
U383,37,1,,1,2026-06-21 09:41:00
U383,47,1,,1,2026-09-22 17:41:00
U383,49,4,3.0,4,2026-09-20 15:47:00
U383,50,2,3.0,2,2026-01-15 07:43:00
U383,51,1,3.0,1,2026-06-16 18:27:00
U383,52,1,3.0,1,2025-12-11 07:36:00
U383,64,1,2.0,1,2026-06-15 12:08:00
U383,65,2,2.0,2,2026-07-29 19:21:00
U383,69,1,,1,2026-07-16 09:14:00
U383,71,57,3.1,56,2026-09-27 10:42:00
U383,76,1,3.0,1,2025-12-09 08:30:00
U383,77,1,,1,2026-02-05 13:07:00
U383,79,1,,1,2026-07-08 14:47:00
U383,82,1,3.0,1,2026-07-20 07:46:00
U383,85,1,,1,2026-08-18 16:16:00
U383,92,1,,1,2026-04-13 15:44:00
U383,94,28,3.17,28,2026-09-23 13:52:00
U383,96,4,3.0,4,2026-03-15 15:02:00
U383,97,1,,1,2026-05-19 16:37:00
U383,98,4,4.33,4,2026-09-10 17:20:00
U383,99,1,,1,2026-09-22 17:41:00
U383,100,6,3.5,6,2026-05-08 16:14:00
U383,101,9,4.2,9,2026-07-29 19:21:00
U383,102,5,4.0,5,2026-09-27 10:42:00
U384,2,1,2.0,1,2026-05-10 09:54:00
U384,19,1,2.0,1,2026-06-18 09:41:00
U384,37,5,4.0,5,2026-09-04 08:38:00
U384,38,2,,2,2026-08-29 20:36:00
U384,39,2,3.5,2,2026-04-14 09:47:00
U384,40,3,3.0,3,2026-07-07 07:00:00
U384,41,1,,1,2026-02-22 17:12:00
U384,43,2,,2,2026-05-19 12:04:00
U384,44,1,,1,2026-04-13 15:48:00
U384,48,6,3.5,6,2026-08-21 14:03:00
U384,52,1,,1,2026-08-13 08:03:00
U384,69,1,4.0,1,2026-01-25 14:53:00
U384,73,1,,1,2026-07-27 16:58:00
U384,77,1,,1,2026-09-10 15:21:00
U384,84,2,,2,2026-04-17 12:02:00
U384,92,13,4.25,13,2026-09-19 11:13:00
U384,94,1,3.0,1,2025-10-30 18:10:00
U384,95,6,3.5,6,2026-09-10 15:21:00
U384,96,2,2.0,2,2026-07-25 17:34:00
U384,98,1,,1,2026-03-29 16:24:00
U384,99,1,,1,2026-09-19 11:13:00
U384,100,4,3.5,4,2026-09-02 09:45:00
U384,101,2,,2,2026-09-10 08:12:00
U384,102,3,,3,2026-09-19 11:13:00
U385,1,1,,1,2026-02-28 09:21:00
U385,2,5,,5,2026-06-13 10:33:00
U385,4,2,4.0,2,2026-07-30 18:01:00
U385,5,1,,1,2026-03-15 10:57:00
U385,6,5,5.0,5,2026-04-10 14:03:00
U385,7,6,4.0,6,2026-03-28 13:19:00
U385,9,1,,1,2026-06-01 17:45:00
U385,10,5,5.0,4,2026-09-25 13:06:00
U385,20,1,,1,2026-02-28 09:21:00
U385,22,1,4.0,1,2026-03-15 10:57:00
U385,27,1,,1,2026-07-02 16:55:00
U385,28,1,,1,2026-04-10 17:28:00
U385,29,2,4.0,2,2026-03-15 15:20:00
U385,31,1,,1,2026-03-22 15:45:00
U385,42,1,4.0,1,2026-06-17 19:21:00
U385,45,1,,1,2026-03-27 11:56:00
U385,50,2,3.0,2,2026-05-10 18:19:00
U385,51,1,,1,2026-03-22 15:45:00
U385,75,2,4.0,2,2026-06-19 13:09:00
U385,76,2,4.0,2,2026-05-10 18:19:00
U385,79,1,,1,2026-04-03 16:30:00
U385,82,1,,1,2026-05-10 09:29:00
U385,84,1,,1,2026-08-06 17:18:00
U385,85,3,,3,2026-06-12 17:07:00
U385,86,1,4.0,1,2026-05-27 08:16:00
U385,87,1,,1,2026-06-23 10:00:00
U385,88,2,,2,2026-02-28 13:01:00
U385,89,1,3.0,1,2026-06-23 16:34:00
U385,90,1,5.0,1,2026-06-23 10:00:00
U385,92,1,2.0,1,2026-04-10 17:28:00
U385,98,2,,2,2026-08-15 11:15:00
U385,99,1,,1,2026-06-17 19:21:00
U385,100,3,4.0,3,2026-06-13 10:33:00
U385,101,7,4.25,7,2026-09-25 13:06:00
U386,1,1,,1,2026-08-29 15:42:00
U386,2,4,4.5,4,2026-09-15 09:44:00
U386,6,2,,1,2026-08-18 14:50:00
U386,9,3,4.0,3,2026-09-28 15:12:00
U386,11,1,,1,2026-09-23 08:03:00
U386,27,1,4.0,1,2026-09-15 09:44:00
U386,42,1,2.0,1,2026-09-23 08:03:00
U386,99,1,3.0,1,2026-08-04 08:37:00
U386,100,1,,1,2026-09-15 09:44:00
U386,101,2,4.0,2,2026-09-23 08:03:00
U386,102,1,3.0,1,2026-09-03 07:43:00
U387,5,1,,1,2026-03-18 14:57:00
U387,6,1,,1,2026-02-25 13:21:00
U387,12,3,2.0,3,2026-08-08 18:53:00
U387,23,1,,1,2025-10-12 19:17:00
U387,29,1,,1,2026-07-03 21:56:00
U387,37,12,4.67,12,2026-09-26 16:46:00
U387,38,2,3.0,2,2026-06-07 19:17:00
U387,39,12,3.0,11,2026-08-12 21:31:00
U387,41,1,3.0,1,2026-09-26 16:46:00
U387,42,2,,2,2026-03-05 09:23:00
U387,46,1,,1,2026-06-07 19:17:00
U387,69,1,4.0,1,2026-07-03 20:08:00
U387,71,1,,1,2026-01-24 21:15:00
U387,78,1,4.0,1,2026-08-08 18:53:00
U387,91,3,,3,2026-01-29 20:28:00
U387,93,1,,1,2026-07-05 20:18:00
U387,95,2,,2,2026-08-08 14:08:00
U387,97,2,,2,2026-07-20 17:24:00
U387,99,1,,1,2026-02-03 10:25:00
U387,100,1,,1,2026-04-15 18:50:00
U387,101,2,1.0,2,2025-10-13 20:08:00
U387,102,2,3.0,2,2025-11-23 11:28:00
U388,1,2,5.0,2,2026-07-30 07:54:00
U388,2,1,,1,2026-09-21 06:05:00
U388,4,2,,2,2026-07-19 08:13:00
U388,5,6,4.0,6,2026-07-26 09:30:00
U388,6,5,,5,2026-09-23 09:22:00
U388,7,4,4.0,4,2026-09-14 16:37:00
U388,8,1,,1,2026-05-26 08:05:00
U388,10,1,,1,2026-08-02 06:48:00
U388,11,2,3.0,2,2026-09-02 07:18:00
U388,19,1,3.0,1,2026-06-11 06:49:00
U388,22,1,4.0,1,2026-09-30 16:14:00
U388,32,1,3.0,1,2026-06-28 17:01:00
U388,34,1,3.0,1,2026-04-19 09:57:00
U388,35,1,,1,2026-09-15 07:13:00
U388,37,2,,2,2026-09-21 06:05:00
U388,41,8,3.33,8,2026-09-30 07:18:00
U388,49,3,3.0,3,2026-09-26 08:34:00
U388,52,2,,2,2026-08-05 15:28:00
U388,56,3,4.0,3,2026-05-30 16:06:00
U388,57,1,,1,2026-05-22 17:41:00
U388,58,27,3.4,25,2026-09-25 08:08:00
U388,63,1,,1,2026-06-24 16:22:00
U388,64,1,2.0,1,2026-09-14 16:37:00
U388,78,1,3.0,1,2026-07-24 14:01:00
U388,86,1,,1,2026-08-23 08:09:00
U388,89,1,,1,2026-09-26 08:34:00
U388,90,1,3.0,1,2026-04-19 09:57:00
U388,93,1,2.0,1,2026-07-12 16:44:00
U388,98,2,,2,2026-08-23 08:09:00
U388,99,3,4.0,3,2026-09-26 08:34:00
U388,100,3,3.0,3,2026-09-30 07:18:00
U388,101,10,3.67,10,2026-09-23 09:22:00
U388,102,2,4.5,2,2026-09-26 08:34:00
U389,27,13,4.5,13,2026-08-28 13:51:00
U389,28,2,3.0,2,2026-07-28 17:22:00
U389,29,3,,3,2026-08-20 09:17:00
U389,31,3,3.0,3,2026-07-04 13:49:00
U389,32,2,3.0,2,2025-12-21 13:38:00
U389,33,2,,2,2026-06-29 09:42:00
U389,35,1,,1,2026-08-23 11:13:00
U389,37,2,,2,2026-08-23 11:13:00
U389,40,1,,1,2026-08-23 11:13:00
U389,45,3,,3,2026-09-10 17:21:00
U389,62,1,,1,2026-03-10 11:42:00
U389,70,1,,1,2026-03-23 14:42:00
U389,79,1,,1,2026-07-28 17:22:00
U389,96,1,2.0,1,2026-07-22 19:46:00
U389,98,1,,1,2026-03-17 14:47:00
U389,100,2,2.0,2,2026-01-17 13:28:00
U389,101,1,3.0,1,2026-06-29 09:42:00
U389,102,4,2.5,4,2026-07-27 15:13:00
U390,6,1,,1,2026-08-28 14:33:00
U390,12,5,4.0,4,2026-09-29 15:30:00
U390,15,8,4.5,8,2026-08-09 14:19:00
U390,19,1,3.0,1,2026-04-17 15:40:00
U390,21,1,3.0,1,2026-07-25 14:41:00
U390,24,2,4.0,2,2026-06-30 08:33:00
U390,25,1,,1,2026-07-22 14:52:00
U390,37,1,,1,2026-07-21 17:36:00
U390,39,1,,1,2026-07-22 14:52:00
U390,40,1,,1,2026-02-16 08:31:00
U390,47,2,,2,2026-07-22 14:52:00
U390,49,1,,1,2026-02-01 14:25:00
U390,79,1,,1,2026-04-16 15:06:00
U390,93,7,2.75,7,2026-08-04 19:58:00
U390,94,2,4.0,2,2026-03-15 17:06:00
U390,97,1,,1,2026-02-01 14:25:00
U390,98,3,4.0,3,2026-07-22 14:52:00
U390,101,8,4.5,8,2026-09-29 15:30:00
U390,102,2,,2,2026-07-21 17:36:00
U391,7,1,,1,2025-10-01 14:07:00
U391,10,2,,2,2026-09-23 14:10:00
U391,13,1,,1,2026-09-16 07:35:00
U391,17,2,,2,2026-05-08 09:56:00
U391,18,1,4.0,1,2026-03-25 07:48:00
U391,23,2,4.0,2,2026-07-24 14:00:00
U391,30,10,3.0,10,2026-05-28 07:05:00
U391,37,1,,1,2026-02-17 12:12:00
U391,42,2,,2,2026-09-23 14:10:00
U391,44,1,,1,2026-08-24 09:15:00
U391,46,1,,1,2026-03-12 12:32:00
U391,49,1,,1,2026-08-29 09:56:00
U391,51,1,,1,2026-02-06 07:21:00
U391,56,2,,2,2026-04-02 14:41:00
U391,57,1,4.0,1,2026-06-20 09:21:00
U391,60,3,4.0,3,2026-06-15 09:58:00
U391,61,1,,1,2026-02-17 12:12:00
U391,65,1,,1,2026-04-02 14:41:00
U391,66,1,5.0,1,2026-06-20 19:53:00
U391,70,2,2.0,2,2026-07-30 14:14:00
U391,74,2,4.0,2,2026-08-24 09:15:00
U391,76,4,3.33,4,2026-06-01 18:22:00
U391,77,2,,2,2026-07-24 14:00:00
U391,79,2,,2,2026-07-12 17:13:00
U391,80,1,,1,2026-08-19 18:39:00
U391,83,1,,1,2026-08-24 09:15:00
U391,86,1,3.0,1,2026-07-29 07:21:00
U391,89,1,,1,2026-04-02 08:35:00
U391,91,1,,1,2025-11-19 09:09:00
U391,94,8,4.0,8,2026-07-30 14:14:00
U391,96,1,,1,2025-10-25 18:10:00
U391,98,1,,1,2026-02-17 12:12:00
U391,100,4,4.0,4,2026-04-13 16:42:00
U391,101,7,4.0,7,2026-09-23 14:10:00
U392,1,106,4.61,97,2026-09-30 18:44:00
U392,2,6,4.67,6,2026-09-05 09:02:00
U392,4,4,4.5,4,2026-08-05 07:38:00
U392,5,1,3.0,1,2025-10-05 09:00:00
U392,6,1,,1,2026-03-02 11:13:00
U392,7,2,4.0,2,2026-06-23 07:57:00
U392,10,1,2.0,1,2026-07-03 12:42:00
U392,11,1,,1,2026-06-02 13:47:00
U392,20,1,3.0,1,2026-08-16 15:07:00
U392,26,1,,1,2026-09-14 11:00:00
U392,27,1,2.0,1,2026-01-12 12:34:00
U392,32,1,,1,2025-10-27 07:02:00
U392,33,1,,1,2026-02-03 08:39:00
U392,34,1,2.0,1,2026-01-08 08:52:00
U392,36,2,4.0,2,2025-11-29 20:02:00
U392,41,3,4.0,3,2026-07-30 19:19:00
U392,42,1,,1,2026-06-14 15:28:00
U392,44,1,,1,2026-06-12 15:45:00
U392,45,3,3.0,3,2026-06-04 16:23:00
U392,46,1,4.0,1,2026-09-14 11:00:00
U392,49,1,2.0,1,2026-05-03 14:26:00
U392,68,1,,1,2026-08-06 07:16:00
U392,69,1,,1,2026-05-18 15:51:00
U392,71,1,3.0,1,2025-12-15 08:54:00
U392,73,1,,1,2026-07-17 08:45:00
U392,78,13,2.67,13,2026-06-04 09:17:00
U392,85,1,,1,2026-09-28 08:40:00
U392,86,1,4.0,1,2026-08-24 08:58:00
U392,88,1,,1,2026-04-14 07:50:00
U392,90,1,3.0,1,2025-12-20 19:02:00
U392,92,1,4.0,1,2026-08-29 17:13:00
U392,95,1,4.0,1,2025-10-16 09:39:00
U392,97,1,,1,2026-09-29 19:59:00
U392,98,5,4.0,5,2026-05-08 09:17:00
U392,100,8,3.0,8,2026-08-28 12:19:00
U392,101,27,3.5,27,2026-09-28 08:40:00
U392,102,15,3.56,15,2026-09-14 11:00:00
U393,6,1,,1,2026-07-14 13:16:00
U393,9,6,5.0,5,2026-05-13 16:37:00
U393,11,1,,1,2026-02-15 21:02:00
U393,30,1,3.0,1,2026-03-03 17:09:00
U393,35,1,,1,2026-08-23 10:42:00
U393,43,1,,1,2026-09-21 15:00:00
U393,47,1,2.0,1,2026-01-09 10:49:00
U393,53,1,,1,2025-11-20 16:54:00
U393,54,8,5.0,7,2026-06-07 19:11:00
U393,57,1,,1,2026-01-03 21:28:00
U393,59,1,,1,2026-08-20 17:15:00
U393,60,1,,1,2026-07-14 13:16:00
U393,61,2,3.0,2,2026-09-25 17:46:00
U393,62,30,2.5,29,2026-09-15 11:24:00
U393,66,1,,1,2026-05-14 13:09:00
U393,69,1,,1,2025-10-02 17:41:00
U393,77,1,,1,2026-02-15 21:02:00
U393,98,4,,4,2026-08-28 14:36:00
U393,100,5,,5,2026-06-07 19:11:00
U393,101,2,,2,2025-10-31 14:45:00
U393,102,2,3.0,2,2026-09-15 11:24:00
U394,36,1,,1,2026-04-03 11:21:00
U394,37,4,,4,2026-04-27 21:09:00
U394,38,1,,1,2026-08-02 13:10:00
U394,39,2,4.0,2,2026-08-19 17:08:00
U394,41,3,,3,2026-08-15 10:27:00
U394,42,1,,1,2026-06-30 09:43:00
U394,43,1,,1,2026-06-30 09:43:00
U394,44,11,4.0,10,2026-09-08 18:54:00
U394,48,3,3.0,3,2026-09-09 09:51:00
U394,49,1,,1,2026-06-01 13:53:00
U394,62,1,3.0,1,2026-08-10 19:35:00
U394,70,2,,2,2026-04-25 10:06:00
U394,71,1,,1,2026-06-22 19:33:00
U394,73,7,2.5,7,2026-08-19 17:08:00
U394,80,4,,4,2026-07-04 16:50:00
U394,89,1,,1,2026-08-24 13:59:00
U394,91,1,,1,2025-12-10 15:01:00
U394,93,2,,2,2026-08-19 17:08:00
U394,94,1,,1,2026-03-31 15:04:00
U394,95,2,,2,2026-09-06 20:25:00
U394,98,1,,1,2025-11-19 18:48:00
U394,100,4,,4,2026-04-25 10:06:00
U394,101,1,,1,2025-12-18 16:47:00
U394,102,5,,5,2026-09-08 18:54:00
U395,8,1,2.0,1,2026-08-07 10:54:00
U395,12,1,,1,2026-06-26 14:57:00
U395,31,1,2.0,1,2026-07-16 15:26:00
U395,46,1,,1,2026-04-27 19:39:00
U395,47,1,2.0,1,2026-05-24 21:03:00
U395,51,1,3.0,1,2026-06-10 16:27:00
U395,53,1,3.0,1,2025-12-13 11:06:00
U395,59,3,,3,2026-07-09 16:00:00
U395,60,1,2.0,1,2025-12-13 11:06:00
U395,62,5,2.67,5,2026-09-03 17:40:00
U395,67,1,,1,2026-04-01 14:23:00
U395,70,1,,1,2026-04-01 14:23:00
U395,71,1,,1,2026-05-31 15:27:00
U395,73,5,,5,2026-08-26 15:23:00
U395,75,3,4.0,3,2026-06-26 21:48:00
U395,77,7,3.5,7,2026-08-07 10:54:00
U395,78,5,4.0,5,2026-09-16 09:28:00
U395,79,1,,1,2026-07-09 18:14:00
U395,81,2,3.0,2,2026-07-11 16:02:00
U395,82,1,,1,2026-03-05 14:24:00
U395,97,1,,1,2025-12-19 17:06:00
U395,100,2,4.0,2,2025-12-19 17:06:00
U395,101,2,4.0,2,2026-08-07 10:54:00
U395,102,1,,1,2026-07-11 16:02:00
U396,1,24,4.67,23,2026-09-30 16:59:00
U396,2,23,4.14,23,2026-09-29 08:28:00
U396,4,5,4.0,5,2026-09-16 07:07:00
U396,5,34,4.6,33,2026-09-21 08:52:00
U396,6,7,3.0,6,2026-08-02 15:28:00
U396,7,6,,6,2026-09-16 08:52:00
U396,8,2,3.0,2,2026-04-23 15:30:00
U396,9,4,4.0,4,2026-06-16 16:32:00
U396,10,12,3.0,11,2026-09-03 07:49:00
U396,11,1,,1,2026-04-18 20:40:00
U396,13,4,3.0,4,2026-09-12 09:06:00
U396,15,1,,1,2026-04-30 11:03:00
U396,21,1,2.0,1,2026-07-08 11:01:00
U396,26,1,,1,2026-02-11 13:04:00
U396,27,3,,3,2026-05-19 11:03:00
U396,32,1,,1,2026-08-20 08:26:00
U396,37,1,,1,2026-07-13 12:08:00
U396,41,1,,1,2026-03-08 15:01:00
U396,43,1,,1,2026-08-24 16:05:00
U396,45,2,,2,2026-05-29 08:57:00
U396,46,1,,1,2026-08-03 12:48:00
U396,48,1,,1,2026-04-18 16:28:00
U396,49,1,3.0,1,2026-09-30 16:59:00
U396,50,5,3.0,5,2026-09-29 12:51:00
U396,52,1,,1,2025-11-16 11:36:00
U396,53,1,2.0,1,2025-12-14 16:13:00
U396,66,1,4.0,1,2026-04-21 09:33:00
U396,67,1,,1,2026-03-25 15:49:00
U396,69,1,3.0,1,2026-03-20 18:01:00
U396,83,1,3.0,1,2025-12-14 17:01:00
U396,85,2,,2,2026-02-07 14:49:00
U396,92,1,,1,2026-08-27 09:18:00
U396,94,3,3.0,3,2026-07-31 08:45:00
U396,96,1,3.0,1,2026-03-16 19:04:00
U396,98,5,,5,2026-09-03 07:49:00
U396,99,4,,4,2026-05-04 17:42:00
U396,100,12,4.0,12,2026-09-29 08:28:00
U396,101,26,3.75,26,2026-09-16 08:52:00
U396,102,5,4.5,5,2026-08-29 09:53:00
U397,3,5,5.0,5,2026-09-03 09:19:00
U397,5,2,3.0,2,2025-12-29 07:20:00
U397,6,1,,1,2026-01-09 09:54:00
U397,13,1,,1,2025-10-01 12:14:00
U397,21,1,,1,2026-07-10 09:50:00
U397,23,3,3.0,3,2026-08-17 18:15:00
U397,26,8,4.57,8,2026-04-22 15:29:00
U397,27,2,,2,2025-12-16 07:32:00
U397,28,5,4.67,5,2026-05-15 07:40:00
U397,30,7,5.0,7,2026-08-30 14:15:00
U397,31,2,4.0,2,2026-02-25 09:45:00
U397,33,1,,1,2026-06-24 15:07:00
U397,34,1,,1,2026-02-19 19:44:00
U397,41,1,,1,2026-04-28 07:40:00
U397,45,8,3.0,8,2026-06-07 17:20:00
U397,47,3,3.5,3,2026-09-25 17:37:00
U397,64,1,,1,2025-10-09 19:55:00
U397,80,5,4.0,5,2026-09-17 16:35:00
U397,83,1,3.0,1,2025-11-20 07:42:00
U397,100,7,4.5,7,2026-09-03 09:19:00
U397,101,5,4.0,5,2026-08-17 18:15:00
U398,2,1,,1,2026-03-11 12:27:00
U398,6,1,,1,2026-03-25 16:41:00
U398,7,1,,1,2026-06-26 08:56:00
U398,10,3,4.0,3,2026-09-25 07:18:00
U398,14,1,3.0,1,2026-07-13 13:45:00
U398,15,2,,2,2026-03-11 12:27:00
U398,19,1,,1,2026-06-30 08:38:00
U398,31,6,4.5,6,2026-07-16 09:28:00
U398,32,7,3.67,7,2026-05-25 08:23:00
U398,33,2,4.0,2,2026-09-01 07:48:00
U398,39,1,,1,2026-07-13 13:45:00
U398,41,1,4.0,1,2026-03-16 12:34:00
U398,42,2,4.0,2,2026-09-25 13:15:00
U398,49,1,4.0,1,2025-12-28 11:00:00
U398,63,1,4.0,1,2026-05-02 17:02:00
U398,64,1,,1,2026-09-10 08:28:00
U398,65,1,,1,2026-07-29 09:29:00
U398,67,1,,1,2026-03-16 11:52:00
U398,72,1,,1,2026-05-02 17:02:00
U398,75,2,4.0,2,2026-04-27 09:42:00
U398,85,1,,1,2026-09-02 14:57:00
U398,86,2,4.0,2,2026-07-27 15:08:00
U398,88,2,,2,2026-05-24 17:18:00
U398,91,2,,2,2026-07-13 13:45:00
U398,93,1,,1,2026-09-11 11:55:00
U398,97,3,4.0,3,2026-04-15 07:13:00
U398,98,1,,1,2026-05-02 17:02:00
U398,99,1,4.0,1,2026-06-30 08:38:00
U398,100,5,4.0,5,2026-09-11 11:55:00
U398,101,6,3.0,6,2026-07-13 13:45:00
U398,102,2,3.0,2,2026-03-16 12:34:00
U399,1,1,,1,2026-07-21 09:07:00
U399,5,1,4.0,1,2025-11-18 09:13:00
U399,6,2,,2,2026-01-15 07:40:00
U399,7,1,,1,2026-04-24 08:21:00
U399,8,1,3.0,1,2026-04-06 16:15:00
U399,10,1,,1,2026-02-05 16:07:00
U399,15,1,3.0,1,2026-07-30 15:52:00
U399,23,13,1.71,13,2026-09-08 13:25:00
U399,26,7,2.0,7,2026-08-08 15:36:00
U399,53,1,,1,2025-12-08 12:11:00
U399,60,1,,1,2025-10-10 07:25:00
U399,63,1,,1,2026-01-10 15:20:00
U399,65,1,3.0,1,2026-07-30 15:52:00
U399,66,1,2.0,1,2026-05-14 09:35:00
U399,69,4,,4,2026-08-18 08:56:00
U399,72,1,,1,2026-04-24 08:21:00
U399,85,10,2.67,8,2026-09-02 07:39:00
U399,94,2,,2,2026-07-04 17:40:00
U399,99,1,2.0,1,2026-08-08 15:36:00
U399,100,6,3.0,6,2026-09-08 13:25:00
U399,101,5,3.0,5,2026-09-02 07:39:00
U400,2,1,,1,2025-12-04 12:39:00
U400,3,2,2.0,2,2026-07-01 08:18:00
U400,4,1,4.0,1,2026-03-06 13:32:00
U400,7,1,,1,2026-09-21 15:24:00
U400,8,1,,1,2026-01-10 09:17:00
U400,9,1,3.0,1,2026-04-10 07:01:00
U400,16,1,,1,2026-04-27 08:24:00
U400,17,1,,1,2026-06-02 11:38:00
U400,19,2,,2,2026-07-28 15:28:00
U400,23,1,,1,2026-03-06 08:07:00
U400,24,1,,1,2026-04-02 11:14:00
U400,36,8,3.0,8,2026-09-24 08:26:00
U400,37,54,4.8,52,2026-09-21 15:24:00
U400,38,3,,3,2026-01-25 18:41:00
U400,39,2,,2,2026-04-02 07:54:00
U400,40,17,4.33,16,2026-06-29 16:25:00
U400,41,1,,1,2026-03-12 14:01:00
U400,42,3,,3,2026-05-20 16:22:00
U400,43,6,,6,2026-09-02 16:28:00
U400,44,8,4.5,8,2026-09-11 16:02:00
U400,46,2,,2,2026-05-13 15:42:00
U400,48,5,4.0,5,2026-08-31 13:14:00
U400,49,5,3.0,5,2026-09-09 13:47:00
U400,51,1,,1,2026-05-05 13:12:00
U400,53,3,3.0,3,2026-07-13 13:28:00
U400,54,1,,1,2025-12-05 15:25:00
U400,56,1,,1,2025-12-25 15:05:00
U400,60,1,,1,2026-07-02 14:53:00
U400,75,1,,1,2026-01-06 12:59:00
U400,78,1,,1,2026-05-20 16:22:00
U400,81,2,,2,2026-09-18 14:00:00
U400,89,1,,1,2026-09-26 18:18:00
U400,91,4,4.0,4,2026-09-11 16:02:00
U400,92,2,,2,2026-09-18 14:00:00
U400,93,1,,1,2026-03-03 17:10:00
U400,94,4,,4,2026-08-21 15:07:00
U400,95,2,4.0,2,2026-09-15 12:56:00
U400,96,2,,2,2026-01-28 09:48:00
U400,98,6,3.0,6,2026-08-31 13:14:00
U400,99,2,,2,2026-05-02 09:43:00
U400,100,11,4.33,11,2026-07-28 15:28:00
U400,101,7,3.0,7,2026-09-26 18:18:00
U400,102,9,,9,2026-07-10 07:37:00
U401,3,2,,2,2026-07-25 15:17:00
U401,10,1,,1,2026-05-30 14:42:00
U401,11,1,3.0,1,2026-06-14 15:52:00
U401,18,2,2.0,2,2026-07-25 14:15:00
U401,26,1,,1,2026-02-06 11:24:00
U401,27,1,,1,2025-12-24 21:08:00
U401,28,1,,1,2026-01-28 15:42:00
U401,29,3,4.0,3,2026-05-21 15:22:00
U401,33,1,,1,2026-04-29 15:48:00
U401,40,1,3.0,1,2026-09-07 21:14:00
U401,43,2,,2,2026-06-25 14:40:00
U401,45,12,4.6,12,2026-09-28 13:51:00
U401,46,4,3.0,4,2026-08-23 10:01:00
U401,47,1,,1,2026-05-05 10:42:00
U401,49,2,,2,2026-09-19 20:35:00
U401,50,4,3.0,4,2026-03-27 09:42:00
U401,51,1,4.0,1,2026-08-09 14:39:00
U401,53,2,3.0,2,2026-08-09 14:39:00
U401,54,3,3.0,3,2026-05-16 19:23:00
U401,57,3,3.0,3,2026-07-04 19:13:00
U401,59,4,3.0,4,2026-06-25 14:40:00
U401,60,2,3.0,2,2026-08-21 20:16:00
U401,61,3,2.67,3,2026-07-02 20:12:00
U401,62,11,2.67,11,2026-09-17 21:07:00
U401,63,14,4.25,14,2026-09-26 21:31:00
U401,64,18,4.0,18,2026-07-25 15:17:00
U401,67,1,,1,2025-10-11 17:42:00
U401,68,1,,1,2026-04-26 18:45:00
U401,69,2,,2,2026-03-26 21:21:00
U401,70,1,,1,2026-01-04 18:42:00
U401,71,4,3.0,4,2026-07-27 14:46:00
U401,72,1,3.0,1,2026-06-21 17:53:00
U401,74,1,,1,2026-02-28 17:53:00
U401,75,2,,2,2026-01-23 18:27:00
U401,76,1,,1,2026-09-19 20:35:00
U401,79,2,,2,2026-05-14 16:44:00
U401,80,10,3.2,10,2026-07-15 18:06:00
U401,81,1,4.0,1,2026-03-28 14:08:00
U401,82,2,4.0,2,2026-03-16 15:06:00
U401,83,2,,2,2026-03-26 21:21:00
U401,84,2,3.0,2,2026-07-25 14:15:00
U401,85,1,,1,2026-08-04 17:10:00
U401,86,2,3.0,2,2026-05-06 13:32:00
U401,88,2,3.0,2,2026-07-18 16:57:00
U401,89,1,3.0,1,2025-11-07 13:13:00
U401,90,3,3.0,3,2026-05-31 14:02:00
U401,91,3,2.0,3,2026-09-28 14:16:00
U401,93,1,3.0,1,2026-07-25 15:17:00
U401,94,16,3.25,16,2026-09-27 17:30:00
U401,95,3,3.0,3,2026-06-17 16:00:00
U401,96,1,,1,2026-05-04 18:02:00
U401,97,9,3.0,9,2026-09-26 21:31:00
U401,98,5,4.67,5,2026-07-25 14:15:00
U401,99,3,4.0,3,2026-05-20 15:58:00
U401,100,15,3.67,15,2026-06-13 18:12:00
U401,101,10,3.5,10,2026-09-07 21:14:00
U401,102,5,,5,2026-08-04 17:10:00
U402,3,102,4.62,91,2026-09-28 13:03:00
U402,8,1,,1,2026-06-03 17:42:00
U402,10,1,,1,2026-09-17 16:55:00
U402,19,2,,2,2026-05-18 16:14:00
U402,23,3,,3,2026-08-30 10:49:00
U402,26,2,,2,2026-08-30 10:49:00
U402,27,7,3.0,7,2026-07-21 15:20:00
U402,28,2,,2,2026-04-16 19:50:00
U402,29,4,3.0,4,2026-08-08 16:50:00
U402,30,2,,2,2026-09-24 12:58:00
U402,31,1,3.0,1,2026-06-21 11:09:00
U402,32,3,3.0,3,2026-09-09 08:35:00
U402,34,2,2.0,2,2026-04-04 19:13:00
U402,35,7,3.75,7,2026-08-25 17:57:00
U402,36,1,,1,2025-11-07 09:07:00
U402,41,1,,1,2026-03-21 20:20:00
U402,46,1,,1,2026-07-16 14:34:00
U402,64,25,3.86,23,2026-09-24 11:03:00
U402,84,1,2.0,1,2026-03-08 15:33:00
U402,87,1,,1,2026-02-06 17:24:00
U402,88,1,,1,2025-12-24 14:10:00
U402,98,3,,3,2026-05-24 17:54:00
U402,99,1,,1,2026-05-19 14:25:00
U402,100,24,3.89,24,2026-09-17 16:55:00
U402,101,7,4.5,7,2026-06-04 08:17:00
U402,102,3,4.0,3,2026-09-17 11:54:00
U403,1,1,,1,2026-07-19 15:17:00
U403,2,7,4.5,7,2026-01-31 10:16:00
U403,7,1,,1,2026-01-11 18:54:00
U403,15,1,,1,2026-03-06 18:51:00
U403,34,1,3.0,1,2026-04-09 15:38:00
U403,41,1,,1,2026-04-09 15:38:00
U403,44,1,,1,2026-06-26 09:49:00
U403,55,1,,1,2026-05-02 18:45:00
U403,58,5,2.0,5,2026-07-04 11:08:00
U403,64,1,,1,2026-05-24 21:48:00
U403,65,1,,1,2026-08-09 18:09:00
U403,67,1,,1,2026-07-29 13:26:00
U403,69,4,,4,2026-02-11 15:20:00
U403,74,1,2.0,1,2026-09-07 17:23:00
U403,76,1,3.0,1,2026-01-11 18:54:00
U403,84,26,3.25,22,2026-09-30 10:02:00
U403,87,1,,1,2026-03-11 09:30:00
U403,89,1,,1,2026-08-26 16:02:00
U403,98,1,,1,2026-05-04 15:15:00
U403,99,1,,1,2025-11-01 14:23:00
U403,100,3,4.0,3,2026-07-19 15:17:00
U403,101,7,4.0,7,2026-07-19 15:17:00
U403,102,2,4.0,2,2026-05-08 15:45:00
U404,1,32,4.75,31,2026-09-23 10:39:00
U404,2,4,3.0,4,2026-06-30 11:30:00
U404,4,12,4.0,11,2026-08-16 15:42:00
U404,5,1,,1,2025-11-27 21:05:00
U404,6,18,3.17,18,2026-09-16 13:12:00
U404,7,51,3.95,48,2026-09-23 10:39:00
U404,8,3,2.0,3,2026-04-16 17:37:00
U404,11,1,,1,2026-02-16 17:17:00
U404,18,1,,1,2025-10-02 08:51:00
U404,19,1,1.0,1,2025-12-08 10:06:00
U404,26,9,3.0,9,2026-09-16 13:12:00
U404,27,1,,1,2026-09-09 13:56:00
U404,28,3,3.5,3,2026-07-29 17:32:00
U404,29,2,,2,2026-08-24 09:25:00
U404,31,2,2.5,2,2026-05-03 13:58:00
U404,38,1,2.0,1,2025-11-15 11:59:00
U404,40,1,2.0,1,2026-07-26 10:47:00
U404,41,1,3.0,1,2026-04-20 18:24:00
U404,46,2,,2,2026-09-16 13:12:00
U404,47,1,,1,2026-01-03 19:00:00
U404,51,2,2.0,2,2026-08-27 17:03:00
U404,54,1,,1,2026-08-14 16:12:00
U404,59,1,2.0,1,2026-08-27 17:03:00
U404,60,1,4.0,1,2026-06-15 18:57:00
U404,63,1,,1,2026-08-08 18:11:00
U404,64,1,,1,2026-06-13 11:37:00
U404,69,1,,1,2026-07-22 11:29:00
U404,72,3,,3,2026-06-28 19:33:00
U404,77,1,2.0,1,2026-07-26 10:47:00
U404,80,1,,1,2026-06-05 10:53:00
U404,85,1,,1,2026-06-09 08:10:00
U404,89,1,,1,2026-03-11 09:40:00
U404,92,2,3.0,2,2026-05-26 10:43:00
U404,95,1,4.0,1,2026-03-06 16:19:00
U404,98,5,4.0,5,2026-07-22 11:29:00
U404,99,4,3.0,4,2026-08-06 14:05:00
U404,100,13,3.75,13,2026-09-09 15:39:00
U404,101,16,3.57,16,2026-07-26 10:32:00
U404,102,5,4.0,5,2026-08-24 09:25:00
U405,14,2,,2,2026-09-28 09:30:00
U405,15,2,5.0,2,2026-09-03 09:12:00
U405,16,1,,1,2026-09-28 09:30:00
U405,89,1,1.0,1,2026-08-25 11:54:00
U406,14,1,,1,2026-09-18 07:42:00
U406,15,3,3.0,3,2026-09-07 15:32:00
U406,17,5,3.33,5,2026-09-29 07:44:00
U406,18,1,3.0,1,2026-08-19 16:59:00
U406,21,1,,1,2026-09-22 11:59:00
U406,22,1,,1,2026-09-25 15:41:00
U406,23,5,4.5,5,2026-09-23 11:53:00
U406,24,3,3.0,3,2026-09-25 08:28:00
U406,25,1,,1,2026-09-09 15:17:00
U406,52,1,,1,2026-08-11 15:54:00
U406,78,1,,1,2026-09-29 07:44:00
U406,98,1,,1,2026-08-19 16:59:00
U406,100,3,,3,2026-09-23 11:53:00
U406,101,2,3.0,2,2026-09-03 09:01:00
U407,2,1,,1,2026-06-23 08:56:00
U407,3,2,,2,2026-07-05 15:27:00
U407,5,2,3.0,2,2026-09-16 11:54:00
U407,6,4,,4,2026-09-03 11:04:00
U407,7,1,,1,2025-12-26 08:32:00
U407,10,1,,1,2026-08-22 09:55:00
U407,11,3,,3,2026-04-29 19:00:00
U407,12,1,,1,2026-06-30 11:14:00
U407,13,1,,1,2026-07-16 13:06:00
U407,14,9,5.0,9,2026-09-27 09:20:00
U407,15,12,4.4,12,2026-09-11 08:02:00
U407,16,2,3.0,2,2026-08-22 15:13:00
U407,18,8,4.0,8,2026-09-26 09:01:00
U407,19,7,4.67,7,2026-08-31 13:54:00
U407,20,13,3.33,12,2026-09-27 14:35:00
U407,21,2,4.0,2,2026-07-23 11:45:00
U407,22,67,4.86,62,2026-09-26 09:12:00
U407,23,2,,2,2026-04-01 08:09:00
U407,25,1,,1,2026-09-01 07:56:00
U407,26,1,3.0,1,2025-10-21 09:01:00
U407,29,1,,1,2026-09-15 08:45:00
U407,34,4,3.0,4,2026-09-28 11:44:00
U407,36,2,,2,2026-07-16 13:06:00
U407,39,1,2.0,1,2026-02-12 13:15:00
U407,40,1,,1,2025-11-16 14:56:00
U407,41,1,,1,2025-10-14 14:17:00
U407,44,1,2.0,1,2025-12-31 14:50:00
U407,50,1,2.0,1,2026-06-04 15:59:00
U407,54,1,,1,2025-11-16 14:56:00
U407,56,1,,1,2026-09-05 11:40:00
U407,57,1,2.0,1,2025-10-21 09:01:00
U407,62,1,,1,2026-01-05 09:23:00
U407,63,1,3.0,1,2026-08-21 16:37:00
U407,70,1,,1,2026-03-17 09:43:00
U407,71,1,,1,2025-10-14 14:17:00
U407,78,7,3.0,7,2026-01-23 15:16:00
U407,80,1,3.0,1,2026-02-04 13:07:00
U407,85,1,4.0,1,2026-06-22 12:44:00
U407,88,1,,1,2026-07-01 09:12:00
U407,89,2,,2,2026-04-25 16:28:00
U407,91,1,,1,2026-03-26 14:20:00
U407,98,9,4.0,9,2026-07-30 14:00:00
U407,99,3,3.5,3,2026-09-28 11:44:00
U407,100,15,3.67,15,2026-09-03 11:04:00
U407,101,21,4.25,21,2026-09-26 09:12:00
U407,102,3,3.5,3,2026-07-15 12:16:00
U408,3,7,3.67,7,2026-09-29 12:23:00
U408,7,2,,2,2026-03-12 08:19:00
U408,18,1,2.0,1,2025-12-27 11:09:00
U408,22,1,2.0,1,2026-05-04 12:16:00
U408,26,1,,1,2026-02-27 15:17:00
U408,27,7,5.0,7,2026-09-11 07:17:00
U408,28,1,3.0,1,2026-03-09 11:05:00
U408,35,2,2.0,2,2026-05-20 19:32:00
U408,37,1,,1,2026-05-04 12:16:00
U408,41,2,4.0,2,2026-03-25 08:38:00
U408,50,1,1.0,1,2025-12-31 08:33:00
U408,64,14,4.57,14,2026-09-18 07:49:00
U408,67,1,,1,2026-04-24 11:12:00
U408,90,1,3.0,1,2026-09-29 12:23:00
U408,93,6,3.0,6,2026-06-10 07:13:00
U408,98,1,,1,2026-04-15 07:15:00
U408,100,3,4.0,3,2026-05-04 12:16:00
U408,101,2,3.5,2,2026-03-26 07:06:00
U408,102,1,4.0,1,2025-12-08 13:27:00
U409,3,1,,1,2026-03-24 11:16:00
U409,4,2,2.0,2,2026-07-08 09:16:00
U409,12,1,,1,2026-06-08 08:57:00
U409,14,2,2.5,2,2026-08-03 13:54:00
U409,30,1,,1,2026-01-08 09:18:00
U409,37,1,,1,2026-06-10 08:21:00
U409,38,2,,2,2026-09-22 14:27:00
U409,54,1,3.0,1,2026-08-23 19:26:00
U409,69,2,4.0,2,2026-01-28 19:59:00
U409,71,1,,1,2025-12-16 13:35:00
U409,74,1,,1,2026-04-12 18:12:00
U409,75,28,3.56,26,2026-09-05 17:56:00
U409,77,1,5.0,1,2026-04-06 14:17:00
U409,78,23,4.17,20,2026-09-07 14:51:00
U409,80,1,,1,2026-06-27 09:23:00
U409,82,1,3.0,1,2026-06-27 09:23:00
U409,91,1,,1,2026-09-06 13:45:00
U409,99,3,4.5,3,2026-08-23 19:26:00
U409,100,2,4.5,2,2026-09-22 14:27:00
U409,101,2,3.0,2,2026-09-07 14:51:00
U409,102,2,4.0,2,2026-09-02 18:13:00
U410,6,38,3.2,37,2026-09-24 07:49:00
U410,7,2,4.0,2,2026-02-16 07:06:00
U410,10,2,,2,2026-08-27 07:54:00
U410,13,4,,4,2025-12-15 08:52:00
U410,15,1,4.0,1,2026-07-24 08:08:00
U410,20,1,,1,2026-08-11 14:50:00
U410,21,1,3.0,1,2026-06-16 12:44:00
U410,28,1,3.0,1,2026-07-14 15:26:00
U410,31,1,,1,2026-09-14 09:39:00
U410,33,4,4.0,4,2026-09-30 11:26:00
U410,36,1,3.0,1,2026-05-08 16:54:00
U410,37,1,,1,2026-06-03 14:55:00
U410,38,2,,2,2026-04-03 15:10:00
U410,39,1,,1,2026-01-12 09:00:00
U410,41,1,4.0,1,2026-04-24 14:15:00
U410,43,1,,1,2026-06-10 14:59:00
U410,45,2,,2,2026-06-16 12:44:00
U410,49,1,,1,2026-07-03 07:50:00
U410,54,2,,2,2026-09-02 08:40:00
U410,56,1,2.0,1,2026-03-03 12:54:00
U410,58,5,3.0,5,2026-09-09 17:42:00
U410,60,1,,1,2026-08-12 09:17:00
U410,61,1,,1,2026-04-06 08:09:00
U410,63,38,3.23,37,2026-09-12 17:27:00
U410,68,1,3.0,1,2026-05-14 12:55:00
U410,72,4,4.0,4,2026-06-19 08:05:00
U410,73,1,,1,2026-06-26 12:13:00
U410,74,2,3.0,2,2026-04-30 13:57:00
U410,75,2,,2,2026-07-07 09:33:00
U410,78,1,3.0,1,2025-10-16 12:05:00
U410,80,7,4.0,7,2026-09-13 10:31:00
U410,81,2,,2,2026-09-24 07:49:00
U410,83,1,,1,2026-09-14 09:39:00
U410,84,1,,1,2026-01-16 13:39:00
U410,85,2,4.0,2,2026-05-19 11:31:00
U410,91,1,,1,2026-09-16 12:32:00
U410,97,3,,3,2026-07-14 15:26:00
U410,98,5,4.0,5,2026-08-05 19:09:00
U410,99,2,4.0,2,2026-09-14 09:39:00
U410,100,3,3.5,3,2026-09-02 08:40:00
U410,101,21,3.5,21,2026-08-10 17:04:00
U410,102,7,4.0,7,2026-06-24 08:52:00
U411,2,5,3.75,5,2026-07-14 14:32:00
U411,5,2,,2,2025-12-16 13:02:00
U411,6,1,5.0,1,2026-05-30 11:02:00
U411,7,1,4.0,1,2026-03-03 13:09:00
U411,9,2,4.0,2,2026-08-19 21:07:00
U411,12,1,,1,2026-01-07 16:53:00
U411,14,2,3.0,2,2026-07-18 16:32:00
U411,15,1,4.0,1,2026-09-09 15:53:00
U411,16,2,4.0,2,2026-03-20 14:20:00
U411,19,1,3.0,1,2025-11-02 14:26:00
U411,25,1,,1,2026-05-21 14:00:00
U411,26,1,,1,2026-02-20 21:32:00
U411,28,8,3.75,8,2026-09-17 17:13:00
U411,29,1,,1,2026-03-29 10:31:00
U411,30,2,,2,2026-08-14 21:11:00
U411,33,2,,2,2026-09-26 20:39:00
U411,34,1,,1,2026-06-06 19:04:00
U411,36,71,4.93,69,2026-09-26 20:39:00
U411,37,5,5.0,5,2026-07-20 17:22:00
U411,41,1,,1,2026-06-21 15:05:00
U411,42,1,,1,2026-05-19 21:20:00
U411,46,3,4.0,3,2026-01-28 19:36:00
U411,47,1,,1,2026-05-03 20:27:00
U411,48,1,,1,2026-07-18 14:15:00
U411,54,3,5.0,3,2026-08-31 18:51:00
U411,56,2,3.0,2,2026-08-05 18:02:00
U411,58,2,4.0,2,2026-08-22 18:23:00
U411,63,42,4.0,40,2026-09-22 18:05:00
U411,65,3,,3,2026-07-07 14:08:00
U411,68,1,,1,2026-09-28 17:33:00
U411,69,5,,5,2026-06-21 12:59:00
U411,70,17,4.8,17,2026-08-28 15:19:00
U411,71,7,5.0,7,2026-08-13 16:07:00
U411,74,4,,3,2026-07-04 16:24:00
U411,75,19,4.83,19,2026-09-19 18:19:00
U411,76,4,4.5,4,2026-07-03 15:18:00
U411,77,1,5.0,1,2026-08-20 21:33:00
U411,78,35,4.92,34,2026-09-26 10:09:00
U411,79,4,5.0,4,2026-08-26 20:22:00
U411,80,10,5.0,10,2026-08-16 16:12:00
U411,81,18,4.9,18,2026-09-10 15:16:00
U411,82,14,4.75,14,2026-09-29 18:16:00
U411,84,4,3.0,4,2026-09-14 16:40:00
U411,86,3,3.0,3,2026-09-26 10:09:00
U411,87,1,4.0,1,2026-09-08 18:16:00
U411,88,1,,1,2026-02-06 15:41:00
U411,91,1,5.0,1,2026-05-17 21:29:00
U411,92,1,4.0,1,2026-09-19 21:31:00
U411,95,2,,2,2026-02-06 15:41:00
U411,98,11,4.57,11,2026-09-14 16:40:00
U411,99,6,4.33,6,2026-08-26 16:12:00
U411,100,18,4.75,18,2026-08-26 16:12:00
U411,101,18,4.5,18,2026-09-28 17:33:00
U411,102,26,4.8,26,2026-09-16 14:43:00
U412,2,1,4.0,1,2026-05-15 15:07:00
U412,5,1,,1,2026-07-08 07:14:00
U412,6,30,4.71,26,2026-09-24 11:40:00
U412,7,1,,1,2026-08-27 11:20:00
U412,8,3,4.0,3,2026-08-27 11:20:00
U412,10,1,3.0,1,2026-06-25 09:55:00
U412,20,3,,3,2026-09-12 19:02:00
U412,22,2,2.0,2,2026-02-20 16:48:00
U412,23,2,,2,2026-07-27 12:12:00
U412,26,2,,2,2026-05-15 15:07:00
U412,27,1,,1,2025-10-10 09:48:00
U412,30,2,2.5,2,2026-04-01 19:50:00
U412,51,1,,1,2026-04-30 07:04:00
U412,56,2,,2,2026-03-19 19:12:00
U412,65,2,4.0,2,2026-07-08 07:14:00
U412,74,1,,1,2026-06-29 18:19:00
U412,76,1,3.0,1,2026-02-04 07:52:00
U412,82,3,3.0,3,2026-08-07 07:14:00
U412,98,3,3.0,3,2026-08-30 16:13:00
U412,99,1,,1,2026-09-15 14:06:00
U412,100,7,4.5,7,2026-09-15 14:06:00
U412,101,8,4.0,8,2026-08-27 11:20:00
U412,102,4,4.0,4,2026-08-07 07:14:00
U413,3,1,,1,2026-06-23 18:20:00
U413,6,1,,1,2026-09-23 15:35:00
U413,8,1,3.0,1,2026-03-10 11:47:00
U413,9,3,4.0,3,2026-09-17 20:31:00
U413,12,1,3.0,1,2026-04-03 10:57:00
U413,22,2,,2,2026-06-02 16:00:00
U413,23,1,,1,2026-05-11 08:39:00
U413,25,2,2.5,2,2026-09-09 21:50:00
U413,26,1,,1,2026-07-05 11:37:00
U413,27,2,,2,2026-07-28 16:27:00
U413,28,1,3.0,1,2026-08-21 14:17:00
U413,29,2,4.0,2,2026-07-25 09:41:00
U413,32,1,3.0,1,2026-08-22 10:23:00
U413,35,1,3.0,1,2026-03-06 09:23:00
U413,36,4,4.33,4,2026-08-06 16:04:00
U413,37,6,5.0,6,2026-09-27 09:42:00
U413,38,5,3.67,5,2026-06-03 16:28:00
U413,39,9,5.0,9,2026-09-27 11:56:00
U413,40,6,4.0,6,2026-08-15 18:52:00
U413,42,2,4.0,2,2026-07-31 14:25:00
U413,44,9,4.75,9,2026-09-10 21:39:00
U413,46,2,4.0,2,2026-09-23 15:35:00
U413,48,7,5.0,6,2026-09-27 09:42:00
U413,49,4,4.0,4,2026-09-08 08:10:00
U413,50,6,2.5,6,2026-09-10 14:27:00
U413,52,1,,1,2026-09-03 17:37:00
U413,56,4,3.5,4,2026-08-22 13:54:00
U413,62,3,,3,2026-09-23 15:35:00
U413,64,2,3.0,2,2026-08-13 19:41:00
U413,65,1,,1,2026-09-22 14:15:00
U413,68,1,,1,2026-09-10 14:27:00
U413,71,1,3.0,1,2026-04-25 17:02:00
U413,77,4,3.5,4,2026-05-20 10:58:00
U413,78,3,3.0,3,2026-08-19 13:38:00
U413,81,1,,1,2026-02-24 11:02:00
U413,85,1,,1,2026-05-28 13:30:00
U413,86,1,,1,2026-03-04 16:25:00
U413,90,2,,2,2026-09-05 14:24:00
U413,91,2,4.0,2,2026-08-29 19:48:00
U413,92,2,4.0,2,2026-09-22 14:15:00
U413,93,1,,1,2026-08-13 09:44:00
U413,94,2,,2,2026-07-28 14:23:00
U413,95,3,3.5,3,2026-08-26 11:41:00
U413,96,4,4.0,4,2026-06-18 15:11:00
U413,97,2,3.5,2,2026-07-31 14:25:00
U413,98,4,4.0,4,2026-08-21 14:17:00
U413,99,3,,3,2026-09-22 14:15:00
U413,100,9,4.6,9,2026-08-22 10:23:00
U413,101,6,4.5,6,2026-09-17 20:31:00
U413,102,7,4.5,7,2026-09-27 09:42:00
U414,30,1,,1,2026-04-07 08:01:00
U414,34,2,,2,2026-09-10 18:20:00
U414,54,4,4.0,4,2026-09-30 12:56:00
U414,56,1,,1,2026-08-26 11:56:00
U414,57,1,,1,2026-09-07 15:18:00
U414,58,1,,1,2026-08-26 11:56:00
U414,59,7,,7,2026-09-30 09:15:00
U414,63,5,4.0,5,2026-09-07 13:40:00
U414,65,3,3.0,3,2026-09-02 11:47:00
U414,68,1,,1,2026-04-01 09:22:00
U414,73,1,,1,2026-09-09 14:42:00
U414,98,1,,1,2026-08-07 08:01:00
U414,100,2,,2,2026-09-10 18:20:00
U415,1,1,3.0,1,2026-03-26 16:29:00
U415,2,28,4.0,27,2026-09-26 07:55:00
U415,4,3,4.0,3,2026-02-18 07:08:00
U415,6,10,4.67,10,2026-09-24 06:43:00
U415,8,2,,2,2026-04-25 13:59:00
U415,9,4,3.0,4,2026-07-21 16:07:00
U415,20,1,,1,2025-10-02 08:14:00
U415,22,2,,2,2026-04-29 07:16:00
U415,29,1,2.0,1,2026-04-19 09:48:00
U415,54,1,,1,2026-07-21 16:52:00
U415,60,1,,1,2026-01-27 07:17:00
U415,67,1,3.0,1,2026-09-24 09:14:00
U415,72,1,3.0,1,2026-06-09 07:44:00
U415,77,1,3.0,1,2026-01-27 07:17:00
U415,80,1,,1,2025-10-02 09:57:00
U415,98,1,4.0,1,2025-11-23 15:31:00
U415,100,2,,2,2026-06-26 07:59:00
U415,101,13,3.5,13,2026-09-24 06:43:00
U415,102,5,3.67,5,2026-09-24 09:14:00
U416,19,1,,1,2026-07-02 13:50:00
U416,23,1,4.0,1,2026-07-02 13:50:00
U416,36,3,3.0,3,2026-05-31 17:26:00
U416,37,1,,1,2026-04-06 07:01:00
U416,42,1,,1,2025-12-18 11:37:00
U416,43,3,,3,2026-05-08 14:02:00
U416,44,2,,2,2026-08-31 13:25:00
U416,48,4,3.33,4,2026-08-26 08:43:00
U416,53,3,5.0,3,2026-08-02 09:34:00
U416,61,1,,1,2026-09-17 07:18:00
U416,62,10,3.0,10,2026-08-18 13:06:00
U416,63,1,,1,2026-08-02 09:34:00
U416,65,2,2.0,2,2025-12-18 14:04:00
U416,76,2,2.0,2,2026-05-08 14:02:00
U416,92,1,,1,2026-08-29 14:32:00
U416,95,6,4.25,6,2026-09-16 08:46:00
U416,98,2,,2,2026-08-31 13:25:00
U416,100,1,4.0,1,2026-09-17 07:18:00
U416,101,3,,3,2026-03-04 07:22:00
U416,102,1,4.0,1,2026-09-16 08:46:00
U417,2,1,,1,2026-04-30 08:37:00
U417,6,1,4.0,1,2026-04-10 14:08:00
U417,19,1,,1,2026-02-15 09:25:00
U417,27,2,,2,2026-07-14 13:03:00
U417,36,7,4.0,6,2026-07-14 13:03:00
U417,39,1,,1,2026-04-10 14:08:00
U417,42,2,,1,2026-05-05 18:42:00
U417,45,1,3.0,1,2026-04-30 11:49:00
U417,48,3,4.0,3,2026-05-18 15:53:00
U417,54,1,2.0,1,2026-05-05 18:42:00
U417,56,4,,4,2026-08-31 10:39:00
U417,58,1,,1,2026-02-17 16:12:00
U417,62,3,,3,2026-08-07 14:36:00
U417,63,17,2.67,16,2026-09-13 09:59:00
U417,71,3,4.0,3,2026-07-25 09:51:00
U417,73,1,,1,2026-09-03 15:54:00
U417,76,1,,1,2026-09-13 09:59:00
U417,77,2,4.0,2,2026-07-10 15:37:00
U417,98,2,4.0,2,2026-02-15 09:25:00
U417,100,6,3.0,6,2026-07-18 21:51:00
U417,101,3,,3,2026-04-13 15:47:00
U417,102,1,,1,2026-01-29 08:37:00
U418,1,2,4.5,2,2026-05-17 08:02:00
U418,2,2,5.0,2,2026-08-03 17:12:00
U418,3,1,,1,2026-03-24 15:50:00
U418,5,20,3.8,20,2026-09-14 07:55:00
U418,6,4,,4,2026-08-05 15:51:00
U418,7,3,4.0,3,2026-04-21 06:47:00
U418,8,2,5.0,2,2026-08-05 15:51:00
U418,15,1,2.0,1,2026-03-29 07:30:00
U418,17,3,2.5,3,2026-09-10 14:10:00
U418,18,1,2.0,1,2026-08-08 09:59:00
U418,44,1,,1,2025-10-18 08:31:00
U418,53,1,,1,2025-10-27 08:27:00
U418,54,1,4.0,1,2026-03-16 17:02:00
U418,68,2,4.5,2,2026-08-01 16:48:00
U418,69,1,,1,2026-08-01 16:48:00
U418,72,1,,1,2026-01-23 16:28:00
U418,81,1,,1,2026-01-23 16:28:00
U418,95,1,,1,2026-02-21 17:20:00
U418,98,2,,2,2026-09-10 14:10:00
U418,100,3,,3,2026-05-17 08:02:00
U418,101,15,3.5,15,2026-08-25 15:30:00
U418,102,1,,1,2026-07-22 10:49:00
U419,4,1,3.0,1,2026-06-29 15:55:00
U419,5,1,,1,2025-10-13 14:45:00
U419,6,3,,3,2026-07-31 17:39:00
U419,7,1,3.0,1,2026-07-04 09:16:00
U419,8,2,,2,2025-12-28 16:08:00
U419,9,2,3.0,2,2026-08-26 16:30:00
U419,10,2,,2,2026-05-02 09:04:00
U419,11,1,,1,2026-09-05 16:20:00
U419,12,5,2.0,5,2026-08-25 11:30:00
U419,13,3,,3,2026-07-27 15:29:00
U419,14,2,,2,2026-04-10 12:42:00
U419,15,10,3.67,9,2026-09-03 07:00:00
U419,16,9,4.5,9,2026-09-09 13:50:00
U419,17,1,3.0,1,2026-06-12 13:56:00
U419,18,8,4.5,8,2026-09-04 08:12:00
U419,19,6,4.0,5,2026-09-22 17:40:00
U419,20,9,3.0,9,2026-08-27 09:29:00
U419,21,6,3.0,4,2026-09-22 17:40:00
U419,22,5,3.0,5,2026-09-03 12:44:00
U419,23,17,4.8,17,2026-06-17 08:40:00
U419,24,3,3.0,3,2026-09-09 13:50:00
U419,25,3,3.5,3,2026-09-21 08:21:00
U419,27,1,,1,2026-05-13 08:51:00
U419,28,2,3.0,2,2026-06-30 14:16:00
U419,30,2,,2,2026-07-05 09:29:00
U419,31,1,,1,2026-04-02 16:46:00
U419,33,3,,3,2026-04-30 09:53:00
U419,34,1,,1,2026-06-29 14:25:00
U419,35,2,,2,2026-06-17 16:56:00
U419,36,3,3.0,3,2026-07-02 12:27:00
U419,37,1,,1,2026-02-20 08:21:00
U419,38,1,,1,2026-03-25 11:17:00
U419,39,2,3.0,2,2026-05-29 14:36:00
U419,40,1,,1,2026-09-29 18:31:00
U419,44,3,2.0,3,2026-09-07 18:55:00
U419,45,1,,1,2026-09-02 13:17:00
U419,46,1,3.0,1,2026-07-08 07:04:00
U419,52,2,2.0,2,2026-07-01 08:46:00
U419,53,7,4.0,7,2026-09-09 15:20:00
U419,54,2,3.0,2,2025-12-17 19:06:00
U419,55,5,3.5,5,2026-08-28 16:17:00
U419,56,3,3.0,3,2026-09-18 07:33:00
U419,57,1,,1,2026-03-31 07:23:00
U419,58,5,,5,2026-04-08 15:55:00
U419,59,4,3.0,4,2026-04-26 11:04:00
U419,60,5,3.5,5,2026-06-29 14:25:00
U419,61,6,,6,2026-09-16 12:17:00
U419,62,1,2.0,1,2026-08-20 15:02:00
U419,63,10,4.0,10,2026-09-03 07:00:00
U419,65,17,3.4,17,2026-09-30 07:14:00
U419,66,65,3.93,64,2026-09-30 16:01:00
U419,67,5,,5,2026-08-31 15:34:00
U419,68,14,3.0,14,2026-09-16 13:35:00
U419,69,1,4.0,1,2025-12-25 11:30:00
U419,70,1,3.0,1,2026-05-28 08:51:00
U419,72,7,3.67,7,2026-07-05 09:00:00
U419,73,3,3.0,3,2026-07-30 07:09:00
U419,74,2,4.0,2,2026-09-29 13:58:00
U419,75,1,,1,2026-05-04 12:30:00
U419,77,1,,1,2026-01-19 13:44:00
U419,78,2,,2,2026-06-11 13:26:00
U419,79,2,2.0,2,2026-04-26 11:04:00
U419,80,3,,3,2026-08-05 14:48:00
U419,81,4,2.0,4,2026-06-14 19:54:00
U419,82,1,,1,2026-07-18 15:02:00
U419,83,1,2.0,1,2026-05-06 11:54:00
U419,84,2,,2,2025-11-14 08:36:00
U419,86,6,3.0,6,2026-09-19 16:06:00
U419,88,1,,1,2026-04-26 11:04:00
U419,89,1,,1,2026-05-21 08:07:00
U419,90,1,,1,2026-04-14 14:42:00
U419,92,4,3.0,4,2026-07-02 12:27:00
U419,93,12,3.0,12,2026-08-31 15:34:00
U419,94,3,,3,2026-05-20 09:45:00
U419,95,2,,2,2026-09-19 16:06:00
U419,97,2,,2,2026-07-16 19:50:00
U419,98,13,3.0,13,2026-09-09 13:50:00
U419,99,3,,3,2026-05-07 13:35:00
U419,100,28,4.14,28,2026-09-30 16:01:00
U419,101,31,4.0,31,2026-09-21 08:21:00
U419,102,11,4.0,11,2026-09-07 18:55:00
U420,30,1,,1,2026-04-22 15:43:00
U420,35,1,,1,2025-12-01 13:48:00
U420,36,13,5.0,13,2026-08-16 15:30:00
U420,37,6,5.0,4,2026-08-14 07:34:00
U420,38,1,4.0,1,2026-05-25 14:27:00
U420,40,1,,1,2026-08-10 12:32:00
U420,41,10,4.0,10,2026-09-20 19:28:00
U420,42,3,,3,2026-08-29 11:30:00
U420,44,1,,1,2026-04-14 07:15:00
U420,45,1,5.0,1,2026-04-13 09:34:00
U420,48,1,,1,2026-05-27 07:14:00
U420,49,2,3.0,2,2026-05-25 08:15:00
U420,56,1,2.0,1,2026-07-14 09:22:00
U420,70,1,,1,2026-05-25 08:15:00
U420,74,1,,1,2026-08-05 08:17:00
U420,77,2,3.0,2,2026-02-09 07:01:00
U420,83,1,,1,2026-05-25 08:15:00
U420,91,4,3.0,4,2026-04-14 07:15:00
U420,93,1,,1,2026-07-16 17:35:00
U420,96,1,,1,2025-10-10 16:36:00
U420,99,1,,1,2025-11-13 09:05:00
U420,100,2,,2,2025-12-25 11:16:00
U420,102,6,3.5,6,2026-07-14 09:22:00
U421,1,1,,1,2026-09-07 08:45:00
U421,10,2,3.0,2,2026-08-18 11:16:00
U421,14,2,,2,2026-07-28 14:13:00
U421,22,17,3.33,17,2026-09-08 09:00:00
U421,24,1,,1,2026-04-02 17:40:00
U421,26,1,,1,2026-08-28 07:46:00
U421,27,2,4.0,2,2026-07-09 13:22:00
U421,30,1,,1,2025-12-02 13:56:00
U421,31,3,2.0,3,2026-07-01 07:21:00
U421,35,3,3.0,3,2026-04-21 19:55:00
U421,36,4,,4,2026-08-18 11:17:00
U421,37,72,4.83,69,2026-09-25 18:20:00
U421,38,2,,2,2026-06-30 09:12:00
U421,39,1,,1,2026-07-15 16:36:00
U421,40,2,,2,2026-06-15 14:44:00
U421,41,5,4.0,5,2026-07-09 13:22:00
U421,43,9,3.75,9,2026-09-13 16:04:00
U421,44,2,,2,2026-06-24 16:12:00
U421,45,1,,1,2025-12-10 16:24:00
U421,46,1,,1,2026-08-20 11:09:00
U421,49,2,,2,2026-03-21 16:43:00
U421,63,1,,1,2025-10-21 11:59:00
U421,67,1,,1,2026-04-13 16:03:00
U421,73,1,,1,2026-05-02 10:00:00
U421,74,2,3.0,2,2026-04-14 09:20:00
U421,78,1,3.0,1,2025-11-03 16:25:00
U421,91,37,4.62,37,2026-09-28 17:10:00
U421,93,2,3.0,2,2026-06-29 09:02:00
U421,94,1,,1,2026-05-19 09:01:00
U421,95,5,,5,2026-08-28 07:46:00
U421,97,1,,1,2026-01-26 14:18:00
U421,98,6,4.0,6,2026-09-06 14:03:00
U421,99,3,5.0,3,2026-09-07 08:45:00
U421,100,4,5.0,4,2026-05-02 10:00:00
U421,101,12,3.83,12,2026-09-08 09:00:00
U421,102,11,5.0,11,2026-09-17 07:32:00
U422,23,1,3.0,1,2026-06-26 17:29:00
U422,34,1,,1,2026-06-20 15:40:00
U422,44,2,2.0,2,2026-07-29 16:14:00
U422,46,1,3.0,1,2026-02-11 09:45:00
U422,50,7,3.0,7,2026-08-31 10:08:00
U422,55,1,,1,2026-07-06 17:05:00
U422,57,3,2.0,3,2026-08-29 19:04:00
U422,73,1,,1,2025-12-15 14:36:00
U422,74,1,,1,2026-03-03 10:15:00
U422,76,1,3.0,1,2025-12-15 14:36:00
U422,79,1,,1,2025-11-16 16:37:00
U422,85,1,3.0,1,2026-06-26 17:29:00
U422,87,4,3.5,4,2026-07-10 10:00:00
U422,89,2,,2,2026-06-20 15:40:00
U422,90,3,,3,2026-04-08 10:42:00
U422,94,17,2.25,17,2026-09-28 21:45:00
U422,96,1,,1,2025-10-15 21:56:00
U422,98,2,,2,2025-10-27 15:44:00
U422,99,1,,1,2025-10-04 11:01:00
U422,100,1,4.0,1,2026-06-16 15:28:00
U422,101,1,,1,2026-02-02 15:30:00
U422,102,1,,1,2026-06-20 15:40:00
U424,45,1,2.0,1,2026-05-04 11:59:00
U424,52,2,2.0,2,2026-05-26 13:19:00
U424,70,1,,1,2026-04-26 15:19:00
U424,73,1,,1,2025-12-18 12:34:00
U424,79,1,,1,2025-11-27 12:52:00
U424,85,1,,1,2026-04-26 15:19:00
U424,89,19,4.38,17,2026-06-19 07:07:00
U424,99,1,4.0,1,2026-04-15 14:24:00
U424,100,1,,1,2026-03-20 17:00:00
U424,101,2,3.0,2,2026-05-04 11:59:00
U424,102,1,,1,2025-12-17 17:29:00
U425,33,1,4.0,1,2026-05-31 18:22:00
U425,34,1,3.0,1,2025-12-14 12:08:00
U425,36,6,3.0,6,2026-07-18 19:27:00
U425,37,1,4.0,1,2026-05-24 18:10:00
U425,49,4,3.0,4,2026-07-18 19:27:00
U425,54,4,4.5,4,2026-07-10 19:20:00
U425,59,1,,1,2026-08-16 20:30:00
U425,63,5,4.0,5,2026-09-27 11:55:00
U425,68,1,3.0,1,2025-12-17 18:35:00
U425,69,5,,5,2026-09-27 11:55:00
U425,70,3,4.33,3,2026-07-13 14:54:00
U425,71,2,5.0,2,2026-05-11 21:04:00
U425,74,2,4.0,2,2026-01-19 18:54:00
U425,75,1,4.0,1,2025-11-22 12:19:00
U425,76,1,3.0,1,2025-12-18 20:57:00
U425,77,12,4.5,11,2026-08-23 11:26:00
U425,78,7,5.0,7,2026-05-04 10:00:00
U425,79,1,3.0,1,2026-04-16 10:59:00
U425,86,1,3.0,1,2026-06-25 13:23:00
U425,87,1,4.0,1,2025-10-16 20:08:00
U425,92,1,,1,2026-01-31 10:06:00
U425,98,1,5.0,1,2026-01-07 20:55:00
U425,100,6,5.0,6,2026-08-23 11:26:00
U425,101,3,,3,2026-05-31 18:22:00
U425,102,5,5.0,5,2026-07-18 19:27:00
U426,2,1,,1,2026-06-10 14:52:00
U426,7,1,,1,2025-11-02 18:22:00
U426,11,1,,1,2026-06-10 14:52:00
U426,12,1,,1,2025-11-07 16:10:00
U426,19,1,3.0,1,2026-02-24 21:53:00
U426,21,1,,1,2026-09-27 14:31:00
U426,26,1,,1,2026-09-21 19:05:00
U426,33,1,,1,2026-08-19 20:30:00
U426,36,1,4.0,1,2026-07-28 20:29:00
U426,37,1,4.0,1,2026-04-14 17:39:00
U426,38,1,,1,2026-04-08 09:50:00
U426,39,1,2.0,1,2026-03-10 15:42:00
U426,52,1,2.0,1,2026-05-21 13:42:00
U426,53,1,,1,2026-07-10 20:50:00
U426,58,1,,1,2026-05-27 19:22:00
U426,59,6,3.0,6,2026-08-14 15:02:00
U426,60,1,,1,2026-06-21 17:33:00
U426,63,1,3.0,1,2026-01-01 13:04:00
U426,66,4,,4,2026-03-26 21:51:00
U426,69,2,,2,2026-03-28 15:57:00
U426,70,2,,2,2026-07-10 20:50:00
U426,71,1,2.0,1,2026-02-28 12:06:00
U426,74,2,3.0,2,2026-08-07 20:55:00
U426,75,3,,3,2026-09-27 14:31:00
U426,76,14,4.56,14,2026-09-21 19:05:00
U426,77,2,,2,2026-06-18 13:33:00
U426,78,1,,1,2026-09-06 21:08:00
U426,79,3,,3,2026-06-14 16:31:00
U426,82,1,3.0,1,2026-08-27 21:29:00
U426,84,1,,1,2026-01-01 13:04:00
U426,94,1,1.0,1,2026-06-05 18:19:00
U426,98,2,4.0,2,2026-08-19 16:57:00
U426,99,3,4.0,3,2026-04-05 16:18:00
U426,100,3,4.0,3,2026-09-27 14:31:00
U426,101,2,3.0,2,2026-06-21 17:33:00
U426,102,2,4.0,2,2026-07-10 20:50:00
U427,2,1,3.0,1,2025-10-29 08:38:00
U427,3,1,3.0,1,2026-01-29 13:46:00
U427,4,1,2.0,1,2026-04-06 07:12:00
U427,5,6,2.0,6,2026-07-18 09:13:00
U427,9,1,,1,2026-06-18 15:08:00
U427,10,17,3.0,16,2026-09-30 07:33:00
U427,11,1,,1,2026-02-23 07:52:00
U427,12,1,,1,2025-10-21 07:40:00
U427,13,1,,1,2025-10-25 16:56:00
U427,15,3,,3,2026-07-06 08:33:00
U427,17,1,3.0,1,2026-06-22 07:31:00
U427,18,1,,1,2026-07-23 15:05:00
U427,21,4,3.0,4,2026-09-04 09:42:00
U427,22,1,,1,2026-09-12 11:09:00
U427,23,6,3.5,6,2026-08-12 14:26:00
U427,24,2,2.0,2,2026-08-13 16:22:00
U427,27,2,,2,2026-02-28 14:39:00
U427,29,2,,2,2026-06-18 15:08:00
U427,30,1,,1,2026-07-23 15:05:00
U427,31,1,,1,2026-05-25 07:11:00
U427,32,1,,1,2026-09-21 11:59:00
U427,33,2,3.0,2,2026-07-04 14:38:00
U427,34,1,,1,2026-07-05 11:51:00
U427,36,2,,2,2025-10-31 08:34:00
U427,37,3,3.0,3,2026-07-05 09:59:00
U427,38,1,,1,2026-07-30 08:28:00
U427,39,2,3.0,2,2026-08-12 17:47:00
U427,42,1,3.0,1,2026-05-12 18:50:00
U427,43,2,3.0,2,2026-07-17 16:54:00
U427,44,1,,1,2026-04-25 15:23:00
U427,46,1,,1,2026-06-15 11:54:00
U427,48,2,,2,2026-07-04 14:38:00
U427,49,1,,1,2025-10-28 09:21:00
U427,54,1,2.0,1,2026-07-14 08:37:00
U427,56,1,,1,2026-07-15 14:35:00
U427,57,1,,1,2026-06-03 15:13:00
U427,59,1,2.0,1,2026-07-18 09:13:00
U427,60,4,4.0,4,2026-06-15 11:54:00
U427,61,1,2.0,1,2026-09-03 15:43:00
U427,62,1,,1,2026-07-06 08:33:00
U427,63,3,,3,2026-09-03 07:03:00
U427,64,1,,1,2025-11-14 19:00:00
U427,67,5,3.33,5,2026-09-23 09:18:00
U427,68,1,,1,2026-01-15 13:05:00
U427,70,1,,1,2026-07-20 08:35:00
U427,71,3,,3,2026-08-17 07:35:00
U427,73,2,3.0,2,2026-05-12 18:50:00
U427,74,16,2.5,15,2026-09-06 14:44:00
U427,75,1,,1,2026-09-06 14:44:00
U427,78,1,,1,2026-07-14 08:37:00
U427,81,2,,2,2026-07-05 11:51:00
U427,82,1,,1,2026-07-06 08:33:00
U427,83,18,2.71,18,2026-09-06 16:16:00
U427,85,2,3.0,2,2026-09-06 14:44:00
U427,86,2,,2,2026-08-06 07:56:00
U427,88,1,2.0,1,2026-03-23 09:14:00
U427,89,2,5.0,2,2026-05-01 15:12:00
U427,90,1,,1,2026-05-22 11:53:00
U427,91,8,3.0,8,2026-09-09 09:27:00
U427,92,1,,1,2026-05-12 18:50:00
U427,96,1,,1,2025-11-07 09:47:00
U427,98,5,3.5,5,2026-04-21 14:44:00
U427,99,4,3.0,4,2026-05-25 08:22:00
U427,100,8,3.0,8,2026-06-22 08:28:00
U427,101,14,2.75,14,2026-09-06 14:44:00
U427,102,6,3.0,6,2026-06-22 08:28:00
U428,1,3,,3,2026-09-04 06:50:00
U428,2,12,3.4,12,2026-09-29 09:10:00
U428,5,14,4.75,14,2026-09-09 15:00:00
U428,6,7,4.25,7,2026-09-24 16:46:00
U428,7,14,4.0,14,2026-09-20 15:39:00
U428,8,3,4.5,3,2026-08-09 07:55:00
U428,9,17,4.62,17,2026-09-20 15:39:00
U428,10,9,4.75,9,2026-09-15 13:48:00
U428,12,1,4.0,1,2026-09-16 10:10:00
U428,15,1,,1,2026-09-03 08:08:00
U428,22,2,2.5,2,2026-06-22 06:28:00
U428,24,1,,1,2026-09-13 06:56:00
U428,25,1,2.0,1,2026-06-22 10:12:00
U428,27,1,,1,2026-09-16 07:58:00
U428,33,1,,1,2026-09-06 15:50:00
U428,36,1,,1,2026-06-09 09:41:00
U428,37,1,3.0,1,2026-03-28 17:13:00
U428,40,3,2.5,3,2026-08-30 09:17:00
U428,48,1,,1,2026-08-25 08:32:00
U428,49,2,4.0,2,2026-09-25 17:50:00
U428,53,2,,2,2026-08-03 11:23:00
U428,54,1,,1,2026-09-09 15:00:00
U428,60,1,,1,2026-04-03 15:02:00
U428,71,1,2.0,1,2026-08-08 07:24:00
U428,77,1,,1,2026-09-26 15:23:00
U428,82,2,,2,2026-04-27 15:32:00
U428,85,1,4.0,1,2026-09-18 09:40:00
U428,91,1,,1,2026-09-30 17:05:00
U428,93,1,,1,2026-03-17 15:46:00
U428,98,4,3.5,4,2026-09-03 08:08:00
U428,99,1,4.0,1,2026-09-18 09:40:00
U428,100,7,3.5,7,2026-09-26 15:23:00
U428,101,13,2.67,13,2026-09-16 07:58:00
U428,102,2,4.0,2,2026-09-09 09:06:00
U429,1,59,4.76,56,2026-09-23 08:23:00
U429,2,6,3.0,6,2026-07-12 16:16:00
U429,4,2,,2,2026-06-10 13:32:00
U429,5,14,2.0,14,2026-09-14 12:16:00
U429,6,5,3.33,5,2026-06-29 17:47:00
U429,7,16,4.0,16,2026-08-08 10:18:00
U429,8,5,,5,2026-08-08 14:37:00
U429,9,1,,1,2026-06-13 19:05:00
U429,10,10,3.67,10,2026-04-02 16:05:00
U429,11,2,,2,2026-06-09 17:02:00
U429,12,2,2.0,2,2026-09-22 09:32:00
U429,15,1,,1,2026-04-18 19:37:00
U429,24,1,,1,2026-06-03 18:15:00
U429,26,1,,1,2026-07-03 16:26:00
U429,32,1,,1,2026-06-04 16:47:00
U429,35,1,,1,2025-12-25 08:38:00
U429,38,1,4.0,1,2025-12-05 19:01:00
U429,39,1,3.0,1,2025-10-31 14:45:00
U429,45,1,,1,2026-05-21 11:23:00
U429,50,1,,1,2025-10-14 14:04:00
U429,56,1,,1,2026-04-15 11:51:00
U429,57,1,,1,2025-12-18 15:20:00
U429,62,3,3.0,3,2026-09-08 16:47:00
U429,65,2,,2,2026-04-23 19:08:00
U429,68,2,,2,2026-09-28 12:46:00
U429,70,1,2.0,1,2026-02-28 10:27:00
U429,73,1,,1,2026-09-04 08:08:00
U429,74,6,3.33,6,2026-09-23 11:59:00
U429,84,1,3.0,1,2025-10-08 17:30:00
U429,88,1,3.0,1,2026-04-26 11:57:00
U429,98,5,3.5,5,2026-09-05 09:18:00
U429,99,3,5.0,3,2026-05-16 17:43:00
U429,100,7,4.33,7,2026-06-03 16:42:00
U429,101,28,3.83,28,2026-09-23 08:23:00
U429,102,6,4.5,6,2026-06-29 17:47:00
U430,3,3,,3,2026-03-23 13:58:00
U430,12,1,,1,2026-02-15 10:45:00
U430,13,1,3.0,1,2025-11-28 10:12:00
U430,23,1,3.0,1,2025-11-04 09:59:00
U430,27,19,4.83,17,2026-03-24 15:07:00
U430,28,1,,1,2026-03-24 09:41:00
U430,29,1,,1,2026-03-23 13:58:00
U430,60,7,2.0,7,2026-03-30 18:07:00
U430,64,1,,1,2025-12-07 19:43:00
U430,69,1,,1,2026-03-24 15:07:00
U430,82,4,3.0,4,2025-12-04 15:09:00
U430,100,7,,7,2026-03-24 15:07:00
U430,101,4,4.0,4,2026-02-15 10:45:00
U430,102,1,,1,2025-11-04 09:59:00
U431,1,1,5.0,1,2026-08-22 15:23:00
U431,6,4,,4,2026-09-09 09:39:00
U431,7,2,2.5,2,2026-09-07 08:25:00
U431,11,2,,2,2026-08-05 09:14:00
U431,34,1,,1,2026-09-10 09:09:00
U431,47,1,,1,2026-08-04 16:37:00
U431,62,2,,2,2026-08-04 16:37:00
U431,72,1,,1,2026-08-02 17:37:00
U431,101,3,4.0,3,2026-09-07 08:25:00
U431,102,1,,1,2026-08-04 16:37:00
U432,5,1,4.0,1,2025-12-06 09:50:00
U432,6,1,,1,2026-02-25 07:28:00
U432,13,1,,1,2026-01-29 08:16:00
U432,24,1,,1,2026-06-08 14:01:00
U432,26,1,4.0,1,2026-03-03 09:45:00
U432,31,1,,1,2026-04-27 14:33:00
U432,32,1,,1,2026-04-24 09:14:00
U432,34,1,,1,2026-01-09 11:41:00
U432,36,3,3.0,3,2026-08-26 18:09:00
U432,42,8,5.0,8,2026-08-05 13:02:00
U432,48,1,,1,2026-07-23 14:58:00
U432,50,1,,1,2026-07-24 08:47:00
U432,54,1,4.0,1,2026-08-29 20:11:00
U432,56,1,,1,2026-01-18 15:15:00
U432,57,5,4.0,5,2026-07-04 10:16:00
U432,60,5,4.0,5,2026-09-12 17:15:00
U432,62,5,,5,2026-08-02 20:56:00
U432,65,1,,1,2025-10-29 16:47:00
U432,68,2,4.0,2,2026-04-15 18:33:00
U432,69,1,3.0,1,2026-03-05 13:17:00
U432,71,2,4.0,2,2026-01-18 15:15:00
U432,73,4,,4,2026-06-07 16:08:00
U432,75,1,,1,2026-07-24 08:47:00
U432,77,1,,1,2025-12-15 09:58:00
U432,81,1,2.0,1,2026-05-27 12:00:00
U432,82,1,,1,2026-02-08 17:10:00
U432,87,1,3.0,1,2026-08-26 18:09:00
U432,88,1,,1,2026-06-10 08:50:00
U432,89,1,3.0,1,2026-08-19 09:44:00
U432,90,1,,1,2026-06-16 13:18:00
U432,95,1,4.0,1,2026-05-27 12:00:00
U432,96,2,,2,2026-03-26 12:10:00
U432,97,3,,3,2026-08-25 13:40:00
U432,99,1,,1,2026-07-04 10:16:00
U432,100,4,,4,2026-03-11 11:46:00
U432,101,3,4.0,3,2026-08-29 20:11:00
U432,102,2,,2,2026-01-29 08:16:00
U433,4,1,,1,2025-12-06 06:19:00
U433,7,3,,3,2026-09-28 15:40:00
U433,8,3,,3,2026-05-10 06:29:00
U433,9,2,,2,2026-04-08 09:53:00
U433,10,3,,3,2026-06-11 16:32:00
U433,11,4,,4,2026-09-08 11:32:00
U433,12,2,2.0,2,2026-09-19 07:42:00
U433,14,1,,1,2026-01-22 09:59:00
U433,15,2,4.0,2,2026-08-04 08:01:00
U433,17,1,,1,2026-07-10 08:05:00
U433,18,1,3.0,1,2026-02-27 07:21:00
U433,19,1,,1,2026-02-27 07:06:00
U433,21,1,,1,2026-04-12 07:13:00
U433,23,2,,2,2026-06-14 16:41:00
U433,25,2,2.0,2,2026-06-09 09:11:00
U433,27,6,3.0,6,2026-08-13 06:57:00
U433,28,2,,2,2026-01-29 14:04:00
U433,29,1,,1,2026-05-28 16:40:00
U433,30,1,,1,2025-10-15 16:49:00
U433,31,2,,2,2026-09-03 08:42:00
U433,32,1,,1,2025-12-22 09:44:00
U433,33,10,3.0,10,2026-06-22 07:01:00
U433,34,4,,4,2026-08-17 09:06:00
U433,35,3,,3,2026-04-25 08:28:00
U433,36,8,5.0,8,2026-09-28 15:40:00
U433,38,7,,7,2026-07-06 09:00:00
U433,40,3,,3,2026-06-28 08:31:00
U433,42,2,,2,2026-08-12 15:27:00
U433,43,2,,2,2026-08-29 16:31:00
U433,44,2,,2,2026-07-06 07:53:00
U433,45,2,3.0,2,2026-04-13 16:07:00
U433,46,6,2.5,6,2026-09-26 08:55:00
U433,47,5,4.0,5,2026-09-21 14:40:00
U433,48,7,,7,2026-08-25 08:34:00
U433,49,4,2.0,4,2026-08-17 16:21:00
U433,50,1,,1,2026-09-15 07:36:00
U433,51,2,,2,2026-09-22 15:14:00
U433,52,2,,2,2026-02-23 15:52:00
U433,53,1,,1,2026-08-05 16:05:00
U433,54,33,3.2,33,2026-09-21 14:40:00
U433,57,5,3.5,5,2026-09-06 16:35:00
U433,58,9,3.0,9,2026-08-12 15:27:00
U433,59,3,,3,2026-09-04 09:21:00
U433,60,2,,2,2026-09-26 09:13:00
U433,61,1,3.0,1,2026-04-10 11:26:00
U433,62,3,3.0,3,2026-01-01 07:16:00
U433,63,3,,3,2026-02-25 07:36:00
U433,64,2,,2,2026-05-26 09:42:00
U433,65,2,,2,2026-08-19 07:41:00
U433,66,3,,3,2026-08-07 08:45:00
U433,67,3,,3,2026-05-31 17:24:00
U433,68,2,3.0,2,2026-08-04 08:01:00
U433,70,3,,3,2026-08-20 12:20:00
U433,71,5,,5,2026-07-07 06:42:00
U433,72,6,3.0,6,2026-09-21 17:01:00
U433,73,4,,4,2026-09-24 13:20:00
U433,74,3,3.0,3,2026-03-01 07:17:00
U433,75,5,2.0,5,2026-08-30 17:56:00
U433,76,25,3.0,24,2026-09-27 06:30:00
U433,77,4,3.0,4,2026-08-12 08:12:00
U433,78,8,3.0,8,2026-04-25 10:52:00
U433,79,4,,4,2026-09-25 06:05:00
U433,80,3,3.0,3,2026-07-23 08:07:00
U433,81,4,,4,2026-09-27 06:30:00
U433,82,5,3.0,5,2026-08-25 08:34:00
U433,83,2,2.0,2,2026-02-16 15:01:00
U433,84,7,3.0,7,2026-08-05 16:05:00
U433,85,9,,9,2026-09-09 06:27:00
U433,86,1,,1,2026-06-27 09:07:00
U433,87,1,,1,2026-02-11 09:47:00
U433,88,5,,5,2026-08-29 16:31:00
U433,89,9,3.5,9,2026-09-01 06:16:00
U433,90,6,3.0,6,2026-08-13 07:06:00
U433,91,1,,1,2026-05-28 16:40:00
U433,92,3,2.0,3,2026-09-26 09:13:00
U433,93,9,3.0,9,2026-06-11 16:32:00
U433,95,11,2.5,11,2026-09-14 15:52:00
U433,97,4,,4,2026-09-28 15:40:00
U433,98,7,3.0,7,2026-08-13 06:57:00
U433,99,3,,3,2026-05-28 16:40:00
U433,100,23,3.0,23,2026-09-25 06:05:00
U433,101,30,4.0,30,2026-09-28 15:40:00
U433,102,18,3.33,18,2026-06-28 16:45:00
U434,9,1,2.0,1,2026-08-23 11:13:00
U434,10,1,,1,2026-08-25 15:29:00
U434,13,1,,1,2026-04-10 09:53:00
U434,14,1,,1,2026-06-25 16:09:00
U434,15,2,,2,2026-08-31 13:46:00
U434,16,3,4.0,3,2026-08-12 11:11:00
U434,17,3,,3,2026-06-07 10:28:00
U434,18,1,,1,2026-05-26 13:34:00
U434,19,7,,7,2026-09-14 10:21:00
U434,20,3,,3,2026-09-12 11:24:00
U434,23,2,3.0,2,2026-06-17 13:20:00
U434,27,1,,1,2026-08-29 09:25:00
U434,29,2,2.0,2,2026-04-18 18:57:00
U434,36,2,,2,2026-05-30 13:39:00
U434,38,4,,4,2026-09-08 17:23:00
U434,40,1,4.0,1,2026-07-26 17:38:00
U434,41,1,,1,2025-10-16 20:44:00
U434,42,17,4.0,17,2026-09-03 14:53:00
U434,43,2,,2,2026-06-27 14:15:00
U434,46,1,,1,2026-06-20 13:14:00
U434,49,7,5.0,7,2026-09-11 15:57:00
U434,53,1,,1,2025-12-05 15:10:00
U434,64,1,,1,2026-09-02 16:00:00
U434,65,3,3.0,3,2026-08-25 15:29:00
U434,77,6,3.0,6,2026-07-11 09:38:00
U434,85,1,,1,2026-02-06 10:53:00
U434,87,1,4.0,1,2026-09-25 11:35:00
U434,92,6,4.0,6,2026-08-29 09:25:00
U434,93,1,,1,2026-06-05 11:35:00
U434,94,7,5.0,7,2026-09-13 18:22:00
U434,95,70,4.57,65,2026-09-27 18:07:00
U434,98,6,3.0,6,2026-08-12 11:11:00
U434,99,4,,4,2026-06-27 14:15:00
U434,100,9,4.0,9,2026-06-26 13:46:00
U434,101,17,5.0,17,2026-09-14 10:21:00
U434,102,7,4.0,7,2026-09-08 17:23:00
U435,1,1,,1,2025-10-02 14:42:00
U435,2,4,4.0,4,2026-07-20 21:02:00
U435,3,1,2.0,1,2026-03-25 17:11:00
U435,4,2,4.0,2,2026-07-18 17:24:00
U435,5,5,3.0,4,2026-05-27 18:18:00
U435,6,20,4.33,19,2026-08-27 21:13:00
U435,7,5,4.0,5,2026-08-01 20:59:00
U435,8,2,3.0,2,2026-06-16 19:06:00
U435,9,4,3.5,4,2026-08-25 19:42:00
U435,10,2,5.0,2,2026-06-02 16:53:00
U435,13,1,,1,2025-10-26 19:45:00
U435,14,1,3.0,1,2026-01-08 09:46:00
U435,15,7,3.67,7,2026-08-10 18:25:00
U435,24,1,,1,2026-05-07 16:10:00
U435,25,2,,2,2026-06-09 09:32:00
U435,28,1,,1,2026-06-06 14:06:00
U435,32,2,2.0,2,2026-08-30 17:19:00
U435,37,1,,1,2026-02-21 21:57:00
U435,38,6,3.5,6,2026-09-15 20:35:00
U435,39,2,,2,2026-06-10 17:23:00
U435,40,4,3.0,4,2026-08-21 18:09:00
U435,41,2,,2,2026-08-01 20:59:00
U435,42,7,3.5,7,2026-09-23 20:57:00
U435,43,25,4.0,23,2026-06-21 12:29:00
U435,46,7,3.0,7,2026-08-01 20:59:00
U435,48,4,3.0,4,2026-06-09 09:32:00
U435,49,1,,1,2026-02-10 13:21:00
U435,52,1,3.0,1,2025-12-06 12:06:00
U435,57,1,2.0,1,2026-04-02 14:28:00
U435,62,4,2.5,4,2026-09-17 16:48:00
U435,66,1,,1,2026-09-30 10:55:00
U435,71,1,,1,2026-05-23 17:32:00
U435,75,2,,2,2026-07-05 10:50:00
U435,79,1,2.0,1,2026-09-28 16:36:00
U435,80,1,,1,2025-11-08 19:53:00
U435,81,1,,1,2026-02-26 14:03:00
U435,82,2,,2,2026-06-20 20:36:00
U435,84,8,3.0,8,2026-06-23 21:10:00
U435,88,1,,1,2026-03-07 19:11:00
U435,89,1,1.0,1,2026-08-25 19:42:00
U435,90,1,,1,2025-12-08 18:10:00
U435,91,1,,1,2026-09-11 18:01:00
U435,92,28,3.18,28,2026-09-24 20:26:00
U435,98,7,3.25,7,2026-08-10 18:25:00
U435,99,2,4.0,2,2026-05-31 15:59:00
U435,100,9,3.0,9,2026-08-10 18:25:00
U435,101,10,3.5,10,2026-09-28 16:36:00
U435,102,10,3.0,10,2026-09-23 20:57:00
U436,2,4,3.0,4,2026-08-22 16:38:00
U436,5,1,,1,2026-09-15 21:15:00
U436,8,2,,2,2026-07-09 14:26:00
U436,10,4,5.0,4,2026-08-04 19:47:00
U436,12,2,3.0,2,2026-08-05 21:46:00
U436,13,5,4.0,5,2026-08-11 16:02:00
U436,22,2,4.0,2,2026-03-08 15:46:00
U436,25,1,,1,2026-07-26 10:21:00
U436,27,2,3.0,2,2026-03-16 19:42:00
U436,28,1,,1,2026-05-11 10:15:00
U436,29,1,,1,2026-08-07 14:54:00
U436,30,13,3.0,13,2026-09-21 10:01:00
U436,33,1,,1,2026-04-26 16:05:00
U436,36,2,,2,2025-11-14 20:32:00
U436,39,1,3.0,1,2026-09-03 09:46:00
U436,41,2,3.0,2,2026-08-10 18:25:00
U436,42,4,,4,2026-08-06 10:27:00
U436,45,4,,4,2026-07-10 17:17:00
U436,47,4,3.0,4,2026-08-06 16:10:00
U436,48,1,,1,2026-01-03 15:37:00
U436,49,1,,1,2026-02-19 14:29:00
U436,54,12,4.5,12,2026-09-12 15:16:00
U436,55,2,,2,2026-09-01 16:39:00
U436,56,35,3.86,34,2026-09-20 19:05:00
U436,58,2,,2,2026-02-05 17:24:00
U436,59,5,,5,2026-08-16 10:23:00
U436,60,2,,2,2026-01-11 10:52:00
U436,61,3,,3,2026-04-26 12:24:00
U436,62,1,,1,2026-01-25 19:21:00
U436,63,7,5.0,7,2026-05-29 18:04:00
U436,64,1,,1,2026-07-10 17:17:00
U436,65,4,5.0,4,2026-08-11 18:15:00
U436,66,1,,1,2026-05-09 16:38:00
U436,67,2,4.0,2,2026-09-05 19:39:00
U436,68,8,5.0,8,2026-09-23 09:06:00
U436,69,3,4.0,3,2026-02-25 21:53:00
U436,72,6,,6,2026-07-30 16:22:00
U436,74,2,2.0,2,2026-09-15 21:15:00
U436,75,1,,1,2025-11-25 21:55:00
U436,79,3,3.0,2,2026-04-19 20:54:00
U436,80,2,,2,2026-09-14 21:51:00
U436,81,2,,2,2026-05-14 21:37:00
U436,83,5,,5,2026-09-23 09:06:00
U436,84,1,,1,2026-07-05 16:54:00
U436,85,1,1.0,1,2026-03-24 20:01:00
U436,88,1,,1,2026-03-01 15:36:00
U436,89,4,,4,2026-05-02 18:16:00
U436,93,4,2.5,4,2026-03-16 19:42:00
U436,94,2,,2,2026-09-19 10:46:00
U436,95,3,,3,2026-06-01 21:45:00
U436,97,2,,2,2026-03-23 18:32:00
U436,98,2,,2,2026-05-17 14:19:00
U436,99,3,,3,2026-08-08 14:55:00
U436,100,18,4.67,18,2026-08-08 14:55:00
U436,101,5,,5,2026-08-08 14:55:00
U436,102,6,5.0,6,2026-09-01 16:39:00
U437,8,1,,1,2025-11-23 11:13:00
U437,12,1,,1,2026-06-17 12:03:00
U437,15,1,,1,2026-01-14 11:41:00
U437,27,2,3.0,2,2026-05-22 07:48:00
U437,36,3,5.0,3,2026-06-14 19:59:00
U437,37,13,4.0,13,2026-06-22 07:15:00
U437,38,2,,2,2026-01-18 09:57:00
U437,40,1,,1,2026-03-16 15:04:00
U437,42,3,4.0,3,2026-09-02 09:09:00
U437,43,1,,1,2026-09-02 09:09:00
U437,44,1,5.0,1,2026-03-22 14:28:00
U437,48,1,,1,2026-02-11 19:27:00
U437,49,1,4.0,1,2026-03-18 08:49:00
U437,80,1,,1,2026-06-03 15:57:00
U437,81,1,,1,2026-02-11 09:18:00
U437,89,4,4.0,4,2026-09-27 18:57:00
U437,90,1,,1,2026-04-23 07:49:00
U437,91,2,4.0,2,2026-06-14 19:59:00
U437,92,1,,1,2026-06-03 09:15:00
U437,93,1,3.0,1,2026-02-04 12:14:00
U437,94,15,5.0,15,2026-09-18 11:20:00
U437,95,1,,1,2026-01-14 11:41:00
U437,97,5,4.0,5,2026-06-25 08:54:00
U437,100,2,5.0,2,2026-07-05 18:58:00
U437,101,4,4.0,4,2026-06-03 09:15:00
U437,102,3,,3,2026-07-15 18:29:00
U438,3,1,3.0,1,2025-11-15 14:01:00
U438,5,3,5.0,3,2026-09-01 15:37:00
U438,8,2,,2,2026-08-05 14:15:00
U438,9,1,,1,2026-01-29 14:59:00
U438,10,3,,3,2026-08-16 12:06:00
U438,15,1,,1,2026-08-13 15:53:00
U438,29,1,,1,2026-02-01 14:35:00
U438,30,1,,1,2025-11-26 11:21:00
U438,37,1,,1,2026-05-22 19:30:00
U438,39,2,,2,2025-11-28 20:47:00
U438,40,1,,1,2026-03-14 14:30:00
U438,42,1,,1,2025-10-04 19:51:00
U438,45,1,,1,2026-01-30 15:39:00
U438,46,7,4.0,7,2026-01-24 14:16:00
U438,47,1,4.0,1,2025-10-29 21:52:00
U438,48,4,4.0,4,2026-09-09 15:42:00
U438,49,1,,1,2026-04-01 11:19:00
U438,50,3,4.0,3,2026-06-06 14:57:00
U438,52,1,,1,2025-12-11 19:07:00
U438,53,2,3.0,2,2025-11-16 21:02:00
U438,56,2,5.0,2,2025-11-13 13:15:00
U438,57,5,4.0,5,2026-08-13 15:53:00
U438,61,2,,2,2026-09-17 11:08:00
U438,63,2,,2,2026-03-16 17:54:00
U438,64,1,,1,2026-03-11 17:47:00
U438,65,1,,1,2026-04-14 20:54:00
U438,67,2,,2,2026-09-20 14:28:00
U438,68,2,3.0,2,2026-09-07 19:58:00
U438,75,1,,1,2025-10-25 18:30:00
U438,77,2,,2,2026-08-12 14:47:00
U438,78,1,3.0,1,2025-10-24 11:17:00
U438,79,1,,1,2026-04-26 16:20:00
U438,80,19,3.33,19,2026-09-28 21:17:00
U438,81,1,2.0,1,2026-04-30 13:05:00
U438,83,3,3.5,3,2026-07-29 10:33:00
U438,84,24,3.0,22,2026-09-09 09:23:00
U438,85,1,,1,2026-03-01 10:55:00
U438,93,77,3.68,72,2026-09-17 19:22:00
U438,94,1,4.0,1,2026-07-15 13:05:00
U438,95,1,,1,2025-12-20 14:36:00
U438,96,3,3.0,3,2026-06-07 21:23:00
U438,97,1,,1,2026-01-29 19:33:00
U438,98,4,,4,2026-05-22 19:30:00
U438,99,1,,1,2026-07-23 21:16:00
U438,100,11,4.0,11,2026-07-16 18:33:00
U438,101,12,3.67,12,2026-09-04 13:41:00
U438,102,6,,6,2026-09-28 21:17:00
U439,1,34,4.29,34,2026-09-29 18:58:00
U439,2,37,4.33,34,2026-09-17 09:35:00
U439,5,15,4.33,15,2026-08-13 08:42:00
U439,7,1,,1,2026-01-15 17:38:00
U439,8,1,,1,2026-02-26 09:20:00
U439,9,1,,1,2026-02-03 19:04:00
U439,10,3,,3,2026-07-27 12:57:00
U439,15,2,3.0,2,2026-08-22 17:40:00
U439,19,1,3.0,1,2026-04-25 14:39:00
U439,27,1,,1,2026-06-24 15:08:00
U439,29,1,,1,2026-05-12 14:31:00
U439,37,1,,1,2026-02-02 09:46:00
U439,43,1,,1,2026-02-03 19:04:00
U439,44,1,,1,2026-08-30 09:14:00
U439,47,8,2.5,8,2026-02-16 13:51:00
U439,52,2,,2,2026-04-14 16:35:00
U439,56,23,3.0,22,2026-09-23 11:16:00
U439,65,2,,2,2026-02-20 13:53:00
U439,67,1,,1,2026-03-29 09:26:00
U439,77,26,2.0,24,2026-08-29 18:45:00
U439,79,1,,1,2026-03-03 07:21:00
U439,83,1,,1,2026-07-05 18:13:00
U439,85,1,,1,2026-09-12 09:14:00
U439,91,2,3.0,2,2026-05-12 14:31:00
U439,98,6,3.0,6,2026-07-08 12:46:00
U439,99,3,4.0,3,2026-04-25 14:39:00
U439,100,15,4.5,15,2026-09-17 09:35:00
U439,101,23,3.5,23,2026-09-04 07:00:00
U439,102,7,,7,2026-05-31 15:47:00
U440,1,1,4.0,1,2026-05-04 13:49:00
U440,2,12,4.0,12,2026-09-15 20:30:00
U440,3,5,,5,2026-09-03 13:43:00
U440,4,1,,1,2026-04-06 18:59:00
U440,5,5,3.0,5,2026-09-24 11:31:00
U440,6,16,4.5,16,2026-08-09 10:22:00
U440,7,4,3.0,4,2026-05-03 16:41:00
U440,8,2,,2,2026-05-18 15:01:00
U440,12,1,,1,2026-01-31 15:32:00
U440,15,2,,2,2025-12-09 09:10:00
U440,18,1,,1,2025-10-05 15:01:00
U440,19,2,,2,2026-02-24 19:57:00
U440,20,1,,1,2026-02-21 10:18:00
U440,23,4,3.0,4,2026-09-28 13:14:00
U440,25,1,,1,2026-03-22 18:34:00
U440,26,2,3.0,2,2026-05-03 14:06:00
U440,27,16,4.67,15,2026-09-24 11:31:00
U440,28,5,4.0,5,2026-03-22 16:46:00
U440,29,7,4.0,7,2026-09-15 09:57:00
U440,30,17,3.5,17,2026-09-25 20:51:00
U440,31,4,,4,2026-04-22 20:13:00
U440,32,4,,4,2026-06-28 18:59:00
U440,33,3,,3,2026-08-14 17:20:00
U440,34,10,4.0,10,2026-08-09 12:05:00
U440,35,7,4.0,7,2026-07-11 12:28:00
U440,41,1,2.0,1,2026-04-22 10:50:00
U440,47,4,3.5,4,2026-08-19 16:48:00
U440,54,1,,1,2026-05-14 17:23:00
U440,59,1,,1,2025-10-06 09:54:00
U440,74,3,2.0,3,2026-09-15 20:30:00
U440,75,1,3.0,1,2026-06-11 20:45:00
U440,76,1,,1,2026-07-17 13:00:00
U440,79,2,,2,2026-05-14 21:22:00
U440,88,1,3.0,1,2025-12-09 15:23:00
U440,90,1,,1,2026-03-04 15:43:00
U440,95,2,,2,2026-06-28 18:59:00
U440,98,2,3.5,2,2026-09-25 20:51:00
U440,99,3,,3,2026-09-15 09:57:00
U440,100,16,3.75,16,2026-08-28 11:42:00
U440,101,8,4.0,8,2026-06-07 11:23:00
U440,102,8,3.5,8,2026-09-15 20:30:00
U441,2,1,,1,2026-07-25 16:59:00
U441,3,2,3.0,2,2026-09-27 17:57:00
U441,6,1,,1,2026-07-11 08:51:00
U441,8,3,5.0,3,2026-09-12 09:08:00
U441,9,1,,1,2026-08-25 07:50:00
U441,10,2,,2,2026-09-05 09:28:00
U441,14,1,4.0,1,2026-07-12 15:57:00
U441,15,11,4.0,11,2026-09-26 06:16:00
U441,16,2,,2,2026-08-22 09:48:00
U441,17,1,,1,2026-09-14 15:11:00
U441,19,1,4.0,1,2026-09-01 08:59:00
U441,20,2,,2,2026-09-14 15:11:00
U441,22,3,,3,2026-09-22 16:58:00
U441,23,13,4.67,12,2026-09-14 15:11:00
U441,24,2,3.0,2,2026-08-25 06:44:00
U441,25,21,4.0,20,2026-09-27 06:16:00
U441,27,8,3.0,8,2026-09-10 07:32:00
U441,37,1,,1,2026-08-25 07:50:00
U441,66,1,,1,2026-07-25 16:59:00
U441,79,1,,1,2026-07-25 16:10:00
U441,93,1,,1,2026-08-12 14:14:00
U441,98,2,,2,2026-08-15 16:19:00
U441,99,1,,1,2026-09-26 06:16:00
U441,100,4,,4,2026-09-14 15:11:00
U441,101,11,4.0,11,2026-09-27 06:16:00
U441,102,2,,2,2026-08-25 07:50:00
U442,6,2,,2,2026-04-25 21:37:00
U442,7,2,,2,2026-09-05 12:22:00
U442,9,1,,1,2026-09-01 13:16:00
U442,11,3,4.0,3,2026-04-23 14:53:00
U442,22,2,,2,2026-07-31 15:48:00
U442,28,1,3.0,1,2026-07-19 20:40:00
U442,30,1,4.0,1,2026-09-10 19:19:00
U442,32,2,,2,2026-09-05 12:22:00
U442,37,1,2.0,1,2026-04-13 13:56:00
U442,38,1,,1,2026-09-03 16:56:00
U442,39,1,,1,2026-01-13 13:09:00
U442,52,2,,2,2026-09-27 11:40:00
U442,53,1,,1,2026-07-18 21:58:00
U442,54,9,4.67,9,2026-08-15 18:50:00
U442,55,3,3.0,3,2026-09-27 11:40:00
U442,56,1,4.0,1,2026-04-22 17:37:00
U442,57,2,,2,2026-01-24 20:20:00
U442,59,1,,1,2026-08-11 19:39:00
U442,63,4,4.0,4,2026-09-23 14:08:00
U442,65,2,,2,2026-06-02 19:22:00
U442,67,2,3.0,2,2026-03-29 21:10:00
U442,68,1,2.0,1,2025-11-20 17:07:00
U442,70,1,4.0,1,2025-11-22 21:12:00
U442,72,1,,1,2026-04-22 17:37:00
U442,75,1,,1,2026-04-06 13:26:00
U442,80,14,2.75,13,2026-09-27 11:40:00
U442,92,1,,1,2026-08-14 15:48:00
U442,93,1,,1,2026-09-10 18:42:00
U442,99,3,4.0,3,2026-04-25 21:37:00
U442,100,5,3.0,5,2026-04-18 18:49:00
U442,101,5,5.0,5,2026-08-14 15:48:00
U442,102,3,4.0,3,2026-09-27 11:40:00
U443,2,1,,1,2025-10-03 15:20:00
U443,6,1,4.0,1,2026-05-04 17:18:00
U443,10,1,2.0,1,2026-08-11 19:19:00
U443,17,1,,1,2026-06-17 14:31:00
U443,24,1,3.0,1,2026-05-03 18:49:00
U443,30,2,,2,2026-07-05 10:11:00
U443,37,5,3.0,5,2026-05-26 15:58:00
U443,41,3,2.0,3,2026-09-14 21:44:00
U443,54,9,3.0,9,2026-09-27 11:51:00
U443,58,1,3.0,1,2026-03-26 20:31:00
U443,59,1,2.0,1,2026-09-06 20:49:00
U443,63,5,2.5,5,2026-04-11 17:40:00
U443,69,1,,1,2026-03-07 11:15:00
U443,70,4,3.0,4,2026-07-18 20:55:00
U443,71,9,3.0,8,2026-09-27 11:51:00
U443,72,6,3.0,6,2026-06-20 11:44:00
U443,74,1,,1,2026-03-28 17:58:00
U443,75,17,4.33,16,2026-09-17 19:28:00
U443,76,6,4.0,6,2026-06-28 17:35:00
U443,77,26,4.5,25,2026-09-20 15:26:00
U443,78,5,3.0,5,2026-08-23 10:21:00
U443,79,15,3.67,15,2026-09-27 11:51:00
U443,80,18,3.5,18,2026-09-07 19:28:00
U443,82,3,3.0,3,2026-09-12 15:43:00
U443,89,1,3.0,1,2026-01-26 11:53:00
U443,95,17,3.11,17,2026-07-17 10:20:00
U443,98,6,4.0,6,2026-06-17 14:31:00
U443,99,3,3.5,3,2026-07-04 18:53:00
U443,100,5,4.0,5,2026-03-28 17:58:00
U443,101,12,3.83,12,2026-08-16 21:24:00
U443,102,7,4.0,7,2026-08-28 16:50:00
U445,7,1,,1,2026-07-05 09:54:00
U445,8,1,,1,2026-04-18 09:29:00
U445,15,1,,1,2025-10-12 15:15:00
U445,21,2,,2,2026-07-14 07:34:00
U445,27,1,,1,2025-11-05 08:33:00
U445,35,1,,1,2026-09-29 07:03:00
U445,38,3,3.0,3,2026-07-14 07:34:00
U445,47,2,,2,2026-04-30 17:09:00
U445,51,7,3.0,7,2026-09-29 07:03:00
U445,57,1,,1,2026-07-26 15:34:00
U445,59,1,,1,2026-06-11 07:26:00
U445,63,1,,1,2026-04-30 17:09:00
U445,64,4,4.0,4,2026-09-06 17:07:00
U445,65,1,,1,2025-11-20 06:21:00
U445,66,9,4.0,9,2026-09-01 16:57:00
U445,67,1,4.0,1,2026-07-16 06:05:00
U445,68,1,3.0,1,2026-02-17 08:50:00
U445,71,3,,3,2026-01-08 06:49:00
U445,72,1,,1,2026-04-11 07:55:00
U445,73,2,4.0,2,2025-10-31 06:32:00
U445,77,1,,1,2025-12-14 06:09:00
U445,78,1,4.0,1,2026-05-18 16:03:00
U445,80,1,,1,2026-03-03 06:58:00
U445,82,3,,3,2026-08-26 08:34:00
U445,83,4,5.0,3,2026-06-15 09:57:00
U445,84,2,,2,2026-09-06 17:07:00
U445,85,1,,1,2026-04-18 09:29:00
U445,86,4,4.0,4,2026-07-16 06:05:00
U445,90,1,4.0,1,2026-04-20 16:19:00
U445,93,1,3.0,1,2026-07-16 06:05:00
U445,101,5,3.5,5,2026-07-26 15:34:00
U446,1,1,,1,2026-06-29 15:42:00
U446,7,1,3.0,1,2026-06-07 10:39:00
U446,12,1,,1,2026-09-15 18:20:00
U446,16,1,,1,2026-02-07 20:46:00
U446,17,3,,3,2026-08-22 14:16:00
U446,18,1,,1,2026-09-21 14:27:00
U446,19,1,4.0,1,2026-08-06 10:16:00
U446,21,1,3.0,1,2026-05-06 09:02:00
U446,22,1,,1,2026-04-24 15:26:00
U446,26,1,,1,2026-06-28 12:42:00
U446,32,1,,1,2026-04-19 14:03:00
U446,35,1,,1,2026-07-16 21:58:00
U446,36,9,3.75,8,2026-07-15 11:24:00
U446,37,13,4.67,13,2026-09-11 15:23:00
U446,38,11,3.8,11,2026-09-25 11:07:00
U446,39,6,3.5,6,2026-08-29 12:42:00
U446,40,3,5.0,3,2026-09-11 15:23:00
U446,41,4,,4,2026-09-21 14:27:00
U446,42,1,,1,2026-09-05 14:09:00
U446,43,22,3.88,22,2026-09-23 17:43:00
U446,44,2,3.0,2,2026-08-30 10:34:00
U446,45,1,,1,2025-12-11 13:24:00
U446,48,25,4.62,25,2026-09-25 11:07:00
U446,49,1,3.0,1,2026-09-14 17:29:00
U446,52,1,,1,2026-05-06 17:18:00
U446,53,2,3.0,2,2026-08-05 09:44:00
U446,60,1,,1,2026-01-25 16:50:00
U446,61,3,,3,2026-08-18 21:36:00
U446,65,1,,1,2025-12-03 18:00:00
U446,70,3,3.0,3,2026-03-14 19:16:00
U446,73,3,,3,2026-08-31 13:06:00
U446,74,1,,1,2026-07-28 20:01:00
U446,76,1,,1,2025-12-27 21:56:00
U446,77,2,3.0,2,2026-06-28 12:42:00
U446,80,1,,1,2026-06-18 18:28:00
U446,85,3,3.0,3,2026-06-06 14:39:00
U446,87,1,,1,2026-08-06 10:16:00
U446,89,17,3.0,17,2026-08-15 10:32:00
U446,91,2,3.0,2,2026-03-21 21:10:00
U446,92,4,4.0,4,2026-09-26 19:53:00
U446,93,4,2.75,4,2026-03-31 09:15:00
U446,95,3,4.0,3,2026-06-18 21:57:00
U446,96,3,,3,2026-09-18 20:52:00
U446,97,1,2.0,1,2026-01-18 17:54:00
U446,98,4,4.0,4,2026-09-23 17:43:00
U446,99,1,4.0,1,2026-06-12 19:46:00
U446,100,6,,6,2026-08-31 13:06:00
U446,101,12,3.75,12,2026-09-21 14:27:00
U446,102,11,3.67,11,2026-09-23 17:43:00
U447,5,1,,1,2026-08-31 13:01:00
U447,6,1,,1,2026-02-21 21:42:00
U447,7,1,,1,2026-07-22 18:15:00
U447,8,2,3.0,2,2026-07-30 14:21:00
U447,10,13,4.67,13,2026-08-30 15:34:00
U447,11,32,4.0,31,2026-09-28 11:17:00
U447,12,20,3.71,20,2026-09-06 09:46:00
U447,14,14,5.0,13,2026-08-22 15:51:00
U447,15,15,4.4,15,2026-09-30 08:20:00
U447,16,3,4.0,3,2026-05-20 13:22:00
U447,17,3,4.5,3,2026-09-22 09:58:00
U447,18,21,4.8,21,2026-09-23 09:32:00
U447,19,10,4.67,10,2026-08-21 11:34:00
U447,20,1,,1,2026-04-15 13:15:00
U447,21,3,4.0,3,2026-06-25 17:39:00
U447,22,2,4.0,2,2026-05-03 13:35:00
U447,24,1,,1,2026-04-30 17:50:00
U447,25,10,4.5,10,2026-09-17 09:22:00
U447,26,6,4.0,6,2026-06-08 11:47:00
U447,27,3,,3,2026-09-30 14:34:00
U447,28,2,,2,2026-08-30 17:29:00
U447,30,2,,2,2026-09-01 21:45:00
U447,36,1,,1,2026-05-14 21:40:00
U447,37,1,,1,2026-04-30 17:50:00
U447,38,4,4.0,4,2026-09-29 08:35:00
U447,41,1,,1,2026-02-13 16:48:00
U447,42,1,3.0,1,2026-05-03 16:50:00
U447,45,1,,1,2026-09-24 09:25:00
U447,48,1,,1,2026-06-09 17:54:00
U447,52,1,,1,2026-01-21 20:32:00
U447,55,1,,1,2026-05-27 20:28:00
U447,57,2,,2,2026-03-12 17:29:00
U447,63,1,,1,2026-05-31 11:58:00
U447,68,1,3.0,1,2026-06-30 18:29:00
U447,69,7,3.0,7,2026-08-15 16:25:00
U447,74,1,,1,2026-06-25 17:39:00
U447,77,1,,1,2026-03-02 15:04:00
U447,83,1,,1,2026-01-03 14:07:00
U447,84,1,,1,2026-01-03 17:30:00
U447,86,1,,1,2026-05-18 17:29:00
U447,88,4,3.0,4,2026-07-22 18:15:00
U447,92,1,,1,2026-08-30 17:29:00
U447,94,1,3.0,1,2026-07-20 18:38:00
U447,96,60,3.33,58,2026-09-28 15:26:00
U447,98,9,4.0,9,2026-07-29 21:05:00
U447,99,4,,4,2026-06-15 13:44:00
U447,100,12,4.33,12,2026-09-15 14:38:00
U447,101,31,4.5,31,2026-09-17 09:22:00
U447,102,14,4.25,14,2026-09-24 09:25:00
U448,24,1,3.0,1,2026-09-07 08:41:00
U448,32,1,2.0,1,2026-02-25 16:08:00
U448,37,3,,2,2026-08-01 10:15:00
U448,38,13,2.5,13,2026-07-07 06:04:00
U448,39,3,5.0,3,2026-09-21 07:54:00
U448,40,1,,1,2026-02-10 06:26:00
U448,41,5,,5,2026-08-01 10:15:00
U448,42,2,4.0,2,2026-05-06 12:13:00
U448,44,1,,1,2026-07-05 07:06:00
U448,49,2,,2,2026-07-03 09:23:00
U448,55,1,2.0,1,2026-08-31 15:15:00
U448,59,1,,1,2026-03-09 13:27:00
U448,79,1,,1,2025-11-10 06:02:00
U448,90,4,,4,2026-09-08 10:00:00
U448,91,2,3.0,2,2026-05-07 09:18:00
U448,92,1,,1,2025-11-03 09:59:00
U448,95,1,,1,2026-07-05 07:06:00
U448,96,1,,1,2025-11-03 09:59:00
U448,100,2,,2,2026-09-07 08:41:00
U448,101,4,,4,2026-09-08 10:00:00
U448,102,3,,3,2026-07-18 06:28:00
U449,1,3,5.0,3,2026-05-28 10:57:00
U449,2,7,4.0,7,2026-07-02 16:21:00
U449,4,1,4.0,1,2025-10-17 09:50:00
U449,5,13,5.0,13,2026-09-10 06:29:00
U449,6,10,4.71,10,2026-08-23 11:16:00
U449,7,5,5.0,5,2026-09-21 07:46:00
U449,8,4,4.0,4,2026-09-10 15:00:00
U449,9,1,,1,2026-02-06 09:21:00
U449,13,3,2.0,3,2026-03-10 08:53:00
U449,23,3,3.0,3,2026-04-12 07:30:00
U449,31,2,,2,2026-05-13 07:37:00
U449,32,1,,1,2026-07-14 17:53:00
U449,34,2,3.0,2,2026-06-24 09:05:00
U449,35,1,,1,2025-10-24 15:51:00
U449,36,1,4.0,1,2026-07-10 15:24:00
U449,39,1,,1,2026-06-13 06:26:00
U449,41,8,2.75,8,2026-08-20 06:27:00
U449,42,1,3.0,1,2026-07-06 17:47:00
U449,46,7,2.5,7,2026-09-24 07:09:00
U449,48,1,3.0,1,2026-02-26 09:15:00
U449,49,1,4.0,1,2025-11-01 09:19:00
U449,50,1,,1,2026-09-02 17:59:00
U449,58,1,4.0,1,2026-04-14 07:17:00
U449,59,2,3.0,2,2026-02-03 15:23:00
U449,60,5,3.67,5,2026-03-21 07:15:00
U449,62,107,3.4,103,2026-09-24 06:24:00
U449,63,4,3.0,4,2026-07-04 08:55:00
U449,65,3,4.0,3,2026-04-02 08:05:00
U449,67,1,4.0,1,2026-04-16 06:15:00
U449,70,3,2.5,3,2026-08-22 07:31:00
U449,72,1,,1,2026-04-01 06:39:00
U449,76,3,3.0,3,2026-06-24 09:05:00
U449,80,81,3.14,76,2026-09-26 08:44:00
U449,82,11,3.25,11,2026-09-05 09:30:00
U449,84,1,3.0,1,2026-08-30 15:29:00
U449,85,3,,3,2026-02-26 15:27:00
U449,93,1,,1,2026-03-06 17:46:00
U449,96,5,3.0,5,2026-08-12 07:35:00
U449,98,7,4.0,7,2026-08-18 06:05:00
U449,99,6,4.0,6,2026-06-22 17:08:00
U449,100,11,4.33,11,2026-08-04 17:44:00
U449,101,18,4.5,18,2026-09-24 07:09:00
U449,102,11,4.67,11,2026-08-12 07:35:00
U450,1,1,,1,2026-05-08 14:26:00
U450,13,1,,1,2026-03-27 08:17:00
U450,15,1,,1,2026-09-03 18:20:00
U450,23,1,,1,2026-04-14 07:35:00
U450,27,3,2.5,2,2026-05-14 12:55:00
U450,30,1,,1,2026-06-11 11:41:00
U450,36,2,,2,2026-09-07 08:21:00
U450,37,2,,2,2026-09-24 14:27:00
U450,39,1,,1,2026-09-23 07:53:00
U450,40,46,4.5,45,2026-09-24 14:27:00
U450,42,4,3.5,4,2026-09-28 18:04:00
U450,43,10,4.0,9,2026-08-12 07:52:00
U450,44,2,,2,2026-09-03 18:20:00
U450,47,2,2.0,2,2026-09-29 14:51:00
U450,48,4,,4,2026-09-29 14:51:00
U450,49,1,,1,2026-05-12 08:05:00
U450,52,1,,1,2026-08-12 07:52:00
U450,63,2,3.0,2,2026-04-10 16:05:00
U450,67,1,,1,2026-04-17 15:49:00
U450,72,1,,1,2026-06-10 14:45:00
U450,73,1,,1,2026-03-26 12:20:00
U450,87,1,,1,2026-09-01 15:30:00
U450,92,1,,1,2026-09-28 18:04:00
U450,93,2,,2,2026-05-14 16:09:00
U450,98,3,,3,2026-09-16 09:20:00
U450,99,3,4.0,3,2026-06-12 16:41:00
U450,100,2,,2,2026-05-29 08:49:00
U450,101,10,4.0,10,2026-08-18 07:31:00
U450,102,4,3.5,4,2026-08-05 07:54:00
U451,1,2,4.0,2,2026-09-14 14:19:00
U451,2,5,3.5,4,2026-08-06 09:29:00
U451,4,2,,2,2026-05-13 13:28:00
U451,5,7,3.75,7,2026-09-18 12:14:00
U451,6,13,5.0,13,2026-09-14 14:19:00
U451,7,56,4.33,54,2026-09-28 18:45:00
U451,8,2,,2,2026-03-04 07:01:00
U451,9,3,4.0,3,2026-05-24 16:13:00
U451,14,1,,1,2026-09-28 15:56:00
U451,16,1,4.0,1,2026-08-06 09:29:00
U451,19,1,3.0,1,2026-08-24 07:49:00
U451,20,4,3.5,4,2026-04-23 13:02:00
U451,21,1,3.0,1,2026-07-04 15:04:00
U451,26,4,,4,2026-09-29 16:39:00
U451,27,1,,1,2026-07-23 09:09:00
U451,30,10,2.0,10,2026-09-02 08:37:00
U451,31,1,2.0,1,2026-08-27 11:52:00
U451,33,1,,1,2026-09-08 16:54:00
U451,35,3,3.0,3,2026-08-14 12:28:00
U451,44,4,2.67,4,2026-07-29 12:33:00
U451,46,2,,2,2025-12-24 15:06:00
U451,48,2,,2,2026-04-02 08:28:00
U451,51,1,,1,2026-06-11 14:09:00
U451,52,2,,2,2026-06-02 14:05:00
U451,57,13,4.0,13,2026-07-14 17:44:00
U451,58,1,,1,2025-11-12 13:57:00
U451,59,1,,1,2026-08-28 16:27:00
U451,60,1,4.0,1,2026-01-16 08:33:00
U451,62,1,3.0,1,2026-08-14 16:07:00
U451,64,1,,1,2026-06-11 14:09:00
U451,65,3,3.0,3,2026-05-10 11:12:00
U451,67,1,,1,2025-11-05 16:37:00
U451,69,5,3.0,5,2026-04-25 16:44:00
U451,70,1,,1,2026-09-08 16:54:00
U451,73,3,2.0,3,2026-08-16 14:03:00
U451,74,1,,1,2026-06-24 17:20:00
U451,79,4,3.5,4,2026-08-23 18:53:00
U451,81,2,3.0,2,2026-07-23 09:09:00
U451,84,3,,3,2026-03-05 14:02:00
U451,85,1,,1,2026-08-16 14:03:00
U451,86,1,,1,2026-05-13 13:28:00
U451,89,2,2.0,2,2026-09-30 16:11:00
U451,90,3,2.5,3,2026-08-17 08:39:00
U451,92,2,4.0,2,2026-04-27 11:20:00
U451,98,3,4.0,3,2026-09-11 15:37:00
U451,99,1,,1,2026-05-08 14:03:00
U451,100,13,4.57,13,2026-08-23 18:53:00
U451,101,16,4.0,16,2026-09-28 18:45:00
U451,102,9,4.0,9,2026-09-28 15:56:00
U452,1,9,4.0,9,2026-09-19 13:52:00
U452,2,8,,8,2026-07-21 07:16:00
U452,4,1,,1,2026-03-09 17:33:00
U452,5,5,,5,2026-08-27 09:07:00
U452,6,114,4.35,105,2026-09-30 12:19:00
U452,7,4,4.0,4,2026-09-27 06:35:00
U452,8,8,3.0,8,2026-09-25 09:37:00
U452,14,1,,1,2026-09-24 15:00:00
U452,15,1,2.0,1,2026-04-19 06:50:00
U452,16,1,,1,2026-01-28 09:53:00
U452,18,1,,1,2026-07-07 09:00:00
U452,20,2,,2,2025-11-12 07:30:00
U452,22,1,,1,2026-07-25 06:22:00
U452,26,1,,1,2025-11-23 06:18:00
U452,27,1,,1,2026-09-15 08:21:00
U452,28,1,,1,2026-08-02 08:56:00
U452,34,1,,1,2026-07-11 09:44:00
U452,38,2,,2,2026-08-29 16:54:00
U452,44,1,,1,2026-03-09 17:33:00
U452,45,1,,1,2025-12-31 17:27:00
U452,47,1,2.0,1,2026-04-29 16:49:00
U452,50,1,,1,2026-04-29 16:49:00
U452,52,1,,1,2026-03-17 06:50:00
U452,55,1,,1,2026-07-29 12:38:00
U452,74,3,,3,2026-08-29 16:54:00
U452,82,1,,1,2026-07-29 12:38:00
U452,88,1,,1,2026-06-02 15:09:00
U452,91,1,,1,2026-01-28 09:53:00
U452,96,1,,1,2025-12-27 17:44:00
U452,98,3,,3,2026-06-02 15:09:00
U452,99,3,,3,2026-07-04 07:49:00
U452,100,4,,4,2026-07-09 08:45:00
U452,101,36,3.25,36,2026-09-25 09:37:00
U452,102,11,3.33,11,2026-09-27 08:55:00
U453,1,1,,1,2026-09-25 11:08:00
U453,2,2,,2,2026-03-05 10:30:00
U453,4,1,,1,2026-02-02 18:16:00
U453,5,2,2.0,2,2026-08-02 17:35:00
U453,6,3,,3,2026-07-26 14:38:00
U453,7,1,,1,2026-08-31 10:09:00
U453,8,2,4.0,2,2026-06-13 14:36:00
U453,9,5,3.0,5,2026-09-26 09:40:00
U453,10,6,3.5,6,2026-09-30 09:06:00
U453,11,2,4.0,2,2026-08-15 09:10:00
U453,12,2,3.0,2,2026-08-31 09:44:00
U453,13,1,,1,2026-05-08 10:40:00
U453,14,1,,1,2026-08-31 09:44:00
U453,15,2,4.0,2,2026-08-25 15:33:00
U453,18,1,,1,2026-03-10 14:51:00
U453,19,1,4.0,1,2026-05-18 13:56:00
U453,20,1,2.0,1,2026-06-16 13:28:00
U453,22,1,,1,2025-12-29 16:54:00
U453,23,1,,1,2026-06-09 16:31:00
U453,24,1,,1,2026-06-28 14:12:00
U453,27,1,,1,2026-01-02 10:24:00
U453,28,3,3.0,3,2026-05-03 18:17:00
U453,29,2,,2,2026-09-25 11:08:00
U453,30,2,4.0,2,2026-09-14 14:10:00
U453,31,1,,1,2026-07-04 10:11:00
U453,32,3,,3,2026-09-05 09:17:00
U453,33,1,,1,2026-04-13 09:51:00
U453,34,137,4.42,128,2026-09-29 19:57:00
U453,35,2,,2,2026-07-17 08:27:00
U453,36,47,3.25,47,2026-09-29 19:57:00
U453,37,7,,7,2026-08-21 18:49:00
U453,38,1,,1,2026-07-31 21:15:00
U453,39,2,,2,2026-08-21 18:49:00
U453,40,1,,1,2026-03-03 14:48:00
U453,41,1,,1,2026-06-12 08:19:00
U453,42,2,3.0,2,2026-06-13 10:18:00
U453,43,1,,1,2026-05-18 13:56:00
U453,49,2,,2,2026-05-17 15:31:00
U453,50,1,,1,2026-03-13 18:57:00
U453,53,1,,1,2025-12-16 14:56:00
U453,56,2,3.0,2,2026-09-29 11:05:00
U453,57,3,,3,2026-09-07 16:02:00
U453,58,3,3.0,3,2026-04-26 18:31:00
U453,59,1,,1,2026-02-16 16:11:00
U453,60,2,3.0,2,2026-04-30 18:33:00
U453,62,1,3.0,1,2026-05-29 11:18:00
U453,63,6,4.0,6,2026-08-07 21:36:00
U453,65,1,,1,2026-08-02 17:35:00
U453,68,1,,1,2026-05-21 13:55:00
U453,70,2,3.0,2,2026-09-22 13:56:00
U453,72,6,5.0,6,2026-08-25 18:40:00
U453,74,4,,4,2026-09-22 11:31:00
U453,76,1,,1,2026-02-21 09:39:00
U453,77,5,3.0,5,2026-07-25 21:16:00
U453,79,1,,1,2026-04-15 19:39:00
U453,80,3,2.0,3,2026-09-05 15:07:00
U453,81,5,4.0,5,2026-09-22 13:56:00
U453,82,1,,1,2026-05-16 11:11:00
U453,83,3,,3,2026-09-26 16:46:00
U453,84,2,,2,2026-07-20 15:53:00
U453,85,1,,1,2026-05-16 13:24:00
U453,86,8,3.0,8,2026-07-06 09:39:00
U453,87,3,,2,2026-09-25 15:21:00
U453,88,1,3.0,1,2026-07-07 14:10:00
U453,89,3,3.5,3,2026-09-02 19:03:00
U453,90,5,,5,2026-09-02 08:24:00
U453,92,3,,3,2026-07-29 13:26:00
U453,93,4,3.0,4,2026-08-11 18:29:00
U453,94,3,3.0,3,2026-05-11 17:01:00
U453,95,2,4.0,2,2026-09-24 16:00:00
U453,96,3,3.5,3,2026-06-07 11:07:00
U453,97,1,3.0,1,2026-03-19 09:31:00
U453,98,10,4.0,10,2026-09-15 16:23:00
U453,99,6,4.0,6,2026-07-17 14:13:00
U453,100,36,3.91,36,2026-09-26 16:46:00
U453,101,23,3.5,23,2026-09-25 11:08:00
U453,102,10,4.0,10,2026-09-24 16:00:00
U454,6,1,3.0,1,2026-03-25 17:05:00
U454,11,8,3.0,8,2026-08-03 09:35:00
U454,12,1,,1,2026-08-09 16:16:00
U454,15,1,5.0,1,2025-11-26 08:18:00
U454,19,10,3.5,9,2026-07-15 12:36:00
U454,20,1,3.0,1,2026-02-20 08:50:00
U454,22,1,,1,2026-06-07 09:20:00
U454,23,2,,2,2025-12-26 08:51:00
U454,24,2,,2,2026-07-03 08:36:00
U454,25,1,4.0,1,2026-03-28 17:41:00
U454,56,3,,3,2026-03-23 17:38:00
U454,58,1,,1,2026-09-10 19:00:00
U454,61,5,4.0,5,2026-09-23 13:40:00
U454,64,1,,1,2026-05-03 16:33:00
U454,66,2,4.0,2,2026-03-28 17:41:00
U454,69,1,,1,2025-11-26 08:18:00
U454,73,2,,2,2026-04-22 07:15:00
U454,74,1,,1,2026-06-22 11:20:00
U454,79,2,3.0,2,2026-03-06 07:06:00
U454,85,1,2.0,1,2026-09-10 19:00:00
U454,92,1,4.0,1,2026-08-03 17:17:00
U454,94,1,4.0,1,2026-09-14 16:56:00
U454,98,2,,2,2026-07-15 12:36:00
U454,100,2,,2,2026-03-14 19:19:00
U454,101,8,3.33,8,2026-09-14 16:56:00
U454,102,4,3.5,4,2026-09-10 19:00:00
U455,3,2,3.0,2,2026-08-06 07:43:00
U455,5,49,3.3,47,2026-09-17 07:00:00
U455,7,2,3.0,2,2026-09-22 08:43:00
U455,8,2,3.0,2,2026-02-19 08:42:00
U455,10,3,3.0,3,2026-08-15 17:54:00
U455,11,1,3.0,1,2026-02-01 11:24:00
U455,12,6,2.67,6,2026-08-19 11:07:00
U455,13,11,3.75,11,2026-09-23 17:01:00
U455,14,6,3.33,6,2026-08-03 11:36:00
U455,15,35,4.05,32,2026-09-17 16:09:00
U455,16,27,4.56,27,2026-09-28 09:30:00
U455,17,1,,1,2026-01-29 16:09:00
U455,18,8,4.25,8,2026-09-12 10:15:00
U455,19,20,3.9,20,2026-09-22 08:01:00
U455,20,3,3.0,3,2026-08-22 14:33:00
U455,21,3,3.0,3,2026-09-29 15:12:00
U455,22,8,3.6,8,2026-08-19 11:07:00
U455,23,23,3.27,23,2026-08-22 14:33:00
U455,24,2,4.0,2,2026-07-16 11:09:00
U455,25,1,3.0,1,2026-08-11 07:44:00
U455,26,2,3.0,2,2026-09-15 16:30:00
U455,28,3,3.0,3,2026-04-03 09:54:00
U455,29,1,,1,2026-01-19 07:26:00
U455,32,1,2.0,1,2026-02-03 14:50:00
U455,33,1,3.0,1,2025-12-09 15:28:00
U455,34,1,,1,2026-02-09 15:31:00
U455,35,2,2.0,2,2026-01-18 10:05:00
U455,36,1,4.0,1,2026-03-29 16:07:00
U455,37,2,,2,2026-06-02 11:39:00
U455,39,4,3.0,4,2026-05-11 09:00:00
U455,43,2,2.0,2,2026-06-17 14:17:00
U455,44,1,3.0,1,2026-01-29 16:09:00
U455,45,1,3.0,1,2026-09-28 09:30:00
U455,47,2,2.5,2,2026-06-08 07:48:00
U455,49,2,2.0,2,2026-03-20 15:44:00
U455,53,1,,1,2026-01-21 18:04:00
U455,54,3,3.0,3,2026-09-13 15:38:00
U455,55,1,4.0,1,2026-09-22 08:01:00
U455,56,2,3.0,2,2026-07-30 13:33:00
U455,64,1,2.0,1,2026-01-31 15:22:00
U455,67,1,2.0,1,2026-01-07 07:42:00
U455,74,16,2.75,16,2026-09-24 13:45:00
U455,75,2,,2,2026-06-23 07:47:00
U455,77,1,2.0,1,2026-05-22 09:35:00
U455,79,2,3.0,2,2026-08-15 17:54:00
U455,82,1,3.0,1,2026-07-21 08:15:00
U455,83,1,3.0,1,2026-08-18 07:23:00
U455,87,2,2.5,2,2026-01-16 14:39:00
U455,88,3,3.5,3,2026-07-14 11:21:00
U455,91,1,3.0,1,2025-12-01 08:12:00
U455,93,1,,1,2026-03-30 15:56:00
U455,94,23,3.14,23,2026-09-23 17:01:00
U455,95,7,3.0,7,2026-09-18 07:54:00
U455,96,3,3.0,2,2026-02-23 12:06:00
U455,98,18,3.89,18,2026-09-28 09:30:00
U455,99,6,4.0,6,2026-09-29 15:12:00
U455,100,16,3.9,16,2026-09-29 15:12:00
U455,101,38,3.71,38,2026-09-28 09:30:00
U455,102,4,,4,2026-08-11 07:44:00
U456,2,1,,1,2025-10-07 16:34:00
U456,6,1,4.0,1,2026-04-26 15:45:00
U456,19,1,3.0,1,2026-08-01 19:54:00
U456,22,1,,1,2026-08-21 15:20:00
U456,23,1,,1,2026-05-09 11:57:00
U456,36,1,3.0,1,2026-06-07 12:15:00
U456,37,2,5.0,2,2026-09-13 19:04:00
U456,62,1,3.0,1,2026-08-09 10:52:00
U456,63,2,4.0,2,2026-06-25 21:55:00
U456,68,1,3.0,1,2026-08-01 19:54:00
U456,69,8,4.0,7,2026-07-14 18:22:00
U456,70,5,3.5,5,2026-04-26 15:45:00
U456,71,2,4.0,2,2026-08-21 15:20:00
U456,73,2,,2,2026-07-29 16:29:00
U456,74,1,3.0,1,2026-09-07 13:27:00
U456,75,5,3.67,5,2026-08-21 09:24:00
U456,77,1,,1,2025-10-12 10:27:00
U456,80,18,4.38,17,2026-09-26 14:39:00
U456,81,3,5.0,3,2026-07-28 14:57:00
U456,84,2,,2,2026-09-26 14:39:00
U456,91,1,,1,2025-11-24 16:50:00
U456,95,2,3.0,2,2026-08-21 15:20:00
U456,97,3,3.5,3,2026-07-07 19:14:00
U456,98,4,4.5,4,2026-08-09 10:52:00
U456,100,2,,2,2026-05-09 11:57:00
U456,101,1,4.0,1,2026-08-01 19:54:00
U456,102,2,,2,2026-02-03 14:18:00
U457,1,2,4.0,2,2026-04-15 10:48:00
U457,2,3,,3,2026-07-14 19:32:00
U457,5,1,,1,2026-09-12 20:48:00
U457,6,9,3.5,9,2026-07-15 15:53:00
U457,9,3,5.0,3,2026-09-19 14:00:00
U457,11,1,,1,2026-08-26 11:00:00
U457,12,2,,2,2026-03-05 15:46:00
U457,13,1,,1,2025-10-04 10:58:00
U457,14,1,3.0,1,2025-10-04 20:22:00
U457,15,4,,4,2026-08-03 14:29:00
U457,19,1,,1,2026-03-04 13:13:00
U457,20,1,,1,2026-01-11 21:36:00
U457,22,2,,2,2026-08-01 10:25:00
U457,23,1,,1,2025-10-11 10:18:00
U457,24,2,3.0,2,2026-09-06 16:31:00
U457,27,3,,3,2026-08-18 10:52:00
U457,30,3,,3,2026-03-24 10:17:00
U457,32,3,2.0,3,2026-02-26 14:09:00
U457,34,1,,1,2026-04-16 13:33:00
U457,36,2,,2,2026-07-02 17:38:00
U457,37,1,,1,2026-08-27 13:19:00
U457,38,8,3.0,8,2026-08-22 14:32:00
U457,39,3,,3,2026-07-28 14:17:00
U457,40,4,4.0,4,2026-04-29 13:09:00
U457,41,3,,3,2026-06-08 21:25:00
U457,43,2,,2,2026-09-22 17:57:00
U457,44,1,,1,2026-05-23 21:40:00
U457,45,3,3.0,3,2026-09-22 17:57:00
U457,46,2,4.0,2,2025-10-10 19:02:00
U457,47,4,,4,2026-08-03 14:29:00
U457,48,5,4.0,5,2026-07-31 17:11:00
U457,50,1,,1,2026-09-22 17:51:00
U457,51,1,,1,2026-03-01 14:24:00
U457,54,1,,1,2026-05-16 11:53:00
U457,55,1,,1,2026-05-05 16:08:00
U457,58,1,2.0,1,2026-03-07 19:35:00
U457,60,2,,2,2026-09-06 16:31:00
U457,61,1,,1,2026-05-02 17:51:00
U457,62,1,,1,2025-11-26 18:55:00
U457,63,2,,2,2025-12-30 19:23:00
U457,64,11,3.0,11,2026-06-13 16:44:00
U457,65,4,,4,2026-03-10 09:19:00
U457,68,5,3.5,5,2026-05-11 09:45:00
U457,69,1,,1,2026-06-28 16:19:00
U457,70,1,,1,2026-06-07 16:16:00
U457,71,2,,2,2026-09-13 11:16:00
U457,72,2,,2,2026-06-12 15:00:00
U457,73,8,4.0,7,2026-09-28 11:57:00
U457,74,1,,1,2025-10-23 09:47:00
U457,75,3,,3,2026-06-13 16:44:00
U457,77,2,4.0,2,2026-05-31 19:20:00
U457,78,2,,2,2026-07-11 16:49:00
U457,79,2,,2,2026-04-15 11:53:00
U457,80,2,,2,2026-04-15 11:53:00
U457,81,1,,1,2026-03-01 14:24:00
U457,82,2,,2,2026-05-31 19:20:00
U457,83,15,3.5,15,2026-09-10 20:16:00
U457,84,2,3.0,2,2026-03-01 19:45:00
U457,85,4,,4,2026-07-31 16:57:00
U457,88,2,,2,2026-08-26 11:00:00
U457,89,3,,3,2026-07-12 20:04:00
U457,90,1,4.0,1,2026-03-19 16:50:00
U457,92,2,,2,2026-04-11 16:19:00
U457,93,5,3.0,5,2026-07-22 19:15:00
U457,95,5,3.0,5,2026-09-06 21:29:00
U457,96,4,4.0,4,2026-07-12 18:35:00
U457,97,2,,2,2026-06-06 16:54:00
U457,98,6,4.0,6,2026-07-22 19:15:00
U457,99,1,,1,2025-10-10 19:02:00
U457,100,8,4.0,8,2026-08-18 10:52:00
U457,101,14,3.0,14,2026-09-28 11:57:00
U457,102,6,,6,2026-06-08 17:55:00
U458,2,1,2.0,1,2026-05-27 12:03:00
U458,5,2,3.0,2,2026-06-18 19:05:00
U458,11,1,,1,2026-05-29 15:10:00
U458,12,1,,1,2026-03-18 07:27:00
U458,16,5,4.5,5,2026-03-27 08:20:00
U458,20,1,,1,2025-11-17 09:32:00
U458,25,3,,3,2026-09-22 08:20:00
U458,28,2,,2,2026-06-18 19:05:00
U458,31,1,4.0,1,2026-04-12 18:08:00
U458,32,26,3.4,26,2026-09-08 14:32:00
U458,35,1,,1,2025-10-28 11:38:00
U458,36,1,,1,2026-06-18 15:27:00
U458,37,3,4.0,3,2026-08-05 16:57:00
U458,38,1,,1,2026-04-22 07:46:00
U458,39,4,3.0,4,2026-06-18 15:27:00
U458,40,3,,3,2026-09-26 09:21:00
U458,41,5,5.0,5,2026-09-15 09:06:00
U458,43,3,,3,2026-08-07 14:31:00
U458,44,1,,1,2026-04-14 13:06:00
U458,48,4,4.0,4,2026-08-07 08:53:00
U458,60,30,3.64,30,2026-09-22 07:41:00
U458,61,1,,1,2025-11-07 12:46:00
U458,70,1,4.0,1,2025-12-27 15:57:00
U458,88,1,,1,2026-04-23 12:56:00
U458,91,40,4.93,39,2026-09-24 13:12:00
U458,93,1,,1,2026-07-15 19:42:00
U458,94,3,4.0,3,2026-09-08 13:43:00
U458,96,5,4.0,5,2026-07-09 12:35:00
U458,98,7,4.5,7,2026-07-09 12:35:00
U458,99,4,4.0,4,2026-07-15 19:42:00
U458,100,14,4.5,14,2026-09-24 13:12:00
U458,101,10,4.33,10,2026-09-22 08:20:00
U458,102,4,4.0,4,2026-09-08 13:43:00
U459,2,1,,1,2025-11-24 14:05:00
U459,3,1,,1,2026-03-21 14:03:00
U459,5,1,3.0,1,2026-06-26 21:11:00
U459,6,1,,1,2026-04-17 08:53:00
U459,10,1,,1,2025-10-12 09:41:00
U459,15,1,2.0,1,2025-10-12 10:23:00
U459,20,2,4.0,2,2026-03-21 14:03:00
U459,25,2,,2,2026-08-02 19:14:00
U459,36,3,3.0,3,2026-08-06 09:55:00
U459,38,2,,2,2026-08-10 17:36:00
U459,41,1,,1,2026-08-02 19:14:00
U459,48,5,2.0,5,2026-06-25 15:32:00
U459,51,1,,1,2025-10-22 13:39:00
U459,53,1,,1,2026-07-31 10:05:00
U459,54,1,4.0,1,2025-10-18 14:28:00
U459,55,1,3.0,1,2026-06-26 21:11:00
U459,57,1,3.0,1,2026-07-30 16:57:00
U459,58,3,4.0,3,2026-05-07 08:51:00
U459,61,2,,2,2026-07-14 11:38:00
U459,65,15,4.5,15,2026-09-02 16:11:00
U459,67,11,2.25,11,2026-09-29 16:47:00
U459,71,1,,1,2026-08-19 16:22:00
U459,75,1,4.0,1,2026-06-26 21:11:00
U459,77,1,,1,2026-07-04 16:44:00
U459,80,3,,3,2026-09-28 13:49:00
U459,100,2,4.0,2,2026-02-15 13:37:00
U459,101,3,3.0,3,2026-03-02 19:22:00
U459,102,3,,3,2026-08-31 11:37:00
U460,2,1,,1,2026-09-27 15:28:00
U460,5,1,4.0,1,2026-09-15 09:48:00
U460,8,1,,1,2026-09-15 09:48:00
U460,50,1,4.0,1,2026-09-16 09:51:00
U460,66,1,,1,2026-09-18 11:00:00
U460,74,1,4.0,1,2026-09-29 15:41:00
U460,81,1,,1,2026-09-21 08:24:00
U460,101,1,4.0,1,2026-09-29 15:41:00
U460,102,1,4.0,1,2026-09-27 15:28:00
U461,2,1,,1,2026-05-10 16:55:00
U461,3,1,,1,2026-06-15 08:17:00
U461,13,1,,1,2026-08-26 14:37:00
U461,15,1,4.0,1,2026-06-15 08:17:00
U461,23,1,4.0,1,2026-05-24 14:03:00
U461,24,1,,1,2026-08-26 14:37:00
U461,28,3,3.5,3,2026-05-03 16:21:00
U461,30,1,,1,2026-07-01 09:26:00
U461,33,3,3.0,3,2026-08-26 14:37:00
U461,34,1,,1,2026-08-04 08:19:00
U461,35,1,,1,2026-05-06 09:42:00
U461,40,1,,1,2026-08-14 08:38:00
U461,43,1,3.0,1,2026-07-09 09:02:00
U461,49,1,,1,2026-03-06 08:22:00
U461,56,1,3.0,1,2026-05-03 16:21:00
U461,68,1,,1,2026-06-16 08:58:00
U461,74,1,,1,2026-05-28 15:33:00
U461,82,4,2.0,4,2026-07-27 09:24:00
U461,90,1,3.0,1,2026-04-02 09:51:00
U461,100,1,4.0,1,2026-08-26 14:37:00
U461,101,1,,1,2026-06-15 08:17:00
U461,102,1,3.0,1,2026-07-09 09:02:00
U462,6,2,2.0,2,2026-01-29 12:19:00
U462,7,1,3.0,1,2025-12-04 16:54:00
U462,9,1,,1,2026-05-15 12:10:00
U462,10,1,,1,2026-09-08 09:59:00
U462,11,1,4.0,1,2026-05-12 16:33:00
U462,13,1,,1,2026-04-23 15:05:00
U462,14,3,2.0,3,2026-07-03 08:32:00
U462,15,1,3.0,1,2025-11-07 07:17:00
U462,20,1,3.0,1,2026-09-28 07:53:00
U462,30,1,,1,2026-05-15 12:10:00
U462,44,1,2.0,1,2026-01-16 16:27:00
U462,49,2,,2,2026-07-16 15:26:00
U462,51,1,,1,2025-12-04 16:54:00
U462,53,4,4.0,4,2026-08-16 19:01:00
U462,54,2,,2,2026-05-27 09:44:00
U462,56,2,4.0,2,2026-07-02 19:59:00
U462,57,1,,1,2026-08-24 15:07:00
U462,58,1,,1,2025-12-04 16:54:00
U462,59,1,5.0,1,2026-08-16 19:01:00
U462,60,8,4.33,8,2026-09-04 17:04:00
U462,61,18,3.71,17,2026-07-27 16:38:00
U462,63,2,,2,2026-07-02 19:59:00
U462,65,1,,1,2026-05-12 16:33:00
U462,66,4,4.0,4,2026-07-02 19:59:00
U462,67,1,5.0,1,2025-12-22 14:40:00
U462,68,3,5.0,3,2026-09-09 15:16:00
U462,70,1,3.0,1,2025-12-16 15:06:00
U462,71,1,3.0,1,2025-10-29 15:59:00
U462,72,2,,2,2026-09-04 17:04:00
U462,76,1,,1,2026-08-28 16:40:00
U462,92,1,,1,2025-11-24 11:07:00
U462,98,2,,2,2026-08-28 16:40:00
U462,100,6,4.5,6,2026-09-28 07:53:00
U462,101,6,4.0,6,2026-07-16 15:02:00
U462,102,2,4.0,2,2026-07-16 15:26:00
U463,3,1,,1,2025-12-30 09:07:00
U463,5,3,4.0,3,2026-09-23 09:13:00
U463,6,1,,1,2025-12-04 14:34:00
U463,7,3,3.0,3,2026-04-14 07:31:00
U463,8,2,3.0,2,2026-09-07 08:27:00
U463,9,2,2.0,2,2026-01-29 07:06:00
U463,16,1,,1,2025-11-26 08:50:00
U463,18,1,,1,2026-07-05 16:10:00
U463,19,1,,1,2026-05-07 16:46:00
U463,22,2,,2,2026-08-12 07:36:00
U463,27,1,,1,2026-03-19 12:45:00
U463,30,1,,1,2026-08-22 11:12:00
U463,32,1,,1,2026-06-17 14:41:00
U463,35,2,,2,2026-08-28 09:44:00
U463,36,2,2.5,2,2026-05-28 16:14:00
U463,42,1,,1,2025-12-28 15:08:00
U463,45,9,3.0,9,2026-05-26 12:23:00
U463,46,25,3.0,24,2026-09-25 11:43:00
U463,47,4,3.0,4,2026-09-18 12:52:00
U463,50,20,3.9,20,2026-09-01 09:58:00
U463,51,8,3.33,8,2026-08-23 18:22:00
U463,52,11,3.2,11,2026-09-28 11:10:00
U463,55,1,3.0,1,2026-06-03 07:01:00
U463,56,1,,1,2026-02-27 08:26:00
U463,57,2,4.0,2,2026-07-09 08:37:00
U463,59,1,4.0,1,2026-05-07 14:42:00
U463,60,2,3.0,2,2026-08-14 17:57:00
U463,61,1,2.0,1,2026-07-27 17:13:00
U463,62,1,3.0,1,2025-12-18 09:32:00
U463,67,1,,1,2025-11-10 11:18:00
U463,68,1,,1,2026-04-27 14:53:00
U463,70,5,3.0,5,2026-07-20 14:49:00
U463,73,2,4.0,2,2026-04-07 14:05:00
U463,74,7,4.0,7,2026-09-24 16:34:00
U463,75,4,3.0,4,2026-09-25 16:45:00
U463,76,3,,3,2026-09-04 12:23:00
U463,79,1,,1,2026-01-04 09:13:00
U463,83,87,4.84,85,2026-09-24 16:34:00
U463,84,4,4.0,4,2026-09-23 08:22:00
U463,85,37,3.36,35,2026-09-09 16:55:00
U463,86,3,3.0,3,2026-09-28 19:32:00
U463,87,10,3.5,10,2026-07-28 12:57:00
U463,88,7,2.67,7,2026-08-15 09:24:00
U463,89,34,3.08,34,2026-08-12 12:50:00
U463,90,45,3.5,45,2026-09-28 19:32:00
U463,95,1,,1,2026-02-22 14:38:00
U463,98,11,4.14,11,2026-09-20 11:41:00
U463,99,4,3.0,4,2026-07-28 16:03:00
U463,100,17,4.2,17,2026-09-25 16:45:00
U463,101,28,3.82,28,2026-08-24 07:15:00
U463,102,13,4.33,13,2026-08-20 07:52:00
U464,1,1,5.0,1,2026-04-27 16:15:00
U464,2,1,4.0,1,2026-07-30 17:42:00
U464,3,1,4.0,1,2025-12-26 17:21:00
U464,4,2,,2,2026-04-25 09:47:00
U464,6,2,4.0,2,2026-08-27 08:25:00
U464,9,2,4.0,2,2026-06-24 15:48:00
U464,14,2,,2,2026-04-02 13:35:00
U464,20,2,,2,2026-04-28 11:08:00
U464,26,11,4.0,11,2026-08-14 16:04:00
U464,27,3,5.0,3,2026-06-07 10:42:00
U464,28,1,4.0,1,2026-08-03 10:30:00
U464,29,2,,2,2026-05-28 15:00:00
U464,32,5,5.0,5,2026-05-28 15:00:00
U464,33,5,3.0,5,2026-09-13 14:54:00
U464,34,5,,5,2026-08-17 15:31:00
U464,35,3,4.0,3,2026-09-13 14:54:00
U464,36,1,,1,2026-08-06 15:11:00
U464,37,1,3.0,1,2026-09-13 14:54:00
U464,38,2,3.0,2,2026-07-10 11:48:00
U464,47,2,3.0,2,2026-05-28 16:41:00
U464,48,3,2.0,3,2026-08-31 18:31:00
U464,50,3,3.0,3,2026-09-03 15:45:00
U464,53,2,3.0,2,2026-03-09 13:44:00
U464,54,1,,1,2026-08-07 19:16:00
U464,56,1,,1,2026-06-11 11:59:00
U464,59,3,3.0,3,2026-07-26 09:27:00
U464,60,1,,1,2026-05-18 21:45:00
U464,61,2,,2,2026-05-27 17:05:00
U464,62,2,4.0,2,2026-07-13 21:05:00
U464,63,2,2.0,2,2026-06-23 19:43:00
U464,64,31,3.14,30,2026-09-16 19:08:00
U464,65,1,,1,2026-01-16 21:22:00
U464,66,3,3.0,3,2026-07-27 15:11:00
U464,68,1,,1,2026-01-20 09:57:00
U464,72,2,3.0,2,2026-04-11 20:56:00
U464,73,1,3.0,1,2026-08-30 18:29:00
U464,74,45,3.05,42,2026-09-30 11:33:00
U464,75,1,,1,2026-09-16 19:08:00
U464,78,1,2.0,1,2026-07-27 15:11:00
U464,79,1,,1,2026-06-23 19:43:00
U464,80,2,,2,2026-08-30 18:29:00
U464,81,1,2.0,1,2025-11-14 10:25:00
U464,91,1,,1,2026-05-28 16:41:00
U464,92,1,,1,2026-09-02 19:52:00
U464,96,2,,2,2026-09-20 10:05:00
U464,98,6,4.0,6,2026-08-20 17:05:00
U464,99,4,4.0,4,2026-09-30 11:33:00
U464,100,4,4.0,4,2026-04-28 11:08:00
U464,101,9,4.0,9,2026-08-27 08:25:00
U464,102,4,3.5,4,2026-09-16 19:08:00
U465,4,1,3.0,1,2026-07-20 07:01:00
U465,10,1,,1,2026-05-27 16:10:00
U465,11,1,,1,2026-09-12 10:36:00
U465,12,1,4.0,1,2025-12-28 14:29:00
U465,15,1,,1,2025-12-09 14:38:00
U465,28,1,,1,2026-06-07 15:37:00
U465,29,1,,1,2026-08-16 16:01:00
U465,30,3,5.0,3,2026-07-28 09:26:00
U465,31,1,,1,2026-04-20 07:17:00
U465,32,1,,1,2026-06-07 10:38:00
U465,34,1,4.0,1,2026-04-25 10:29:00
U465,36,1,,1,2025-11-15 11:35:00
U465,37,1,,1,2026-08-21 16:16:00
U465,40,1,3.0,1,2025-10-04 17:15:00
U465,41,1,,1,2026-06-09 08:24:00
U465,45,2,,2,2026-06-29 07:19:00
U465,47,1,3.0,1,2026-06-07 10:38:00
U465,48,3,,3,2026-06-27 11:00:00
U465,49,1,,1,2026-06-27 11:50:00
U465,52,3,3.0,3,2026-09-20 15:41:00
U465,67,1,,1,2025-12-16 15:19:00
U465,73,1,,1,2026-02-16 07:05:00
U465,78,2,,2,2026-08-12 16:47:00
U465,81,1,,1,2026-01-13 09:24:00
U465,83,4,3.0,4,2026-09-12 10:36:00
U465,86,2,,2,2026-03-20 12:41:00
U465,90,7,4.0,7,2026-08-16 16:01:00
U465,91,1,,1,2026-04-18 15:47:00
U465,96,2,,2,2026-04-10 08:04:00
U465,101,5,3.5,5,2026-09-12 10:36:00
U465,102,2,4.0,2,2026-02-05 09:30:00
U466,5,4,4.0,4,2026-02-04 08:22:00
U466,6,11,5.0,11,2026-03-13 14:31:00
U466,7,1,4.0,1,2026-02-19 12:47:00
U466,9,20,3.57,19,2026-03-03 09:09:00
U466,13,9,3.8,9,2026-03-05 13:03:00
U466,14,1,,1,2025-10-01 14:01:00
U466,15,1,5.0,1,2026-02-26 07:02:00
U466,16,1,,1,2025-12-29 07:14:00
U466,18,1,,1,2025-12-26 09:28:00
U466,19,6,5.0,6,2026-03-13 14:31:00
U466,21,5,5.0,5,2026-01-14 15:10:00
U466,22,2,5.0,2,2026-03-03 09:09:00
U466,23,13,3.75,13,2026-03-09 09:48:00
U466,40,1,,1,2025-11-17 14:13:00
U466,62,1,,1,2025-12-17 09:03:00
U466,66,1,4.0,1,2025-10-22 08:21:00
U466,70,1,,1,2025-10-31 07:10:00
U466,79,2,3.0,2,2025-12-23 12:35:00
U466,83,4,3.33,4,2026-02-26 16:23:00
U466,89,1,4.0,1,2026-02-26 07:02:00
U466,92,1,4.0,1,2026-02-05 11:25:00
U466,98,3,,3,2026-01-26 11:42:00
U466,99,1,5.0,1,2025-12-29 07:14:00
U466,100,9,4.5,9,2026-03-05 13:03:00
U466,101,13,4.5,13,2026-02-04 08:22:00
U466,102,5,4.67,5,2026-03-13 14:31:00
U467,2,1,2.0,1,2026-07-02 14:53:00
U467,9,1,4.0,1,2025-10-23 07:14:00
U467,11,1,,1,2026-08-24 19:31:00
U467,14,1,4.0,1,2026-03-04 14:28:00
U467,16,4,,4,2026-09-03 15:36:00
U467,18,1,,1,2025-12-15 12:51:00
U467,22,5,4.0,5,2026-09-29 08:54:00
U467,26,2,2.0,2,2026-07-14 07:08:00
U467,27,1,3.0,1,2026-03-10 09:34:00
U467,29,1,,1,2026-03-09 16:07:00
U467,31,1,3.0,1,2026-05-01 08:00:00
U467,32,4,,4,2026-09-27 20:57:00
U467,33,3,,3,2026-09-21 11:09:00
U467,35,2,2.0,2,2026-06-22 19:53:00
U467,38,1,,1,2026-04-22 08:57:00
U467,39,1,,1,2026-06-30 12:47:00
U467,42,1,2.0,1,2026-07-07 09:12:00
U467,45,1,,1,2026-03-13 07:08:00
U467,46,20,3.8,20,2026-09-30 15:20:00
U467,47,2,4.0,2,2026-07-06 16:43:00
U467,50,1,4.0,1,2026-07-17 16:02:00
U467,51,1,3.0,1,2026-04-24 16:17:00
U467,52,1,4.0,1,2026-07-26 11:46:00
U467,56,2,2.5,2,2026-03-04 14:28:00
U467,65,1,3.0,1,2026-09-11 18:03:00
U467,67,1,2.0,1,2025-12-18 07:38:00
U467,70,3,5.0,3,2026-03-03 08:28:00
U467,71,2,3.0,2,2026-06-22 16:46:00
U467,72,1,,1,2025-10-26 15:00:00
U467,73,1,2.0,1,2026-08-15 14:25:00
U467,74,1,2.0,1,2025-11-05 17:04:00
U467,75,4,3.0,4,2026-08-27 15:12:00
U467,76,4,4.0,4,2026-02-04 19:14:00
U467,79,4,3.5,4,2026-09-11 18:03:00
U467,80,1,,1,2026-09-20 16:49:00
U467,83,3,3.0,3,2026-04-24 16:17:00
U467,84,7,4.0,7,2026-09-29 08:54:00
U467,85,3,3.5,3,2026-07-26 10:54:00
U467,86,6,3.67,6,2026-09-04 08:05:00
U467,87,1,,1,2026-01-31 20:49:00
U467,88,5,4.67,5,2026-08-27 15:12:00
U467,89,51,4.23,50,2026-09-29 08:54:00
U467,90,3,5.0,3,2026-07-30 18:57:00
U467,96,1,2.0,1,2025-10-26 15:00:00
U467,98,2,5.0,2,2026-03-17 16:57:00
U467,99,1,4.0,1,2026-06-08 14:28:00
U467,100,11,4.0,11,2026-09-05 10:56:00
U467,101,10,3.5,10,2026-09-27 20:57:00
U467,102,4,3.5,4,2026-07-07 09:12:00
U468,3,1,,1,2026-03-21 15:57:00
U468,5,3,2.0,3,2026-05-22 12:57:00
U468,6,2,,2,2026-09-28 07:46:00
U468,8,1,,1,2026-07-10 13:08:00
U468,11,2,4.0,2,2026-04-06 07:04:00
U468,12,1,,1,2026-01-26 07:09:00
U468,13,2,,2,2026-08-19 11:21:00
U468,14,4,3.0,4,2026-07-09 13:07:00
U468,15,2,,2,2026-09-18 07:23:00
U468,16,9,2.67,9,2026-09-30 08:48:00
U468,18,2,3.0,2,2026-02-11 12:26:00
U468,19,74,4.5,71,2026-09-28 07:46:00
U468,20,5,2.0,5,2026-07-10 13:08:00
U468,21,5,3.0,5,2026-09-28 07:46:00
U468,22,8,3.5,8,2026-08-21 11:21:00
U468,23,2,,2,2026-06-02 15:46:00
U468,24,1,,1,2026-06-02 15:46:00
U468,25,6,3.5,6,2026-09-25 07:54:00
U468,26,2,,2,2026-01-21 16:09:00
U468,27,9,2.5,9,2026-08-27 08:46:00
U468,33,2,2.0,2,2026-08-27 08:46:00
U468,34,2,2.0,2,2026-07-02 15:59:00
U468,37,1,,1,2026-05-15 14:28:00
U468,38,1,,1,2025-12-09 08:33:00
U468,42,1,2.0,1,2025-10-14 11:44:00
U468,44,1,,1,2026-07-24 14:04:00
U468,47,2,2.0,2,2026-09-27 18:14:00
U468,49,2,2.0,2,2026-07-25 19:06:00
U468,64,2,,2,2026-07-12 19:54:00
U468,71,1,,1,2026-02-01 20:28:00
U468,81,2,,2,2026-07-01 11:49:00
U468,82,2,,2,2026-07-12 19:54:00
U468,87,1,,1,2026-03-17 07:27:00
U468,97,1,,1,2026-04-06 07:04:00
U468,98,7,3.5,7,2026-09-30 08:48:00
U468,100,17,3.5,17,2026-09-28 07:46:00
U468,101,20,3.33,20,2026-09-25 07:54:00
U468,102,1,,1,2026-06-10 08:10:00
U469,2,1,,1,2026-08-10 09:20:00
U469,3,3,,3,2026-07-08 09:51:00
U469,5,8,3.5,8,2026-04-20 08:36:00
U469,6,3,4.0,3,2026-07-27 08:40:00
U469,7,1,3.0,1,2026-06-30 13:14:00
U469,10,5,4.0,5,2026-08-17 07:18:00
U469,11,1,,1,2026-09-12 14:53:00
U469,12,10,3.67,10,2026-09-25 16:53:00
U469,13,5,3.0,5,2026-08-17 07:18:00
U469,14,11,3.67,11,2026-09-04 15:44:00
U469,15,59,4.67,58,2026-09-21 18:59:00
U469,16,5,3.5,5,2026-04-22 07:21:00
U469,17,121,3.96,117,2026-09-30 19:06:00
U469,18,15,3.83,15,2026-08-12 12:24:00
U469,19,12,3.67,12,2026-09-19 09:14:00
U469,20,17,4.0,17,2026-08-16 15:08:00
U469,21,11,3.0,11,2026-09-18 13:37:00
U469,22,9,4.67,9,2026-08-30 15:42:00
U469,23,2,3.0,2,2026-02-14 15:27:00
U469,24,1,3.0,1,2026-06-08 13:22:00
U469,25,2,3.0,2,2026-09-09 16:39:00
U469,27,1,,1,2026-05-01 14:20:00
U469,28,2,,2,2026-06-21 16:17:00
U469,35,1,3.0,1,2025-10-26 09:18:00
U469,42,2,2.0,2,2026-08-24 13:39:00
U469,45,1,3.0,1,2026-06-05 18:34:00
U469,49,1,,1,2026-05-02 20:46:00
U469,50,1,4.0,1,2026-03-10 13:28:00
U469,51,1,,1,2026-08-19 16:35:00
U469,54,1,,1,2026-04-03 11:52:00
U469,61,1,4.0,1,2026-01-08 18:30:00
U469,68,2,3.5,2,2026-04-03 17:53:00
U469,75,1,,1,2025-12-13 09:00:00
U469,78,3,,3,2026-03-10 18:02:00
U469,84,1,,1,2025-10-26 11:26:00
U469,85,1,3.0,1,2026-08-22 16:29:00
U469,86,1,4.0,1,2026-04-13 14:14:00
U469,91,1,3.0,1,2026-03-07 09:35:00
U469,92,1,,1,2026-03-30 13:05:00
U469,93,1,4.0,1,2025-10-22 14:38:00
U469,97,1,,1,2026-02-19 08:35:00
U469,98,39,3.78,39,2026-09-28 12:37:00
U469,99,4,3.5,4,2026-05-07 08:51:00
U469,100,21,4.09,21,2026-09-11 15:16:00
U469,101,52,4.06,52,2026-09-30 19:06:00
U469,102,5,,5,2026-06-12 12:37:00
U470,1,11,,11,2026-09-18 09:48:00
U470,2,3,4.0,3,2026-07-10 11:48:00
U470,4,2,,2,2026-04-25 15:00:00
U470,5,2,,2,2026-07-23 09:09:00
U470,6,8,4.25,8,2026-05-01 07:01:00
U470,7,1,3.0,1,2025-12-21 18:54:00
U470,8,2,4.0,2,2026-09-08 13:25:00
U470,9,4,3.0,3,2026-08-10 09:20:00
U470,39,1,3.0,1,2026-04-03 13:01:00
U470,41,2,,2,2025-12-21 18:54:00
U470,52,1,,1,2025-11-01 17:23:00
U470,85,2,3.0,2,2026-07-28 17:45:00
U470,98,1,,1,2025-10-13 08:13:00
U470,99,4,,4,2026-05-23 14:09:00
U470,100,2,,2,2026-02-04 19:22:00
U470,101,3,,3,2026-07-13 08:01:00
U470,102,2,3.0,2,2025-12-01 12:59:00
U471,2,1,,1,2026-01-22 06:27:00
U471,10,1,,1,2026-03-06 08:11:00
U471,11,1,,1,2026-01-27 12:43:00
U471,12,1,,1,2026-03-06 11:57:00
U471,13,1,,1,2025-11-15 07:39:00
U471,18,1,3.0,1,2026-09-06 09:13:00
U471,19,3,3.0,3,2026-05-30 06:48:00
U471,20,1,,1,2026-01-30 06:58:00
U471,23,1,,1,2026-04-30 06:35:00
U471,24,1,3.0,1,2026-08-18 13:32:00
U471,27,2,,2,2026-09-08 09:39:00
U471,29,1,4.0,1,2026-09-07 15:03:00
U471,30,1,,1,2026-01-22 08:08:00
U471,32,1,,1,2026-07-06 06:05:00
U471,33,3,,3,2026-06-06 07:41:00
U471,36,18,5.0,18,2026-09-30 16:43:00
U471,37,8,5.0,8,2026-09-08 09:39:00
U471,38,16,5.0,16,2026-09-06 09:13:00
U471,39,5,4.0,5,2026-09-28 08:34:00
U471,40,2,4.0,2,2026-09-20 16:34:00
U471,41,7,5.0,7,2026-08-19 15:30:00
U471,42,4,,4,2026-06-27 09:20:00
U471,43,4,,4,2026-06-10 15:06:00
U471,44,4,5.0,4,2026-06-04 15:54:00
U471,45,2,5.0,2,2026-08-13 09:50:00
U471,46,2,,2,2026-08-25 15:35:00
U471,47,4,3.0,4,2025-11-15 07:34:00
U471,48,8,5.0,8,2026-09-30 16:43:00
U471,49,5,,5,2026-07-14 07:50:00
U471,51,1,,1,2026-08-02 11:24:00
U471,53,3,4.5,3,2026-04-29 09:38:00
U471,54,4,,4,2026-06-15 15:50:00
U471,55,1,5.0,1,2026-07-28 16:16:00
U471,56,1,,1,2026-03-12 16:59:00
U471,58,4,,4,2026-08-06 17:26:00
U471,60,6,5.0,6,2026-09-07 15:03:00
U471,61,4,,4,2026-07-06 06:05:00
U471,62,2,,2,2026-09-20 16:34:00
U471,63,3,5.0,3,2026-02-09 15:01:00
U471,64,1,,1,2025-12-29 16:10:00
U471,65,2,,2,2026-07-24 07:28:00
U471,68,1,,1,2026-09-28 08:34:00
U471,69,1,,1,2026-02-21 07:01:00
U471,71,5,4.5,5,2026-07-30 16:38:00
U471,72,1,,1,2026-05-28 15:33:00
U471,73,1,,1,2026-09-06 09:13:00
U471,76,1,,1,2026-02-12 17:56:00
U471,80,2,,2,2025-12-26 15:40:00
U471,82,4,,4,2026-09-12 07:43:00
U471,83,1,,1,2026-03-11 15:05:00
U471,84,1,3.0,1,2025-10-08 13:43:00
U471,90,2,4.0,2,2026-07-09 14:38:00
U471,91,1,,1,2026-04-20 16:40:00
U471,92,1,,1,2026-04-30 06:35:00
U471,93,4,,4,2026-07-29 15:20:00
U471,94,3,,3,2026-05-30 06:48:00
U471,95,1,,1,2026-07-29 15:20:00
U471,96,8,5.0,8,2026-06-14 08:19:00
U471,98,8,5.0,8,2026-07-22 07:21:00
U471,99,3,,3,2026-07-08 08:27:00
U471,100,13,4.5,13,2026-09-28 08:34:00
U471,101,14,,14,2026-06-23 08:45:00
U471,102,7,4.0,7,2026-09-30 16:43:00
U472,6,2,3.0,2,2026-07-15 15:56:00
U472,9,1,,1,2026-07-25 18:47:00
U472,20,1,,1,2026-04-15 19:45:00
U472,24,1,,1,2026-07-29 18:02:00
U472,26,1,,1,2026-03-26 15:50:00
U472,30,1,,1,2026-01-25 15:36:00
U472,35,1,,1,2025-10-06 17:48:00
U472,39,1,,1,2026-03-09 17:13:00
U472,54,1,,1,2026-07-29 18:02:00
U472,56,8,,8,2026-03-14 12:05:00
U472,58,1,,1,2026-04-11 19:11:00
U472,59,1,4.0,1,2026-03-14 12:05:00
U472,60,5,,5,2026-09-17 21:59:00
U472,61,8,3.0,8,2026-08-28 18:47:00
U472,62,2,4.0,2,2026-07-15 13:44:00
U472,65,1,,1,2026-06-22 21:19:00
U472,68,3,,3,2026-06-18 21:38:00
U472,69,1,,1,2026-07-29 18:02:00
U472,71,1,,1,2026-03-20 09:15:00
U472,79,1,,1,2026-07-15 13:44:00
U472,85,4,,4,2026-07-25 18:47:00
U472,87,1,,1,2026-05-26 13:59:00
U472,88,3,,3,2026-05-07 19:01:00
U472,99,2,,2,2025-12-08 18:18:00
U472,100,5,,5,2026-07-29 18:02:00
U472,101,3,4.0,3,2026-09-05 10:43:00
U472,102,1,4.0,1,2026-04-22 20:50:00
U473,13,2,,2,2026-09-26 16:09:00
U473,15,1,,1,2026-09-25 20:23:00
U473,22,1,,1,2026-08-29 18:13:00
U473,41,4,,4,2026-09-26 16:09:00
U473,42,2,3.0,2,2026-09-26 16:09:00
U473,45,1,,1,2026-09-20 10:26:00
U473,48,1,,1,2026-07-07 19:18:00
U473,54,1,,1,2026-07-07 19:18:00
U473,77,1,,1,2026-08-25 20:51:00
U473,93,1,5.0,1,2026-06-23 18:07:00
U473,95,4,4.0,4,2026-09-22 09:53:00
U473,99,1,,1,2026-08-25 20:51:00
U473,100,1,5.0,1,2026-07-07 19:18:00
U473,101,1,,1,2026-09-25 20:23:00
U474,3,1,2.0,1,2025-12-14 10:46:00
U474,6,1,,1,2026-09-06 15:49:00
U474,7,1,,1,2026-06-20 11:14:00
U474,9,1,,1,2026-08-21 16:48:00
U474,10,7,3.5,7,2026-09-04 15:13:00
U474,11,1,,1,2026-05-03 10:03:00
U474,12,1,4.0,1,2026-01-20 13:28:00
U474,13,1,4.0,1,2026-06-01 20:33:00
U474,19,1,4.0,1,2025-10-08 19:21:00
U474,20,5,,5,2026-08-30 16:02:00
U474,21,1,,1,2026-04-03 11:29:00
U474,23,1,2.0,1,2026-03-18 14:02:00
U474,27,1,3.0,1,2026-05-17 12:44:00
U474,30,3,3.0,3,2026-08-11 13:46:00
U474,36,1,,1,2025-10-31 13:39:00
U474,40,1,,1,2026-01-31 17:44:00
U474,41,1,,1,2025-10-08 19:21:00
U474,43,2,,2,2026-04-13 18:48:00
U474,44,2,,2,2026-08-17 14:05:00
U474,53,6,5.0,6,2026-09-25 20:52:00
U474,54,2,,2,2026-09-12 12:01:00
U474,55,6,4.67,5,2026-09-22 10:32:00
U474,56,1,,1,2025-10-31 20:42:00
U474,57,8,3.17,8,2026-06-30 19:45:00
U474,58,2,,2,2026-05-31 21:07:00
U474,59,3,3.5,3,2026-08-14 14:38:00
U474,60,15,4.0,15,2026-09-21 20:13:00
U474,61,16,3.5,16,2026-09-03 16:36:00
U474,63,3,,3,2026-09-30 19:48:00
U474,64,2,3.0,2,2026-04-10 15:11:00
U474,65,27,4.3,26,2026-09-25 20:52:00
U474,68,1,,1,2025-12-05 13:25:00
U474,69,2,,2,2026-08-21 16:48:00
U474,71,2,,2,2026-04-03 11:29:00
U474,72,13,3.75,12,2026-09-12 21:12:00
U474,73,2,,2,2026-01-15 18:40:00
U474,77,1,,1,2025-12-16 16:58:00
U474,80,1,4.0,1,2026-08-30 16:02:00
U474,81,1,2.0,1,2026-08-12 18:54:00
U474,87,1,,1,2026-06-05 18:37:00
U474,88,1,,1,2026-03-15 17:44:00
U474,89,1,,1,2026-09-30 19:48:00
U474,90,1,,1,2026-01-02 13:19:00
U474,91,4,,4,2026-07-27 21:14:00
U474,94,2,3.0,2,2026-09-12 12:01:00
U474,97,1,,1,2026-08-21 16:48:00
U474,98,3,4.0,3,2026-09-06 15:49:00
U474,99,4,5.0,4,2026-09-30 19:48:00
U474,100,13,4.2,13,2026-09-04 15:13:00
U474,101,7,3.5,7,2026-06-20 11:14:00
U474,102,5,4.0,5,2026-06-30 20:47:00
U475,1,1,3.0,1,2026-05-27 09:16:00
U475,27,2,1.0,2,2026-08-05 14:02:00
U475,32,3,2.33,3,2026-08-26 08:20:00
U475,36,5,,5,2026-08-04 14:30:00
U475,37,13,3.6,12,2026-09-15 19:20:00
U475,38,4,4.0,4,2026-06-21 20:40:00
U475,39,1,,1,2026-09-09 07:52:00
U475,40,3,3.0,3,2026-07-06 07:18:00
U475,41,5,,5,2026-09-04 08:10:00
U475,42,1,,1,2026-05-02 16:18:00
U475,44,6,3.0,6,2026-06-11 07:20:00
U475,45,1,,1,2026-06-28 10:33:00
U475,47,2,2.0,2,2026-09-16 07:09:00
U475,48,1,,1,2026-07-09 09:40:00
U475,49,3,,3,2026-06-04 11:18:00
U475,56,4,1.33,4,2026-07-09 09:40:00
U475,61,1,,1,2026-07-20 11:14:00
U475,62,1,,1,2026-06-17 07:44:00
U475,65,1,,1,2026-05-26 07:40:00
U475,76,1,,1,2026-09-04 08:10:00
U475,82,1,3.0,1,2026-08-25 12:24:00
U475,92,2,3.0,2,2026-09-18 08:16:00
U475,94,1,2.0,1,2026-08-05 14:02:00
U475,95,2,,2,2026-08-28 19:40:00
U475,98,1,3.0,1,2026-06-11 07:20:00
U475,99,1,,1,2026-09-18 08:16:00
U475,100,2,,2,2026-08-05 14:02:00
U475,101,7,2.5,7,2026-09-15 19:20:00
U475,102,2,3.0,2,2026-09-18 08:16:00
U476,2,1,,1,2026-07-25 09:16:00
U476,9,1,,1,2025-12-13 16:24:00
U476,10,4,3.0,4,2026-07-24 12:00:00
U476,11,1,2.0,1,2026-09-11 08:24:00
U476,13,1,3.0,1,2026-08-06 15:17:00
U476,22,1,5.0,1,2026-09-01 08:40:00
U476,24,1,,1,2026-04-17 08:44:00
U476,25,1,,1,2026-08-10 09:41:00
U476,31,1,3.0,1,2026-07-09 16:05:00
U476,36,1,3.0,1,2025-12-22 15:01:00
U476,43,1,4.0,1,2026-02-17 08:37:00
U476,45,5,3.0,5,2026-07-08 15:09:00
U476,46,3,3.67,3,2026-08-07 15:28:00
U476,48,1,3.0,1,2026-08-06 15:17:00
U476,50,2,2.5,2,2026-08-10 09:41:00
U476,54,1,,1,2026-04-26 10:28:00
U476,56,1,,1,2025-10-22 08:57:00
U476,66,2,,2,2026-02-04 16:51:00
U476,67,1,4.0,1,2025-10-10 08:24:00
U476,69,1,,1,2025-10-12 15:59:00
U476,72,1,4.0,1,2026-05-20 09:00:00
U476,76,1,,1,2026-04-17 19:35:00
U476,78,2,4.0,2,2026-07-08 15:09:00
U476,81,2,,2,2026-09-08 18:28:00
U476,84,1,3.0,1,2026-09-11 08:24:00
U476,86,5,3.75,5,2026-02-12 08:40:00
U476,87,1,5.0,1,2025-11-20 14:04:00
U476,98,3,,3,2026-09-08 18:28:00
U476,99,1,,1,2026-08-07 15:28:00
U476,100,2,4.0,2,2026-04-10 14:59:00
U476,101,6,3.5,6,2026-09-11 08:24:00
U476,102,1,4.0,1,2026-02-28 16:18:00
U477,3,19,4.33,19,2026-09-06 15:35:00
U477,4,1,,1,2026-07-16 09:54:00
U477,5,2,,2,2025-12-21 09:29:00
U477,7,1,,1,2026-01-31 09:49:00
U477,11,1,,1,2025-10-02 08:03:00
U477,14,1,,1,2026-08-03 09:52:00
U477,19,3,3.0,3,2026-04-20 08:18:00
U477,21,1,,1,2025-11-08 14:53:00
U477,22,1,,1,2026-06-08 09:08:00
U477,23,2,3.0,2,2026-03-23 07:20:00
U477,26,5,3.0,5,2026-05-18 07:49:00
U477,27,14,4.0,14,2026-09-06 15:32:00
U477,28,8,,8,2026-08-25 13:26:00
U477,29,3,,3,2026-04-15 12:20:00
U477,30,29,5.0,28,2026-09-21 14:39:00
U477,32,31,4.75,28,2026-09-21 08:46:00
U477,33,3,,3,2026-04-30 14:34:00
U477,34,4,,4,2026-09-06 15:35:00
U477,35,4,2.0,4,2026-08-27 08:05:00
U477,38,2,,2,2025-12-29 09:32:00
U477,41,1,,1,2026-01-24 09:43:00
U477,43,2,,2,2026-02-25 14:27:00
U477,45,2,3.0,2,2026-04-21 16:48:00
U477,53,2,,2,2026-04-10 15:02:00
U477,54,2,,2,2026-05-02 09:37:00
U477,59,1,,1,2026-02-12 16:14:00
U477,62,1,2.0,1,2026-02-02 07:47:00
U477,64,10,3.0,10,2026-08-11 08:11:00
U477,66,1,,1,2026-04-09 15:09:00
U477,70,3,3.0,3,2026-04-15 12:20:00
U477,71,1,,1,2026-05-05 15:32:00
U477,73,1,,1,2026-05-19 19:48:00
U477,77,2,4.0,2,2026-01-21 15:41:00
U477,81,1,2.0,1,2025-12-24 08:23:00
U477,82,1,,1,2025-12-24 08:23:00
U477,98,3,3.0,3,2026-06-19 18:06:00
U477,100,17,3.0,17,2026-09-03 08:51:00
U477,101,10,4.0,10,2026-08-25 13:26:00
U477,102,6,,6,2026-06-26 15:16:00
U478,1,1,,1,2026-06-11 20:21:00
U478,5,2,4.0,2,2026-09-05 12:37:00
U478,8,22,4.22,21,2026-09-05 15:27:00
U478,15,2,4.0,2,2026-07-22 21:34:00
U478,16,2,2.0,2,2026-05-31 10:07:00
U478,17,1,,1,2026-09-27 14:28:00
U478,19,1,3.0,1,2026-09-11 15:35:00
U478,26,1,,1,2026-09-26 20:52:00
U478,30,1,3.0,1,2026-09-23 21:14:00
U478,37,5,3.5,5,2026-09-07 17:01:00
U478,38,1,,1,2026-08-08 18:03:00
U478,40,1,,1,2026-06-28 14:10:00
U478,41,1,,1,2026-09-26 10:11:00
U478,42,1,,1,2026-05-19 11:38:00
U478,52,1,,1,2026-08-09 12:35:00
U478,59,1,,1,2026-08-17 15:07:00
U478,65,2,3.0,2,2026-09-10 21:11:00
U478,70,2,3.0,2,2026-08-30 16:07:00
U478,71,2,3.0,2,2026-09-14 13:33:00
U478,72,1,4.0,1,2026-06-12 18:45:00
U478,73,1,,1,2026-09-11 15:35:00
U478,74,1,,1,2026-06-01 15:11:00
U478,75,1,,1,2026-07-26 21:51:00
U478,77,29,3.44,29,2026-09-26 20:52:00
U478,86,1,2.0,1,2026-08-06 18:45:00
U478,87,1,3.0,1,2026-09-12 18:38:00
U478,91,2,,2,2026-08-23 14:17:00
U478,93,24,3.29,24,2026-09-12 19:32:00
U478,94,2,3.0,2,2026-09-04 10:26:00
U478,96,1,4.0,1,2026-09-24 21:46:00
U478,98,7,3.5,7,2026-09-19 16:33:00
U478,99,1,4.0,1,2026-07-02 16:20:00
U478,100,3,3.0,3,2026-09-11 15:25:00
U478,101,6,3.5,6,2026-07-23 18:25:00
U478,102,6,2.5,6,2026-09-12 19:32:00
U479,1,22,5.0,22,2026-07-27 07:47:00
U479,2,17,3.67,16,2026-09-29 08:01:00
U479,4,5,2.67,5,2026-08-27 12:55:00
U479,5,126,4.39,116,2026-09-30 17:37:00
U479,6,25,3.62,24,2026-09-25 15:09:00
U479,7,27,3.25,26,2026-09-23 06:51:00
U479,8,21,3.4,21,2026-09-29 15:26:00
U479,9,11,3.0,11,2026-09-29 08:01:00
U479,10,6,3.0,6,2026-09-15 07:56:00
U479,11,2,3.0,2,2026-07-20 07:46:00
U479,12,2,,2,2026-04-22 06:50:00
U479,13,1,,1,2026-07-27 09:57:00
U479,15,7,3.5,7,2026-08-17 06:52:00
U479,17,1,,1,2026-09-10 11:52:00
U479,20,1,,1,2026-01-01 07:50:00
U479,22,1,,1,2025-12-16 06:28:00
U479,23,3,,3,2026-08-19 07:43:00
U479,26,3,4.0,3,2026-08-11 06:37:00
U479,27,1,,1,2026-04-21 07:10:00
U479,28,1,,1,2026-06-03 15:21:00
U479,29,2,,2,2026-07-20 07:46:00
U479,30,1,,1,2026-01-17 15:43:00
U479,32,10,2.6,10,2026-09-10 11:52:00
U479,34,3,3.0,3,2026-09-19 14:07:00
U479,35,1,,1,2026-01-06 14:59:00
U479,36,3,,3,2026-08-01 06:36:00
U479,37,5,3.0,5,2026-01-30 16:40:00
U479,40,1,,1,2026-04-20 14:55:00
U479,42,1,2.0,1,2026-06-06 07:10:00
U479,45,1,3.0,1,2026-08-01 08:56:00
U479,47,1,,1,2025-11-26 07:45:00
U479,48,2,2.0,2,2026-04-30 15:14:00
U479,49,2,,2,2026-05-15 16:34:00
U479,52,2,,2,2026-06-22 15:06:00
U479,54,2,3.0,2,2026-06-21 07:52:00
U479,56,1,3.0,1,2026-05-06 14:11:00
U479,58,1,,1,2026-09-23 06:51:00
U479,60,1,,1,2026-09-25 15:09:00
U479,62,2,,2,2026-04-11 15:16:00
U479,68,1,4.0,1,2026-09-27 16:42:00
U479,70,12,3.33,12,2026-09-30 06:19:00
U479,75,2,,2,2026-02-02 07:07:00
U479,77,1,,1,2026-02-28 17:54:00
U479,78,2,4.0,2,2026-03-25 07:21:00
U479,79,2,,2,2026-07-17 09:35:00
U479,80,5,,5,2026-09-01 15:46:00
U479,83,2,,2,2026-07-29 15:39:00
U479,88,1,,1,2026-01-20 16:59:00
U479,89,4,3.0,4,2026-08-27 12:55:00
U479,91,1,,1,2026-04-16 13:57:00
U479,92,2,,2,2026-09-28 17:52:00
U479,93,1,,1,2026-07-19 16:23:00
U479,94,1,,1,2026-06-27 12:09:00
U479,97,1,,1,2025-12-29 09:08:00
U479,98,8,4.67,8,2026-09-15 07:56:00
U479,99,6,,6,2026-09-20 06:18:00
U479,100,14,3.0,14,2026-09-01 08:17:00
U479,101,47,4.0,47,2026-09-29 15:26:00
U479,102,9,3.0,9,2026-06-03 15:21:00
U480,2,2,4.0,2,2026-09-29 15:13:00
U480,27,1,,1,2026-09-02 07:30:00
U480,60,1,,1,2026-09-19 11:04:00
U480,100,1,4.0,1,2026-09-02 07:30:00
U480,101,1,,1,2026-08-25 09:38:00
U480,102,1,,1,2026-08-25 09:38:00
U481,3,4,,4,2026-09-26 13:07:00
U481,5,1,,1,2026-07-20 08:53:00
U481,40,3,4.0,3,2026-08-24 09:00:00
U481,43,1,,1,2026-09-19 16:33:00
U481,49,8,3.8,8,2026-09-30 14:07:00
U481,53,1,4.0,1,2026-09-17 13:25:00
U481,71,1,3.0,1,2026-08-31 13:23:00
U481,82,4,2.0,4,2026-07-14 14:07:00
U481,88,1,,1,2026-07-09 21:44:00
U481,90,1,,1,2026-09-09 08:33:00
U481,91,1,3.0,1,2026-07-01 09:08:00
U481,92,1,3.0,1,2026-09-17 13:25:00
U481,93,1,,1,2026-07-01 09:08:00
U481,98,1,4.0,1,2026-09-09 08:33:00
U481,99,1,,1,2026-07-11 16:20:00
U481,100,2,,2,2026-09-26 13:07:00
U481,102,3,3.0,3,2026-09-19 16:33:00
U482,3,2,5.0,2,2026-02-16 13:55:00
U482,5,1,,1,2025-10-17 15:59:00
U482,6,1,,1,2026-01-04 18:25:00
U482,23,1,,1,2026-01-15 14:27:00
U482,26,3,3.0,3,2026-08-01 19:30:00
U482,27,32,3.73,29,2026-09-26 11:36:00
U482,28,13,3.67,12,2026-09-20 10:53:00
U482,29,1,,1,2026-08-09 21:37:00
U482,30,1,,1,2026-01-31 17:31:00
U482,31,1,,1,2026-03-29 15:55:00
U482,33,1,,1,2026-09-26 12:18:00
U482,34,1,,1,2025-10-17 15:59:00
U482,35,1,,1,2026-06-27 10:35:00
U482,37,1,2.0,1,2025-11-30 14:30:00
U482,47,66,2.83,65,2026-09-30 15:45:00
U482,60,1,,1,2026-06-13 11:41:00
U482,61,2,3.0,2,2026-02-26 17:00:00
U482,64,5,3.67,5,2026-08-23 15:47:00
U482,65,1,,1,2026-09-02 10:21:00
U482,66,1,,1,2026-03-12 20:50:00
U482,75,2,,2,2026-08-12 21:41:00
U482,77,1,,1,2026-03-22 18:52:00
U482,80,3,3.0,3,2026-06-06 10:05:00
U482,81,11,3.0,11,2026-09-26 12:18:00
U482,90,1,2.0,1,2026-07-11 19:13:00
U482,96,2,,2,2026-09-28 20:53:00
U482,98,4,4.0,4,2026-06-26 11:55:00
U482,100,11,4.75,11,2026-09-20 10:53:00
U482,101,5,4.0,5,2026-09-27 14:37:00
U482,102,7,4.33,7,2026-08-12 21:41:00
U483,3,1,,1,2026-07-10 11:44:00
U483,6,1,,1,2026-06-13 14:53:00
U483,7,1,,1,2026-01-10 17:33:00
U483,23,3,,3,2026-06-23 11:40:00
U483,24,1,,1,2026-07-25 15:21:00
U483,32,2,4.0,2,2026-09-18 09:49:00
U483,35,1,,1,2026-03-06 08:13:00
U483,37,1,,1,2025-12-03 17:29:00
U483,38,1,,1,2026-07-10 11:44:00
U483,39,1,,1,2026-07-17 09:58:00
U483,43,40,3.2,39,2026-09-24 13:19:00
U483,45,1,,1,2026-06-01 11:30:00
U483,47,1,5.0,1,2025-10-27 09:15:00
U483,48,1,,1,2026-08-26 16:29:00
U483,49,2,,2,2026-05-24 16:38:00
U483,50,4,3.0,4,2026-07-22 14:15:00
U483,52,2,,2,2026-03-27 08:49:00
U483,54,1,,1,2026-04-02 13:25:00
U483,55,1,,1,2026-07-30 08:06:00
U483,58,1,,1,2026-07-28 19:28:00
U483,59,2,,2,2026-08-02 11:14:00
U483,62,2,3.0,2,2026-06-27 17:13:00
U483,66,1,,1,2026-06-13 14:53:00
U483,68,1,,1,2026-04-17 07:13:00
U483,70,6,3.33,6,2026-09-11 09:05:00
U483,73,1,,1,2026-01-22 07:12:00
U483,74,1,,1,2026-05-08 14:43:00
U483,75,3,,3,2026-06-24 14:05:00
U483,76,3,3.0,3,2025-11-27 13:09:00
U483,78,1,,1,2026-05-08 14:43:00
U483,82,1,,1,2026-08-21 18:45:00
U483,83,10,,10,2026-08-12 19:05:00
U483,84,2,,2,2026-05-20 14:59:00
U483,85,17,5.0,16,2026-09-16 09:51:00
U483,86,1,,1,2026-08-26 16:29:00
U483,87,1,,1,2026-01-01 16:53:00
U483,88,24,5.0,23,2026-09-24 09:04:00
U483,89,1,,1,2026-05-08 14:43:00
U483,90,6,3.0,6,2026-09-24 13:19:00
U483,92,2,3.0,2,2026-05-20 14:59:00
U483,93,1,,1,2026-08-17 08:59:00
U483,96,1,,1,2025-11-26 16:45:00
U483,97,1,,1,2026-07-09 09:29:00
U483,98,5,5.0,5,2026-08-27 07:58:00
U483,99,3,,3,2026-09-19 17:03:00
U483,100,6,,6,2026-07-10 11:44:00
U483,101,7,,7,2026-09-24 09:04:00
U483,102,8,4.0,8,2026-09-18 09:49:00
U484,37,1,,1,2026-09-15 14:56:00
U484,39,1,,1,2026-09-19 21:25:00
U484,43,6,3.0,6,2026-09-19 11:42:00
U484,44,1,,1,2026-09-10 20:07:00
U484,48,1,,1,2026-09-15 14:56:00
U484,91,1,2.0,1,2026-09-19 21:25:00
U484,96,1,3.0,1,2026-07-07 17:03:00
U484,97,1,,1,2026-07-30 20:28:00
U485,1,1,3.0,1,2026-06-18 08:22:00
U485,5,1,,1,2026-02-16 14:35:00
U485,7,7,2.5,7,2026-09-18 16:12:00
U485,8,2,,2,2026-07-28 07:42:00
U485,9,11,5.0,11,2026-09-28 13:55:00
U485,10,11,3.5,11,2026-08-24 16:14:00
U485,11,2,3.0,2,2026-09-27 17:05:00
U485,12,3,3.0,3,2026-08-15 16:47:00
U485,13,5,3.0,5,2026-08-13 14:55:00
U485,14,2,3.0,2,2026-01-06 16:52:00
U485,15,6,3.0,6,2026-09-28 13:55:00
U485,19,6,4.0,6,2026-06-23 12:06:00
U485,20,2,,2,2026-03-09 09:35:00
U485,21,2,3.0,2,2026-04-14 07:15:00
U485,22,3,,3,2026-07-18 10:09:00
U485,24,2,,2,2026-04-30 13:15:00
U485,27,3,,3,2026-09-27 11:37:00
U485,30,7,2.0,7,2026-08-20 07:01:00
U485,32,1,,1,2026-07-05 11:44:00
U485,33,3,2.0,3,2026-09-24 07:08:00
U485,34,1,,1,2025-12-07 11:50:00
U485,35,10,3.0,10,2026-09-11 16:35:00
U485,37,6,2.5,6,2026-08-27 09:09:00
U485,39,1,,1,2026-07-30 16:00:00
U485,50,1,3.0,1,2025-12-19 07:29:00
U485,53,8,4.0,7,2026-09-30 13:34:00
U485,54,7,3.0,7,2026-09-26 10:51:00
U485,55,4,,4,2026-06-23 12:06:00
U485,56,4,3.0,4,2026-06-19 19:54:00
U485,57,9,3.0,9,2026-09-23 15:42:00
U485,58,8,3.0,8,2026-09-30 13:34:00
U485,59,7,3.5,7,2026-07-15 07:26:00
U485,60,18,3.8,18,2026-09-25 12:20:00
U485,61,20,3.67,20,2026-09-23 15:42:00
U485,62,12,3.0,12,2026-09-02 11:10:00
U485,63,2,,2,2026-05-22 07:47:00
U485,65,12,4.0,12,2026-08-19 12:42:00
U485,67,5,2.5,5,2026-07-24 18:50:00
U485,68,12,,12,2026-09-18 16:12:00
U485,69,5,3.5,4,2026-07-18 16:08:00
U485,71,1,,1,2026-02-20 09:18:00
U485,72,3,3.0,3,2026-08-19 12:42:00
U485,74,2,,2,2026-02-07 09:17:00
U485,75,2,2.0,2,2026-08-19 19:40:00
U485,78,2,2.0,2,2026-08-07 16:03:00
U485,79,1,,1,2025-12-31 15:25:00
U485,80,1,,1,2026-03-08 11:44:00
U485,83,1,,1,2025-12-11 15:17:00
U485,86,1,,1,2026-07-01 18:41:00
U485,88,1,,1,2025-12-11 15:17:00
U485,89,6,,6,2026-07-15 07:26:00
U485,90,1,,1,2026-07-18 10:09:00
U485,92,2,,2,2026-04-12 15:33:00
U485,93,1,,1,2026-06-24 15:18:00
U485,94,1,,1,2026-07-08 13:10:00
U485,97,1,,1,2026-03-27 08:27:00
U485,98,5,3.0,5,2026-06-24 15:18:00
U485,99,2,,2,2026-01-13 08:00:00
U485,100,19,3.0,19,2026-09-27 11:37:00
U485,101,22,3.33,22,2026-09-24 08:39:00
U485,102,11,4.0,11,2026-05-19 18:06:00
U486,1,1,3.0,1,2026-08-18 16:49:00
U486,2,1,5.0,1,2025-12-27 07:49:00
U486,4,13,4.25,13,2026-08-18 16:49:00
U486,6,24,5.0,22,2026-09-30 15:26:00
U486,7,3,5.0,3,2026-07-02 15:11:00
U486,8,1,,1,2026-03-17 07:06:00
U486,24,1,3.0,1,2026-08-02 09:14:00
U486,37,1,3.0,1,2026-03-02 07:23:00
U486,38,1,,1,2026-05-02 17:52:00
U486,58,1,4.0,1,2025-12-12 17:52:00
U486,85,1,,1,2026-08-08 09:50:00
U486,89,1,,1,2026-08-02 09:14:00
U486,98,3,4.0,3,2026-07-19 07:53:00
U486,100,3,4.0,3,2026-06-14 06:49:00
U486,101,9,4.33,9,2026-08-19 09:35:00
U486,102,4,,4,2026-08-17 07:02:00
U488,24,1,,1,2026-09-08 14:39:00
U488,27,2,,2,2026-09-23 10:44:00
U488,38,6,3.0,5,2026-09-27 16:06:00
U488,98,1,,1,2026-09-15 15:56:00
U489,4,1,,1,2026-07-11 12:06:00
U489,12,2,,2,2026-07-24 13:54:00
U489,13,2,,2,2026-03-18 11:48:00
U489,14,1,3.0,1,2026-09-03 17:09:00
U489,16,17,4.6,17,2026-09-27 12:34:00
U489,17,1,,1,2026-04-20 15:43:00
U489,18,2,3.0,2,2026-09-27 12:34:00
U489,19,3,3.5,3,2026-04-27 19:16:00
U489,21,6,3.0,6,2026-09-06 20:22:00
U489,22,3,3.0,3,2026-06-03 20:55:00
U489,24,1,,1,2026-05-13 11:23:00
U489,25,1,,1,2026-09-25 09:44:00
U489,51,1,,1,2026-09-06 20:22:00
U489,98,5,3.0,5,2026-09-27 12:34:00
U489,99,3,3.0,3,2026-06-22 14:23:00
U489,100,5,2.5,5,2026-09-27 12:34:00
U489,101,5,4.0,5,2026-09-25 09:44:00
U489,102,1,,1,2025-12-22 18:47:00
U490,5,2,4.0,1,2026-06-29 13:16:00
U490,6,2,,2,2026-07-04 14:09:00
U490,10,4,,4,2026-07-15 13:29:00
U490,23,2,,2,2026-08-05 16:55:00
U490,25,1,,1,2026-08-13 17:27:00
U490,28,1,3.0,1,2026-07-01 18:03:00
U490,31,13,4.0,13,2026-09-15 21:44:00
U490,32,1,,1,2026-08-01 18:58:00
U490,34,2,,2,2026-09-09 16:52:00
U490,36,1,,1,2026-07-27 18:34:00
U490,46,1,,1,2026-08-30 10:55:00
U490,47,1,,1,2026-07-30 15:31:00
U490,54,1,,1,2026-07-05 15:26:00
U490,57,16,3.5,16,2026-08-26 20:03:00
U490,59,1,,1,2026-09-08 19:03:00
U490,65,1,,1,2026-05-22 19:12:00
U490,67,14,4.25,14,2026-09-14 19:36:00
U490,72,1,3.0,1,2026-08-05 16:55:00
U490,92,1,,1,2026-08-24 15:00:00
U490,93,1,,1,2026-08-16 18:58:00
U490,98,1,,1,2026-07-26 17:27:00
U490,99,3,4.0,3,2026-09-09 18:01:00
U490,100,5,3.67,5,2026-08-20 17:54:00
U490,101,5,4.0,5,2026-09-08 19:03:00
U490,102,3,4.0,3,2026-07-04 14:09:00
U491,1,1,,1,2026-06-11 07:55:00
U491,2,18,3.86,18,2026-07-22 14:35:00
U491,5,2,4.0,2,2026-09-05 16:43:00
U491,6,8,4.5,7,2026-09-10 09:53:00
U491,7,2,,2,2026-06-13 10:43:00
U491,8,2,2.0,2,2026-04-22 16:50:00
U491,11,6,4.0,6,2026-09-10 09:30:00
U491,12,1,,1,2026-05-30 19:57:00
U491,15,1,4.0,1,2026-02-04 13:55:00
U491,16,1,3.0,1,2026-02-09 18:59:00
U491,22,3,3.0,3,2026-09-26 09:09:00
U491,23,2,2.5,2,2026-08-05 16:56:00
U491,26,2,5.0,2,2026-07-15 09:43:00
U491,27,1,3.0,1,2026-04-29 16:38:00
U491,28,1,,1,2026-07-31 09:07:00
U491,29,3,5.0,3,2026-08-27 12:26:00
U491,30,1,,1,2026-05-29 12:44:00
U491,32,4,4.33,4,2026-08-09 09:45:00
U491,33,3,,3,2026-04-29 14:51:00
U491,34,6,4.5,6,2026-07-31 09:07:00
U491,35,4,4.0,4,2026-09-18 12:55:00
U491,37,1,4.0,1,2026-03-30 12:42:00
U491,38,8,3.6,8,2026-09-05 16:43:00
U491,41,3,3.0,3,2026-09-25 08:52:00
U491,42,1,,1,2026-01-05 16:07:00
U491,43,3,4.67,3,2026-08-08 11:42:00
U491,47,2,4.0,2,2026-04-25 17:09:00
U491,48,2,,2,2026-06-16 13:55:00
U491,49,3,4.0,3,2026-08-04 16:08:00
U491,51,1,,1,2026-03-25 09:37:00
U491,54,1,4.0,1,2026-07-10 16:40:00
U491,55,4,4.0,4,2026-08-31 13:20:00
U491,56,1,,1,2026-01-23 09:45:00
U491,57,1,,1,2026-09-16 18:30:00
U491,58,3,3.0,3,2026-07-30 07:58:00
U491,59,2,4.0,2,2026-04-22 16:50:00
U491,60,3,4.0,3,2026-03-23 08:10:00
U491,61,1,,1,2026-04-09 13:38:00
U491,62,1,,1,2026-09-03 08:05:00
U491,63,2,,2,2026-05-29 12:44:00
U491,64,2,,2,2026-06-05 16:08:00
U491,66,13,4.43,13,2026-09-06 16:00:00
U491,69,1,4.0,1,2026-02-09 18:59:00
U491,73,1,,1,2026-08-20 18:20:00
U491,74,1,,1,2026-08-09 09:45:00
U491,78,1,3.0,1,2026-08-08 11:42:00
U491,79,1,4.0,1,2026-02-24 07:09:00
U491,80,1,4.0,1,2026-08-09 09:45:00
U491,81,5,3.67,5,2026-09-01 11:51:00
U491,82,1,4.0,1,2026-03-20 19:46:00
U491,83,2,2.0,2,2026-02-04 13:55:00
U491,84,3,5.0,3,2026-09-26 09:09:00
U491,85,3,,3,2026-05-08 08:28:00
U491,87,5,3.0,5,2026-09-05 16:43:00
U491,88,14,4.0,14,2026-09-11 08:28:00
U491,89,1,,1,2026-03-30 12:42:00
U491,90,2,4.0,2,2026-07-08 07:50:00
U491,91,1,,1,2025-12-24 12:13:00
U491,92,2,5.0,2,2026-06-10 16:51:00
U491,93,7,3.0,7,2026-07-06 09:32:00
U491,95,4,3.0,4,2026-05-20 09:22:00
U491,96,3,5.0,3,2026-09-30 12:19:00
U491,97,6,4.33,6,2026-06-08 16:58:00
U491,98,2,4.0,2,2026-06-01 15:05:00
U491,99,2,4.0,2,2026-08-09 09:45:00
U491,100,9,4.0,9,2026-07-07 15:34:00
U491,101,16,3.83,16,2026-09-30 12:19:00
U491,102,10,4.0,10,2026-08-11 11:58:00
U492,5,1,,1,2026-01-27 08:36:00
U492,10,1,2.0,1,2026-04-10 09:36:00
U492,22,3,,3,2026-09-24 21:53:00
U492,23,1,,1,2026-01-24 13:07:00
U492,36,1,,1,2025-12-03 09:07:00
U492,38,1,,1,2025-11-04 14:56:00
U492,45,1,3.0,1,2026-01-27 08:36:00
U492,46,1,3.0,1,2026-07-10 17:13:00
U492,47,2,4.0,2,2026-03-14 10:35:00
U492,51,4,,4,2026-06-24 19:47:00
U492,52,8,3.75,8,2026-05-03 18:42:00
U492,57,1,,1,2026-08-17 17:57:00
U492,70,2,,2,2026-08-30 13:30:00
U492,72,1,,1,2026-06-05 15:58:00
U492,81,1,3.0,1,2026-09-09 19:23:00
U492,83,4,4.0,3,2026-01-24 15:26:00
U492,84,3,3.0,3,2026-04-30 15:00:00
U492,85,4,4.0,4,2026-09-21 13:41:00
U492,86,4,3.0,4,2026-04-24 10:18:00
U492,88,1,,1,2026-09-08 17:32:00
U492,89,22,3.8,22,2026-08-24 13:03:00
U492,90,1,4.0,1,2026-06-21 16:18:00
U492,100,2,5.0,2,2026-04-19 11:51:00
U492,101,2,,2,2026-03-16 14:18:00
U492,102,3,4.0,3,2026-05-12 16:22:00
U493,5,1,,1,2025-10-14 17:20:00
U493,14,2,5.0,2,2026-08-06 15:13:00
U493,15,5,4.67,5,2026-09-24 19:17:00
U493,17,1,,1,2026-02-02 10:58:00
U493,19,2,4.0,2,2026-01-29 09:48:00
U493,21,1,,1,2026-09-28 08:11:00
U493,22,2,4.0,2,2025-12-31 15:47:00
U493,23,16,4.75,15,2026-09-23 11:08:00
U493,25,2,,2,2026-05-19 16:06:00
U493,27,1,,1,2026-04-08 14:58:00
U493,42,1,5.0,1,2025-11-22 18:01:00
U493,51,1,4.0,1,2026-02-25 15:44:00
U493,52,2,,2,2026-08-10 13:07:00
U493,54,1,2.0,1,2025-11-12 17:47:00
U493,59,1,4.0,1,2026-08-30 10:17:00
U493,76,2,5.0,2,2026-05-20 17:44:00
U493,98,1,5.0,1,2026-02-02 10:58:00
U493,100,5,4.67,5,2026-09-28 08:11:00
U493,101,6,4.33,6,2026-06-05 09:23:00
U493,102,1,5.0,1,2025-12-31 15:47:00
U494,2,1,,1,2026-06-03 08:16:00
U494,5,2,,2,2026-06-20 14:52:00
U494,6,1,,1,2026-06-25 15:29:00
U494,7,1,,1,2026-06-01 08:45:00
U494,8,1,,1,2025-10-09 11:47:00
U494,10,4,,4,2026-07-19 17:54:00
U494,11,2,3.0,2,2026-04-09 16:31:00
U494,12,3,,3,2026-07-28 09:44:00
U494,14,1,,1,2026-07-24 09:15:00
U494,15,58,4.91,55,2026-09-25 09:22:00
U494,16,1,,1,2026-09-27 19:12:00
U494,17,1,,1,2026-01-08 09:11:00
U494,18,1,3.0,1,2026-09-27 19:12:00
U494,19,1,,1,2026-03-09 09:07:00
U494,20,2,4.0,2,2026-09-04 08:31:00
U494,22,6,3.0,6,2026-09-17 12:27:00
U494,23,4,3.5,4,2026-09-29 13:28:00
U494,28,1,2.0,1,2026-08-25 13:41:00
U494,29,1,,1,2026-09-04 15:38:00
U494,32,3,3.0,3,2026-08-03 12:02:00
U494,34,1,,1,2026-01-07 14:13:00
U494,40,3,,3,2026-08-17 14:34:00
U494,42,3,,3,2026-09-29 13:28:00
U494,43,1,,1,2026-06-03 08:16:00
U494,46,1,,1,2026-01-03 09:05:00
U494,49,1,,1,2026-02-26 11:39:00
U494,52,1,,1,2025-10-16 11:34:00
U494,56,1,,1,2026-02-05 16:14:00
U494,61,1,,1,2025-12-18 09:00:00
U494,63,1,,1,2026-05-15 13:48:00
U494,69,2,3.0,2,2025-12-12 13:39:00
U494,73,77,3.21,73,2026-09-30 08:43:00
U494,74,2,,2,2026-02-28 20:16:00
U494,75,1,3.0,1,2026-02-28 20:35:00
U494,76,2,,2,2026-06-08 11:19:00
U494,77,1,,1,2026-04-18 11:53:00
U494,81,1,,1,2026-05-17 15:02:00
U494,87,1,4.0,1,2026-02-09 15:50:00
U494,89,1,,1,2026-03-11 19:09:00
U494,94,1,,1,2026-04-28 13:16:00
U494,97,2,,2,2026-09-17 12:49:00
U494,98,7,4.0,7,2026-08-23 09:47:00
U494,99,3,4.5,3,2026-06-19 12:29:00
U494,100,13,4.0,13,2026-07-19 11:36:00
U494,101,20,4.25,20,2026-09-29 13:28:00
U494,102,4,5.0,4,2026-08-17 14:33:00
U495,1,1,3.0,1,2025-11-16 14:23:00
U495,2,1,3.0,1,2026-07-12 11:05:00
U495,3,30,4.56,28,2026-09-08 15:52:00
U495,4,2,,2,2026-05-18 18:03:00
U495,6,1,,1,2026-05-29 19:17:00
U495,8,1,,1,2026-06-27 11:53:00
U495,10,2,,2,2026-08-23 09:29:00
U495,13,1,4.0,1,2026-08-31 16:20:00
U495,14,1,,1,2026-01-10 19:53:00
U495,15,1,,1,2026-01-02 08:58:00
U495,16,1,3.0,1,2026-02-26 09:52:00
U495,20,1,,1,2026-07-14 15:05:00
U495,21,2,3.0,2,2026-06-15 17:29:00
U495,23,1,,1,2025-12-16 21:46:00
U495,26,10,4.5,10,2026-09-20 16:59:00
U495,27,6,4.0,6,2026-07-21 16:19:00
U495,28,3,4.5,3,2026-04-04 18:15:00
U495,29,11,5.0,10,2026-08-23 09:29:00
U495,30,9,3.0,9,2026-08-03 17:18:00
U495,31,1,,1,2026-04-05 11:46:00
U495,32,9,3.0,9,2026-08-08 17:36:00
U495,33,7,4.67,7,2026-08-23 09:19:00
U495,34,18,4.5,18,2026-07-06 11:50:00
U495,35,5,3.0,5,2026-05-08 14:28:00
U495,36,1,4.0,1,2026-01-09 14:39:00
U495,37,1,,1,2026-05-26 15:02:00
U495,39,1,,1,2025-12-31 18:22:00
U495,42,2,,2,2026-02-15 15:53:00
U495,48,3,2.0,3,2026-06-28 10:38:00
U495,49,1,,1,2026-07-18 14:54:00
U495,50,1,,1,2025-10-06 10:32:00
U495,52,1,3.0,1,2026-09-28 10:09:00
U495,56,1,,1,2026-09-20 16:59:00
U495,64,6,4.0,6,2026-06-15 19:38:00
U495,66,1,,1,2026-07-15 09:40:00
U495,68,1,,1,2026-03-25 11:22:00
U495,71,1,,1,2025-11-15 09:39:00
U495,72,1,3.0,1,2026-05-23 18:12:00
U495,73,1,,1,2026-09-07 20:13:00
U495,78,5,3.5,5,2026-09-12 09:27:00
U495,81,1,,1,2026-08-04 15:57:00
U495,82,2,,2,2026-03-16 14:39:00
U495,85,2,,2,2026-06-24 16:17:00
U495,87,1,,1,2026-07-16 15:34:00
U495,93,1,3.0,1,2026-09-02 09:06:00
U495,94,1,3.0,1,2026-02-13 19:08:00
U495,95,1,4.0,1,2026-04-15 14:52:00
U495,96,1,,1,2026-05-26 15:02:00
U495,97,2,,2,2026-05-02 15:39:00
U495,98,3,,3,2026-07-16 09:07:00
U495,99,3,4.0,3,2026-09-08 15:52:00
U495,100,23,4.0,23,2026-09-08 15:52:00
U495,101,6,3.0,6,2026-09-02 09:06:00
U495,102,2,4.0,2,2026-03-31 20:58:00
U496,1,1,,1,2026-01-17 18:27:00
U496,2,2,,2,2026-01-04 11:27:00
U496,5,7,3.0,7,2026-08-18 15:11:00
U496,6,1,,1,2026-08-17 11:05:00
U496,8,1,,1,2026-05-31 16:46:00
U496,10,5,3.67,5,2026-02-19 19:50:00
U496,12,6,3.5,6,2026-08-18 13:17:00
U496,13,6,3.0,6,2026-08-05 15:52:00
U496,14,4,4.0,4,2026-08-05 17:48:00
U496,15,6,3.0,6,2026-06-26 18:27:00
U496,18,19,4.67,19,2026-09-17 15:55:00
U496,19,2,4.0,2,2026-09-19 17:56:00
U496,21,3,,3,2026-07-31 15:52:00
U496,22,9,,9,2026-09-23 18:44:00
U496,23,6,,6,2026-09-19 14:06:00
U496,24,2,,2,2026-08-18 15:11:00
U496,25,1,4.0,1,2026-09-23 18:44:00
U496,27,1,,1,2026-06-10 11:42:00
U496,34,1,2.0,1,2026-09-19 14:06:00
U496,35,28,2.0,28,2026-09-13 21:01:00
U496,37,1,,1,2026-02-19 16:39:00
U496,41,1,,1,2026-05-09 17:41:00
U496,42,2,2.0,2,2026-02-19 19:50:00
U496,47,29,2.5,27,2026-07-31 15:52:00
U496,49,2,2.0,2,2026-03-30 13:31:00
U496,54,1,,1,2026-04-01 13:10:00
U496,55,1,,1,2026-05-06 20:12:00
U496,56,2,3.0,2,2025-10-24 17:38:00
U496,57,1,,1,2026-01-23 21:03:00
U496,58,14,2.0,14,2026-09-30 21:17:00
U496,62,1,,1,2026-02-16 17:06:00
U496,64,1,,1,2026-04-23 18:25:00
U496,65,1,,1,2026-08-17 18:05:00
U496,67,2,,2,2026-08-24 09:18:00
U496,70,1,,1,2026-05-24 14:26:00
U496,72,1,,1,2026-04-14 17:41:00
U496,74,1,,1,2026-09-23 21:02:00
U496,76,1,,1,2026-04-20 18:19:00
U496,78,2,,2,2026-01-24 14:50:00
U496,80,1,,1,2025-10-24 17:38:00
U496,83,1,,1,2026-04-10 19:36:00
U496,85,1,2.0,1,2026-06-27 11:53:00
U496,87,2,,2,2026-05-31 17:48:00
U496,89,1,,1,2026-04-10 13:41:00
U496,90,2,3.0,2,2026-05-12 18:41:00
U496,96,1,3.0,1,2026-08-23 19:37:00
U496,98,7,,7,2026-09-30 21:17:00
U496,99,4,3.0,4,2026-07-10 15:30:00
U496,100,7,3.0,7,2026-09-19 17:56:00
U496,101,13,3.5,13,2026-08-18 15:11:00
U496,102,4,4.0,4,2026-08-05 17:48:00
U497,7,6,3.0,6,2026-09-05 14:29:00
U497,11,8,3.0,7,2026-07-12 17:29:00
U497,12,11,3.0,11,2026-09-22 16:51:00
U497,13,1,,1,2025-11-23 09:52:00
U497,15,1,,1,2026-07-08 10:14:00
U497,40,1,2.0,1,2026-07-12 17:29:00
U497,54,1,3.0,1,2026-03-29 17:02:00
U497,57,1,3.0,1,2025-12-23 15:49:00
U497,69,2,3.0,2,2026-08-13 16:47:00
U497,71,1,,1,2026-07-26 14:26:00
U497,73,2,4.0,2,2026-04-18 17:04:00
U497,75,1,,1,2026-03-10 08:08:00
U497,76,18,4.67,16,2026-09-22 21:12:00
U497,81,1,,1,2026-07-26 14:26:00
U497,82,1,,1,2026-05-15 13:28:00
U497,86,2,,2,2026-09-14 13:47:00
U497,95,1,,1,2025-11-19 16:44:00
U497,98,3,,3,2026-03-24 10:00:00
U497,100,4,4.0,4,2026-06-03 08:22:00
U497,101,7,,7,2026-09-05 14:29:00
U497,102,4,3.0,4,2026-09-14 13:47:00
U498,2,1,,1,2026-09-16 07:09:00
U498,3,1,2.0,1,2026-07-08 06:44:00
U498,7,1,,1,2026-09-25 06:25:00
U498,10,5,4.0,5,2026-09-08 07:42:00
U498,11,1,3.0,1,2026-08-30 06:30:00
U498,12,1,4.0,1,2026-07-24 06:58:00
U498,13,1,4.0,1,2025-11-17 16:01:00
U498,15,1,3.0,1,2026-08-08 08:19:00
U498,20,2,3.5,2,2026-07-12 16:43:00
U498,30,20,3.38,20,2026-09-25 06:25:00
U498,53,20,3.0,19,2026-09-27 14:58:00
U498,60,2,3.0,2,2026-09-27 14:58:00
U498,61,1,2.0,1,2026-07-08 06:44:00
U498,63,4,4.0,4,2026-04-29 15:14:00
U498,66,1,,1,2026-02-24 17:33:00
U498,67,4,3.0,4,2026-08-11 06:49:00
U498,69,2,2.5,2,2026-09-27 14:58:00
U498,71,1,3.0,1,2026-08-15 08:58:00
U498,92,1,,1,2026-02-24 17:33:00
U498,98,4,3.0,4,2026-06-26 17:54:00
U498,99,1,4.0,1,2026-09-06 06:56:00
U498,100,14,3.33,14,2026-09-27 14:58:00
U498,101,10,3.6,10,2026-09-08 07:42:00
U498,102,1,,1,2026-01-01 15:18:00
U499,5,2,,2,2026-09-09 09:38:00
U499,36,6,3.5,5,2026-09-28 20:58:00
U499,66,3,3.0,3,2026-09-18 18:31:00
U499,74,4,5.0,4,2026-09-19 20:05:00
U499,78,1,,1,2026-09-18 18:31:00
U499,98,1,,1,2026-09-09 09:38:00
U500,1,1,3.0,1,2026-06-28 21:07:00
U500,4,1,2.0,1,2026-02-21 10:12:00
U500,6,7,4.4,7,2026-09-30 16:10:00
U500,27,3,3.0,3,2026-09-28 10:47:00
U500,30,1,3.0,1,2026-09-02 21:49:00
U500,34,1,2.0,1,2026-04-29 16:48:00
U500,37,1,4.0,1,2026-03-15 21:21:00
U500,40,1,,1,2026-09-02 21:49:00
U500,46,2,,2,2026-09-06 18:07:00
U500,49,1,,1,2026-05-01 13:58:00
U500,53,1,2.0,1,2026-09-04 13:38:00
U500,54,1,3.0,1,2026-08-17 20:54:00
U500,63,13,3.0,13,2026-09-28 10:47:00
U500,67,2,,2,2026-04-24 15:34:00
U500,70,1,,1,2026-07-08 18:37:00
U500,71,2,3.0,2,2026-04-03 17:00:00
U500,72,3,4.0,3,2026-07-07 20:09:00
U500,73,2,3.5,2,2026-09-05 10:42:00
U500,75,20,3.57,19,2026-09-15 09:15:00
U500,76,15,3.25,15,2026-08-25 13:54:00
U500,77,4,4.0,4,2026-09-01 20:29:00
U500,78,2,,2,2026-09-30 09:40:00
U500,80,1,,1,2026-09-10 21:32:00
U500,81,12,3.0,12,2026-09-30 09:40:00
U500,82,13,3.57,13,2026-09-19 12:28:00
U500,88,1,,1,2026-05-01 21:07:00
U500,91,3,3.5,3,2026-08-26 19:51:00
U500,92,1,,1,2026-09-07 17:01:00
U500,95,2,,2,2026-04-04 10:58:00
U500,96,1,2.0,1,2026-08-04 21:22:00
U500,98,3,3.5,3,2026-06-23 09:08:00
U500,99,2,3.0,2,2026-06-06 12:54:00
U500,100,8,3.75,8,2026-07-02 09:10:00
U500,101,8,4.0,8,2026-09-19 12:28:00
U500,102,4,3.0,4,2026-07-07 20:09:00
